"seg_id","waterbody","huc_10","basin_name","class","water_type","segment_assessment","use","use_assessment","parameter","grandfathered_from_listings","data_supported","stayCALM_param_eval"
"0104-0001","Lime Lake",412010201,"Lake Erie-Niagara River","b","pond","IR5_impaired","epa_appended_listing","not-applicable","not-applicable","no","yes","not-applicable"
"0104-0001","Lime Lake",412010201,"Lake Erie-Niagara River","b","pond","IR5_impaired","fishing","IR3_unassessed","ammonia","no","yes","unassessed"
"0104-0001","Lime Lake",412010201,"Lake Erie-Niagara River","b","pond","IR5_impaired","primary_contact_recreation","IR5_impaired_confirmed","phosphorus","no","yes","impaired-pollutant_confirmed"
"0104-0001","Lime Lake",412010201,"Lake Erie-Niagara River","b","pond","IR5_impaired","secondary_contact_recreation","IR5_impaired_confirmed","phosphorus","no","yes","impaired-pollutant_confirmed"
"0104-0001","Lime Lake",412010201,"Lake Erie-Niagara River","b","pond","IR5_impaired","shellfishing","not-applicable","not-applicable","no","yes","not-applicable"
"0104-0001","Lime Lake",412010201,"Lake Erie-Niagara River","b","pond","IR5_impaired","source_of_water_supply","not-applicable","not-applicable","no","yes","not-applicable"
"0104-0004","Java Lake",412010201,"Lake Erie-Niagara River","b","pond","IR4c_impaired","epa_appended_listing","not-applicable","not-applicable","no","yes","not-applicable"
"0104-0004","Java Lake",412010201,"Lake Erie-Niagara River","b","pond","IR4c_impaired","fishing","IR3_unassessed","ammonia","no","yes","unassessed"
"0104-0004","Java Lake",412010201,"Lake Erie-Niagara River","b","pond","IR4c_impaired","primary_contact_recreation","IR4a_impaired_confirmed","phosphorus","no","yes","impaired-tmdl_confirmed"
"0104-0004","Java Lake",412010201,"Lake Erie-Niagara River","b","pond","IR4c_impaired","secondary_contact_recreation","IR4c_impaired_confirmed","algal_weed_growth","yes","no","unassessed"
"0104-0004","Java Lake",412010201,"Lake Erie-Niagara River","b","pond","IR4c_impaired","shellfishing","not-applicable","not-applicable","no","yes","not-applicable"
"0104-0004","Java Lake",412010201,"Lake Erie-Niagara River","b","pond","IR4c_impaired","source_of_water_supply","not-applicable","not-applicable","no","yes","not-applicable"
"0104-0060","Rainbow, Timber Lakes",412010202,"Lake Erie-Niagara River","c(t)","pond","IR3_unassessed","epa_appended_listing","not-applicable","not-applicable","no","yes","not-applicable"
"0104-0060","Rainbow, Timber Lakes",412010202,"Lake Erie-Niagara River","c(t)","pond","IR3_unassessed","fishing","IR3_unassessed","ammonia","no","yes","unassessed"
"0104-0060","Rainbow, Timber Lakes",412010202,"Lake Erie-Niagara River","c(t)","pond","IR3_unassessed","primary_contact_recreation","not-applicable","not-applicable","no","yes","not-applicable"
"0104-0060","Rainbow, Timber Lakes",412010202,"Lake Erie-Niagara River","c(t)","pond","IR3_unassessed","secondary_contact_recreation","not-applicable","not-applicable","no","yes","not-applicable"
"0104-0060","Rainbow, Timber Lakes",412010202,"Lake Erie-Niagara River","c(t)","pond","IR3_unassessed","shellfishing","not-applicable","not-applicable","no","yes","not-applicable"
"0104-0060","Rainbow, Timber Lakes",412010202,"Lake Erie-Niagara River","c(t)","pond","IR3_unassessed","source_of_water_supply","not-applicable","not-applicable","no","yes","not-applicable"
"0201-0016","Cuba Lake",501000104,"Allegheny River","b","pond","IR5_impaired","epa_appended_listing","not-applicable","not-applicable","no","yes","not-applicable"
"0201-0016","Cuba Lake",501000104,"Allegheny River","b","pond","IR5_impaired","fishing","IR5_impaired_confirmed","dissolved_oxygen","yes","no","unassessed"
"0201-0016","Cuba Lake",501000104,"Allegheny River","b","pond","IR5_impaired","primary_contact_recreation","IR5_impaired_confirmed","phosphorus","no","yes","impaired-pollutant_confirmed"
"0201-0016","Cuba Lake",501000104,"Allegheny River","b","pond","IR5_impaired","secondary_contact_recreation","IR5_impaired_confirmed","phosphorus","no","yes","impaired-pollutant_confirmed"
"0201-0016","Cuba Lake",501000104,"Allegheny River","b","pond","IR5_impaired","shellfishing","not-applicable","not-applicable","no","yes","not-applicable"
"0201-0016","Cuba Lake",501000104,"Allegheny River","b","pond","IR5_impaired","source_of_water_supply","not-applicable","not-applicable","no","yes","not-applicable"
"0202-0003","Lower Cassadaga Lake",501000203,"Allegheny River","b","pond","IR4c_impaired","epa_appended_listing","not-applicable","not-applicable","no","yes","not-applicable"
"0202-0003","Lower Cassadaga Lake",501000203,"Allegheny River","b","pond","IR4c_impaired","fishing","IR3_impaired_unconfirmed","dissolved_oxygen","no","yes","impaired_unconfirmed"
"0202-0003","Lower Cassadaga Lake",501000203,"Allegheny River","b","pond","IR4c_impaired","primary_contact_recreation","IR3_impaired_unconfirmed","dissolved_oxygen","no","yes","impaired_unconfirmed"
"0202-0003","Lower Cassadaga Lake",501000203,"Allegheny River","b","pond","IR4c_impaired","secondary_contact_recreation","IR4c_impaired_confirmed","algal_weed_growth","yes","no","unassessed"
"0202-0003","Lower Cassadaga Lake",501000203,"Allegheny River","b","pond","IR4c_impaired","shellfishing","not-applicable","not-applicable","no","yes","not-applicable"
"0202-0003","Lower Cassadaga Lake",501000203,"Allegheny River","b","pond","IR4c_impaired","source_of_water_supply","not-applicable","not-applicable","no","yes","not-applicable"
"0202-0004","Findley Lake",501000401,"Allegheny River","b","pond","IR5_impaired","epa_appended_listing","not-applicable","not-applicable","no","yes","not-applicable"
"0202-0004","Findley Lake",501000401,"Allegheny River","b","pond","IR5_impaired","fishing","IR1_fully-supported_confirmed","nitrite","no","yes","fully-supported_confirmed"
"0202-0004","Findley Lake",501000401,"Allegheny River","b","pond","IR5_impaired","primary_contact_recreation","IR4a_impaired_confirmed","phosphorus","no","yes","impaired-tmdl_confirmed"
"0202-0004","Findley Lake",501000401,"Allegheny River","b","pond","IR5_impaired","secondary_contact_recreation","IR5_impaired_confirmed","dissolved_oxygen","yes","no","unassessed"
"0202-0004","Findley Lake",501000401,"Allegheny River","b","pond","IR5_impaired","shellfishing","not-applicable","not-applicable","no","yes","not-applicable"
"0202-0004","Findley Lake",501000401,"Allegheny River","b","pond","IR5_impaired","source_of_water_supply","not-applicable","not-applicable","no","yes","not-applicable"
"0202-0020","Chautauqua Lake, South",501000202,"Allegheny River","a","pond","IR4c_impaired","epa_appended_listing","not-applicable","not-applicable","no","yes","not-applicable"
"0202-0020","Chautauqua Lake, South",501000202,"Allegheny River","a","pond","IR4c_impaired","fishing","IR3_unassessed","ammonia","no","yes","unassessed"
"0202-0020","Chautauqua Lake, South",501000202,"Allegheny River","a","pond","IR4c_impaired","primary_contact_recreation","IR4c_impaired_confirmed","algal_weed_growth","yes","no","unassessed"
"0202-0020","Chautauqua Lake, South",501000202,"Allegheny River","a","pond","IR4c_impaired","secondary_contact_recreation","IR4c_impaired_confirmed","algal_weed_growth; problem_species","yes","no","unassessed"
"0202-0020","Chautauqua Lake, South",501000202,"Allegheny River","a","pond","IR4c_impaired","shellfishing","not-applicable","not-applicable","no","yes","not-applicable"
"0202-0020","Chautauqua Lake, South",501000202,"Allegheny River","a","pond","IR4c_impaired","source_of_water_supply","IR4c_impaired_confirmed","algal_weed_growth","yes","no","unassessed"
"0202-0072","Chautauqua Lake, North",501000202,"Allegheny River","a","pond","IR5_impaired","epa_appended_listing","not-applicable","not-applicable","no","yes","not-applicable"
"0202-0072","Chautauqua Lake, North",501000202,"Allegheny River","a","pond","IR5_impaired","fishing","IR5_impaired_confirmed","nitrite","no","yes","impaired-pollutant_confirmed"
"0202-0072","Chautauqua Lake, North",501000202,"Allegheny River","a","pond","IR5_impaired","primary_contact_recreation","IR4c_impaired_confirmed","algal_weed_growth","yes","no","unassessed"
"0202-0072","Chautauqua Lake, North",501000202,"Allegheny River","a","pond","IR5_impaired","secondary_contact_recreation","IR4c_impaired_confirmed","algal_weed_growth","yes","no","unassessed"
"0202-0072","Chautauqua Lake, North",501000202,"Allegheny River","a","pond","IR5_impaired","shellfishing","not-applicable","not-applicable","no","yes","not-applicable"
"0202-0072","Chautauqua Lake, North",501000202,"Allegheny River","a","pond","IR5_impaired","source_of_water_supply","IR5_impaired_confirmed","nitrite","no","yes","impaired-pollutant_confirmed"
"0301-0035","Waterport Pond",413000104,"Lake Ontario","c","pond","IR3_needs-verification","epa_appended_listing","not-applicable","not-applicable","no","yes","not-applicable"
"0301-0035","Waterport Pond",413000104,"Lake Ontario","c","pond","IR3_needs-verification","fishing","IR3_impaired_unconfirmed","dissolved_oxygen","no","yes","impaired_unconfirmed"
"0301-0035","Waterport Pond",413000104,"Lake Ontario","c","pond","IR3_needs-verification","primary_contact_recreation","not-applicable","not-applicable","no","yes","not-applicable"
"0301-0035","Waterport Pond",413000104,"Lake Ontario","c","pond","IR3_needs-verification","secondary_contact_recreation","not-applicable","not-applicable","no","yes","not-applicable"
"0301-0035","Waterport Pond",413000104,"Lake Ontario","c","pond","IR3_needs-verification","shellfishing","not-applicable","not-applicable","no","yes","not-applicable"
"0301-0035","Waterport Pond",413000104,"Lake Ontario","c","pond","IR3_needs-verification","source_of_water_supply","not-applicable","not-applicable","no","yes","not-applicable"
"0302-0012","Port Bay",414010103,"Lake Ontario","b","pond","IR4a_impaired","epa_appended_listing","not-applicable","not-applicable","no","yes","not-applicable"
"0302-0012","Port Bay",414010103,"Lake Ontario","b","pond","IR4a_impaired","fishing","IR3_impaired_unconfirmed","dissolved_oxygen","no","yes","impaired_unconfirmed"
"0302-0012","Port Bay",414010103,"Lake Ontario","b","pond","IR4a_impaired","primary_contact_recreation","IR4a_impaired_confirmed","phosphorus","yes","no","unassessed"
"0302-0012","Port Bay",414010103,"Lake Ontario","b","pond","IR4a_impaired","secondary_contact_recreation","IR3_impaired_unconfirmed","dissolved_oxygen","no","yes","impaired_unconfirmed"
"0302-0012","Port Bay",414010103,"Lake Ontario","b","pond","IR4a_impaired","shellfishing","not-applicable","not-applicable","no","yes","not-applicable"
"0302-0012","Port Bay",414010103,"Lake Ontario","b","pond","IR4a_impaired","source_of_water_supply","not-applicable","not-applicable","no","yes","not-applicable"
"0302-0017","Little Sodus Bay",414010102,"Lake Ontario","b","pond","IR4c_impaired","epa_appended_listing","not-applicable","not-applicable","no","yes","not-applicable"
"0302-0017","Little Sodus Bay",414010102,"Lake Ontario","b","pond","IR4c_impaired","fishing","IR3_impaired_unconfirmed","dissolved_oxygen","no","yes","impaired_unconfirmed"
"0302-0017","Little Sodus Bay",414010102,"Lake Ontario","b","pond","IR4c_impaired","primary_contact_recreation","IR3_impaired_unconfirmed","dissolved_oxygen","no","yes","impaired_unconfirmed"
"0302-0017","Little Sodus Bay",414010102,"Lake Ontario","b","pond","IR4c_impaired","secondary_contact_recreation","IR4c_impaired_confirmed","algal_weed_growth","yes","no","unassessed"
"0302-0017","Little Sodus Bay",414010102,"Lake Ontario","b","pond","IR4c_impaired","shellfishing","not-applicable","not-applicable","no","yes","not-applicable"
"0302-0017","Little Sodus Bay",414010102,"Lake Ontario","b","pond","IR4c_impaired","source_of_water_supply","not-applicable","not-applicable","no","yes","not-applicable"
"0302-0020","Sodus Bay",414010104,"Lake Ontario","b","pond","IR5_impaired","epa_appended_listing","not-applicable","not-applicable","no","yes","not-applicable"
"0302-0020","Sodus Bay",414010104,"Lake Ontario","b","pond","IR5_impaired","fishing","IR3_unassessed","ammonia","no","yes","unassessed"
"0302-0020","Sodus Bay",414010104,"Lake Ontario","b","pond","IR5_impaired","primary_contact_recreation","IR5_impaired_confirmed","phosphorus","no","yes","impaired-pollutant_confirmed"
"0302-0020","Sodus Bay",414010104,"Lake Ontario","b","pond","IR5_impaired","secondary_contact_recreation","IR5_impaired_confirmed","phosphorus","no","yes","impaired-pollutant_confirmed"
"0302-0020","Sodus Bay",414010104,"Lake Ontario","b","pond","IR5_impaired","shellfishing","not-applicable","not-applicable","no","yes","not-applicable"
"0302-0020","Sodus Bay",414010104,"Lake Ontario","b","pond","IR5_impaired","source_of_water_supply","not-applicable","not-applicable","no","yes","not-applicable"
"0302-0021","Blind Sodus Bay",414010102,"Lake Ontario","b","pond","IR4c_impaired","epa_appended_listing","not-applicable","not-applicable","no","yes","not-applicable"
"0302-0021","Blind Sodus Bay",414010102,"Lake Ontario","b","pond","IR4c_impaired","fishing","IR3_impaired_unconfirmed","dissolved_oxygen","no","yes","impaired_unconfirmed"
"0302-0021","Blind Sodus Bay",414010102,"Lake Ontario","b","pond","IR4c_impaired","primary_contact_recreation","IR4a_impaired_confirmed","phosphorus","yes","no","unassessed"
"0302-0021","Blind Sodus Bay",414010102,"Lake Ontario","b","pond","IR4c_impaired","secondary_contact_recreation","IR4c_impaired_confirmed","algal_weed_growth","yes","no","unassessed"
"0302-0021","Blind Sodus Bay",414010102,"Lake Ontario","b","pond","IR4c_impaired","shellfishing","not-applicable","not-applicable","no","yes","not-applicable"
"0302-0021","Blind Sodus Bay",414010102,"Lake Ontario","b","pond","IR4c_impaired","source_of_water_supply","not-applicable","not-applicable","no","yes","not-applicable"
"0302-0031","Lake Lacoma",414010107,"Lake Ontario","b","pond","IR5_impaired","epa_appended_listing","not-applicable","not-applicable","no","yes","not-applicable"
"0302-0031","Lake Lacoma",414010107,"Lake Ontario","b","pond","IR5_impaired","fishing","IR3_unassessed","ammonia","no","yes","unassessed"
"0302-0031","Lake Lacoma",414010107,"Lake Ontario","b","pond","IR5_impaired","primary_contact_recreation","IR5_impaired_confirmed","phosphorus","no","yes","impaired-pollutant_confirmed"
"0302-0031","Lake Lacoma",414010107,"Lake Ontario","b","pond","IR5_impaired","secondary_contact_recreation","IR5_impaired_confirmed","phosphorus","no","yes","impaired-pollutant_confirmed"
"0302-0031","Lake Lacoma",414010107,"Lake Ontario","b","pond","IR5_impaired","shellfishing","not-applicable","not-applicable","no","yes","not-applicable"
"0302-0031","Lake Lacoma",414010107,"Lake Ontario","b","pond","IR5_impaired","source_of_water_supply","not-applicable","not-applicable","no","yes","not-applicable"
"0303-0002","North Pond",414010204,"Lake Ontario","b","pond","IR3_needs-verification","epa_appended_listing","not-applicable","not-applicable","no","yes","not-applicable"
"0303-0002","North Pond",414010204,"Lake Ontario","b","pond","IR3_needs-verification","fishing","IR3_impaired_unconfirmed","dissolved_oxygen; ph","no","yes","impaired_unconfirmed"
"0303-0002","North Pond",414010204,"Lake Ontario","b","pond","IR3_needs-verification","primary_contact_recreation","IR3_impaired_unconfirmed","dissolved_oxygen; ph; phosphorus","no","yes","impaired_unconfirmed"
"0303-0002","North Pond",414010204,"Lake Ontario","b","pond","IR3_needs-verification","secondary_contact_recreation","IR3_impaired_unconfirmed","dissolved_oxygen; ph; phosphorus","no","yes","impaired_unconfirmed"
"0303-0002","North Pond",414010204,"Lake Ontario","b","pond","IR3_needs-verification","shellfishing","not-applicable","not-applicable","no","yes","not-applicable"
"0303-0002","North Pond",414010204,"Lake Ontario","b","pond","IR3_needs-verification","source_of_water_supply","not-applicable","not-applicable","no","yes","not-applicable"
"0303-0043","Hyde Lake",415010203,"Lake Ontario","b","pond","IR5_impaired","epa_appended_listing","not-applicable","not-applicable","no","yes","not-applicable"
"0303-0043","Hyde Lake",415010203,"Lake Ontario","b","pond","IR5_impaired","fishing","IR5_impaired_confirmed","dissolved_oxygen","yes","no","fully-supported_unconfirmed"
"0303-0043","Hyde Lake",415010203,"Lake Ontario","b","pond","IR5_impaired","primary_contact_recreation","IR5_impaired_confirmed","phosphorus","no","yes","impaired-pollutant_confirmed"
"0303-0043","Hyde Lake",415010203,"Lake Ontario","b","pond","IR5_impaired","secondary_contact_recreation","IR5_impaired_confirmed","phosphorus","no","yes","impaired-pollutant_confirmed"
"0303-0043","Hyde Lake",415010203,"Lake Ontario","b","pond","IR5_impaired","shellfishing","not-applicable","not-applicable","no","yes","not-applicable"
"0303-0043","Hyde Lake",415010203,"Lake Ontario","b","pond","IR5_impaired","source_of_water_supply","not-applicable","not-applicable","no","yes","not-applicable"
"0402-0002","Canadice Lake",413000302,"Genesee River","aa(ts)","pond","IR5_impaired","epa_appended_listing","not-applicable","not-applicable","no","yes","not-applicable"
"0402-0002","Canadice Lake",413000302,"Genesee River","aa(ts)","pond","IR5_impaired","fishing","IR5_impaired_confirmed","pcbs","yes","no","unassessed"
"0402-0002","Canadice Lake",413000302,"Genesee River","aa(ts)","pond","IR5_impaired","primary_contact_recreation","IR1_fully-supported_confirmed","phosphorus","no","yes","fully-supported_confirmed"
"0402-0002","Canadice Lake",413000302,"Genesee River","aa(ts)","pond","IR5_impaired","secondary_contact_recreation","IR1_fully-supported_confirmed","phosphorus","no","yes","fully-supported_confirmed"
"0402-0002","Canadice Lake",413000302,"Genesee River","aa(ts)","pond","IR5_impaired","shellfishing","not-applicable","not-applicable","no","yes","not-applicable"
"0402-0002","Canadice Lake",413000302,"Genesee River","aa(ts)","pond","IR5_impaired","source_of_water_supply","IR1_stressed_confirmed","ammonia; chloride","no","yes","stressed_confirmed"
"0402-0004","Conesus Lake",413000301,"Genesee River","aa","pond","IR5_impaired","epa_appended_listing","not-applicable","not-applicable","no","yes","not-applicable"
"0402-0004","Conesus Lake",413000301,"Genesee River","aa","pond","IR5_impaired","fishing","IR3_unassessed","ammonia","no","yes","unassessed"
"0402-0004","Conesus Lake",413000301,"Genesee River","aa","pond","IR5_impaired","primary_contact_recreation","IR5_impaired_confirmed","dissolved_oxygen; phosphorus","yes","no","impaired_unconfirmed"
"0402-0004","Conesus Lake",413000301,"Genesee River","aa","pond","IR5_impaired","primary_contact_recreation","IR5_impaired_confirmed","dissolved_oxygen; phosphorus","yes","no","unassessed"
"0402-0004","Conesus Lake",413000301,"Genesee River","aa","pond","IR5_impaired","secondary_contact_recreation","IR5_impaired_confirmed","dissolved_oxygen; phosphorus","yes","no","impaired_unconfirmed"
"0402-0004","Conesus Lake",413000301,"Genesee River","aa","pond","IR5_impaired","secondary_contact_recreation","IR5_impaired_confirmed","dissolved_oxygen; phosphorus","yes","no","unassessed"
"0402-0004","Conesus Lake",413000301,"Genesee River","aa","pond","IR5_impaired","shellfishing","not-applicable","not-applicable","no","yes","not-applicable"
"0402-0004","Conesus Lake",413000301,"Genesee River","aa","pond","IR5_impaired","source_of_water_supply","IR1_stressed_confirmed","ammonia; chloride","no","yes","stressed_confirmed"
"0402-0011","Hemlock Lake",413000302,"Genesee River","aa(t)","pond","IR2_some-uses-supported","epa_appended_listing","not-applicable","not-applicable","no","yes","not-applicable"
"0402-0011","Hemlock Lake",413000302,"Genesee River","aa(t)","pond","IR2_some-uses-supported","fishing","IR3_unassessed","ammonia","no","yes","unassessed"
"0402-0011","Hemlock Lake",413000302,"Genesee River","aa(t)","pond","IR2_some-uses-supported","primary_contact_recreation","IR1_fully-supported_confirmed","phosphorus","no","yes","fully-supported_confirmed"
"0402-0011","Hemlock Lake",413000302,"Genesee River","aa(t)","pond","IR2_some-uses-supported","secondary_contact_recreation","IR1_fully-supported_confirmed","phosphorus","no","yes","fully-supported_confirmed"
"0402-0011","Hemlock Lake",413000302,"Genesee River","aa(t)","pond","IR2_some-uses-supported","shellfishing","not-applicable","not-applicable","no","yes","not-applicable"
"0402-0011","Hemlock Lake",413000302,"Genesee River","aa(t)","pond","IR2_some-uses-supported","source_of_water_supply","IR1_stressed_confirmed","ammonia; chloride; nitrate_nitrite","no","yes","stressed_confirmed"
"0402-0032","Honeoye Lake",413000302,"Genesee River","aa","pond","IR5_impaired","epa_appended_listing","not-applicable","not-applicable","no","yes","not-applicable"
"0402-0032","Honeoye Lake",413000302,"Genesee River","aa","pond","IR5_impaired","fishing","IR5_impaired_confirmed","dissolved_oxygen; phosphorus","yes","no","unassessed"
"0402-0032","Honeoye Lake",413000302,"Genesee River","aa","pond","IR5_impaired","primary_contact_recreation","IR5_impaired_confirmed","dissolved_oxygen; phosphorus","yes","no","unassessed"
"0402-0032","Honeoye Lake",413000302,"Genesee River","aa","pond","IR5_impaired","primary_contact_recreation","IR5_impaired_confirmed","dissolved_oxygen; phosphorus","yes","no","impaired-tmdl_confirmed"
"0402-0032","Honeoye Lake",413000302,"Genesee River","aa","pond","IR5_impaired","secondary_contact_recreation","IR5_impaired_confirmed","dissolved_oxygen; phosphorus","yes","no","unassessed"
"0402-0032","Honeoye Lake",413000302,"Genesee River","aa","pond","IR5_impaired","secondary_contact_recreation","IR5_impaired_confirmed","dissolved_oxygen; phosphorus","yes","no","impaired-tmdl_confirmed"
"0402-0032","Honeoye Lake",413000302,"Genesee River","aa","pond","IR5_impaired","shellfishing","not-applicable","not-applicable","no","yes","not-applicable"
"0402-0032","Honeoye Lake",413000302,"Genesee River","aa","pond","IR5_impaired","source_of_water_supply","IR1_stressed_confirmed","ammonia; chloride","no","yes","stressed_confirmed"
"0403-0002","Silver Lake",413000210,"Genesee River","a","pond","IR4c_impaired","epa_appended_listing","not-applicable","not-applicable","no","yes","not-applicable"
"0403-0002","Silver Lake",413000210,"Genesee River","a","pond","IR4c_impaired","fishing","IR1_fully-supported_confirmed","nitrite","no","yes","fully-supported_confirmed"
"0403-0002","Silver Lake",413000210,"Genesee River","a","pond","IR4c_impaired","primary_contact_recreation","IR4a_impaired_confirmed","phosphorus","no","yes","impaired-tmdl_confirmed"
"0403-0002","Silver Lake",413000210,"Genesee River","a","pond","IR4c_impaired","secondary_contact_recreation","IR4c_impaired_confirmed","algal_weed_growth","yes","no","unassessed"
"0403-0002","Silver Lake",413000210,"Genesee River","a","pond","IR4c_impaired","shellfishing","not-applicable","not-applicable","no","yes","not-applicable"
"0403-0002","Silver Lake",413000210,"Genesee River","a","pond","IR4c_impaired","source_of_water_supply","IR3_impaired_unconfirmed","ammonia","no","yes","impaired_unconfirmed"
"0403-0024","Rushford Lake",413000206,"Genesee River","b(t)","pond","IR4a_impaired","epa_appended_listing","not-applicable","not-applicable","no","yes","not-applicable"
"0403-0024","Rushford Lake",413000206,"Genesee River","b(t)","pond","IR4a_impaired","fishing","IR4a_impaired_confirmed","mercury","yes","no","unassessed"
"0403-0024","Rushford Lake",413000206,"Genesee River","b(t)","pond","IR4a_impaired","primary_contact_recreation","IR3_impaired_unconfirmed","dissolved_oxygen","no","yes","impaired_unconfirmed"
"0403-0024","Rushford Lake",413000206,"Genesee River","b(t)","pond","IR4a_impaired","secondary_contact_recreation","IR3_impaired_unconfirmed","dissolved_oxygen","no","yes","impaired_unconfirmed"
"0403-0024","Rushford Lake",413000206,"Genesee River","b(t)","pond","IR4a_impaired","shellfishing","not-applicable","not-applicable","no","yes","not-applicable"
"0403-0024","Rushford Lake",413000206,"Genesee River","b(t)","pond","IR4a_impaired","source_of_water_supply","not-applicable","not-applicable","no","yes","not-applicable"
"0404-0039","Loon Lake",413000209,"Genesee River","b","pond","IR3_needs-verification","epa_appended_listing","not-applicable","not-applicable","no","yes","not-applicable"
"0404-0039","Loon Lake",413000209,"Genesee River","b","pond","IR3_needs-verification","fishing","IR3_fully-supported_unconfirmed","nitrite","no","yes","fully-supported_unconfirmed"
"0404-0039","Loon Lake",413000209,"Genesee River","b","pond","IR3_needs-verification","primary_contact_recreation","IR1_fully-supported_confirmed","phosphorus","no","yes","fully-supported_confirmed"
"0404-0039","Loon Lake",413000209,"Genesee River","b","pond","IR3_needs-verification","secondary_contact_recreation","IR1_fully-supported_confirmed","phosphorus","no","yes","fully-supported_confirmed"
"0404-0039","Loon Lake",413000209,"Genesee River","b","pond","IR3_needs-verification","shellfishing","not-applicable","not-applicable","no","yes","not-applicable"
"0404-0039","Loon Lake",413000209,"Genesee River","b","pond","IR3_needs-verification","source_of_water_supply","not-applicable","not-applicable","no","yes","not-applicable"
"0502-0001","Lamoka Lake and Mill Pond",205010503,"Chemung River","a","pond","IR5_impaired","epa_appended_listing","not-applicable","not-applicable","no","yes","not-applicable"
"0502-0001","Lamoka Lake and Mill Pond",205010503,"Chemung River","a","pond","IR5_impaired","fishing","IR5_impaired_confirmed","dissolved_oxygen","yes","no","impaired_unconfirmed"
"0502-0001","Lamoka Lake and Mill Pond",205010503,"Chemung River","a","pond","IR5_impaired","primary_contact_recreation","IR3_impaired_unconfirmed","dissolved_oxygen; phosphorus","no","yes","impaired_unconfirmed"
"0502-0001","Lamoka Lake and Mill Pond",205010503,"Chemung River","a","pond","IR5_impaired","secondary_contact_recreation","IR5_impaired_confirmed","dissolved_oxygen","yes","no","impaired_unconfirmed"
"0502-0001","Lamoka Lake and Mill Pond",205010503,"Chemung River","a","pond","IR5_impaired","shellfishing","not-applicable","not-applicable","no","yes","not-applicable"
"0502-0001","Lamoka Lake and Mill Pond",205010503,"Chemung River","a","pond","IR5_impaired","source_of_water_supply","IR3_impaired_unconfirmed","dissolved_oxygen; iron; manganese","no","yes","impaired_unconfirmed"
"0502-0002","Waneta Lake",205010503,"Chemung River","a","pond","IR5_impaired","epa_appended_listing","not-applicable","not-applicable","no","yes","not-applicable"
"0502-0002","Waneta Lake",205010503,"Chemung River","a","pond","IR5_impaired","fishing","IR5_impaired_confirmed","dissolved_oxygen","yes","no","impaired_unconfirmed"
"0502-0002","Waneta Lake",205010503,"Chemung River","a","pond","IR5_impaired","primary_contact_recreation","IR5_impaired_confirmed","phosphorus","no","yes","impaired-pollutant_confirmed"
"0502-0002","Waneta Lake",205010503,"Chemung River","a","pond","IR5_impaired","secondary_contact_recreation","IR5_impaired_confirmed","dissolved_oxygen; phosphorus","no","yes","impaired-pollutant_confirmed"
"0502-0002","Waneta Lake",205010503,"Chemung River","a","pond","IR5_impaired","secondary_contact_recreation","IR5_impaired_confirmed","dissolved_oxygen; phosphorus","yes","no","impaired_unconfirmed"
"0502-0002","Waneta Lake",205010503,"Chemung River","a","pond","IR5_impaired","shellfishing","not-applicable","not-applicable","no","yes","not-applicable"
"0502-0002","Waneta Lake",205010503,"Chemung River","a","pond","IR5_impaired","source_of_water_supply","IR3_impaired_unconfirmed","dissolved_oxygen; iron; manganese","no","yes","impaired_unconfirmed"
"0502-0011","Lake Salubria",205010502,"Chemung River","b","pond","IR4c_impaired","epa_appended_listing","not-applicable","not-applicable","no","yes","not-applicable"
"0502-0011","Lake Salubria",205010502,"Chemung River","b","pond","IR4c_impaired","fishing","IR3_unassessed","ammonia","no","yes","unassessed"
"0502-0011","Lake Salubria",205010502,"Chemung River","b","pond","IR4c_impaired","primary_contact_recreation","IR4a_impaired_confirmed","phosphorus","no","yes","impaired-tmdl_confirmed"
"0502-0011","Lake Salubria",205010502,"Chemung River","b","pond","IR4c_impaired","secondary_contact_recreation","IR4c_impaired_confirmed","algal_weed_growth","yes","no","unassessed"
"0502-0011","Lake Salubria",205010502,"Chemung River","b","pond","IR4c_impaired","shellfishing","not-applicable","not-applicable","no","yes","not-applicable"
"0502-0011","Lake Salubria",205010502,"Chemung River","b","pond","IR4c_impaired","source_of_water_supply","not-applicable","not-applicable","no","yes","not-applicable"
"0502-0012","Smith Pond",205010501,"Chemung River","b","pond","IR5_impaired","epa_appended_listing","not-applicable","not-applicable","no","yes","not-applicable"
"0502-0012","Smith Pond",205010501,"Chemung River","b","pond","IR5_impaired","fishing","IR1_fully-supported_confirmed","nitrite","no","yes","fully-supported_confirmed"
"0502-0012","Smith Pond",205010501,"Chemung River","b","pond","IR5_impaired","primary_contact_recreation","IR5_impaired_confirmed","phosphorus","yes","yes","impaired-pollutant_confirmed"
"0502-0012","Smith Pond",205010501,"Chemung River","b","pond","IR5_impaired","secondary_contact_recreation","IR5_impaired_confirmed","phosphorus","no","yes","impaired-pollutant_confirmed"
"0502-0012","Smith Pond",205010501,"Chemung River","b","pond","IR5_impaired","shellfishing","not-applicable","not-applicable","no","yes","not-applicable"
"0502-0012","Smith Pond",205010501,"Chemung River","b","pond","IR5_impaired","source_of_water_supply","not-applicable","not-applicable","no","yes","not-applicable"
"0502-0015","Demmons Pond",205010501,"Chemung River","b","pond","IR2_some-uses-supported","epa_appended_listing","not-applicable","not-applicable","no","yes","not-applicable"
"0502-0015","Demmons Pond",205010501,"Chemung River","b","pond","IR2_some-uses-supported","fishing","IR3_unassessed","ammonia","no","yes","unassessed"
"0502-0015","Demmons Pond",205010501,"Chemung River","b","pond","IR2_some-uses-supported","primary_contact_recreation","IR1_fully-supported_confirmed","phosphorus","no","yes","fully-supported_confirmed"
"0502-0015","Demmons Pond",205010501,"Chemung River","b","pond","IR2_some-uses-supported","secondary_contact_recreation","IR1_fully-supported_confirmed","phosphorus","no","yes","fully-supported_confirmed"
"0502-0015","Demmons Pond",205010501,"Chemung River","b","pond","IR2_some-uses-supported","shellfishing","not-applicable","not-applicable","no","yes","not-applicable"
"0502-0015","Demmons Pond",205010501,"Chemung River","b","pond","IR2_some-uses-supported","source_of_water_supply","not-applicable","not-applicable","no","yes","not-applicable"
"0601-0010","Afton Lake",205010112,"Susquehanna River","b","pond","IR5_impaired","epa_appended_listing","not-applicable","not-applicable","no","yes","not-applicable"
"0601-0010","Afton Lake",205010112,"Susquehanna River","b","pond","IR5_impaired","fishing","IR5_impaired_confirmed","dissolved_oxygen","yes","no","unassessed"
"0601-0010","Afton Lake",205010112,"Susquehanna River","b","pond","IR5_impaired","primary_contact_recreation","IR3_unassessed","No_Data","no","yes","unassessed"
"0601-0010","Afton Lake",205010112,"Susquehanna River","b","pond","IR5_impaired","secondary_contact_recreation","IR3_unassessed","No_Data","no","yes","unassessed"
"0601-0010","Afton Lake",205010112,"Susquehanna River","b","pond","IR5_impaired","shellfishing","not-applicable","not-applicable","no","yes","not-applicable"
"0601-0010","Afton Lake",205010112,"Susquehanna River","b","pond","IR5_impaired","source_of_water_supply","not-applicable","not-applicable","no","yes","not-applicable"
"0601-0012","Guilford Lake",205010109,"Susquehanna River","aa","pond","IR5_impaired","epa_appended_listing","not-applicable","not-applicable","no","yes","not-applicable"
"0601-0012","Guilford Lake",205010109,"Susquehanna River","aa","pond","IR5_impaired","fishing","IR3_fully-supported_unconfirmed","nitrite","no","yes","fully-supported_unconfirmed"
"0601-0012","Guilford Lake",205010109,"Susquehanna River","aa","pond","IR5_impaired","primary_contact_recreation","IR5_impaired_confirmed","phosphorus","no","yes","impaired-pollutant_confirmed"
"0601-0012","Guilford Lake",205010109,"Susquehanna River","aa","pond","IR5_impaired","secondary_contact_recreation","IR5_impaired_confirmed","phosphorus","no","yes","impaired-pollutant_confirmed"
"0601-0012","Guilford Lake",205010109,"Susquehanna River","aa","pond","IR5_impaired","shellfishing","not-applicable","not-applicable","no","yes","not-applicable"
"0601-0012","Guilford Lake",205010109,"Susquehanna River","aa","pond","IR5_impaired","source_of_water_supply","IR3_fully-supported_unconfirmed","nitrite","no","yes","fully-supported_unconfirmed"
"0601-0013","Chenango Lake",205010109,"Susquehanna River","a","pond","IR5_impaired","epa_appended_listing","not-applicable","not-applicable","no","yes","not-applicable"
"0601-0013","Chenango Lake",205010109,"Susquehanna River","a","pond","IR5_impaired","fishing","IR5_impaired_confirmed","dissolved_oxygen","yes","no","unassessed"
"0601-0013","Chenango Lake",205010109,"Susquehanna River","a","pond","IR5_impaired","primary_contact_recreation","IR1_fully-supported_confirmed","phosphorus","no","yes","fully-supported_confirmed"
"0601-0013","Chenango Lake",205010109,"Susquehanna River","a","pond","IR5_impaired","secondary_contact_recreation","IR1_fully-supported_confirmed","phosphorus","no","yes","fully-supported_confirmed"
"0601-0013","Chenango Lake",205010109,"Susquehanna River","a","pond","IR5_impaired","shellfishing","not-applicable","not-applicable","no","yes","not-applicable"
"0601-0013","Chenango Lake",205010109,"Susquehanna River","a","pond","IR5_impaired","source_of_water_supply","IR1_stressed_confirmed","ammonia; chloride","no","yes","stressed_confirmed"
"0601-0016","Canadarago Lake",205010101,"Susquehanna River","a(t)","pond","IR2_some-uses-supported","epa_appended_listing","not-applicable","not-applicable","no","yes","not-applicable"
"0601-0016","Canadarago Lake",205010101,"Susquehanna River","a(t)","pond","IR2_some-uses-supported","fishing","IR3_unassessed","ammonia","no","yes","unassessed"
"0601-0016","Canadarago Lake",205010101,"Susquehanna River","a(t)","pond","IR2_some-uses-supported","primary_contact_recreation","IR1_fully-supported_confirmed","phosphorus","no","yes","fully-supported_confirmed"
"0601-0016","Canadarago Lake",205010101,"Susquehanna River","a(t)","pond","IR2_some-uses-supported","secondary_contact_recreation","IR1_fully-supported_confirmed","phosphorus","no","yes","fully-supported_confirmed"
"0601-0016","Canadarago Lake",205010101,"Susquehanna River","a(t)","pond","IR2_some-uses-supported","shellfishing","not-applicable","not-applicable","no","yes","not-applicable"
"0601-0016","Canadarago Lake",205010101,"Susquehanna River","a(t)","pond","IR2_some-uses-supported","source_of_water_supply","IR1_stressed_confirmed","ammonia; chloride; nitrate_nitrite","no","yes","stressed_confirmed"
"0601-0066","Beaver Lake",205010112,"Susquehanna River","c","pond","IR3_unassessed","epa_appended_listing","not-applicable","not-applicable","no","yes","not-applicable"
"0601-0066","Beaver Lake",205010112,"Susquehanna River","c","pond","IR3_unassessed","fishing","IR3_unassessed","ammonia","no","yes","unassessed"
"0601-0066","Beaver Lake",205010112,"Susquehanna River","c","pond","IR3_unassessed","primary_contact_recreation","not-applicable","not-applicable","no","yes","not-applicable"
"0601-0066","Beaver Lake",205010112,"Susquehanna River","c","pond","IR3_unassessed","secondary_contact_recreation","not-applicable","not-applicable","no","yes","not-applicable"
"0601-0066","Beaver Lake",205010112,"Susquehanna River","c","pond","IR3_unassessed","shellfishing","not-applicable","not-applicable","no","yes","not-applicable"
"0601-0066","Beaver Lake",205010112,"Susquehanna River","c","pond","IR3_unassessed","source_of_water_supply","not-applicable","not-applicable","no","yes","not-applicable"
"0601-0068","White Birch Lake",205010112,"Susquehanna River","c","pond","IR3_unassessed","epa_appended_listing","not-applicable","not-applicable","no","yes","not-applicable"
"0601-0068","White Birch Lake",205010112,"Susquehanna River","c","pond","IR3_unassessed","fishing","IR3_unassessed","ammonia","no","yes","unassessed"
"0601-0068","White Birch Lake",205010112,"Susquehanna River","c","pond","IR3_unassessed","primary_contact_recreation","not-applicable","not-applicable","no","yes","not-applicable"
"0601-0068","White Birch Lake",205010112,"Susquehanna River","c","pond","IR3_unassessed","secondary_contact_recreation","not-applicable","not-applicable","no","yes","not-applicable"
"0601-0068","White Birch Lake",205010112,"Susquehanna River","c","pond","IR3_unassessed","shellfishing","not-applicable","not-applicable","no","yes","not-applicable"
"0601-0068","White Birch Lake",205010112,"Susquehanna River","c","pond","IR3_unassessed","source_of_water_supply","not-applicable","not-applicable","no","yes","not-applicable"
"0601-0109","Arnold Lake",205010106,"Susquehanna River","b(t)","pond","IR3_needs-verification","epa_appended_listing","not-applicable","not-applicable","no","yes","not-applicable"
"0601-0109","Arnold Lake",205010106,"Susquehanna River","b(t)","pond","IR3_needs-verification","fishing","IR3_impaired_unconfirmed","dissolved_oxygen","no","yes","impaired_unconfirmed"
"0601-0109","Arnold Lake",205010106,"Susquehanna River","b(t)","pond","IR3_needs-verification","primary_contact_recreation","IR3_impaired_unconfirmed","dissolved_oxygen","no","yes","impaired_unconfirmed"
"0601-0109","Arnold Lake",205010106,"Susquehanna River","b(t)","pond","IR3_needs-verification","secondary_contact_recreation","IR3_impaired_unconfirmed","dissolved_oxygen","no","yes","impaired_unconfirmed"
"0601-0109","Arnold Lake",205010106,"Susquehanna River","b(t)","pond","IR3_needs-verification","shellfishing","not-applicable","not-applicable","no","yes","not-applicable"
"0601-0109","Arnold Lake",205010106,"Susquehanna River","b(t)","pond","IR3_needs-verification","source_of_water_supply","not-applicable","not-applicable","no","yes","not-applicable"
"0602-0007","Lake Moraine",205010205,"Susquehanna River","b","pond","IR5_impaired","epa_appended_listing","not-applicable","not-applicable","no","yes","not-applicable"
"0602-0007","Lake Moraine",205010205,"Susquehanna River","b","pond","IR5_impaired","fishing","IR5_impaired_confirmed","dissolved_oxygen","yes","no","unassessed"
"0602-0007","Lake Moraine",205010205,"Susquehanna River","b","pond","IR5_impaired","primary_contact_recreation","IR5_impaired_confirmed","phosphorus","no","yes","impaired-pollutant_confirmed"
"0602-0007","Lake Moraine",205010205,"Susquehanna River","b","pond","IR5_impaired","secondary_contact_recreation","IR5_impaired_confirmed","phosphorus","no","yes","impaired-pollutant_confirmed"
"0602-0007","Lake Moraine",205010205,"Susquehanna River","b","pond","IR5_impaired","shellfishing","not-applicable","not-applicable","no","yes","not-applicable"
"0602-0007","Lake Moraine",205010205,"Susquehanna River","b","pond","IR5_impaired","source_of_water_supply","not-applicable","not-applicable","no","yes","not-applicable"
"0602-0014","Plymouth Reservoir",205010206,"Susquehanna River","b","pond","IR5_impaired","epa_appended_listing","not-applicable","not-applicable","no","yes","not-applicable"
"0602-0014","Plymouth Reservoir",205010206,"Susquehanna River","b","pond","IR5_impaired","fishing","IR3_unassessed","ammonia","no","yes","unassessed"
"0602-0014","Plymouth Reservoir",205010206,"Susquehanna River","b","pond","IR5_impaired","primary_contact_recreation","IR5_impaired_confirmed","phosphorus","no","yes","impaired-pollutant_confirmed"
"0602-0014","Plymouth Reservoir",205010206,"Susquehanna River","b","pond","IR5_impaired","secondary_contact_recreation","IR5_impaired_confirmed","phosphorus","no","yes","impaired-pollutant_confirmed"
"0602-0014","Plymouth Reservoir",205010206,"Susquehanna River","b","pond","IR5_impaired","shellfishing","not-applicable","not-applicable","no","yes","not-applicable"
"0602-0014","Plymouth Reservoir",205010206,"Susquehanna River","b","pond","IR5_impaired","source_of_water_supply","not-applicable","not-applicable","no","yes","not-applicable"
"0602-0017","Lower/Upper Little York Lakes",205010202,"Susquehanna River","b","pond","IR5_impaired","epa_appended_listing","not-applicable","not-applicable","no","yes","not-applicable"
"0602-0017","Lower/Upper Little York Lakes",205010202,"Susquehanna River","b","pond","IR5_impaired","fishing","IR5_impaired_confirmed","dissolved_oxygen","yes","no","fully-supported_unconfirmed"
"0602-0017","Lower/Upper Little York Lakes",205010202,"Susquehanna River","b","pond","IR5_impaired","primary_contact_recreation","IR3_stressed_unconfirmed","ph","no","yes","stressed_unconfirmed"
"0602-0017","Lower/Upper Little York Lakes",205010202,"Susquehanna River","b","pond","IR5_impaired","secondary_contact_recreation","IR3_stressed_unconfirmed","ph","no","yes","stressed_unconfirmed"
"0602-0017","Lower/Upper Little York Lakes",205010202,"Susquehanna River","b","pond","IR5_impaired","shellfishing","not-applicable","not-applicable","no","yes","not-applicable"
"0602-0017","Lower/Upper Little York Lakes",205010202,"Susquehanna River","b","pond","IR5_impaired","source_of_water_supply","not-applicable","not-applicable","no","yes","not-applicable"
"0602-0018","Tully Lake",205010202,"Susquehanna River","b","pond","IR5_impaired","epa_appended_listing","not-applicable","not-applicable","no","yes","not-applicable"
"0602-0018","Tully Lake",205010202,"Susquehanna River","b","pond","IR5_impaired","fishing","IR5_impaired_confirmed","dissolved_oxygen","yes","no","unassessed"
"0602-0018","Tully Lake",205010202,"Susquehanna River","b","pond","IR5_impaired","primary_contact_recreation","IR1_fully-supported_confirmed","phosphorus","no","yes","fully-supported_confirmed"
"0602-0018","Tully Lake",205010202,"Susquehanna River","b","pond","IR5_impaired","secondary_contact_recreation","IR1_fully-supported_confirmed","phosphorus","no","yes","fully-supported_confirmed"
"0602-0018","Tully Lake",205010202,"Susquehanna River","b","pond","IR5_impaired","shellfishing","not-applicable","not-applicable","no","yes","not-applicable"
"0602-0018","Tully Lake",205010202,"Susquehanna River","b","pond","IR5_impaired","source_of_water_supply","not-applicable","not-applicable","no","yes","not-applicable"
"0602-0019","Song Lake",205010202,"Susquehanna River","b","pond","IR2_some-uses-supported","epa_appended_listing","not-applicable","not-applicable","no","yes","not-applicable"
"0602-0019","Song Lake",205010202,"Susquehanna River","b","pond","IR2_some-uses-supported","fishing","IR3_unassessed","ammonia","no","yes","unassessed"
"0602-0019","Song Lake",205010202,"Susquehanna River","b","pond","IR2_some-uses-supported","primary_contact_recreation","IR1_fully-supported_confirmed","phosphorus","no","yes","fully-supported_confirmed"
"0602-0019","Song Lake",205010202,"Susquehanna River","b","pond","IR2_some-uses-supported","secondary_contact_recreation","IR1_fully-supported_confirmed","phosphorus","no","yes","fully-supported_confirmed"
"0602-0019","Song Lake",205010202,"Susquehanna River","b","pond","IR2_some-uses-supported","shellfishing","not-applicable","not-applicable","no","yes","not-applicable"
"0602-0019","Song Lake",205010202,"Susquehanna River","b","pond","IR2_some-uses-supported","source_of_water_supply","not-applicable","not-applicable","no","yes","not-applicable"
"0602-0040","Gorton Lake",205010205,"Susquehanna River","b","pond","IR3_unassessed","epa_appended_listing","not-applicable","not-applicable","no","yes","not-applicable"
"0602-0040","Gorton Lake",205010205,"Susquehanna River","b","pond","IR3_unassessed","fishing","IR3_unassessed","No_Data","no","yes","unassessed"
"0602-0040","Gorton Lake",205010205,"Susquehanna River","b","pond","IR3_unassessed","primary_contact_recreation","IR3_unassessed","No_Data","no","yes","unassessed"
"0602-0040","Gorton Lake",205010205,"Susquehanna River","b","pond","IR3_unassessed","secondary_contact_recreation","IR3_unassessed","No_Data","no","yes","unassessed"
"0602-0040","Gorton Lake",205010205,"Susquehanna River","b","pond","IR3_unassessed","shellfishing","not-applicable","not-applicable","no","yes","not-applicable"
"0602-0040","Gorton Lake",205010205,"Susquehanna River","b","pond","IR3_unassessed","source_of_water_supply","not-applicable","not-applicable","no","yes","not-applicable"
"0602-0041","Eaton Brook Reservoir",205010205,"Susquehanna River","b","pond","IR5_impaired","epa_appended_listing","not-applicable","not-applicable","no","yes","not-applicable"
"0602-0041","Eaton Brook Reservoir",205010205,"Susquehanna River","b","pond","IR5_impaired","fishing","IR5_impaired_confirmed","dissolved_oxygen","yes","no","unassessed"
"0602-0041","Eaton Brook Reservoir",205010205,"Susquehanna River","b","pond","IR5_impaired","primary_contact_recreation","IR1_fully-supported_confirmed","phosphorus","no","yes","fully-supported_confirmed"
"0602-0041","Eaton Brook Reservoir",205010205,"Susquehanna River","b","pond","IR5_impaired","secondary_contact_recreation","IR1_fully-supported_confirmed","phosphorus","no","yes","fully-supported_confirmed"
"0602-0041","Eaton Brook Reservoir",205010205,"Susquehanna River","b","pond","IR5_impaired","shellfishing","not-applicable","not-applicable","no","yes","not-applicable"
"0602-0041","Eaton Brook Reservoir",205010205,"Susquehanna River","b","pond","IR5_impaired","source_of_water_supply","not-applicable","not-applicable","no","yes","not-applicable"
"0602-0053","Ellis/Melody Lake",205010203,"Susquehanna River","c","pond","IR1_fully-supported","epa_appended_listing","not-applicable","not-applicable","no","yes","not-applicable"
"0602-0053","Ellis/Melody Lake",205010203,"Susquehanna River","c","pond","IR1_fully-supported","fishing","IR1_fully-supported_confirmed","nitrite","no","yes","fully-supported_confirmed"
"0602-0053","Ellis/Melody Lake",205010203,"Susquehanna River","c","pond","IR1_fully-supported","primary_contact_recreation","not-applicable","not-applicable","no","yes","not-applicable"
"0602-0053","Ellis/Melody Lake",205010203,"Susquehanna River","c","pond","IR1_fully-supported","secondary_contact_recreation","not-applicable","not-applicable","no","yes","not-applicable"
"0602-0053","Ellis/Melody Lake",205010203,"Susquehanna River","c","pond","IR1_fully-supported","shellfishing","not-applicable","not-applicable","no","yes","not-applicable"
"0602-0053","Ellis/Melody Lake",205010203,"Susquehanna River","c","pond","IR1_fully-supported","source_of_water_supply","not-applicable","not-applicable","no","yes","not-applicable"
"0602-0074","Truitt Pond",205010208,"Susquehanna River","c","pond","IR3_unassessed","epa_appended_listing","not-applicable","not-applicable","no","yes","not-applicable"
"0602-0074","Truitt Pond",205010208,"Susquehanna River","c","pond","IR3_unassessed","fishing","IR3_unassessed","ammonia","no","yes","unassessed"
"0602-0074","Truitt Pond",205010208,"Susquehanna River","c","pond","IR3_unassessed","primary_contact_recreation","not-applicable","not-applicable","no","yes","not-applicable"
"0602-0074","Truitt Pond",205010208,"Susquehanna River","c","pond","IR3_unassessed","secondary_contact_recreation","not-applicable","not-applicable","no","yes","not-applicable"
"0602-0074","Truitt Pond",205010208,"Susquehanna River","c","pond","IR3_unassessed","shellfishing","not-applicable","not-applicable","no","yes","not-applicable"
"0602-0074","Truitt Pond",205010208,"Susquehanna River","c","pond","IR3_unassessed","source_of_water_supply","not-applicable","not-applicable","no","yes","not-applicable"
"0602-0077","Dean Pond",205010203,"Susquehanna River","c","pond","IR5_impaired","epa_appended_listing","not-applicable","not-applicable","no","yes","not-applicable"
"0602-0077","Dean Pond",205010203,"Susquehanna River","c","pond","IR5_impaired","fishing","IR3_impaired_unconfirmed","dissolved_oxygen","no","yes","impaired_unconfirmed"
"0602-0077","Dean Pond",205010203,"Susquehanna River","c","pond","IR5_impaired","primary_contact_recreation","not-applicable","not-applicable","no","yes","not-applicable"
"0602-0077","Dean Pond",205010203,"Susquehanna River","c","pond","IR5_impaired","secondary_contact_recreation","IR5_impaired_confirmed","phosphorus","yes","no","unassessed"
"0602-0077","Dean Pond",205010203,"Susquehanna River","c","pond","IR5_impaired","shellfishing","not-applicable","not-applicable","no","yes","not-applicable"
"0602-0077","Dean Pond",205010203,"Susquehanna River","c","pond","IR5_impaired","source_of_water_supply","not-applicable","not-applicable","no","yes","not-applicable"
"0602-0086","DeRuyter Reservoir",414020201,"Susquehanna River","b","pond","IR3_needs-verification","epa_appended_listing","not-applicable","not-applicable","no","yes","not-applicable"
"0602-0086","DeRuyter Reservoir",414020201,"Susquehanna River","b","pond","IR3_needs-verification","fishing","IR3_unassessed","ammonia","no","yes","unassessed"
"0602-0086","DeRuyter Reservoir",414020201,"Susquehanna River","b","pond","IR3_needs-verification","primary_contact_recreation","IR3_impaired_unconfirmed","phosphorus","no","yes","impaired_unconfirmed"
"0602-0086","DeRuyter Reservoir",414020201,"Susquehanna River","b","pond","IR3_needs-verification","secondary_contact_recreation","IR3_impaired_unconfirmed","phosphorus","no","yes","impaired_unconfirmed"
"0602-0086","DeRuyter Reservoir",414020201,"Susquehanna River","b","pond","IR3_needs-verification","shellfishing","not-applicable","not-applicable","no","yes","not-applicable"
"0602-0086","DeRuyter Reservoir",414020201,"Susquehanna River","b","pond","IR3_needs-verification","source_of_water_supply","not-applicable","not-applicable","no","yes","not-applicable"
"0602-0090","Crooked Lake",205010202,"Susquehanna River","b","pond","IR3_needs-verification","epa_appended_listing","not-applicable","not-applicable","no","yes","not-applicable"
"0602-0090","Crooked Lake",205010202,"Susquehanna River","b","pond","IR3_needs-verification","fishing","IR3_unassessed","ammonia","no","yes","unassessed"
"0602-0090","Crooked Lake",205010202,"Susquehanna River","b","pond","IR3_needs-verification","primary_contact_recreation","IR3_impaired_unconfirmed","phosphorus","no","yes","impaired_unconfirmed"
"0602-0090","Crooked Lake",205010202,"Susquehanna River","b","pond","IR3_needs-verification","secondary_contact_recreation","IR3_impaired_unconfirmed","phosphorus","no","yes","impaired_unconfirmed"
"0602-0090","Crooked Lake",205010202,"Susquehanna River","b","pond","IR3_needs-verification","shellfishing","not-applicable","not-applicable","no","yes","not-applicable"
"0602-0090","Crooked Lake",205010202,"Susquehanna River","b","pond","IR3_needs-verification","source_of_water_supply","not-applicable","not-applicable","no","yes","not-applicable"
"0602-0092","Lake Petonia",205010207,"Susquehanna River","a","pond","IR3_needs-verification","epa_appended_listing","not-applicable","not-applicable","no","yes","not-applicable"
"0602-0092","Lake Petonia",205010207,"Susquehanna River","a","pond","IR3_needs-verification","fishing","IR3_unassessed","ammonia","no","yes","unassessed"
"0602-0092","Lake Petonia",205010207,"Susquehanna River","a","pond","IR3_needs-verification","primary_contact_recreation","IR1_fully-supported_confirmed","phosphorus","no","yes","fully-supported_confirmed"
"0602-0092","Lake Petonia",205010207,"Susquehanna River","a","pond","IR3_needs-verification","secondary_contact_recreation","IR1_fully-supported_confirmed","phosphorus","no","yes","fully-supported_confirmed"
"0602-0092","Lake Petonia",205010207,"Susquehanna River","a","pond","IR3_needs-verification","shellfishing","not-applicable","not-applicable","no","yes","not-applicable"
"0602-0092","Lake Petonia",205010207,"Susquehanna River","a","pond","IR3_needs-verification","source_of_water_supply","IR3_stressed_unconfirmed","arsenic","no","yes","stressed_unconfirmed"
"0602-0093","Echo Lake",205010207,"Susquehanna River","c","pond","IR3_unassessed","epa_appended_listing","not-applicable","not-applicable","no","yes","not-applicable"
"0602-0093","Echo Lake",205010207,"Susquehanna River","c","pond","IR3_unassessed","fishing","IR3_unassessed","ammonia","no","yes","unassessed"
"0602-0093","Echo Lake",205010207,"Susquehanna River","c","pond","IR3_unassessed","primary_contact_recreation","not-applicable","not-applicable","no","yes","not-applicable"
"0602-0093","Echo Lake",205010207,"Susquehanna River","c","pond","IR3_unassessed","secondary_contact_recreation","not-applicable","not-applicable","no","yes","not-applicable"
"0602-0093","Echo Lake",205010207,"Susquehanna River","c","pond","IR3_unassessed","shellfishing","not-applicable","not-applicable","no","yes","not-applicable"
"0602-0093","Echo Lake",205010207,"Susquehanna River","c","pond","IR3_unassessed","source_of_water_supply","not-applicable","not-applicable","no","yes","not-applicable"
"0602-0096","Genegantslet Lake",205010207,"Susquehanna River","b","pond","IR2_some-uses-supported","epa_appended_listing","not-applicable","not-applicable","no","yes","not-applicable"
"0602-0096","Genegantslet Lake",205010207,"Susquehanna River","b","pond","IR2_some-uses-supported","fishing","IR3_unassessed","ammonia","no","yes","unassessed"
"0602-0096","Genegantslet Lake",205010207,"Susquehanna River","b","pond","IR2_some-uses-supported","primary_contact_recreation","IR1_fully-supported_confirmed","phosphorus","no","yes","fully-supported_confirmed"
"0602-0096","Genegantslet Lake",205010207,"Susquehanna River","b","pond","IR2_some-uses-supported","secondary_contact_recreation","IR1_fully-supported_confirmed","phosphorus","no","yes","fully-supported_confirmed"
"0602-0096","Genegantslet Lake",205010207,"Susquehanna River","b","pond","IR2_some-uses-supported","shellfishing","not-applicable","not-applicable","no","yes","not-applicable"
"0602-0096","Genegantslet Lake",205010207,"Susquehanna River","b","pond","IR2_some-uses-supported","source_of_water_supply","not-applicable","not-applicable","no","yes","not-applicable"
"0602-0098","Lake Gerry",205010208,"Susquehanna River","c","pond","IR3_unassessed","epa_appended_listing","not-applicable","not-applicable","no","yes","not-applicable"
"0602-0098","Lake Gerry",205010208,"Susquehanna River","c","pond","IR3_unassessed","fishing","IR3_unassessed","No_Data","no","yes","unassessed"
"0602-0098","Lake Gerry",205010208,"Susquehanna River","c","pond","IR3_unassessed","primary_contact_recreation","not-applicable","not-applicable","no","yes","not-applicable"
"0602-0098","Lake Gerry",205010208,"Susquehanna River","c","pond","IR3_unassessed","secondary_contact_recreation","not-applicable","not-applicable","no","yes","not-applicable"
"0602-0098","Lake Gerry",205010208,"Susquehanna River","c","pond","IR3_unassessed","shellfishing","not-applicable","not-applicable","no","yes","not-applicable"
"0602-0098","Lake Gerry",205010208,"Susquehanna River","c","pond","IR3_unassessed","source_of_water_supply","not-applicable","not-applicable","no","yes","not-applicable"
"0602-0108","Earlville/Craine Lake",205010205,"Susquehanna River","c","pond","IR1_fully-supported","epa_appended_listing","not-applicable","not-applicable","no","yes","not-applicable"
"0602-0108","Earlville/Craine Lake",205010205,"Susquehanna River","c","pond","IR1_fully-supported","fishing","IR1_fully-supported_confirmed","nitrite","no","yes","fully-supported_confirmed"
"0602-0108","Earlville/Craine Lake",205010205,"Susquehanna River","c","pond","IR1_fully-supported","primary_contact_recreation","not-applicable","not-applicable","no","yes","not-applicable"
"0602-0108","Earlville/Craine Lake",205010205,"Susquehanna River","c","pond","IR1_fully-supported","secondary_contact_recreation","not-applicable","not-applicable","no","yes","not-applicable"
"0602-0108","Earlville/Craine Lake",205010205,"Susquehanna River","c","pond","IR1_fully-supported","shellfishing","not-applicable","not-applicable","no","yes","not-applicable"
"0602-0108","Earlville/Craine Lake",205010205,"Susquehanna River","c","pond","IR1_fully-supported","source_of_water_supply","not-applicable","not-applicable","no","yes","not-applicable"
"0602-0109","Lebanon Reservoir",205010205,"Susquehanna River","b","pond","IR5_impaired","epa_appended_listing","not-applicable","not-applicable","no","yes","not-applicable"
"0602-0109","Lebanon Reservoir",205010205,"Susquehanna River","b","pond","IR5_impaired","fishing","IR5_impaired_confirmed","dissolved_oxygen","yes","no","unassessed"
"0602-0109","Lebanon Reservoir",205010205,"Susquehanna River","b","pond","IR5_impaired","primary_contact_recreation","IR1_fully-supported_confirmed","phosphorus","no","yes","fully-supported_confirmed"
"0602-0109","Lebanon Reservoir",205010205,"Susquehanna River","b","pond","IR5_impaired","secondary_contact_recreation","IR1_fully-supported_confirmed","phosphorus","no","yes","fully-supported_confirmed"
"0602-0109","Lebanon Reservoir",205010205,"Susquehanna River","b","pond","IR5_impaired","shellfishing","not-applicable","not-applicable","no","yes","not-applicable"
"0602-0109","Lebanon Reservoir",205010205,"Susquehanna River","b","pond","IR5_impaired","source_of_water_supply","not-applicable","not-applicable","no","yes","not-applicable"
"0602-0111","Bradley Brook Reservoir",205010205,"Susquehanna River","b","pond","IR2_some-uses-supported","epa_appended_listing","not-applicable","not-applicable","no","yes","not-applicable"
"0602-0111","Bradley Brook Reservoir",205010205,"Susquehanna River","b","pond","IR2_some-uses-supported","fishing","IR3_unassessed","ammonia","no","yes","unassessed"
"0602-0111","Bradley Brook Reservoir",205010205,"Susquehanna River","b","pond","IR2_some-uses-supported","primary_contact_recreation","IR1_fully-supported_confirmed","phosphorus","no","yes","fully-supported_confirmed"
"0602-0111","Bradley Brook Reservoir",205010205,"Susquehanna River","b","pond","IR2_some-uses-supported","secondary_contact_recreation","IR1_fully-supported_confirmed","phosphorus","no","yes","fully-supported_confirmed"
"0602-0111","Bradley Brook Reservoir",205010205,"Susquehanna River","b","pond","IR2_some-uses-supported","shellfishing","not-applicable","not-applicable","no","yes","not-applicable"
"0602-0111","Bradley Brook Reservoir",205010205,"Susquehanna River","b","pond","IR2_some-uses-supported","source_of_water_supply","not-applicable","not-applicable","no","yes","not-applicable"
"0602-0112","Hatch Lake",205010205,"Susquehanna River","b","pond","IR3_needs-verification","epa_appended_listing","not-applicable","not-applicable","no","yes","not-applicable"
"0602-0112","Hatch Lake",205010205,"Susquehanna River","b","pond","IR3_needs-verification","fishing","IR3_fully-supported_unconfirmed","nitrite","no","yes","fully-supported_unconfirmed"
"0602-0112","Hatch Lake",205010205,"Susquehanna River","b","pond","IR3_needs-verification","primary_contact_recreation","IR1_fully-supported_confirmed","phosphorus","no","yes","fully-supported_confirmed"
"0602-0112","Hatch Lake",205010205,"Susquehanna River","b","pond","IR3_needs-verification","secondary_contact_recreation","IR1_fully-supported_confirmed","phosphorus","no","yes","fully-supported_confirmed"
"0602-0112","Hatch Lake",205010205,"Susquehanna River","b","pond","IR3_needs-verification","shellfishing","not-applicable","not-applicable","no","yes","not-applicable"
"0602-0112","Hatch Lake",205010205,"Susquehanna River","b","pond","IR3_needs-verification","source_of_water_supply","not-applicable","not-applicable","no","yes","not-applicable"
"0602-0116","Lake Warn",205010208,"Susquehanna River","c","pond","IR3_unassessed","epa_appended_listing","not-applicable","not-applicable","no","yes","not-applicable"
"0602-0116","Lake Warn",205010208,"Susquehanna River","c","pond","IR3_unassessed","fishing","IR3_unassessed","ammonia","no","yes","unassessed"
"0602-0116","Lake Warn",205010208,"Susquehanna River","c","pond","IR3_unassessed","primary_contact_recreation","not-applicable","not-applicable","no","yes","not-applicable"
"0602-0116","Lake Warn",205010208,"Susquehanna River","c","pond","IR3_unassessed","secondary_contact_recreation","not-applicable","not-applicable","no","yes","not-applicable"
"0602-0116","Lake Warn",205010208,"Susquehanna River","c","pond","IR3_unassessed","shellfishing","not-applicable","not-applicable","no","yes","not-applicable"
"0602-0116","Lake Warn",205010208,"Susquehanna River","c","pond","IR3_unassessed","source_of_water_supply","not-applicable","not-applicable","no","yes","not-applicable"
"0701-0002","Cross Lake",414020116,"Oswego-Seneca-Oneida","b","pond","IR3_needs-verification","epa_appended_listing","not-applicable","not-applicable","no","yes","not-applicable"
"0701-0002","Cross Lake",414020116,"Oswego-Seneca-Oneida","b","pond","IR3_needs-verification","fishing","IR3_impaired_unconfirmed","dissolved_oxygen; ph","no","yes","impaired_unconfirmed"
"0701-0002","Cross Lake",414020116,"Oswego-Seneca-Oneida","b","pond","IR3_needs-verification","primary_contact_recreation","IR3_impaired_unconfirmed","dissolved_oxygen; ph","no","yes","impaired_unconfirmed"
"0701-0002","Cross Lake",414020116,"Oswego-Seneca-Oneida","b","pond","IR3_needs-verification","secondary_contact_recreation","IR3_impaired_unconfirmed","dissolved_oxygen; ph","no","yes","impaired_unconfirmed"
"0701-0002","Cross Lake",414020116,"Oswego-Seneca-Oneida","b","pond","IR3_needs-verification","shellfishing","not-applicable","not-applicable","no","yes","not-applicable"
"0701-0002","Cross Lake",414020116,"Oswego-Seneca-Oneida","b","pond","IR3_needs-verification","source_of_water_supply","not-applicable","not-applicable","no","yes","not-applicable"
"0702-0011","Otisco Lake",414020115,"Oswego-Seneca-Oneida","aa","pond","IR5_impaired","epa_appended_listing","not-applicable","not-applicable","no","yes","not-applicable"
"0702-0011","Otisco Lake",414020115,"Oswego-Seneca-Oneida","aa","pond","IR5_impaired","fishing","IR5_impaired_confirmed","dissolved_oxygen","yes","no","fully-supported_unconfirmed"
"0702-0011","Otisco Lake",414020115,"Oswego-Seneca-Oneida","aa","pond","IR5_impaired","primary_contact_recreation","IR5_impaired_confirmed","phosphorus","no","yes","impaired-pollutant_confirmed"
"0702-0011","Otisco Lake",414020115,"Oswego-Seneca-Oneida","aa","pond","IR5_impaired","secondary_contact_recreation","IR5_impaired_confirmed","phosphorus","no","yes","impaired-pollutant_confirmed"
"0702-0011","Otisco Lake",414020115,"Oswego-Seneca-Oneida","aa","pond","IR5_impaired","shellfishing","not-applicable","not-applicable","no","yes","not-applicable"
"0702-0011","Otisco Lake",414020115,"Oswego-Seneca-Oneida","aa","pond","IR5_impaired","source_of_water_supply","IR3_impaired_unconfirmed","iron","no","yes","impaired_unconfirmed"
"0703-0015","Jamesville Reservoir",414020206,"Oswego-Seneca-Oneida","aa","pond","IR2_some-uses-supported","epa_appended_listing","not-applicable","not-applicable","no","yes","not-applicable"
"0703-0015","Jamesville Reservoir",414020206,"Oswego-Seneca-Oneida","aa","pond","IR2_some-uses-supported","fishing","IR3_unassessed","ammonia","no","yes","unassessed"
"0703-0015","Jamesville Reservoir",414020206,"Oswego-Seneca-Oneida","aa","pond","IR2_some-uses-supported","primary_contact_recreation","IR1_fully-supported_confirmed","phosphorus","no","yes","fully-supported_confirmed"
"0703-0015","Jamesville Reservoir",414020206,"Oswego-Seneca-Oneida","aa","pond","IR2_some-uses-supported","secondary_contact_recreation","IR1_fully-supported_confirmed","phosphorus","no","yes","fully-supported_confirmed"
"0703-0015","Jamesville Reservoir",414020206,"Oswego-Seneca-Oneida","aa","pond","IR2_some-uses-supported","shellfishing","not-applicable","not-applicable","no","yes","not-applicable"
"0703-0015","Jamesville Reservoir",414020206,"Oswego-Seneca-Oneida","aa","pond","IR2_some-uses-supported","source_of_water_supply","IR1_stressed_confirmed","ammonia; chloride; nitrate_nitrite","no","yes","stressed_confirmed"
"0703-0021","Cazenovia Lake",414020207,"Oswego-Seneca-Oneida","a","pond","IR5_impaired","epa_appended_listing","not-applicable","not-applicable","no","yes","not-applicable"
"0703-0021","Cazenovia Lake",414020207,"Oswego-Seneca-Oneida","a","pond","IR5_impaired","fishing","IR3_impaired_unconfirmed","dissolved_oxygen","no","yes","impaired_unconfirmed"
"0703-0021","Cazenovia Lake",414020207,"Oswego-Seneca-Oneida","a","pond","IR5_impaired","primary_contact_recreation","IR5_impaired_confirmed","phosphorus","no","yes","impaired-pollutant_confirmed"
"0703-0021","Cazenovia Lake",414020207,"Oswego-Seneca-Oneida","a","pond","IR5_impaired","secondary_contact_recreation","IR5_impaired_confirmed","phosphorus","no","yes","impaired-pollutant_confirmed"
"0703-0021","Cazenovia Lake",414020207,"Oswego-Seneca-Oneida","a","pond","IR5_impaired","shellfishing","not-applicable","not-applicable","no","yes","not-applicable"
"0703-0021","Cazenovia Lake",414020207,"Oswego-Seneca-Oneida","a","pond","IR5_impaired","source_of_water_supply","IR3_impaired_unconfirmed","dissolved_oxygen","no","yes","impaired_unconfirmed"
"0703-0022","Tuscarora Lake",414020207,"Oswego-Seneca-Oneida","b","pond","IR2_some-uses-supported","epa_appended_listing","not-applicable","not-applicable","no","yes","not-applicable"
"0703-0022","Tuscarora Lake",414020207,"Oswego-Seneca-Oneida","b","pond","IR2_some-uses-supported","fishing","IR3_unassessed","ammonia","no","yes","unassessed"
"0703-0022","Tuscarora Lake",414020207,"Oswego-Seneca-Oneida","b","pond","IR2_some-uses-supported","primary_contact_recreation","IR1_fully-supported_confirmed","phosphorus","no","yes","fully-supported_confirmed"
"0703-0022","Tuscarora Lake",414020207,"Oswego-Seneca-Oneida","b","pond","IR2_some-uses-supported","secondary_contact_recreation","IR1_fully-supported_confirmed","phosphorus","no","yes","fully-supported_confirmed"
"0703-0022","Tuscarora Lake",414020207,"Oswego-Seneca-Oneida","b","pond","IR2_some-uses-supported","shellfishing","not-applicable","not-applicable","no","yes","not-applicable"
"0703-0022","Tuscarora Lake",414020207,"Oswego-Seneca-Oneida","b","pond","IR2_some-uses-supported","source_of_water_supply","not-applicable","not-applicable","no","yes","not-applicable"
"0703-0047","Pleasant Lake",414020209,"Oswego-Seneca-Oneida","b","pond","IR5_impaired","epa_appended_listing","not-applicable","not-applicable","no","yes","not-applicable"
"0703-0047","Pleasant Lake",414020209,"Oswego-Seneca-Oneida","b","pond","IR5_impaired","fishing","IR3_unassessed","ammonia","no","yes","unassessed"
"0703-0047","Pleasant Lake",414020209,"Oswego-Seneca-Oneida","b","pond","IR5_impaired","primary_contact_recreation","IR5_impaired_confirmed","phosphorus","no","yes","impaired-pollutant_confirmed"
"0703-0047","Pleasant Lake",414020209,"Oswego-Seneca-Oneida","b","pond","IR5_impaired","secondary_contact_recreation","IR5_impaired_confirmed","phosphorus","yes","yes","impaired-pollutant_confirmed"
"0703-0047","Pleasant Lake",414020209,"Oswego-Seneca-Oneida","b","pond","IR5_impaired","shellfishing","not-applicable","not-applicable","no","yes","not-applicable"
"0703-0047","Pleasant Lake",414020209,"Oswego-Seneca-Oneida","b","pond","IR5_impaired","source_of_water_supply","not-applicable","not-applicable","no","yes","not-applicable"
"0703-0082","Panther Lake",414020202,"Oswego-Seneca-Oneida","b","pond","IR3_needs-verification","epa_appended_listing","not-applicable","not-applicable","no","yes","not-applicable"
"0703-0082","Panther Lake",414020202,"Oswego-Seneca-Oneida","b","pond","IR3_needs-verification","fishing","IR3_unassessed","ammonia","no","yes","unassessed"
"0703-0082","Panther Lake",414020202,"Oswego-Seneca-Oneida","b","pond","IR3_needs-verification","primary_contact_recreation","IR3_impaired_unconfirmed","phosphorus","no","yes","impaired_unconfirmed"
"0703-0082","Panther Lake",414020202,"Oswego-Seneca-Oneida","b","pond","IR3_needs-verification","secondary_contact_recreation","IR3_impaired_unconfirmed","phosphorus","no","yes","impaired_unconfirmed"
"0703-0082","Panther Lake",414020202,"Oswego-Seneca-Oneida","b","pond","IR3_needs-verification","shellfishing","not-applicable","not-applicable","no","yes","not-applicable"
"0703-0082","Panther Lake",414020202,"Oswego-Seneca-Oneida","b","pond","IR3_needs-verification","source_of_water_supply","not-applicable","not-applicable","no","yes","not-applicable"
"0703-0087","Kasoag Lake",414020202,"Oswego-Seneca-Oneida","b","pond","IR2_some-uses-supported","epa_appended_listing","not-applicable","not-applicable","no","yes","not-applicable"
"0703-0087","Kasoag Lake",414020202,"Oswego-Seneca-Oneida","b","pond","IR2_some-uses-supported","fishing","IR3_unassessed","ammonia","no","yes","unassessed"
"0703-0087","Kasoag Lake",414020202,"Oswego-Seneca-Oneida","b","pond","IR2_some-uses-supported","primary_contact_recreation","IR1_fully-supported_confirmed","phosphorus","no","yes","fully-supported_confirmed"
"0703-0087","Kasoag Lake",414020202,"Oswego-Seneca-Oneida","b","pond","IR2_some-uses-supported","secondary_contact_recreation","IR1_fully-supported_confirmed","phosphorus","no","yes","fully-supported_confirmed"
"0703-0087","Kasoag Lake",414020202,"Oswego-Seneca-Oneida","b","pond","IR2_some-uses-supported","shellfishing","not-applicable","not-applicable","no","yes","not-applicable"
"0703-0087","Kasoag Lake",414020202,"Oswego-Seneca-Oneida","b","pond","IR2_some-uses-supported","source_of_water_supply","not-applicable","not-applicable","no","yes","not-applicable"
"0704-0001","Canandaigua Lake",414020102,"Oswego-Seneca-Oneida","aa(ts)","pond","IR4c_impaired","epa_appended_listing","not-applicable","not-applicable","no","yes","not-applicable"
"0704-0001","Canandaigua Lake",414020102,"Oswego-Seneca-Oneida","aa(ts)","pond","IR4c_impaired","fishing","IR3_fully-supported_unconfirmed","dissolved_oxygen; ph","no","yes","fully-supported_unconfirmed"
"0704-0001","Canandaigua Lake",414020102,"Oswego-Seneca-Oneida","aa(ts)","pond","IR4c_impaired","primary_contact_recreation","IR3_fully-supported_unconfirmed","dissolved_oxygen; ph","no","yes","fully-supported_unconfirmed"
"0704-0001","Canandaigua Lake",414020102,"Oswego-Seneca-Oneida","aa(ts)","pond","IR4c_impaired","secondary_contact_recreation","IR4c_impaired_confirmed","algal_weed_growth","yes","no","unassessed"
"0704-0001","Canandaigua Lake",414020102,"Oswego-Seneca-Oneida","aa(ts)","pond","IR4c_impaired","shellfishing","not-applicable","not-applicable","no","yes","not-applicable"
"0704-0001","Canandaigua Lake",414020102,"Oswego-Seneca-Oneida","aa(ts)","pond","IR4c_impaired","source_of_water_supply","IR3_stressed_unconfirmed","arsenic; magnesium","no","yes","stressed_unconfirmed"
"0704-0025","Duck Lake",414020114,"Oswego-Seneca-Oneida","c","pond","IR5_impaired","epa_appended_listing","not-applicable","not-applicable","no","yes","not-applicable"
"0704-0025","Duck Lake",414020114,"Oswego-Seneca-Oneida","c","pond","IR5_impaired","fishing","IR3_unassessed","ammonia","no","yes","unassessed"
"0704-0025","Duck Lake",414020114,"Oswego-Seneca-Oneida","c","pond","IR5_impaired","primary_contact_recreation","not-applicable","not-applicable","no","yes","not-applicable"
"0704-0025","Duck Lake",414020114,"Oswego-Seneca-Oneida","c","pond","IR5_impaired","secondary_contact_recreation","IR5_impaired_confirmed","phosphorus","yes","no","unassessed"
"0704-0025","Duck Lake",414020114,"Oswego-Seneca-Oneida","c","pond","IR5_impaired","shellfishing","not-applicable","not-applicable","no","yes","not-applicable"
"0704-0025","Duck Lake",414020114,"Oswego-Seneca-Oneida","c","pond","IR5_impaired","source_of_water_supply","not-applicable","not-applicable","no","yes","not-applicable"
"0705-0003","Keuka Lake",414020107,"Oswego-Seneca-Oneida","aa(ts)","pond","IR3_needs-verification","epa_appended_listing","not-applicable","not-applicable","no","yes","not-applicable"
"0705-0003","Keuka Lake",414020107,"Oswego-Seneca-Oneida","aa(ts)","pond","IR3_needs-verification","fishing","IR3_fully-supported_unconfirmed","dissolved_oxygen; ph","no","yes","fully-supported_unconfirmed"
"0705-0003","Keuka Lake",414020107,"Oswego-Seneca-Oneida","aa(ts)","pond","IR3_needs-verification","primary_contact_recreation","IR3_fully-supported_unconfirmed","dissolved_oxygen; ph","no","yes","fully-supported_unconfirmed"
"0705-0003","Keuka Lake",414020107,"Oswego-Seneca-Oneida","aa(ts)","pond","IR3_needs-verification","secondary_contact_recreation","IR3_fully-supported_unconfirmed","dissolved_oxygen; ph","no","yes","fully-supported_unconfirmed"
"0705-0003","Keuka Lake",414020107,"Oswego-Seneca-Oneida","aa(ts)","pond","IR3_needs-verification","shellfishing","not-applicable","not-applicable","no","yes","not-applicable"
"0705-0003","Keuka Lake",414020107,"Oswego-Seneca-Oneida","aa(ts)","pond","IR3_needs-verification","source_of_water_supply","IR3_fully-supported_unconfirmed","dissolved_oxygen; ph","no","yes","fully-supported_unconfirmed"
"0705-0014","Seneca Lake, Main Lake, South",414020108,"Oswego-Seneca-Oneida","b(t)","pond","IR3_unassessed","epa_appended_listing","not-applicable","not-applicable","no","yes","not-applicable"
"0705-0014","Seneca Lake, Main Lake, South",414020108,"Oswego-Seneca-Oneida","b(t)","pond","IR3_unassessed","fishing","IR3_unassessed","No_Data","no","yes","unassessed"
"0705-0014","Seneca Lake, Main Lake, South",414020108,"Oswego-Seneca-Oneida","b(t)","pond","IR3_unassessed","primary_contact_recreation","IR3_unassessed","No_Data","no","yes","unassessed"
"0705-0014","Seneca Lake, Main Lake, South",414020108,"Oswego-Seneca-Oneida","b(t)","pond","IR3_unassessed","secondary_contact_recreation","IR3_unassessed","No_Data","no","yes","unassessed"
"0705-0014","Seneca Lake, Main Lake, South",414020108,"Oswego-Seneca-Oneida","b(t)","pond","IR3_unassessed","shellfishing","not-applicable","not-applicable","no","yes","not-applicable"
"0705-0014","Seneca Lake, Main Lake, South",414020108,"Oswego-Seneca-Oneida","b(t)","pond","IR3_unassessed","source_of_water_supply","not-applicable","not-applicable","no","yes","not-applicable"
"0705-0021","Seneca Lake, Main Lake, Middle",414020108,"Oswego-Seneca-Oneida","aa(ts)","pond","IR3_needs-verification","epa_appended_listing","not-applicable","not-applicable","no","yes","not-applicable"
"0705-0021","Seneca Lake, Main Lake, Middle",414020108,"Oswego-Seneca-Oneida","aa(ts)","pond","IR3_needs-verification","fishing","IR3_stressed_unconfirmed","ph","no","yes","stressed_unconfirmed"
"0705-0021","Seneca Lake, Main Lake, Middle",414020108,"Oswego-Seneca-Oneida","aa(ts)","pond","IR3_needs-verification","primary_contact_recreation","IR3_stressed_unconfirmed","ph","no","yes","stressed_unconfirmed"
"0705-0021","Seneca Lake, Main Lake, Middle",414020108,"Oswego-Seneca-Oneida","aa(ts)","pond","IR3_needs-verification","secondary_contact_recreation","IR3_stressed_unconfirmed","ph","no","yes","stressed_unconfirmed"
"0705-0021","Seneca Lake, Main Lake, Middle",414020108,"Oswego-Seneca-Oneida","aa(ts)","pond","IR3_needs-verification","shellfishing","not-applicable","not-applicable","no","yes","not-applicable"
"0705-0021","Seneca Lake, Main Lake, Middle",414020108,"Oswego-Seneca-Oneida","aa(ts)","pond","IR3_needs-verification","source_of_water_supply","IR3_stressed_unconfirmed","magnesium; ph; sulfate","no","yes","stressed_unconfirmed"
"0705-0025","Cayuga Lake, Main Lake, Mid-North",414020112,"Oswego-Seneca-Oneida","a(t)","pond","IR2_some-uses-supported","epa_appended_listing","not-applicable","not-applicable","no","yes","not-applicable"
"0705-0025","Cayuga Lake, Main Lake, Mid-North",414020112,"Oswego-Seneca-Oneida","a(t)","pond","IR2_some-uses-supported","fishing","IR3_unassessed","ammonia","no","yes","unassessed"
"0705-0025","Cayuga Lake, Main Lake, Mid-North",414020112,"Oswego-Seneca-Oneida","a(t)","pond","IR2_some-uses-supported","primary_contact_recreation","IR1_fully-supported_confirmed","phosphorus","no","yes","fully-supported_confirmed"
"0705-0025","Cayuga Lake, Main Lake, Mid-North",414020112,"Oswego-Seneca-Oneida","a(t)","pond","IR2_some-uses-supported","secondary_contact_recreation","IR1_fully-supported_confirmed","phosphorus","no","yes","fully-supported_confirmed"
"0705-0025","Cayuga Lake, Main Lake, Mid-North",414020112,"Oswego-Seneca-Oneida","a(t)","pond","IR2_some-uses-supported","shellfishing","not-applicable","not-applicable","no","yes","not-applicable"
"0705-0025","Cayuga Lake, Main Lake, Mid-North",414020112,"Oswego-Seneca-Oneida","a(t)","pond","IR2_some-uses-supported","source_of_water_supply","IR1_stressed_confirmed","ammonia; chloride; nitrate_nitrite","no","yes","stressed_confirmed"
"0705-0026","Seneca Lake, Main Lake, North",414020109,"Oswego-Seneca-Oneida","b(t)","pond","IR3_needs-verification","epa_appended_listing","not-applicable","not-applicable","no","yes","not-applicable"
"0705-0026","Seneca Lake, Main Lake, North",414020109,"Oswego-Seneca-Oneida","b(t)","pond","IR3_needs-verification","fishing","IR3_unassessed","ammonia","no","yes","unassessed"
"0705-0026","Seneca Lake, Main Lake, North",414020109,"Oswego-Seneca-Oneida","b(t)","pond","IR3_needs-verification","primary_contact_recreation","IR3_fully-supported_unconfirmed","phosphorus","no","yes","fully-supported_unconfirmed"
"0705-0026","Seneca Lake, Main Lake, North",414020109,"Oswego-Seneca-Oneida","b(t)","pond","IR3_needs-verification","secondary_contact_recreation","IR3_fully-supported_unconfirmed","phosphorus","no","yes","fully-supported_unconfirmed"
"0705-0026","Seneca Lake, Main Lake, North",414020109,"Oswego-Seneca-Oneida","b(t)","pond","IR3_needs-verification","shellfishing","not-applicable","not-applicable","no","yes","not-applicable"
"0705-0026","Seneca Lake, Main Lake, North",414020109,"Oswego-Seneca-Oneida","b(t)","pond","IR3_needs-verification","source_of_water_supply","not-applicable","not-applicable","no","yes","not-applicable"
"0705-0029","Lake Como",414020110,"Oswego-Seneca-Oneida","b","pond","IR5_impaired","epa_appended_listing","not-applicable","not-applicable","no","yes","not-applicable"
"0705-0029","Lake Como",414020110,"Oswego-Seneca-Oneida","b","pond","IR5_impaired","fishing","IR3_impaired_unconfirmed","dissolved_oxygen","no","yes","impaired_unconfirmed"
"0705-0029","Lake Como",414020110,"Oswego-Seneca-Oneida","b","pond","IR5_impaired","primary_contact_recreation","IR5_impaired_confirmed","phosphorus","no","yes","impaired-pollutant_confirmed"
"0705-0029","Lake Como",414020110,"Oswego-Seneca-Oneida","b","pond","IR5_impaired","secondary_contact_recreation","IR5_impaired_confirmed","phosphorus","no","yes","impaired-pollutant_confirmed"
"0705-0029","Lake Como",414020110,"Oswego-Seneca-Oneida","b","pond","IR5_impaired","shellfishing","not-applicable","not-applicable","no","yes","not-applicable"
"0705-0029","Lake Como",414020110,"Oswego-Seneca-Oneida","b","pond","IR5_impaired","source_of_water_supply","not-applicable","not-applicable","no","yes","not-applicable"
"0705-0030","Cayuga Lake, Northern End",414020112,"Oswego-Seneca-Oneida","b(t)","pond","IR3_needs-verification","epa_appended_listing","not-applicable","not-applicable","no","yes","not-applicable"
"0705-0030","Cayuga Lake, Northern End",414020112,"Oswego-Seneca-Oneida","b(t)","pond","IR3_needs-verification","fishing","IR3_unassessed","ammonia","no","yes","unassessed"
"0705-0030","Cayuga Lake, Northern End",414020112,"Oswego-Seneca-Oneida","b(t)","pond","IR3_needs-verification","primary_contact_recreation","IR3_impaired_unconfirmed","phosphorus","no","yes","impaired_unconfirmed"
"0705-0030","Cayuga Lake, Northern End",414020112,"Oswego-Seneca-Oneida","b(t)","pond","IR3_needs-verification","secondary_contact_recreation","IR3_impaired_unconfirmed","phosphorus","no","yes","impaired_unconfirmed"
"0705-0030","Cayuga Lake, Northern End",414020112,"Oswego-Seneca-Oneida","b(t)","pond","IR3_needs-verification","shellfishing","not-applicable","not-applicable","no","yes","not-applicable"
"0705-0030","Cayuga Lake, Northern End",414020112,"Oswego-Seneca-Oneida","b(t)","pond","IR3_needs-verification","source_of_water_supply","not-applicable","not-applicable","no","yes","not-applicable"
"0705-0040","Cayuga Lake, Southern End",414020112,"Oswego-Seneca-Oneida","a","pond","IR5_impaired","epa_appended_listing","not-applicable","not-applicable","no","yes","not-applicable"
"0705-0040","Cayuga Lake, Southern End",414020112,"Oswego-Seneca-Oneida","a","pond","IR5_impaired","fishing","IR3_unassessed","ammonia","no","yes","unassessed"
"0705-0040","Cayuga Lake, Southern End",414020112,"Oswego-Seneca-Oneida","a","pond","IR5_impaired","primary_contact_recreation","IR5_impaired_confirmed","phosphorus; silt_sediment","yes","no","fully-supported_confirmed"
"0705-0040","Cayuga Lake, Southern End",414020112,"Oswego-Seneca-Oneida","a","pond","IR5_impaired","primary_contact_recreation","IR5_impaired_confirmed","phosphorus; silt_sediment","yes","no","unassessed"
"0705-0040","Cayuga Lake, Southern End",414020112,"Oswego-Seneca-Oneida","a","pond","IR5_impaired","secondary_contact_recreation","IR5_impaired_confirmed","phosphorus; silt_sediment","yes","no","unassessed"
"0705-0040","Cayuga Lake, Southern End",414020112,"Oswego-Seneca-Oneida","a","pond","IR5_impaired","secondary_contact_recreation","IR5_impaired_confirmed","phosphorus; silt_sediment","yes","no","fully-supported_confirmed"
"0705-0040","Cayuga Lake, Southern End",414020112,"Oswego-Seneca-Oneida","a","pond","IR5_impaired","shellfishing","not-applicable","not-applicable","no","yes","not-applicable"
"0705-0040","Cayuga Lake, Southern End",414020112,"Oswego-Seneca-Oneida","a","pond","IR5_impaired","source_of_water_supply","IR1_stressed_confirmed","ammonia; chloride; nitrate_nitrite","no","yes","stressed_confirmed"
"0705-0050","Cayuga Lake, Main Lake, Mid-South",414020112,"Oswego-Seneca-Oneida","aa(t)","pond","IR3_needs-verification","epa_appended_listing","not-applicable","not-applicable","no","yes","not-applicable"
"0705-0050","Cayuga Lake, Main Lake, Mid-South",414020112,"Oswego-Seneca-Oneida","aa(t)","pond","IR3_needs-verification","fishing","IR3_fully-supported_unconfirmed","dissolved_oxygen; ph","no","yes","fully-supported_unconfirmed"
"0705-0050","Cayuga Lake, Main Lake, Mid-South",414020112,"Oswego-Seneca-Oneida","aa(t)","pond","IR3_needs-verification","primary_contact_recreation","IR3_fully-supported_unconfirmed","dissolved_oxygen; ph","no","yes","fully-supported_unconfirmed"
"0705-0050","Cayuga Lake, Main Lake, Mid-South",414020112,"Oswego-Seneca-Oneida","aa(t)","pond","IR3_needs-verification","secondary_contact_recreation","IR3_fully-supported_unconfirmed","dissolved_oxygen; ph","no","yes","fully-supported_unconfirmed"
"0705-0050","Cayuga Lake, Main Lake, Mid-South",414020112,"Oswego-Seneca-Oneida","aa(t)","pond","IR3_needs-verification","shellfishing","not-applicable","not-applicable","no","yes","not-applicable"
"0705-0050","Cayuga Lake, Main Lake, Mid-South",414020112,"Oswego-Seneca-Oneida","aa(t)","pond","IR3_needs-verification","source_of_water_supply","IR3_fully-supported_unconfirmed","dissolved_oxygen; ph","no","yes","fully-supported_unconfirmed"
"0706-0009","Owasco Lake",414020113,"Oswego-Seneca-Oneida","aa(t)","pond","IR5_impaired","epa_appended_listing","not-applicable","not-applicable","no","yes","not-applicable"
"0706-0009","Owasco Lake",414020113,"Oswego-Seneca-Oneida","aa(t)","pond","IR5_impaired","fishing","IR3_impaired_unconfirmed","ph","no","yes","impaired_unconfirmed"
"0706-0009","Owasco Lake",414020113,"Oswego-Seneca-Oneida","aa(t)","pond","IR5_impaired","primary_contact_recreation","IR5_impaired_confirmed","fecal_coliform","yes","no","unassessed"
"0706-0009","Owasco Lake",414020113,"Oswego-Seneca-Oneida","aa(t)","pond","IR5_impaired","secondary_contact_recreation","IR5_impaired_confirmed","fecal_coliform","yes","no","unassessed"
"0706-0009","Owasco Lake",414020113,"Oswego-Seneca-Oneida","aa(t)","pond","IR5_impaired","shellfishing","not-applicable","not-applicable","no","yes","not-applicable"
"0706-0009","Owasco Lake",414020113,"Oswego-Seneca-Oneida","aa(t)","pond","IR5_impaired","source_of_water_supply","IR3_impaired_unconfirmed","iron; ph","no","yes","impaired_unconfirmed"
"0707-0004","Skaneateles Lake",414020116,"Oswego-Seneca-Oneida","aa","pond","IR3_needs-verification","epa_appended_listing","not-applicable","not-applicable","no","yes","not-applicable"
"0707-0004","Skaneateles Lake",414020116,"Oswego-Seneca-Oneida","aa","pond","IR3_needs-verification","fishing","IR3_fully-supported_unconfirmed","dissolved_oxygen; ph","no","yes","fully-supported_unconfirmed"
"0707-0004","Skaneateles Lake",414020116,"Oswego-Seneca-Oneida","aa","pond","IR3_needs-verification","primary_contact_recreation","IR3_fully-supported_unconfirmed","dissolved_oxygen; ph","no","yes","fully-supported_unconfirmed"
"0707-0004","Skaneateles Lake",414020116,"Oswego-Seneca-Oneida","aa","pond","IR3_needs-verification","secondary_contact_recreation","IR3_fully-supported_unconfirmed","dissolved_oxygen; ph","no","yes","fully-supported_unconfirmed"
"0707-0004","Skaneateles Lake",414020116,"Oswego-Seneca-Oneida","aa","pond","IR3_needs-verification","shellfishing","not-applicable","not-applicable","no","yes","not-applicable"
"0707-0004","Skaneateles Lake",414020116,"Oswego-Seneca-Oneida","aa","pond","IR3_needs-verification","source_of_water_supply","IR3_fully-supported_unconfirmed","dissolved_oxygen; ph","no","yes","fully-supported_unconfirmed"
"0801-0165","Twitchell Lake",415010110,"Black River","a(t)","pond","IR5_impaired","epa_appended_listing","not-applicable","not-applicable","no","yes","not-applicable"
"0801-0165","Twitchell Lake",415010110,"Black River","a(t)","pond","IR5_impaired","fishing","IR5_impaired_confirmed","ph","yes","no","unassessed"
"0801-0165","Twitchell Lake",415010110,"Black River","a(t)","pond","IR5_impaired","primary_contact_recreation","IR3_unassessed","No_Data","no","yes","unassessed"
"0801-0165","Twitchell Lake",415010110,"Black River","a(t)","pond","IR5_impaired","secondary_contact_recreation","IR3_unassessed","No_Data","no","yes","unassessed"
"0801-0165","Twitchell Lake",415010110,"Black River","a(t)","pond","IR5_impaired","shellfishing","not-applicable","not-applicable","no","yes","not-applicable"
"0801-0165","Twitchell Lake",415010110,"Black River","a(t)","pond","IR5_impaired","source_of_water_supply","IR3_unassessed","No_Data","no","yes","unassessed"
"0801-0172","Effley Falls Reservoir",415010111,"Black River","c(t)","pond","IR4a_impaired","epa_appended_listing","not-applicable","not-applicable","no","yes","not-applicable"
"0801-0172","Effley Falls Reservoir",415010111,"Black River","c(t)","pond","IR4a_impaired","fishing","IR4a_impaired_confirmed","mercury","yes","no","unassessed"
"0801-0172","Effley Falls Reservoir",415010111,"Black River","c(t)","pond","IR4a_impaired","primary_contact_recreation","not-applicable","not-applicable","no","yes","not-applicable"
"0801-0172","Effley Falls Reservoir",415010111,"Black River","c(t)","pond","IR4a_impaired","secondary_contact_recreation","not-applicable","not-applicable","no","yes","not-applicable"
"0801-0172","Effley Falls Reservoir",415010111,"Black River","c(t)","pond","IR4a_impaired","shellfishing","not-applicable","not-applicable","no","yes","not-applicable"
"0801-0172","Effley Falls Reservoir",415010111,"Black River","c(t)","pond","IR4a_impaired","source_of_water_supply","not-applicable","not-applicable","no","yes","not-applicable"
"0801-0176","Brantingham Lake",415010108,"Black River","a","pond","IR2_some-uses-supported","epa_appended_listing","not-applicable","not-applicable","no","yes","not-applicable"
"0801-0176","Brantingham Lake",415010108,"Black River","a","pond","IR2_some-uses-supported","fishing","IR3_unassessed","ammonia","no","yes","unassessed"
"0801-0176","Brantingham Lake",415010108,"Black River","a","pond","IR2_some-uses-supported","primary_contact_recreation","IR1_fully-supported_confirmed","phosphorus","no","yes","fully-supported_confirmed"
"0801-0176","Brantingham Lake",415010108,"Black River","a","pond","IR2_some-uses-supported","secondary_contact_recreation","IR1_fully-supported_confirmed","phosphorus","no","yes","fully-supported_confirmed"
"0801-0176","Brantingham Lake",415010108,"Black River","a","pond","IR2_some-uses-supported","shellfishing","not-applicable","not-applicable","no","yes","not-applicable"
"0801-0176","Brantingham Lake",415010108,"Black River","a","pond","IR2_some-uses-supported","source_of_water_supply","IR1_stressed_confirmed","ammonia; chloride; nitrate_nitrite","no","yes","stressed_confirmed"
"0801-0204","Kayuta Lake",415010101,"Black River","c(t)","pond","IR3_needs-verification","epa_appended_listing","not-applicable","not-applicable","no","yes","not-applicable"
"0801-0204","Kayuta Lake",415010101,"Black River","c(t)","pond","IR3_needs-verification","fishing","IR3_impaired_unconfirmed","dissolved_oxygen","no","yes","impaired_unconfirmed"
"0801-0204","Kayuta Lake",415010101,"Black River","c(t)","pond","IR3_needs-verification","primary_contact_recreation","not-applicable","not-applicable","no","yes","not-applicable"
"0801-0204","Kayuta Lake",415010101,"Black River","c(t)","pond","IR3_needs-verification","secondary_contact_recreation","not-applicable","not-applicable","no","yes","not-applicable"
"0801-0204","Kayuta Lake",415010101,"Black River","c(t)","pond","IR3_needs-verification","shellfishing","not-applicable","not-applicable","no","yes","not-applicable"
"0801-0204","Kayuta Lake",415010101,"Black River","c(t)","pond","IR3_needs-verification","source_of_water_supply","not-applicable","not-applicable","no","yes","not-applicable"
"0801-0205","Otter Lake",415010103,"Black River","a","pond","IR3_needs-verification","epa_appended_listing","not-applicable","not-applicable","no","yes","not-applicable"
"0801-0205","Otter Lake",415010103,"Black River","a","pond","IR3_needs-verification","fishing","IR3_fully-supported_unconfirmed","dissolved_oxygen; ph","no","yes","fully-supported_unconfirmed"
"0801-0205","Otter Lake",415010103,"Black River","a","pond","IR3_needs-verification","primary_contact_recreation","IR3_impaired_unconfirmed","phosphorus","no","yes","impaired_unconfirmed"
"0801-0205","Otter Lake",415010103,"Black River","a","pond","IR3_needs-verification","secondary_contact_recreation","IR3_impaired_unconfirmed","phosphorus","no","yes","impaired_unconfirmed"
"0801-0205","Otter Lake",415010103,"Black River","a","pond","IR3_needs-verification","shellfishing","not-applicable","not-applicable","no","yes","not-applicable"
"0801-0205","Otter Lake",415010103,"Black River","a","pond","IR3_needs-verification","source_of_water_supply","IR3_stressed_unconfirmed","arsenic","no","yes","stressed_unconfirmed"
"0801-0206","Lake Rondaxe, West Lake, Lake Kanacto",415010105,"Black River","a","pond","IR3_unassessed","epa_appended_listing","not-applicable","not-applicable","no","yes","not-applicable"
"0801-0206","Lake Rondaxe, West Lake, Lake Kanacto",415010105,"Black River","a","pond","IR3_unassessed","fishing","IR3_unassessed","No_Data","no","yes","unassessed"
"0801-0206","Lake Rondaxe, West Lake, Lake Kanacto",415010105,"Black River","a","pond","IR3_unassessed","primary_contact_recreation","IR3_unassessed","No_Data","no","yes","unassessed"
"0801-0206","Lake Rondaxe, West Lake, Lake Kanacto",415010105,"Black River","a","pond","IR3_unassessed","secondary_contact_recreation","IR3_unassessed","No_Data","no","yes","unassessed"
"0801-0206","Lake Rondaxe, West Lake, Lake Kanacto",415010105,"Black River","a","pond","IR3_unassessed","shellfishing","not-applicable","not-applicable","no","yes","not-applicable"
"0801-0206","Lake Rondaxe, West Lake, Lake Kanacto",415010105,"Black River","a","pond","IR3_unassessed","source_of_water_supply","IR3_unassessed","No_Data","no","yes","unassessed"
"0801-0321","Chase Lake",415010107,"Black River","a","pond","IR3_unassessed","epa_appended_listing","not-applicable","not-applicable","no","yes","not-applicable"
"0801-0321","Chase Lake",415010107,"Black River","a","pond","IR3_unassessed","fishing","IR3_unassessed","No_Data","no","yes","unassessed"
"0801-0321","Chase Lake",415010107,"Black River","a","pond","IR3_unassessed","primary_contact_recreation","IR3_unassessed","No_Data","no","yes","unassessed"
"0801-0321","Chase Lake",415010107,"Black River","a","pond","IR3_unassessed","secondary_contact_recreation","IR3_unassessed","No_Data","no","yes","unassessed"
"0801-0321","Chase Lake",415010107,"Black River","a","pond","IR3_unassessed","shellfishing","not-applicable","not-applicable","no","yes","not-applicable"
"0801-0321","Chase Lake",415010107,"Black River","a","pond","IR3_unassessed","source_of_water_supply","IR3_unassessed","No_Data","no","yes","unassessed"
"0801-0373","Fulton Chain Lakes, First thru Fourth Lk",415010105,"Black River","a","pond","IR5_impaired","epa_appended_listing","not-applicable","not-applicable","no","yes","not-applicable"
"0801-0373","Fulton Chain Lakes, First thru Fourth Lk",415010105,"Black River","a","pond","IR5_impaired","fishing","IR5_impaired_confirmed","ddt","yes","no","unassessed"
"0801-0373","Fulton Chain Lakes, First thru Fourth Lk",415010105,"Black River","a","pond","IR5_impaired","primary_contact_recreation","IR3_impaired_unconfirmed","dissolved_oxygen; ph","no","yes","impaired_unconfirmed"
"0801-0373","Fulton Chain Lakes, First thru Fourth Lk",415010105,"Black River","a","pond","IR5_impaired","secondary_contact_recreation","IR3_impaired_unconfirmed","dissolved_oxygen; ph","no","yes","impaired_unconfirmed"
"0801-0373","Fulton Chain Lakes, First thru Fourth Lk",415010105,"Black River","a","pond","IR5_impaired","shellfishing","not-applicable","not-applicable","no","yes","not-applicable"
"0801-0373","Fulton Chain Lakes, First thru Fourth Lk",415010105,"Black River","a","pond","IR5_impaired","source_of_water_supply","IR3_impaired_unconfirmed","dissolved_oxygen; ph","no","yes","impaired_unconfirmed"
"0902-0030","Mountain View Lake, Indian Lake, more",415030701,"Saint Lawrence River","b(t)","pond","IR3_unassessed","epa_appended_listing","not-applicable","not-applicable","no","yes","not-applicable"
"0902-0030","Mountain View Lake, Indian Lake, more",415030701,"Saint Lawrence River","b(t)","pond","IR3_unassessed","fishing","IR3_unassessed","No_Data","no","yes","unassessed"
"0902-0030","Mountain View Lake, Indian Lake, more",415030701,"Saint Lawrence River","b(t)","pond","IR3_unassessed","primary_contact_recreation","IR3_unassessed","No_Data","no","yes","unassessed"
"0902-0030","Mountain View Lake, Indian Lake, more",415030701,"Saint Lawrence River","b(t)","pond","IR3_unassessed","secondary_contact_recreation","IR3_unassessed","No_Data","no","yes","unassessed"
"0902-0030","Mountain View Lake, Indian Lake, more",415030701,"Saint Lawrence River","b(t)","pond","IR3_unassessed","shellfishing","not-applicable","not-applicable","no","yes","not-applicable"
"0902-0030","Mountain View Lake, Indian Lake, more",415030701,"Saint Lawrence River","b(t)","pond","IR3_unassessed","source_of_water_supply","not-applicable","not-applicable","no","yes","not-applicable"
"0902-0034","Upper Chateaugay Lake",415030801,"Saint Lawrence River","b(t)","pond","IR4a_impaired","epa_appended_listing","not-applicable","not-applicable","no","yes","not-applicable"
"0902-0034","Upper Chateaugay Lake",415030801,"Saint Lawrence River","b(t)","pond","IR4a_impaired","fishing","IR4a_impaired_confirmed","mercury","yes","no","unassessed"
"0902-0034","Upper Chateaugay Lake",415030801,"Saint Lawrence River","b(t)","pond","IR4a_impaired","primary_contact_recreation","IR3_unassessed","No_Data","no","yes","unassessed"
"0902-0034","Upper Chateaugay Lake",415030801,"Saint Lawrence River","b(t)","pond","IR4a_impaired","secondary_contact_recreation","IR3_unassessed","No_Data","no","yes","unassessed"
"0902-0034","Upper Chateaugay Lake",415030801,"Saint Lawrence River","b(t)","pond","IR4a_impaired","shellfishing","not-applicable","not-applicable","no","yes","not-applicable"
"0902-0034","Upper Chateaugay Lake",415030801,"Saint Lawrence River","b(t)","pond","IR4a_impaired","source_of_water_supply","not-applicable","not-applicable","no","yes","not-applicable"
"0902-0036","Lake Titus",415030703,"Saint Lawrence River","b(t)","pond","IR3_unassessed","epa_appended_listing","not-applicable","not-applicable","no","yes","not-applicable"
"0902-0036","Lake Titus",415030703,"Saint Lawrence River","b(t)","pond","IR3_unassessed","fishing","IR3_unassessed","No_Data","no","yes","unassessed"
"0902-0036","Lake Titus",415030703,"Saint Lawrence River","b(t)","pond","IR3_unassessed","primary_contact_recreation","IR3_unassessed","No_Data","no","yes","unassessed"
"0902-0036","Lake Titus",415030703,"Saint Lawrence River","b(t)","pond","IR3_unassessed","secondary_contact_recreation","IR3_unassessed","No_Data","no","yes","unassessed"
"0902-0036","Lake Titus",415030703,"Saint Lawrence River","b(t)","pond","IR3_unassessed","shellfishing","not-applicable","not-applicable","no","yes","not-applicable"
"0902-0036","Lake Titus",415030703,"Saint Lawrence River","b(t)","pond","IR3_unassessed","source_of_water_supply","not-applicable","not-applicable","no","yes","not-applicable"
"0902-0056","Lower Chateaugay Lake and Narrows",415030801,"Saint Lawrence River","b(t)","pond","IR3_unassessed","epa_appended_listing","not-applicable","not-applicable","no","yes","not-applicable"
"0902-0056","Lower Chateaugay Lake and Narrows",415030801,"Saint Lawrence River","b(t)","pond","IR3_unassessed","fishing","IR3_unassessed","No_Data","no","yes","unassessed"
"0902-0056","Lower Chateaugay Lake and Narrows",415030801,"Saint Lawrence River","b(t)","pond","IR3_unassessed","primary_contact_recreation","IR3_unassessed","No_Data","no","yes","unassessed"
"0902-0056","Lower Chateaugay Lake and Narrows",415030801,"Saint Lawrence River","b(t)","pond","IR3_unassessed","secondary_contact_recreation","IR3_unassessed","No_Data","no","yes","unassessed"
"0902-0056","Lower Chateaugay Lake and Narrows",415030801,"Saint Lawrence River","b(t)","pond","IR3_unassessed","shellfishing","not-applicable","not-applicable","no","yes","not-applicable"
"0902-0056","Lower Chateaugay Lake and Narrows",415030801,"Saint Lawrence River","b(t)","pond","IR3_unassessed","source_of_water_supply","not-applicable","not-applicable","no","yes","not-applicable"
"0902-0102","Deer River Flow",415030603,"Saint Lawrence River","c(t)","pond","IR3_needs-verification","epa_appended_listing","not-applicable","not-applicable","no","yes","not-applicable"
"0902-0102","Deer River Flow",415030603,"Saint Lawrence River","c(t)","pond","IR3_needs-verification","fishing","IR3_impaired_unconfirmed","dissolved_oxygen","no","yes","impaired_unconfirmed"
"0902-0102","Deer River Flow",415030603,"Saint Lawrence River","c(t)","pond","IR3_needs-verification","primary_contact_recreation","not-applicable","not-applicable","no","yes","not-applicable"
"0902-0102","Deer River Flow",415030603,"Saint Lawrence River","c(t)","pond","IR3_needs-verification","secondary_contact_recreation","not-applicable","not-applicable","no","yes","not-applicable"
"0902-0102","Deer River Flow",415030603,"Saint Lawrence River","c(t)","pond","IR3_needs-verification","shellfishing","not-applicable","not-applicable","no","yes","not-applicable"
"0902-0102","Deer River Flow",415030603,"Saint Lawrence River","c(t)","pond","IR3_needs-verification","source_of_water_supply","not-applicable","not-applicable","no","yes","not-applicable"
"0902-0104","Horseshoe Pond, Eagle Pond",415030603,"Saint Lawrence River","c","pond","IR3_unassessed","epa_appended_listing","not-applicable","not-applicable","no","yes","not-applicable"
"0902-0104","Horseshoe Pond, Eagle Pond",415030603,"Saint Lawrence River","c","pond","IR3_unassessed","fishing","IR3_unassessed","ammonia","no","yes","unassessed"
"0902-0104","Horseshoe Pond, Eagle Pond",415030603,"Saint Lawrence River","c","pond","IR3_unassessed","primary_contact_recreation","not-applicable","not-applicable","no","yes","not-applicable"
"0902-0104","Horseshoe Pond, Eagle Pond",415030603,"Saint Lawrence River","c","pond","IR3_unassessed","secondary_contact_recreation","not-applicable","not-applicable","no","yes","not-applicable"
"0902-0104","Horseshoe Pond, Eagle Pond",415030603,"Saint Lawrence River","c","pond","IR3_unassessed","shellfishing","not-applicable","not-applicable","no","yes","not-applicable"
"0902-0104","Horseshoe Pond, Eagle Pond",415030603,"Saint Lawrence River","c","pond","IR3_unassessed","source_of_water_supply","not-applicable","not-applicable","no","yes","not-applicable"
"0902-0157","Lower Saint Regis Lake",415030604,"Saint Lawrence River","b","pond","IR3_needs-verification","epa_appended_listing","not-applicable","not-applicable","no","yes","not-applicable"
"0902-0157","Lower Saint Regis Lake",415030604,"Saint Lawrence River","b","pond","IR3_needs-verification","fishing","IR3_impaired_unconfirmed","dissolved_oxygen","no","yes","impaired_unconfirmed"
"0902-0157","Lower Saint Regis Lake",415030604,"Saint Lawrence River","b","pond","IR3_needs-verification","primary_contact_recreation","IR3_impaired_unconfirmed","dissolved_oxygen","no","yes","impaired_unconfirmed"
"0902-0157","Lower Saint Regis Lake",415030604,"Saint Lawrence River","b","pond","IR3_needs-verification","secondary_contact_recreation","IR3_impaired_unconfirmed","dissolved_oxygen","no","yes","impaired_unconfirmed"
"0902-0157","Lower Saint Regis Lake",415030604,"Saint Lawrence River","b","pond","IR3_needs-verification","shellfishing","not-applicable","not-applicable","no","yes","not-applicable"
"0902-0157","Lower Saint Regis Lake",415030604,"Saint Lawrence River","b","pond","IR3_needs-verification","source_of_water_supply","not-applicable","not-applicable","no","yes","not-applicable"
"0902-0159","Spitfire Lake, Upper Saint Regis Lake",415030604,"Saint Lawrence River","aa","pond","IR3_needs-verification","epa_appended_listing","not-applicable","not-applicable","no","yes","not-applicable"
"0902-0159","Spitfire Lake, Upper Saint Regis Lake",415030604,"Saint Lawrence River","aa","pond","IR3_needs-verification","fishing","IR3_impaired_unconfirmed","dissolved_oxygen","no","yes","impaired_unconfirmed"
"0902-0159","Spitfire Lake, Upper Saint Regis Lake",415030604,"Saint Lawrence River","aa","pond","IR3_needs-verification","primary_contact_recreation","IR3_impaired_unconfirmed","dissolved_oxygen","no","yes","impaired_unconfirmed"
"0902-0159","Spitfire Lake, Upper Saint Regis Lake",415030604,"Saint Lawrence River","aa","pond","IR3_needs-verification","secondary_contact_recreation","IR3_impaired_unconfirmed","dissolved_oxygen","no","yes","impaired_unconfirmed"
"0902-0159","Spitfire Lake, Upper Saint Regis Lake",415030604,"Saint Lawrence River","aa","pond","IR3_needs-verification","shellfishing","not-applicable","not-applicable","no","yes","not-applicable"
"0902-0159","Spitfire Lake, Upper Saint Regis Lake",415030604,"Saint Lawrence River","aa","pond","IR3_needs-verification","source_of_water_supply","IR3_impaired_unconfirmed","dissolved_oxygen","no","yes","impaired_unconfirmed"
"0903-0044","Little Wolf Pond",415030504,"Saint Lawrence River","b","pond","IR3_needs-verification","epa_appended_listing","not-applicable","not-applicable","no","yes","not-applicable"
"0903-0044","Little Wolf Pond",415030504,"Saint Lawrence River","b","pond","IR3_needs-verification","fishing","IR3_impaired_unconfirmed","dissolved_oxygen; ph","no","yes","impaired_unconfirmed"
"0903-0044","Little Wolf Pond",415030504,"Saint Lawrence River","b","pond","IR3_needs-verification","primary_contact_recreation","IR3_impaired_unconfirmed","dissolved_oxygen; ph","no","yes","impaired_unconfirmed"
"0903-0044","Little Wolf Pond",415030504,"Saint Lawrence River","b","pond","IR3_needs-verification","secondary_contact_recreation","IR3_impaired_unconfirmed","dissolved_oxygen; ph","no","yes","impaired_unconfirmed"
"0903-0044","Little Wolf Pond",415030504,"Saint Lawrence River","b","pond","IR3_needs-verification","shellfishing","not-applicable","not-applicable","no","yes","not-applicable"
"0903-0044","Little Wolf Pond",415030504,"Saint Lawrence River","b","pond","IR3_needs-verification","source_of_water_supply","not-applicable","not-applicable","no","yes","not-applicable"
"0903-0060","Joe Indian Pond",415030505,"Saint Lawrence River","c(t)","pond","IR5_impaired","epa_appended_listing","not-applicable","not-applicable","no","yes","not-applicable"
"0903-0060","Joe Indian Pond",415030505,"Saint Lawrence River","c(t)","pond","IR5_impaired","fishing","IR5_impaired_confirmed","ph","yes","no","unassessed"
"0903-0060","Joe Indian Pond",415030505,"Saint Lawrence River","c(t)","pond","IR5_impaired","primary_contact_recreation","not-applicable","not-applicable","no","yes","not-applicable"
"0903-0060","Joe Indian Pond",415030505,"Saint Lawrence River","c(t)","pond","IR5_impaired","secondary_contact_recreation","not-applicable","not-applicable","no","yes","not-applicable"
"0903-0060","Joe Indian Pond",415030505,"Saint Lawrence River","c(t)","pond","IR5_impaired","shellfishing","not-applicable","not-applicable","no","yes","not-applicable"
"0903-0060","Joe Indian Pond",415030505,"Saint Lawrence River","c(t)","pond","IR5_impaired","source_of_water_supply","not-applicable","not-applicable","no","yes","not-applicable"
"0903-0061","Gull Pond",415030505,"Saint Lawrence River","c","pond","IR3_unassessed","epa_appended_listing","not-applicable","not-applicable","no","yes","not-applicable"
"0903-0061","Gull Pond",415030505,"Saint Lawrence River","c","pond","IR3_unassessed","fishing","IR3_unassessed","No_Data","no","yes","unassessed"
"0903-0061","Gull Pond",415030505,"Saint Lawrence River","c","pond","IR3_unassessed","primary_contact_recreation","not-applicable","not-applicable","no","yes","not-applicable"
"0903-0061","Gull Pond",415030505,"Saint Lawrence River","c","pond","IR3_unassessed","secondary_contact_recreation","not-applicable","not-applicable","no","yes","not-applicable"
"0903-0061","Gull Pond",415030505,"Saint Lawrence River","c","pond","IR3_unassessed","shellfishing","not-applicable","not-applicable","no","yes","not-applicable"
"0903-0061","Gull Pond",415030505,"Saint Lawrence River","c","pond","IR3_unassessed","source_of_water_supply","not-applicable","not-applicable","no","yes","not-applicable"
"0903-0081","Raquette Lake",415030501,"Saint Lawrence River","aa","pond","IR4a_impaired","epa_appended_listing","not-applicable","not-applicable","no","yes","not-applicable"
"0903-0081","Raquette Lake",415030501,"Saint Lawrence River","aa","pond","IR4a_impaired","fishing","IR4a_impaired_confirmed","mercury","yes","no","unassessed"
"0903-0081","Raquette Lake",415030501,"Saint Lawrence River","aa","pond","IR4a_impaired","primary_contact_recreation","IR3_fully-supported_unconfirmed","phosphorus","no","yes","fully-supported_unconfirmed"
"0903-0081","Raquette Lake",415030501,"Saint Lawrence River","aa","pond","IR4a_impaired","secondary_contact_recreation","IR3_fully-supported_unconfirmed","phosphorus","no","yes","fully-supported_unconfirmed"
"0903-0081","Raquette Lake",415030501,"Saint Lawrence River","aa","pond","IR4a_impaired","shellfishing","not-applicable","not-applicable","no","yes","not-applicable"
"0903-0081","Raquette Lake",415030501,"Saint Lawrence River","aa","pond","IR4a_impaired","source_of_water_supply","IR1_stressed_confirmed","ammonia; chloride; nitrate_nitrite","no","yes","stressed_confirmed"
"0903-0114","Eagle Crag Lake, more",415030505,"Saint Lawrence River","a(t)","pond","IR3_unassessed","epa_appended_listing","not-applicable","not-applicable","no","yes","not-applicable"
"0903-0114","Eagle Crag Lake, more",415030505,"Saint Lawrence River","a(t)","pond","IR3_unassessed","fishing","IR3_unassessed","No_Data","no","yes","unassessed"
"0903-0114","Eagle Crag Lake, more",415030505,"Saint Lawrence River","a(t)","pond","IR3_unassessed","primary_contact_recreation","IR3_unassessed","No_Data","no","yes","unassessed"
"0903-0114","Eagle Crag Lake, more",415030505,"Saint Lawrence River","a(t)","pond","IR3_unassessed","secondary_contact_recreation","IR3_unassessed","No_Data","no","yes","unassessed"
"0903-0114","Eagle Crag Lake, more",415030505,"Saint Lawrence River","a(t)","pond","IR3_unassessed","shellfishing","not-applicable","not-applicable","no","yes","not-applicable"
"0903-0114","Eagle Crag Lake, more",415030505,"Saint Lawrence River","a(t)","pond","IR3_unassessed","source_of_water_supply","IR3_unassessed","No_Data","no","yes","unassessed"
"0904-0059","Silver Lake",415030401,"Saint Lawrence River","c(t)","pond","IR3_unassessed","epa_appended_listing","not-applicable","not-applicable","no","yes","not-applicable"
"0904-0059","Silver Lake",415030401,"Saint Lawrence River","c(t)","pond","IR3_unassessed","fishing","IR3_unassessed","ammonia","no","yes","unassessed"
"0904-0059","Silver Lake",415030401,"Saint Lawrence River","c(t)","pond","IR3_unassessed","primary_contact_recreation","not-applicable","not-applicable","no","yes","not-applicable"
"0904-0059","Silver Lake",415030401,"Saint Lawrence River","c(t)","pond","IR3_unassessed","secondary_contact_recreation","not-applicable","not-applicable","no","yes","not-applicable"
"0904-0059","Silver Lake",415030401,"Saint Lawrence River","c(t)","pond","IR3_unassessed","shellfishing","not-applicable","not-applicable","no","yes","not-applicable"
"0904-0059","Silver Lake",415030401,"Saint Lawrence River","c(t)","pond","IR3_unassessed","source_of_water_supply","not-applicable","not-applicable","no","yes","not-applicable"
"0905-0093","Moon Lake",415030208,"Saint Lawrence River","c","pond","IR4a_impaired","epa_appended_listing","not-applicable","not-applicable","no","yes","not-applicable"
"0905-0093","Moon Lake",415030208,"Saint Lawrence River","c","pond","IR4a_impaired","fishing","IR3_impaired_unconfirmed","dissolved_oxygen","no","yes","impaired_unconfirmed"
"0905-0093","Moon Lake",415030208,"Saint Lawrence River","c","pond","IR4a_impaired","primary_contact_recreation","not-applicable","not-applicable","no","yes","not-applicable"
"0905-0093","Moon Lake",415030208,"Saint Lawrence River","c","pond","IR4a_impaired","secondary_contact_recreation","IR4a_impaired_confirmed","phosphorus","yes","no","unassessed"
"0905-0093","Moon Lake",415030208,"Saint Lawrence River","c","pond","IR4a_impaired","shellfishing","not-applicable","not-applicable","no","yes","not-applicable"
"0905-0093","Moon Lake",415030208,"Saint Lawrence River","c","pond","IR4a_impaired","source_of_water_supply","not-applicable","not-applicable","no","yes","not-applicable"
"0905-0180","Star Lake",415030202,"Saint Lawrence River","aa(t)","pond","IR3_unassessed","epa_appended_listing","not-applicable","not-applicable","no","yes","not-applicable"
"0905-0180","Star Lake",415030202,"Saint Lawrence River","aa(t)","pond","IR3_unassessed","fishing","IR3_unassessed","No_Data","no","yes","unassessed"
"0905-0180","Star Lake",415030202,"Saint Lawrence River","aa(t)","pond","IR3_unassessed","primary_contact_recreation","IR3_unassessed","No_Data","no","yes","unassessed"
"0905-0180","Star Lake",415030202,"Saint Lawrence River","aa(t)","pond","IR3_unassessed","secondary_contact_recreation","IR3_unassessed","No_Data","no","yes","unassessed"
"0905-0180","Star Lake",415030202,"Saint Lawrence River","aa(t)","pond","IR3_unassessed","shellfishing","not-applicable","not-applicable","no","yes","not-applicable"
"0905-0180","Star Lake",415030202,"Saint Lawrence River","aa(t)","pond","IR3_unassessed","source_of_water_supply","IR3_unassessed","No_Data","no","yes","unassessed"
"0906-0001","Black Lake Outlet/Black Lake",415030305,"Saint Lawrence River","b","pond","IR5_impaired","epa_appended_listing","not-applicable","not-applicable","no","yes","not-applicable"
"0906-0001","Black Lake Outlet/Black Lake",415030305,"Saint Lawrence River","b","pond","IR5_impaired","fishing","IR3_unassessed","ammonia","no","yes","unassessed"
"0906-0001","Black Lake Outlet/Black Lake",415030305,"Saint Lawrence River","b","pond","IR5_impaired","primary_contact_recreation","IR5_impaired_confirmed","phosphorus","yes","yes","impaired-pollutant_confirmed"
"0906-0001","Black Lake Outlet/Black Lake",415030305,"Saint Lawrence River","b","pond","IR5_impaired","secondary_contact_recreation","IR5_impaired_confirmed","phosphorus","yes","yes","impaired-pollutant_confirmed"
"0906-0001","Black Lake Outlet/Black Lake",415030305,"Saint Lawrence River","b","pond","IR5_impaired","shellfishing","not-applicable","not-applicable","no","yes","not-applicable"
"0906-0001","Black Lake Outlet/Black Lake",415030305,"Saint Lawrence River","b","pond","IR5_impaired","source_of_water_supply","not-applicable","not-applicable","no","yes","not-applicable"
"0906-0003","Narrow Lake, Indian Lake",415030301,"Saint Lawrence River","c","pond","IR4a_impaired","epa_appended_listing","not-applicable","not-applicable","no","yes","not-applicable"
"0906-0003","Narrow Lake, Indian Lake",415030301,"Saint Lawrence River","c","pond","IR4a_impaired","fishing","IR4a_impaired_confirmed","mercury","yes","no","unassessed"
"0906-0003","Narrow Lake, Indian Lake",415030301,"Saint Lawrence River","c","pond","IR4a_impaired","primary_contact_recreation","not-applicable","not-applicable","no","yes","not-applicable"
"0906-0003","Narrow Lake, Indian Lake",415030301,"Saint Lawrence River","c","pond","IR4a_impaired","secondary_contact_recreation","not-applicable","not-applicable","no","yes","not-applicable"
"0906-0003","Narrow Lake, Indian Lake",415030301,"Saint Lawrence River","c","pond","IR4a_impaired","shellfishing","not-applicable","not-applicable","no","yes","not-applicable"
"0906-0003","Narrow Lake, Indian Lake",415030301,"Saint Lawrence River","c","pond","IR4a_impaired","source_of_water_supply","not-applicable","not-applicable","no","yes","not-applicable"
"0906-0008","Crystal Lake",415030305,"Saint Lawrence River","b","pond","IR3_unassessed","epa_appended_listing","not-applicable","not-applicable","no","yes","not-applicable"
"0906-0008","Crystal Lake",415030305,"Saint Lawrence River","b","pond","IR3_unassessed","fishing","IR3_unassessed","No_Data","no","yes","unassessed"
"0906-0008","Crystal Lake",415030305,"Saint Lawrence River","b","pond","IR3_unassessed","primary_contact_recreation","IR3_unassessed","No_Data","no","yes","unassessed"
"0906-0008","Crystal Lake",415030305,"Saint Lawrence River","b","pond","IR3_unassessed","secondary_contact_recreation","IR3_unassessed","No_Data","no","yes","unassessed"
"0906-0008","Crystal Lake",415030305,"Saint Lawrence River","b","pond","IR3_unassessed","shellfishing","not-applicable","not-applicable","no","yes","not-applicable"
"0906-0008","Crystal Lake",415030305,"Saint Lawrence River","b","pond","IR3_unassessed","source_of_water_supply","not-applicable","not-applicable","no","yes","not-applicable"
"0906-0016","Lake Bonaparte",415030301,"Saint Lawrence River","b","pond","IR2_some-uses-supported","epa_appended_listing","not-applicable","not-applicable","no","yes","not-applicable"
"0906-0016","Lake Bonaparte",415030301,"Saint Lawrence River","b","pond","IR2_some-uses-supported","fishing","IR3_unassessed","ammonia","no","yes","unassessed"
"0906-0016","Lake Bonaparte",415030301,"Saint Lawrence River","b","pond","IR2_some-uses-supported","primary_contact_recreation","IR1_fully-supported_confirmed","phosphorus","no","yes","fully-supported_confirmed"
"0906-0016","Lake Bonaparte",415030301,"Saint Lawrence River","b","pond","IR2_some-uses-supported","secondary_contact_recreation","IR1_fully-supported_confirmed","phosphorus","no","yes","fully-supported_confirmed"
"0906-0016","Lake Bonaparte",415030301,"Saint Lawrence River","b","pond","IR2_some-uses-supported","shellfishing","not-applicable","not-applicable","no","yes","not-applicable"
"0906-0016","Lake Bonaparte",415030301,"Saint Lawrence River","b","pond","IR2_some-uses-supported","source_of_water_supply","not-applicable","not-applicable","no","yes","not-applicable"
"0906-0020","Butterfield Lake",415030305,"Saint Lawrence River","b","pond","IR3_needs-verification","epa_appended_listing","not-applicable","not-applicable","no","yes","not-applicable"
"0906-0020","Butterfield Lake",415030305,"Saint Lawrence River","b","pond","IR3_needs-verification","fishing","IR1_fully-supported_confirmed","nitrite","no","yes","fully-supported_confirmed"
"0906-0020","Butterfield Lake",415030305,"Saint Lawrence River","b","pond","IR3_needs-verification","primary_contact_recreation","IR3_impaired_unconfirmed","phosphorus","no","yes","impaired_unconfirmed"
"0906-0020","Butterfield Lake",415030305,"Saint Lawrence River","b","pond","IR3_needs-verification","secondary_contact_recreation","IR3_impaired_unconfirmed","phosphorus","no","yes","impaired_unconfirmed"
"0906-0020","Butterfield Lake",415030305,"Saint Lawrence River","b","pond","IR3_needs-verification","shellfishing","not-applicable","not-applicable","no","yes","not-applicable"
"0906-0020","Butterfield Lake",415030305,"Saint Lawrence River","b","pond","IR3_needs-verification","source_of_water_supply","not-applicable","not-applicable","no","yes","not-applicable"
"0906-0038","Lake of the Woods",415030304,"Saint Lawrence River","c","pond","IR3_unassessed","epa_appended_listing","not-applicable","not-applicable","no","yes","not-applicable"
"0906-0038","Lake of the Woods",415030304,"Saint Lawrence River","c","pond","IR3_unassessed","fishing","IR3_unassessed","ammonia","no","yes","unassessed"
"0906-0038","Lake of the Woods",415030304,"Saint Lawrence River","c","pond","IR3_unassessed","primary_contact_recreation","not-applicable","not-applicable","no","yes","not-applicable"
"0906-0038","Lake of the Woods",415030304,"Saint Lawrence River","c","pond","IR3_unassessed","secondary_contact_recreation","not-applicable","not-applicable","no","yes","not-applicable"
"0906-0038","Lake of the Woods",415030304,"Saint Lawrence River","c","pond","IR3_unassessed","shellfishing","not-applicable","not-applicable","no","yes","not-applicable"
"0906-0038","Lake of the Woods",415030304,"Saint Lawrence River","c","pond","IR3_unassessed","source_of_water_supply","not-applicable","not-applicable","no","yes","not-applicable"
"0906-0064","Millsite Lake",415030305,"Saint Lawrence River","b","pond","IR2_some-uses-supported","epa_appended_listing","not-applicable","not-applicable","no","yes","not-applicable"
"0906-0064","Millsite Lake",415030305,"Saint Lawrence River","b","pond","IR2_some-uses-supported","fishing","IR3_unassessed","ammonia","no","yes","unassessed"
"0906-0064","Millsite Lake",415030305,"Saint Lawrence River","b","pond","IR2_some-uses-supported","primary_contact_recreation","IR1_fully-supported_confirmed","phosphorus","no","yes","fully-supported_confirmed"
"0906-0064","Millsite Lake",415030305,"Saint Lawrence River","b","pond","IR2_some-uses-supported","secondary_contact_recreation","IR1_fully-supported_confirmed","phosphorus","no","yes","fully-supported_confirmed"
"0906-0064","Millsite Lake",415030305,"Saint Lawrence River","b","pond","IR2_some-uses-supported","shellfishing","not-applicable","not-applicable","no","yes","not-applicable"
"0906-0064","Millsite Lake",415030305,"Saint Lawrence River","b","pond","IR2_some-uses-supported","source_of_water_supply","not-applicable","not-applicable","no","yes","not-applicable"
"0906-0065","Sixberry Lake",415030305,"Saint Lawrence River","b","pond","IR2_some-uses-supported","epa_appended_listing","not-applicable","not-applicable","no","yes","not-applicable"
"0906-0065","Sixberry Lake",415030305,"Saint Lawrence River","b","pond","IR2_some-uses-supported","fishing","IR3_unassessed","ammonia","no","yes","unassessed"
"0906-0065","Sixberry Lake",415030305,"Saint Lawrence River","b","pond","IR2_some-uses-supported","primary_contact_recreation","IR1_fully-supported_confirmed","phosphorus","no","yes","fully-supported_confirmed"
"0906-0065","Sixberry Lake",415030305,"Saint Lawrence River","b","pond","IR2_some-uses-supported","secondary_contact_recreation","IR1_fully-supported_confirmed","phosphorus","no","yes","fully-supported_confirmed"
"0906-0065","Sixberry Lake",415030305,"Saint Lawrence River","b","pond","IR2_some-uses-supported","shellfishing","not-applicable","not-applicable","no","yes","not-applicable"
"0906-0065","Sixberry Lake",415030305,"Saint Lawrence River","b","pond","IR2_some-uses-supported","source_of_water_supply","not-applicable","not-applicable","no","yes","not-applicable"
"1001-0027","Bartlett, Mud, North Ponds",415040806,"Lake Champlain","aa(t)","pond","IR5_impaired","epa_appended_listing","not-applicable","not-applicable","no","yes","not-applicable"
"1001-0027","Bartlett, Mud, North Ponds",415040806,"Lake Champlain","aa(t)","pond","IR5_impaired","fishing","IR3_impaired_unconfirmed","dissolved_oxygen","no","yes","impaired_unconfirmed"
"1001-0027","Bartlett, Mud, North Ponds",415040806,"Lake Champlain","aa(t)","pond","IR5_impaired","primary_contact_recreation","IR3_impaired_unconfirmed","dissolved_oxygen","no","yes","impaired_unconfirmed"
"1001-0027","Bartlett, Mud, North Ponds",415040806,"Lake Champlain","aa(t)","pond","IR5_impaired","secondary_contact_recreation","IR4c_impaired_confirmed","problem_species","yes","no","unassessed"
"1001-0027","Bartlett, Mud, North Ponds",415040806,"Lake Champlain","aa(t)","pond","IR5_impaired","shellfishing","not-applicable","not-applicable","no","yes","not-applicable"
"1001-0027","Bartlett, Mud, North Ponds",415040806,"Lake Champlain","aa(t)","pond","IR5_impaired","source_of_water_supply","IR5_impaired_confirmed","iron","no","yes","impaired-pollutant_confirmed"
"1003-0048","Upper Saranac Lake",415040601,"Lake Champlain","aa","pond","IR5_impaired","epa_appended_listing","not-applicable","not-applicable","no","yes","not-applicable"
"1003-0048","Upper Saranac Lake",415040601,"Lake Champlain","aa","pond","IR5_impaired","fishing","IR5_impaired_confirmed","dissolved_oxygen","yes","no","unassessed"
"1003-0048","Upper Saranac Lake",415040601,"Lake Champlain","aa","pond","IR5_impaired","primary_contact_recreation","IR1_fully-supported_confirmed","phosphorus","no","yes","fully-supported_confirmed"
"1003-0048","Upper Saranac Lake",415040601,"Lake Champlain","aa","pond","IR5_impaired","secondary_contact_recreation","IR1_fully-supported_confirmed","phosphorus","no","yes","fully-supported_confirmed"
"1003-0048","Upper Saranac Lake",415040601,"Lake Champlain","aa","pond","IR5_impaired","shellfishing","not-applicable","not-applicable","no","yes","not-applicable"
"1003-0048","Upper Saranac Lake",415040601,"Lake Champlain","aa","pond","IR5_impaired","source_of_water_supply","IR3_fully-supported_unconfirmed","arsenic","no","yes","fully-supported_unconfirmed"
"1003-0068","Silver Lake",415040604,"Lake Champlain","a","pond","IR3_unassessed","epa_appended_listing","not-applicable","not-applicable","no","yes","not-applicable"
"1003-0068","Silver Lake",415040604,"Lake Champlain","a","pond","IR3_unassessed","fishing","IR3_unassessed","No_Data","no","yes","unassessed"
"1003-0068","Silver Lake",415040604,"Lake Champlain","a","pond","IR3_unassessed","primary_contact_recreation","IR3_unassessed","No_Data","no","yes","unassessed"
"1003-0068","Silver Lake",415040604,"Lake Champlain","a","pond","IR3_unassessed","secondary_contact_recreation","IR3_unassessed","No_Data","no","yes","unassessed"
"1003-0068","Silver Lake",415040604,"Lake Champlain","a","pond","IR3_unassessed","shellfishing","not-applicable","not-applicable","no","yes","not-applicable"
"1003-0068","Silver Lake",415040604,"Lake Champlain","a","pond","IR3_unassessed","source_of_water_supply","IR3_unassessed","No_Data","no","yes","unassessed"
"1003-0076","Kiwassa Lake",415040602,"Lake Champlain","aa","pond","IR3_unassessed","epa_appended_listing","not-applicable","not-applicable","no","yes","not-applicable"
"1003-0076","Kiwassa Lake",415040602,"Lake Champlain","aa","pond","IR3_unassessed","fishing","IR3_unassessed","No_Data","no","yes","unassessed"
"1003-0076","Kiwassa Lake",415040602,"Lake Champlain","aa","pond","IR3_unassessed","primary_contact_recreation","IR3_unassessed","No_Data","no","yes","unassessed"
"1003-0076","Kiwassa Lake",415040602,"Lake Champlain","aa","pond","IR3_unassessed","secondary_contact_recreation","IR3_unassessed","No_Data","no","yes","unassessed"
"1003-0076","Kiwassa Lake",415040602,"Lake Champlain","aa","pond","IR3_unassessed","shellfishing","not-applicable","not-applicable","no","yes","not-applicable"
"1003-0076","Kiwassa Lake",415040602,"Lake Champlain","aa","pond","IR3_unassessed","source_of_water_supply","IR3_unassessed","No_Data","no","yes","unassessed"
"1003-0079","Lake Colby",415040601,"Lake Champlain","a(t)","pond","IR5_impaired","epa_appended_listing","not-applicable","not-applicable","no","yes","not-applicable"
"1003-0079","Lake Colby",415040601,"Lake Champlain","a(t)","pond","IR5_impaired","fishing","IR3_impaired_unconfirmed","dissolved_oxygen","no","yes","impaired_unconfirmed"
"1003-0079","Lake Colby",415040601,"Lake Champlain","a(t)","pond","IR5_impaired","primary_contact_recreation","IR3_impaired_unconfirmed","dissolved_oxygen","no","yes","impaired_unconfirmed"
"1003-0079","Lake Colby",415040601,"Lake Champlain","a(t)","pond","IR5_impaired","secondary_contact_recreation","IR3_impaired_unconfirmed","dissolved_oxygen","no","yes","impaired_unconfirmed"
"1003-0079","Lake Colby",415040601,"Lake Champlain","a(t)","pond","IR5_impaired","shellfishing","not-applicable","not-applicable","no","yes","not-applicable"
"1003-0079","Lake Colby",415040601,"Lake Champlain","a(t)","pond","IR5_impaired","source_of_water_supply","IR5_impaired_confirmed","iron; manganese","no","yes","impaired-pollutant_confirmed"
"1003-0109","Lake Clear",415040601,"Lake Champlain","aa(t)","pond","IR5_impaired","epa_appended_listing","not-applicable","not-applicable","no","yes","not-applicable"
"1003-0109","Lake Clear",415040601,"Lake Champlain","aa(t)","pond","IR5_impaired","fishing","IR5_impaired_confirmed","ph","yes","no","stressed_unconfirmed"
"1003-0109","Lake Clear",415040601,"Lake Champlain","aa(t)","pond","IR5_impaired","primary_contact_recreation","IR3_impaired_unconfirmed","dissolved_oxygen","no","yes","impaired_unconfirmed"
"1003-0109","Lake Clear",415040601,"Lake Champlain","aa(t)","pond","IR5_impaired","secondary_contact_recreation","IR3_impaired_unconfirmed","dissolved_oxygen","no","yes","impaired_unconfirmed"
"1003-0109","Lake Clear",415040601,"Lake Champlain","aa(t)","pond","IR5_impaired","shellfishing","not-applicable","not-applicable","no","yes","not-applicable"
"1003-0109","Lake Clear",415040601,"Lake Champlain","aa(t)","pond","IR5_impaired","source_of_water_supply","IR3_impaired_unconfirmed","dissolved_oxygen; iron; manganese","no","yes","impaired_unconfirmed"
"1004-0050","Augur Lake",415040403,"Lake Champlain","a","pond","IR5_impaired","epa_appended_listing","not-applicable","not-applicable","no","yes","not-applicable"
"1004-0050","Augur Lake",415040403,"Lake Champlain","a","pond","IR5_impaired","fishing","IR3_unassessed","ammonia","no","yes","unassessed"
"1004-0050","Augur Lake",415040403,"Lake Champlain","a","pond","IR5_impaired","primary_contact_recreation","IR5_impaired_confirmed","phosphorus","no","yes","impaired-pollutant_confirmed"
"1004-0050","Augur Lake",415040403,"Lake Champlain","a","pond","IR5_impaired","secondary_contact_recreation","IR5_impaired_confirmed","phosphorus","no","yes","impaired-pollutant_confirmed"
"1004-0050","Augur Lake",415040403,"Lake Champlain","a","pond","IR5_impaired","shellfishing","not-applicable","not-applicable","no","yes","not-applicable"
"1004-0050","Augur Lake",415040403,"Lake Champlain","a","pond","IR5_impaired","source_of_water_supply","IR3_stressed_unconfirmed","arsenic","no","yes","stressed_unconfirmed"
"1004-0067","Mirror Lake",415040402,"Lake Champlain","b(t)","pond","IR2_some-uses-supported","epa_appended_listing","not-applicable","not-applicable","no","yes","not-applicable"
"1004-0067","Mirror Lake",415040402,"Lake Champlain","b(t)","pond","IR2_some-uses-supported","fishing","IR3_unassessed","ammonia","no","yes","unassessed"
"1004-0067","Mirror Lake",415040402,"Lake Champlain","b(t)","pond","IR2_some-uses-supported","primary_contact_recreation","IR1_fully-supported_confirmed","phosphorus","no","yes","fully-supported_confirmed"
"1004-0067","Mirror Lake",415040402,"Lake Champlain","b(t)","pond","IR2_some-uses-supported","secondary_contact_recreation","IR1_fully-supported_confirmed","phosphorus","no","yes","fully-supported_confirmed"
"1004-0067","Mirror Lake",415040402,"Lake Champlain","b(t)","pond","IR2_some-uses-supported","shellfishing","not-applicable","not-applicable","no","yes","not-applicable"
"1004-0067","Mirror Lake",415040402,"Lake Champlain","b(t)","pond","IR2_some-uses-supported","source_of_water_supply","not-applicable","not-applicable","no","yes","not-applicable"
"1004-0068","Lake Placid",415040402,"Lake Champlain","aa-special","pond","IR2_some-uses-supported","epa_appended_listing","not-applicable","not-applicable","no","yes","not-applicable"
"1004-0068","Lake Placid",415040402,"Lake Champlain","aa-special","pond","IR2_some-uses-supported","fishing","IR3_unassessed","ammonia","no","yes","unassessed"
"1004-0068","Lake Placid",415040402,"Lake Champlain","aa-special","pond","IR2_some-uses-supported","primary_contact_recreation","IR1_fully-supported_confirmed","phosphorus","no","yes","fully-supported_confirmed"
"1004-0068","Lake Placid",415040402,"Lake Champlain","aa-special","pond","IR2_some-uses-supported","secondary_contact_recreation","IR1_fully-supported_confirmed","phosphorus","no","yes","fully-supported_confirmed"
"1004-0068","Lake Placid",415040402,"Lake Champlain","aa-special","pond","IR2_some-uses-supported","shellfishing","not-applicable","not-applicable","no","yes","not-applicable"
"1004-0068","Lake Placid",415040402,"Lake Champlain","aa-special","pond","IR2_some-uses-supported","source_of_water_supply","IR1_stressed_confirmed","ammonia; chloride; nitrate_nitrite","no","yes","stressed_confirmed"
"1004-0090","Lincoln Pond",415040807,"Lake Champlain","b(t)","pond","IR4c_impaired","epa_appended_listing","not-applicable","not-applicable","no","yes","not-applicable"
"1004-0090","Lincoln Pond",415040807,"Lake Champlain","b(t)","pond","IR4c_impaired","fishing","IR4c_impaired_confirmed","problem_species","yes","no","unassessed"
"1004-0090","Lincoln Pond",415040807,"Lake Champlain","b(t)","pond","IR4c_impaired","primary_contact_recreation","IR1_fully-supported_confirmed","phosphorus","no","yes","fully-supported_confirmed"
"1004-0090","Lincoln Pond",415040807,"Lake Champlain","b(t)","pond","IR4c_impaired","secondary_contact_recreation","IR4c_impaired_confirmed","problem_species","yes","no","unassessed"
"1004-0090","Lincoln Pond",415040807,"Lake Champlain","b(t)","pond","IR4c_impaired","shellfishing","not-applicable","not-applicable","no","yes","not-applicable"
"1004-0090","Lincoln Pond",415040807,"Lake Champlain","b(t)","pond","IR4c_impaired","source_of_water_supply","not-applicable","not-applicable","no","yes","not-applicable"
"1005-0009","Glen Lake",415040101,"Lake Champlain","b(t)","pond","IR2_some-uses-supported","epa_appended_listing","not-applicable","not-applicable","no","yes","not-applicable"
"1005-0009","Glen Lake",415040101,"Lake Champlain","b(t)","pond","IR2_some-uses-supported","fishing","IR3_unassessed","ammonia","no","yes","unassessed"
"1005-0009","Glen Lake",415040101,"Lake Champlain","b(t)","pond","IR2_some-uses-supported","primary_contact_recreation","IR1_fully-supported_confirmed","phosphorus","no","yes","fully-supported_confirmed"
"1005-0009","Glen Lake",415040101,"Lake Champlain","b(t)","pond","IR2_some-uses-supported","secondary_contact_recreation","IR1_fully-supported_confirmed","phosphorus","no","yes","fully-supported_confirmed"
"1005-0009","Glen Lake",415040101,"Lake Champlain","b(t)","pond","IR2_some-uses-supported","shellfishing","not-applicable","not-applicable","no","yes","not-applicable"
"1005-0009","Glen Lake",415040101,"Lake Champlain","b(t)","pond","IR2_some-uses-supported","source_of_water_supply","not-applicable","not-applicable","no","yes","not-applicable"
"1005-0040","Hadlock Pond",415040101,"Lake Champlain","aa(t)","pond","IR2_some-uses-supported","epa_appended_listing","not-applicable","not-applicable","no","yes","not-applicable"
"1005-0040","Hadlock Pond",415040101,"Lake Champlain","aa(t)","pond","IR2_some-uses-supported","fishing","IR3_unassessed","ammonia","no","yes","unassessed"
"1005-0040","Hadlock Pond",415040101,"Lake Champlain","aa(t)","pond","IR2_some-uses-supported","primary_contact_recreation","IR1_fully-supported_confirmed","phosphorus","no","yes","fully-supported_confirmed"
"1005-0040","Hadlock Pond",415040101,"Lake Champlain","aa(t)","pond","IR2_some-uses-supported","secondary_contact_recreation","IR1_fully-supported_confirmed","phosphorus","no","yes","fully-supported_confirmed"
"1005-0040","Hadlock Pond",415040101,"Lake Champlain","aa(t)","pond","IR2_some-uses-supported","shellfishing","not-applicable","not-applicable","no","yes","not-applicable"
"1005-0040","Hadlock Pond",415040101,"Lake Champlain","aa(t)","pond","IR2_some-uses-supported","source_of_water_supply","IR1_stressed_confirmed","ammonia; chloride; nitrate_nitrite","no","yes","stressed_confirmed"
"1005-0047","Lake Sunnyside",415040101,"Lake Champlain","b","pond","IR3_needs-verification","epa_appended_listing","not-applicable","not-applicable","no","yes","not-applicable"
"1005-0047","Lake Sunnyside",415040101,"Lake Champlain","b","pond","IR3_needs-verification","fishing","IR3_stressed_unconfirmed","ph","no","yes","stressed_unconfirmed"
"1005-0047","Lake Sunnyside",415040101,"Lake Champlain","b","pond","IR3_needs-verification","primary_contact_recreation","IR3_stressed_unconfirmed","ph","no","yes","stressed_unconfirmed"
"1005-0047","Lake Sunnyside",415040101,"Lake Champlain","b","pond","IR3_needs-verification","secondary_contact_recreation","IR3_stressed_unconfirmed","ph","no","yes","stressed_unconfirmed"
"1005-0047","Lake Sunnyside",415040101,"Lake Champlain","b","pond","IR3_needs-verification","shellfishing","not-applicable","not-applicable","no","yes","not-applicable"
"1005-0047","Lake Sunnyside",415040101,"Lake Champlain","b","pond","IR3_needs-verification","source_of_water_supply","not-applicable","not-applicable","no","yes","not-applicable"
"1006-0016","Lake George",415040802,"Lake Champlain","aa-special","pond","IR5_impaired","epa_appended_listing","not-applicable","not-applicable","no","yes","not-applicable"
"1006-0016","Lake George",415040802,"Lake Champlain","aa-special","pond","IR5_impaired","fishing","IR3_unassessed","ammonia","no","yes","unassessed"
"1006-0016","Lake George",415040802,"Lake Champlain","aa-special","pond","IR5_impaired","primary_contact_recreation","IR1_fully-supported_confirmed","phosphorus","no","yes","fully-supported_confirmed"
"1006-0016","Lake George",415040802,"Lake Champlain","aa-special","pond","IR5_impaired","secondary_contact_recreation","IR5_impaired_confirmed","silt_sediment","yes","no","unassessed"
"1006-0016","Lake George",415040802,"Lake Champlain","aa-special","pond","IR5_impaired","shellfishing","not-applicable","not-applicable","no","yes","not-applicable"
"1006-0016","Lake George",415040802,"Lake Champlain","aa-special","pond","IR5_impaired","source_of_water_supply","IR3_stressed_unconfirmed","arsenic","no","yes","stressed_unconfirmed"
"1101-0012","Saratoga Lake",202000304,"Upper Hudson River","a","pond","IR5_impaired","epa_appended_listing","not-applicable","not-applicable","no","yes","not-applicable"
"1101-0012","Saratoga Lake",202000304,"Upper Hudson River","a","pond","IR5_impaired","fishing","IR3_impaired_unconfirmed","dissolved_oxygen","no","yes","impaired_unconfirmed"
"1101-0012","Saratoga Lake",202000304,"Upper Hudson River","a","pond","IR5_impaired","primary_contact_recreation","IR5_impaired_confirmed","phosphorus","no","yes","impaired-pollutant_confirmed"
"1101-0012","Saratoga Lake",202000304,"Upper Hudson River","a","pond","IR5_impaired","secondary_contact_recreation","IR5_impaired_confirmed","phosphorus","no","yes","impaired-pollutant_confirmed"
"1101-0012","Saratoga Lake",202000304,"Upper Hudson River","a","pond","IR5_impaired","shellfishing","not-applicable","not-applicable","no","yes","not-applicable"
"1101-0012","Saratoga Lake",202000304,"Upper Hudson River","a","pond","IR5_impaired","source_of_water_supply","IR3_impaired_unconfirmed","dissolved_oxygen","no","yes","impaired_unconfirmed"
"1101-0036","Ballston Lake",202000311,"Upper Hudson River","a","pond","IR5_impaired","epa_appended_listing","not-applicable","not-applicable","no","yes","not-applicable"
"1101-0036","Ballston Lake",202000311,"Upper Hudson River","a","pond","IR5_impaired","fishing","IR3_unassessed","ammonia","no","yes","unassessed"
"1101-0036","Ballston Lake",202000311,"Upper Hudson River","a","pond","IR5_impaired","primary_contact_recreation","IR5_impaired_confirmed","phosphorus","no","yes","impaired-pollutant_confirmed"
"1101-0036","Ballston Lake",202000311,"Upper Hudson River","a","pond","IR5_impaired","secondary_contact_recreation","IR5_impaired_confirmed","phosphorus","yes","yes","impaired-pollutant_confirmed"
"1101-0036","Ballston Lake",202000311,"Upper Hudson River","a","pond","IR5_impaired","shellfishing","not-applicable","not-applicable","no","yes","not-applicable"
"1101-0036","Ballston Lake",202000311,"Upper Hudson River","a","pond","IR5_impaired","source_of_water_supply","IR1_stressed_confirmed","ammonia; chloride; nitrate_nitrite","no","yes","stressed_confirmed"
"1101-0060","Round Lake",202000311,"Upper Hudson River","b","pond","IR5_impaired","epa_appended_listing","not-applicable","not-applicable","no","yes","not-applicable"
"1101-0060","Round Lake",202000311,"Upper Hudson River","b","pond","IR5_impaired","fishing","IR3_impaired_unconfirmed","dissolved_oxygen; ph","no","yes","impaired_unconfirmed"
"1101-0060","Round Lake",202000311,"Upper Hudson River","b","pond","IR5_impaired","primary_contact_recreation","IR3_impaired_unconfirmed","dissolved_oxygen; ph; phosphorus","no","yes","impaired_unconfirmed"
"1101-0060","Round Lake",202000311,"Upper Hudson River","b","pond","IR5_impaired","secondary_contact_recreation","IR5_impaired_confirmed","phosphorus","yes","no","impaired_unconfirmed"
"1101-0060","Round Lake",202000311,"Upper Hudson River","b","pond","IR5_impaired","shellfishing","not-applicable","not-applicable","no","yes","not-applicable"
"1101-0060","Round Lake",202000311,"Upper Hudson River","b","pond","IR5_impaired","source_of_water_supply","not-applicable","not-applicable","no","yes","not-applicable"
"1101-0084","Moreau Lake",202000305,"Upper Hudson River","a(t)","pond","IR5_impaired","epa_appended_listing","not-applicable","not-applicable","no","yes","not-applicable"
"1101-0084","Moreau Lake",202000305,"Upper Hudson River","a(t)","pond","IR5_impaired","fishing","IR5_impaired_confirmed","dissolved_oxygen","no","yes","impaired-pollutant_confirmed"
"1101-0084","Moreau Lake",202000305,"Upper Hudson River","a(t)","pond","IR5_impaired","primary_contact_recreation","IR5_impaired_confirmed","dissolved_oxygen","no","yes","impaired-pollutant_confirmed"
"1101-0084","Moreau Lake",202000305,"Upper Hudson River","a(t)","pond","IR5_impaired","secondary_contact_recreation","IR5_impaired_confirmed","dissolved_oxygen","no","yes","impaired-pollutant_confirmed"
"1101-0084","Moreau Lake",202000305,"Upper Hudson River","a(t)","pond","IR5_impaired","shellfishing","not-applicable","not-applicable","no","yes","not-applicable"
"1101-0084","Moreau Lake",202000305,"Upper Hudson River","a(t)","pond","IR5_impaired","source_of_water_supply","IR5_impaired_confirmed","dissolved_oxygen; iron","no","yes","impaired-pollutant_confirmed"
"1102-0011","Lake Lauderdale, Schoolhouse Lake",202000309,"Upper Hudson River","b","pond","IR5_impaired","epa_appended_listing","not-applicable","not-applicable","no","yes","not-applicable"
"1102-0011","Lake Lauderdale, Schoolhouse Lake",202000309,"Upper Hudson River","b","pond","IR5_impaired","fishing","IR5_impaired_confirmed","dissolved_oxygen","yes","no","impaired_unconfirmed"
"1102-0011","Lake Lauderdale, Schoolhouse Lake",202000309,"Upper Hudson River","b","pond","IR5_impaired","primary_contact_recreation","IR3_impaired_unconfirmed","dissolved_oxygen","no","yes","impaired_unconfirmed"
"1102-0011","Lake Lauderdale, Schoolhouse Lake",202000309,"Upper Hudson River","b","pond","IR5_impaired","secondary_contact_recreation","IR3_impaired_unconfirmed","dissolved_oxygen","no","yes","impaired_unconfirmed"
"1102-0011","Lake Lauderdale, Schoolhouse Lake",202000309,"Upper Hudson River","b","pond","IR5_impaired","shellfishing","not-applicable","not-applicable","no","yes","not-applicable"
"1102-0011","Lake Lauderdale, Schoolhouse Lake",202000309,"Upper Hudson River","b","pond","IR5_impaired","source_of_water_supply","not-applicable","not-applicable","no","yes","not-applicable"
"1102-0014","Babcock Lake",202000310,"Upper Hudson River","a","pond","IR3_needs-verification","epa_appended_listing","not-applicable","not-applicable","no","yes","not-applicable"
"1102-0014","Babcock Lake",202000310,"Upper Hudson River","a","pond","IR3_needs-verification","fishing","IR1_fully-supported_confirmed","nitrite","no","yes","fully-supported_confirmed"
"1102-0014","Babcock Lake",202000310,"Upper Hudson River","a","pond","IR3_needs-verification","primary_contact_recreation","IR1_fully-supported_confirmed","phosphorus","no","yes","fully-supported_confirmed"
"1102-0014","Babcock Lake",202000310,"Upper Hudson River","a","pond","IR3_needs-verification","secondary_contact_recreation","IR1_fully-supported_confirmed","phosphorus","no","yes","fully-supported_confirmed"
"1102-0014","Babcock Lake",202000310,"Upper Hudson River","a","pond","IR3_needs-verification","shellfishing","not-applicable","not-applicable","no","yes","not-applicable"
"1102-0014","Babcock Lake",202000310,"Upper Hudson River","a","pond","IR3_needs-verification","source_of_water_supply","IR3_stressed_unconfirmed","arsenic","no","yes","stressed_unconfirmed"
"1102-0029","Taconic (Crandall) Pond",202000308,"Upper Hudson River","c(t)","pond","IR3_unassessed","epa_appended_listing","not-applicable","not-applicable","no","yes","not-applicable"
"1102-0029","Taconic (Crandall) Pond",202000308,"Upper Hudson River","c(t)","pond","IR3_unassessed","fishing","IR3_unassessed","ammonia","no","yes","unassessed"
"1102-0029","Taconic (Crandall) Pond",202000308,"Upper Hudson River","c(t)","pond","IR3_unassessed","primary_contact_recreation","not-applicable","not-applicable","no","yes","not-applicable"
"1102-0029","Taconic (Crandall) Pond",202000308,"Upper Hudson River","c(t)","pond","IR3_unassessed","secondary_contact_recreation","not-applicable","not-applicable","no","yes","not-applicable"
"1102-0029","Taconic (Crandall) Pond",202000308,"Upper Hudson River","c(t)","pond","IR3_unassessed","shellfishing","not-applicable","not-applicable","no","yes","not-applicable"
"1102-0029","Taconic (Crandall) Pond",202000308,"Upper Hudson River","c(t)","pond","IR3_unassessed","source_of_water_supply","not-applicable","not-applicable","no","yes","not-applicable"
"1103-0002","Cossayuna Lake",202000303,"Upper Hudson River","a","pond","IR4c_impaired","epa_appended_listing","not-applicable","not-applicable","no","yes","not-applicable"
"1103-0002","Cossayuna Lake",202000303,"Upper Hudson River","a","pond","IR4c_impaired","fishing","IR3_fully-supported_unconfirmed","nitrite","no","yes","fully-supported_unconfirmed"
"1103-0002","Cossayuna Lake",202000303,"Upper Hudson River","a","pond","IR4c_impaired","primary_contact_recreation","IR4a_impaired_confirmed","phosphorus","no","yes","impaired-tmdl_confirmed"
"1103-0002","Cossayuna Lake",202000303,"Upper Hudson River","a","pond","IR4c_impaired","secondary_contact_recreation","IR4c_impaired_confirmed","algal_weed_growth; problem_species","yes","no","unassessed"
"1103-0002","Cossayuna Lake",202000303,"Upper Hudson River","a","pond","IR4c_impaired","shellfishing","not-applicable","not-applicable","no","yes","not-applicable"
"1103-0002","Cossayuna Lake",202000303,"Upper Hudson River","a","pond","IR4c_impaired","source_of_water_supply","IR3_fully-supported_unconfirmed","nitrite","no","yes","fully-supported_unconfirmed"
"1103-0015","Summit Lake",202000303,"Upper Hudson River","aa","pond","IR2_some-uses-supported","epa_appended_listing","not-applicable","not-applicable","no","yes","not-applicable"
"1103-0015","Summit Lake",202000303,"Upper Hudson River","aa","pond","IR2_some-uses-supported","fishing","IR3_unassessed","ammonia","no","yes","unassessed"
"1103-0015","Summit Lake",202000303,"Upper Hudson River","aa","pond","IR2_some-uses-supported","primary_contact_recreation","IR1_fully-supported_confirmed","phosphorus","no","yes","fully-supported_confirmed"
"1103-0015","Summit Lake",202000303,"Upper Hudson River","aa","pond","IR2_some-uses-supported","secondary_contact_recreation","IR1_fully-supported_confirmed","phosphorus","no","yes","fully-supported_confirmed"
"1103-0015","Summit Lake",202000303,"Upper Hudson River","aa","pond","IR2_some-uses-supported","shellfishing","not-applicable","not-applicable","no","yes","not-applicable"
"1103-0015","Summit Lake",202000303,"Upper Hudson River","aa","pond","IR2_some-uses-supported","source_of_water_supply","IR1_stressed_confirmed","ammonia; chloride; nitrate_nitrite","no","yes","stressed_confirmed"
"1103-0023","Hedges Lake, Clark Pond",202000302,"Upper Hudson River","b","pond","IR3_unassessed","epa_appended_listing","not-applicable","not-applicable","no","yes","not-applicable"
"1103-0023","Hedges Lake, Clark Pond",202000302,"Upper Hudson River","b","pond","IR3_unassessed","fishing","IR3_unassessed","No_Data","no","yes","unassessed"
"1103-0023","Hedges Lake, Clark Pond",202000302,"Upper Hudson River","b","pond","IR3_unassessed","primary_contact_recreation","IR3_unassessed","No_Data","no","yes","unassessed"
"1103-0023","Hedges Lake, Clark Pond",202000302,"Upper Hudson River","b","pond","IR3_unassessed","secondary_contact_recreation","IR3_unassessed","No_Data","no","yes","unassessed"
"1103-0023","Hedges Lake, Clark Pond",202000302,"Upper Hudson River","b","pond","IR3_unassessed","shellfishing","not-applicable","not-applicable","no","yes","not-applicable"
"1103-0023","Hedges Lake, Clark Pond",202000302,"Upper Hudson River","b","pond","IR3_unassessed","source_of_water_supply","not-applicable","not-applicable","no","yes","not-applicable"
"1104-0002","Schroon Lake",202000105,"Upper Hudson River","a","pond","IR5_impaired","epa_appended_listing","not-applicable","not-applicable","no","yes","not-applicable"
"1104-0002","Schroon Lake",202000105,"Upper Hudson River","a","pond","IR5_impaired","fishing","IR5_impaired_confirmed","mercury","yes","no","unassessed"
"1104-0002","Schroon Lake",202000105,"Upper Hudson River","a","pond","IR5_impaired","primary_contact_recreation","IR3_impaired_unconfirmed","phosphorus","no","yes","impaired_unconfirmed"
"1104-0002","Schroon Lake",202000105,"Upper Hudson River","a","pond","IR5_impaired","secondary_contact_recreation","IR3_impaired_unconfirmed","phosphorus","no","yes","impaired_unconfirmed"
"1104-0002","Schroon Lake",202000105,"Upper Hudson River","a","pond","IR5_impaired","shellfishing","not-applicable","not-applicable","no","yes","not-applicable"
"1104-0002","Schroon Lake",202000105,"Upper Hudson River","a","pond","IR5_impaired","source_of_water_supply","IR3_fully-supported_unconfirmed","arsenic","no","yes","fully-supported_unconfirmed"
"1104-0024","Great Sacandaga Lake",202000207,"Upper Hudson River","b","pond","IR4c_impaired","epa_appended_listing","not-applicable","not-applicable","no","yes","not-applicable"
"1104-0024","Great Sacandaga Lake",202000207,"Upper Hudson River","b","pond","IR4c_impaired","fishing","IR4c_impaired_confirmed","water_level_flow","yes","no","unassessed"
"1104-0024","Great Sacandaga Lake",202000207,"Upper Hudson River","b","pond","IR4c_impaired","primary_contact_recreation","IR3_impaired_unconfirmed","dissolved_oxygen; ph","no","yes","impaired_unconfirmed"
"1104-0024","Great Sacandaga Lake",202000207,"Upper Hudson River","b","pond","IR4c_impaired","secondary_contact_recreation","IR3_impaired_unconfirmed","dissolved_oxygen; ph","no","yes","impaired_unconfirmed"
"1104-0024","Great Sacandaga Lake",202000207,"Upper Hudson River","b","pond","IR4c_impaired","shellfishing","not-applicable","not-applicable","no","yes","not-applicable"
"1104-0024","Great Sacandaga Lake",202000207,"Upper Hudson River","b","pond","IR4c_impaired","source_of_water_supply","not-applicable","not-applicable","no","yes","not-applicable"
"1104-0031","Loon Lake",202000106,"Upper Hudson River","aa-special","pond","IR3_needs-verification","epa_appended_listing","not-applicable","not-applicable","no","yes","not-applicable"
"1104-0031","Loon Lake",202000106,"Upper Hudson River","aa-special","pond","IR3_needs-verification","fishing","IR3_impaired_unconfirmed","dissolved_oxygen; ph","no","yes","impaired_unconfirmed"
"1104-0031","Loon Lake",202000106,"Upper Hudson River","aa-special","pond","IR3_needs-verification","primary_contact_recreation","IR3_impaired_unconfirmed","dissolved_oxygen; ph","no","yes","impaired_unconfirmed"
"1104-0031","Loon Lake",202000106,"Upper Hudson River","aa-special","pond","IR3_needs-verification","secondary_contact_recreation","IR3_impaired_unconfirmed","dissolved_oxygen; ph","no","yes","impaired_unconfirmed"
"1104-0031","Loon Lake",202000106,"Upper Hudson River","aa-special","pond","IR3_needs-verification","shellfishing","not-applicable","not-applicable","no","yes","not-applicable"
"1104-0031","Loon Lake",202000106,"Upper Hudson River","aa-special","pond","IR3_needs-verification","source_of_water_supply","IR3_impaired_unconfirmed","dissolved_oxygen; iron; manganese; ph","no","yes","impaired_unconfirmed"
"1104-0037","Brant Lake",202000106,"Upper Hudson River","aa-special","pond","IR5_impaired","epa_appended_listing","not-applicable","not-applicable","no","yes","not-applicable"
"1104-0037","Brant Lake",202000106,"Upper Hudson River","aa-special","pond","IR5_impaired","fishing","IR5_impaired_confirmed","dissolved_oxygen","no","yes","impaired-pollutant_confirmed"
"1104-0037","Brant Lake",202000106,"Upper Hudson River","aa-special","pond","IR5_impaired","primary_contact_recreation","IR5_impaired_confirmed","dissolved_oxygen","no","yes","impaired-pollutant_confirmed"
"1104-0037","Brant Lake",202000106,"Upper Hudson River","aa-special","pond","IR5_impaired","secondary_contact_recreation","IR5_impaired_confirmed","dissolved_oxygen","no","yes","impaired-pollutant_confirmed"
"1104-0037","Brant Lake",202000106,"Upper Hudson River","aa-special","pond","IR5_impaired","shellfishing","not-applicable","not-applicable","no","yes","not-applicable"
"1104-0037","Brant Lake",202000106,"Upper Hudson River","aa-special","pond","IR5_impaired","source_of_water_supply","IR5_impaired_confirmed","dissolved_oxygen","no","yes","impaired-pollutant_confirmed"
"1104-0047","Piseco Lake",202000202,"Upper Hudson River","a(ts)","pond","IR3_needs-verification","epa_appended_listing","not-applicable","not-applicable","no","yes","not-applicable"
"1104-0047","Piseco Lake",202000202,"Upper Hudson River","a(ts)","pond","IR3_needs-verification","fishing","IR3_stressed_unconfirmed","ph","no","yes","stressed_unconfirmed"
"1104-0047","Piseco Lake",202000202,"Upper Hudson River","a(ts)","pond","IR3_needs-verification","primary_contact_recreation","IR3_stressed_unconfirmed","ph","no","yes","stressed_unconfirmed"
"1104-0047","Piseco Lake",202000202,"Upper Hudson River","a(ts)","pond","IR3_needs-verification","secondary_contact_recreation","IR3_stressed_unconfirmed","ph","no","yes","stressed_unconfirmed"
"1104-0047","Piseco Lake",202000202,"Upper Hudson River","a(ts)","pond","IR3_needs-verification","shellfishing","not-applicable","not-applicable","no","yes","not-applicable"
"1104-0047","Piseco Lake",202000202,"Upper Hudson River","a(ts)","pond","IR3_needs-verification","source_of_water_supply","IR3_stressed_unconfirmed","chloride; nitrate_nitrite; ph","no","yes","stressed_unconfirmed"
"1104-0050","Sacandaga Lake",202000203,"Upper Hudson River","aa","pond","IR4a_impaired","epa_appended_listing","not-applicable","not-applicable","no","yes","not-applicable"
"1104-0050","Sacandaga Lake",202000203,"Upper Hudson River","aa","pond","IR4a_impaired","fishing","IR4a_impaired_confirmed","mercury","yes","no","unassessed"
"1104-0050","Sacandaga Lake",202000203,"Upper Hudson River","aa","pond","IR4a_impaired","primary_contact_recreation","IR3_stressed_unconfirmed","ph","no","yes","stressed_unconfirmed"
"1104-0050","Sacandaga Lake",202000203,"Upper Hudson River","aa","pond","IR4a_impaired","secondary_contact_recreation","IR3_stressed_unconfirmed","ph","no","yes","stressed_unconfirmed"
"1104-0050","Sacandaga Lake",202000203,"Upper Hudson River","aa","pond","IR4a_impaired","shellfishing","not-applicable","not-applicable","no","yes","not-applicable"
"1104-0050","Sacandaga Lake",202000203,"Upper Hudson River","aa","pond","IR4a_impaired","source_of_water_supply","IR3_stressed_unconfirmed","ph","no","yes","stressed_unconfirmed"
"1104-0051","Lake Pleasant",202000203,"Upper Hudson River","aa","pond","IR3_needs-verification","epa_appended_listing","not-applicable","not-applicable","no","yes","not-applicable"
"1104-0051","Lake Pleasant",202000203,"Upper Hudson River","aa","pond","IR3_needs-verification","fishing","IR3_impaired_unconfirmed","ph","no","yes","impaired_unconfirmed"
"1104-0051","Lake Pleasant",202000203,"Upper Hudson River","aa","pond","IR3_needs-verification","primary_contact_recreation","IR3_impaired_unconfirmed","ph","no","yes","impaired_unconfirmed"
"1104-0051","Lake Pleasant",202000203,"Upper Hudson River","aa","pond","IR3_needs-verification","secondary_contact_recreation","IR3_impaired_unconfirmed","ph","no","yes","impaired_unconfirmed"
"1104-0051","Lake Pleasant",202000203,"Upper Hudson River","aa","pond","IR3_needs-verification","shellfishing","not-applicable","not-applicable","no","yes","not-applicable"
"1104-0051","Lake Pleasant",202000203,"Upper Hudson River","aa","pond","IR3_needs-verification","source_of_water_supply","IR3_impaired_unconfirmed","ph","no","yes","impaired_unconfirmed"
"1104-0074","Lake Adirondack",202000102,"Upper Hudson River","b","pond","IR3_unassessed","epa_appended_listing","not-applicable","not-applicable","no","yes","not-applicable"
"1104-0074","Lake Adirondack",202000102,"Upper Hudson River","b","pond","IR3_unassessed","fishing","IR3_unassessed","No_Data","no","yes","unassessed"
"1104-0074","Lake Adirondack",202000102,"Upper Hudson River","b","pond","IR3_unassessed","primary_contact_recreation","IR3_unassessed","No_Data","no","yes","unassessed"
"1104-0074","Lake Adirondack",202000102,"Upper Hudson River","b","pond","IR3_unassessed","secondary_contact_recreation","IR3_unassessed","No_Data","no","yes","unassessed"
"1104-0074","Lake Adirondack",202000102,"Upper Hudson River","b","pond","IR3_unassessed","shellfishing","not-applicable","not-applicable","no","yes","not-applicable"
"1104-0074","Lake Adirondack",202000102,"Upper Hudson River","b","pond","IR3_unassessed","source_of_water_supply","not-applicable","not-applicable","no","yes","not-applicable"
"1104-0075","Lake Luzerne",202000107,"Upper Hudson River","b","pond","IR3_needs-verification","epa_appended_listing","not-applicable","not-applicable","no","yes","not-applicable"
"1104-0075","Lake Luzerne",202000107,"Upper Hudson River","b","pond","IR3_needs-verification","fishing","IR3_stressed_unconfirmed","ph","no","yes","stressed_unconfirmed"
"1104-0075","Lake Luzerne",202000107,"Upper Hudson River","b","pond","IR3_needs-verification","primary_contact_recreation","IR3_stressed_unconfirmed","ph","no","yes","stressed_unconfirmed"
"1104-0075","Lake Luzerne",202000107,"Upper Hudson River","b","pond","IR3_needs-verification","secondary_contact_recreation","IR3_stressed_unconfirmed","ph","no","yes","stressed_unconfirmed"
"1104-0075","Lake Luzerne",202000107,"Upper Hudson River","b","pond","IR3_needs-verification","shellfishing","not-applicable","not-applicable","no","yes","not-applicable"
"1104-0075","Lake Luzerne",202000107,"Upper Hudson River","b","pond","IR3_needs-verification","source_of_water_supply","not-applicable","not-applicable","no","yes","not-applicable"
"1104-0105","Efner, Jenny and Hunt Lakes",202000207,"Upper Hudson River","b","pond","IR3_needs-verification","epa_appended_listing","not-applicable","not-applicable","no","yes","not-applicable"
"1104-0105","Efner, Jenny and Hunt Lakes",202000207,"Upper Hudson River","b","pond","IR3_needs-verification","fishing","IR3_fully-supported_unconfirmed","nitrite","no","yes","fully-supported_unconfirmed"
"1104-0105","Efner, Jenny and Hunt Lakes",202000207,"Upper Hudson River","b","pond","IR3_needs-verification","primary_contact_recreation","IR1_fully-supported_confirmed","phosphorus","no","yes","fully-supported_confirmed"
"1104-0105","Efner, Jenny and Hunt Lakes",202000207,"Upper Hudson River","b","pond","IR3_needs-verification","secondary_contact_recreation","IR1_fully-supported_confirmed","phosphorus","no","yes","fully-supported_confirmed"
"1104-0105","Efner, Jenny and Hunt Lakes",202000207,"Upper Hudson River","b","pond","IR3_needs-verification","shellfishing","not-applicable","not-applicable","no","yes","not-applicable"
"1104-0105","Efner, Jenny and Hunt Lakes",202000207,"Upper Hudson River","b","pond","IR3_needs-verification","source_of_water_supply","not-applicable","not-applicable","no","yes","not-applicable"
"1104-0193","Forest Lake",202000106,"Upper Hudson River","a","pond","IR2_some-uses-supported","epa_appended_listing","not-applicable","not-applicable","no","yes","not-applicable"
"1104-0193","Forest Lake",202000106,"Upper Hudson River","a","pond","IR2_some-uses-supported","fishing","IR3_unassessed","ammonia","no","yes","unassessed"
"1104-0193","Forest Lake",202000106,"Upper Hudson River","a","pond","IR2_some-uses-supported","primary_contact_recreation","IR1_fully-supported_confirmed","phosphorus","no","yes","fully-supported_confirmed"
"1104-0193","Forest Lake",202000106,"Upper Hudson River","a","pond","IR2_some-uses-supported","secondary_contact_recreation","IR1_fully-supported_confirmed","phosphorus","no","yes","fully-supported_confirmed"
"1104-0193","Forest Lake",202000106,"Upper Hudson River","a","pond","IR2_some-uses-supported","shellfishing","not-applicable","not-applicable","no","yes","not-applicable"
"1104-0193","Forest Lake",202000106,"Upper Hudson River","a","pond","IR2_some-uses-supported","source_of_water_supply","IR1_stressed_confirmed","ammonia; chloride; nitrate_nitrite","no","yes","stressed_confirmed"
"1104-0205","Friends Lake",202000106,"Upper Hudson River","aa-special","pond","IR2_some-uses-supported","epa_appended_listing","not-applicable","not-applicable","no","yes","not-applicable"
"1104-0205","Friends Lake",202000106,"Upper Hudson River","aa-special","pond","IR2_some-uses-supported","fishing","IR3_unassessed","ammonia","no","yes","unassessed"
"1104-0205","Friends Lake",202000106,"Upper Hudson River","aa-special","pond","IR2_some-uses-supported","primary_contact_recreation","IR1_fully-supported_confirmed","phosphorus","no","yes","fully-supported_confirmed"
"1104-0205","Friends Lake",202000106,"Upper Hudson River","aa-special","pond","IR2_some-uses-supported","secondary_contact_recreation","IR1_fully-supported_confirmed","phosphorus","no","yes","fully-supported_confirmed"
"1104-0205","Friends Lake",202000106,"Upper Hudson River","aa-special","pond","IR2_some-uses-supported","shellfishing","not-applicable","not-applicable","no","yes","not-applicable"
"1104-0205","Friends Lake",202000106,"Upper Hudson River","aa-special","pond","IR2_some-uses-supported","source_of_water_supply","IR1_stressed_confirmed","ammonia; chloride; nitrate_nitrite","no","yes","stressed_confirmed"
"1104-0232","Paradox Lake",202000105,"Upper Hudson River","aa(t)","pond","IR3_needs-verification","epa_appended_listing","not-applicable","not-applicable","no","yes","not-applicable"
"1104-0232","Paradox Lake",202000105,"Upper Hudson River","aa(t)","pond","IR3_needs-verification","fishing","IR3_impaired_unconfirmed","dissolved_oxygen","no","yes","impaired_unconfirmed"
"1104-0232","Paradox Lake",202000105,"Upper Hudson River","aa(t)","pond","IR3_needs-verification","primary_contact_recreation","IR3_impaired_unconfirmed","dissolved_oxygen","no","yes","impaired_unconfirmed"
"1104-0232","Paradox Lake",202000105,"Upper Hudson River","aa(t)","pond","IR3_needs-verification","secondary_contact_recreation","IR3_impaired_unconfirmed","dissolved_oxygen","no","yes","impaired_unconfirmed"
"1104-0232","Paradox Lake",202000105,"Upper Hudson River","aa(t)","pond","IR3_needs-verification","shellfishing","not-applicable","not-applicable","no","yes","not-applicable"
"1104-0232","Paradox Lake",202000105,"Upper Hudson River","aa(t)","pond","IR3_needs-verification","source_of_water_supply","IR3_impaired_unconfirmed","dissolved_oxygen","no","yes","impaired_unconfirmed"
"1104-0235","Eagle Lake",202000105,"Upper Hudson River","b","pond","IR3_needs-verification","epa_appended_listing","not-applicable","not-applicable","no","yes","not-applicable"
"1104-0235","Eagle Lake",202000105,"Upper Hudson River","b","pond","IR3_needs-verification","fishing","IR3_fully-supported_unconfirmed","dissolved_oxygen; ph","no","yes","fully-supported_unconfirmed"
"1104-0235","Eagle Lake",202000105,"Upper Hudson River","b","pond","IR3_needs-verification","primary_contact_recreation","IR3_fully-supported_unconfirmed","dissolved_oxygen; ph","no","yes","fully-supported_unconfirmed"
"1104-0235","Eagle Lake",202000105,"Upper Hudson River","b","pond","IR3_needs-verification","secondary_contact_recreation","IR3_fully-supported_unconfirmed","dissolved_oxygen; ph","no","yes","fully-supported_unconfirmed"
"1104-0235","Eagle Lake",202000105,"Upper Hudson River","b","pond","IR3_needs-verification","shellfishing","not-applicable","not-applicable","no","yes","not-applicable"
"1104-0235","Eagle Lake",202000105,"Upper Hudson River","b","pond","IR3_needs-verification","source_of_water_supply","not-applicable","not-applicable","no","yes","not-applicable"
"1104-0252","Minor Lake Tribs to Upper Hudson River",202000107,"Upper Hudson River","c","pond","IR3_unassessed","epa_appended_listing","not-applicable","not-applicable","no","yes","not-applicable"
"1104-0252","Minor Lake Tribs to Upper Hudson River",202000107,"Upper Hudson River","c","pond","IR3_unassessed","fishing","IR3_unassessed","No_Data","no","yes","unassessed"
"1104-0252","Minor Lake Tribs to Upper Hudson River",202000107,"Upper Hudson River","c","pond","IR3_unassessed","primary_contact_recreation","not-applicable","not-applicable","no","yes","not-applicable"
"1104-0252","Minor Lake Tribs to Upper Hudson River",202000107,"Upper Hudson River","c","pond","IR3_unassessed","secondary_contact_recreation","not-applicable","not-applicable","no","yes","not-applicable"
"1104-0252","Minor Lake Tribs to Upper Hudson River",202000107,"Upper Hudson River","c","pond","IR3_unassessed","shellfishing","not-applicable","not-applicable","no","yes","not-applicable"
"1104-0252","Minor Lake Tribs to Upper Hudson River",202000107,"Upper Hudson River","c","pond","IR3_unassessed","source_of_water_supply","not-applicable","not-applicable","no","yes","not-applicable"
"1104-0255","Garnet Lake",202000104,"Upper Hudson River","a","pond","IR3_needs-verification","epa_appended_listing","not-applicable","not-applicable","no","yes","not-applicable"
"1104-0255","Garnet Lake",202000104,"Upper Hudson River","a","pond","IR3_needs-verification","fishing","IR3_impaired_unconfirmed","dissolved_oxygen; ph","no","yes","impaired_unconfirmed"
"1104-0255","Garnet Lake",202000104,"Upper Hudson River","a","pond","IR3_needs-verification","primary_contact_recreation","IR3_impaired_unconfirmed","dissolved_oxygen; ph","no","yes","impaired_unconfirmed"
"1104-0255","Garnet Lake",202000104,"Upper Hudson River","a","pond","IR3_needs-verification","secondary_contact_recreation","IR3_impaired_unconfirmed","dissolved_oxygen; ph","no","yes","impaired_unconfirmed"
"1104-0255","Garnet Lake",202000104,"Upper Hudson River","a","pond","IR3_needs-verification","shellfishing","not-applicable","not-applicable","no","yes","not-applicable"
"1104-0255","Garnet Lake",202000104,"Upper Hudson River","a","pond","IR3_needs-verification","source_of_water_supply","IR3_impaired_unconfirmed","dissolved_oxygen; iron; manganese; ph","no","yes","impaired_unconfirmed"
"1104-0258","Chatiemac Lake, Ross/Windover Lake",202000104,"Upper Hudson River","a(t)","pond","IR3_unassessed","epa_appended_listing","not-applicable","not-applicable","no","yes","not-applicable"
"1104-0258","Chatiemac Lake, Ross/Windover Lake",202000104,"Upper Hudson River","a(t)","pond","IR3_unassessed","fishing","IR3_unassessed","No_Data","no","yes","unassessed"
"1104-0258","Chatiemac Lake, Ross/Windover Lake",202000104,"Upper Hudson River","a(t)","pond","IR3_unassessed","primary_contact_recreation","IR3_unassessed","No_Data","no","yes","unassessed"
"1104-0258","Chatiemac Lake, Ross/Windover Lake",202000104,"Upper Hudson River","a(t)","pond","IR3_unassessed","secondary_contact_recreation","IR3_unassessed","No_Data","no","yes","unassessed"
"1104-0258","Chatiemac Lake, Ross/Windover Lake",202000104,"Upper Hudson River","a(t)","pond","IR3_unassessed","shellfishing","not-applicable","not-applicable","no","yes","not-applicable"
"1104-0258","Chatiemac Lake, Ross/Windover Lake",202000104,"Upper Hudson River","a(t)","pond","IR3_unassessed","source_of_water_supply","IR3_unassessed","No_Data","no","yes","unassessed"
"1104-0293","Goodnow Flowage",202000103,"Upper Hudson River","c(t)","pond","IR3_unassessed","epa_appended_listing","not-applicable","not-applicable","no","yes","not-applicable"
"1104-0293","Goodnow Flowage",202000103,"Upper Hudson River","c(t)","pond","IR3_unassessed","fishing","IR3_unassessed","ammonia","no","yes","unassessed"
"1104-0293","Goodnow Flowage",202000103,"Upper Hudson River","c(t)","pond","IR3_unassessed","primary_contact_recreation","not-applicable","not-applicable","no","yes","not-applicable"
"1104-0293","Goodnow Flowage",202000103,"Upper Hudson River","c(t)","pond","IR3_unassessed","secondary_contact_recreation","not-applicable","not-applicable","no","yes","not-applicable"
"1104-0293","Goodnow Flowage",202000103,"Upper Hudson River","c(t)","pond","IR3_unassessed","shellfishing","not-applicable","not-applicable","no","yes","not-applicable"
"1104-0293","Goodnow Flowage",202000103,"Upper Hudson River","c(t)","pond","IR3_unassessed","source_of_water_supply","not-applicable","not-applicable","no","yes","not-applicable"
"1201-0016","Peck Lake",202000409,"Mohawk River","c","pond","IR3_unassessed","epa_appended_listing","not-applicable","not-applicable","no","yes","not-applicable"
"1201-0016","Peck Lake",202000409,"Mohawk River","c","pond","IR3_unassessed","fishing","IR3_unassessed","ammonia","no","yes","unassessed"
"1201-0016","Peck Lake",202000409,"Mohawk River","c","pond","IR3_unassessed","primary_contact_recreation","not-applicable","not-applicable","no","yes","not-applicable"
"1201-0016","Peck Lake",202000409,"Mohawk River","c","pond","IR3_unassessed","secondary_contact_recreation","not-applicable","not-applicable","no","yes","not-applicable"
"1201-0016","Peck Lake",202000409,"Mohawk River","c","pond","IR3_unassessed","shellfishing","not-applicable","not-applicable","no","yes","not-applicable"
"1201-0016","Peck Lake",202000409,"Mohawk River","c","pond","IR3_unassessed","source_of_water_supply","not-applicable","not-applicable","no","yes","not-applicable"
"1201-0019","Delta Reservoir",202000401,"Mohawk River","a(t)","pond","IR4c_impaired","epa_appended_listing","not-applicable","not-applicable","no","yes","not-applicable"
"1201-0019","Delta Reservoir",202000401,"Mohawk River","a(t)","pond","IR4c_impaired","fishing","IR3_unassessed","No_Data","no","yes","unassessed"
"1201-0019","Delta Reservoir",202000401,"Mohawk River","a(t)","pond","IR4c_impaired","primary_contact_recreation","IR3_unassessed","No_Data","no","yes","unassessed"
"1201-0019","Delta Reservoir",202000401,"Mohawk River","a(t)","pond","IR4c_impaired","secondary_contact_recreation","IR4c_impaired_confirmed","water_level_flow","yes","no","unassessed"
"1201-0019","Delta Reservoir",202000401,"Mohawk River","a(t)","pond","IR4c_impaired","shellfishing","not-applicable","not-applicable","no","yes","not-applicable"
"1201-0019","Delta Reservoir",202000401,"Mohawk River","a(t)","pond","IR4c_impaired","source_of_water_supply","IR3_unassessed","No_Data","no","yes","unassessed"
"1201-0046","East Caroga Lake",202000409,"Mohawk River","b","pond","IR3_needs-verification","epa_appended_listing","not-applicable","not-applicable","no","yes","not-applicable"
"1201-0046","East Caroga Lake",202000409,"Mohawk River","b","pond","IR3_needs-verification","fishing","IR3_unassessed","ammonia","no","yes","unassessed"
"1201-0046","East Caroga Lake",202000409,"Mohawk River","b","pond","IR3_needs-verification","primary_contact_recreation","IR3_impaired_unconfirmed","phosphorus","no","yes","impaired_unconfirmed"
"1201-0046","East Caroga Lake",202000409,"Mohawk River","b","pond","IR3_needs-verification","secondary_contact_recreation","IR3_impaired_unconfirmed","phosphorus","no","yes","impaired_unconfirmed"
"1201-0046","East Caroga Lake",202000409,"Mohawk River","b","pond","IR3_needs-verification","shellfishing","not-applicable","not-applicable","no","yes","not-applicable"
"1201-0046","East Caroga Lake",202000409,"Mohawk River","b","pond","IR3_needs-verification","source_of_water_supply","not-applicable","not-applicable","no","yes","not-applicable"
"1201-0050","Lily, Canada, Stewarts Land, West Lakes",202000408,"Mohawk River","b(t)","pond","IR4a_impaired","epa_appended_listing","not-applicable","not-applicable","no","yes","not-applicable"
"1201-0050","Lily, Canada, Stewarts Land, West Lakes",202000408,"Mohawk River","b(t)","pond","IR4a_impaired","fishing","IR4a_impaired_confirmed","mercury","yes","no","unassessed"
"1201-0050","Lily, Canada, Stewarts Land, West Lakes",202000408,"Mohawk River","b(t)","pond","IR4a_impaired","primary_contact_recreation","IR1_fully-supported_confirmed","phosphorus","no","yes","fully-supported_confirmed"
"1201-0050","Lily, Canada, Stewarts Land, West Lakes",202000408,"Mohawk River","b(t)","pond","IR4a_impaired","secondary_contact_recreation","IR1_fully-supported_confirmed","phosphorus","no","yes","fully-supported_confirmed"
"1201-0050","Lily, Canada, Stewarts Land, West Lakes",202000408,"Mohawk River","b(t)","pond","IR4a_impaired","shellfishing","not-applicable","not-applicable","no","yes","not-applicable"
"1201-0050","Lily, Canada, Stewarts Land, West Lakes",202000408,"Mohawk River","b(t)","pond","IR4a_impaired","source_of_water_supply","not-applicable","not-applicable","no","yes","not-applicable"
"1201-0110","Galway Lake (Amsterdam Reservoir)",202000411,"Mohawk River","b","pond","IR3_needs-verification","epa_appended_listing","not-applicable","not-applicable","no","yes","not-applicable"
"1201-0110","Galway Lake (Amsterdam Reservoir)",202000411,"Mohawk River","b","pond","IR3_needs-verification","fishing","IR3_unassessed","ammonia","no","yes","unassessed"
"1201-0110","Galway Lake (Amsterdam Reservoir)",202000411,"Mohawk River","b","pond","IR3_needs-verification","primary_contact_recreation","IR3_impaired_unconfirmed","phosphorus","no","yes","impaired_unconfirmed"
"1201-0110","Galway Lake (Amsterdam Reservoir)",202000411,"Mohawk River","b","pond","IR3_needs-verification","secondary_contact_recreation","IR3_impaired_unconfirmed","phosphorus","no","yes","impaired_unconfirmed"
"1201-0110","Galway Lake (Amsterdam Reservoir)",202000411,"Mohawk River","b","pond","IR3_needs-verification","shellfishing","not-applicable","not-applicable","no","yes","not-applicable"
"1201-0110","Galway Lake (Amsterdam Reservoir)",202000411,"Mohawk River","b","pond","IR3_needs-verification","source_of_water_supply","not-applicable","not-applicable","no","yes","not-applicable"
"1201-0113","Mariaville Lake",202000411,"Mohawk River","b","pond","IR5_impaired","epa_appended_listing","not-applicable","not-applicable","no","yes","not-applicable"
"1201-0113","Mariaville Lake",202000411,"Mohawk River","b","pond","IR5_impaired","fishing","IR3_unassessed","ammonia","no","yes","unassessed"
"1201-0113","Mariaville Lake",202000411,"Mohawk River","b","pond","IR5_impaired","primary_contact_recreation","IR5_impaired_confirmed","phosphorus","no","yes","impaired-pollutant_confirmed"
"1201-0113","Mariaville Lake",202000411,"Mohawk River","b","pond","IR5_impaired","secondary_contact_recreation","IR5_impaired_confirmed","phosphorus","yes","yes","impaired-pollutant_confirmed"
"1201-0113","Mariaville Lake",202000411,"Mohawk River","b","pond","IR5_impaired","shellfishing","not-applicable","not-applicable","no","yes","not-applicable"
"1201-0113","Mariaville Lake",202000411,"Mohawk River","b","pond","IR5_impaired","source_of_water_supply","not-applicable","not-applicable","no","yes","not-applicable"
"1201-0142","Mountain Lake",202000409,"Mohawk River","c","pond","IR3_unassessed","epa_appended_listing","not-applicable","not-applicable","no","yes","not-applicable"
"1201-0142","Mountain Lake",202000409,"Mohawk River","c","pond","IR3_unassessed","fishing","IR3_unassessed","No_Data","no","yes","unassessed"
"1201-0142","Mountain Lake",202000409,"Mohawk River","c","pond","IR3_unassessed","primary_contact_recreation","not-applicable","not-applicable","no","yes","not-applicable"
"1201-0142","Mountain Lake",202000409,"Mohawk River","c","pond","IR3_unassessed","secondary_contact_recreation","not-applicable","not-applicable","no","yes","not-applicable"
"1201-0142","Mountain Lake",202000409,"Mohawk River","c","pond","IR3_unassessed","shellfishing","not-applicable","not-applicable","no","yes","not-applicable"
"1201-0142","Mountain Lake",202000409,"Mohawk River","c","pond","IR3_unassessed","source_of_water_supply","not-applicable","not-applicable","no","yes","not-applicable"
"1201-0144","West Caroga Lake",202000409,"Mohawk River","b(t)","pond","IR3_needs-verification","epa_appended_listing","not-applicable","not-applicable","no","yes","not-applicable"
"1201-0144","West Caroga Lake",202000409,"Mohawk River","b(t)","pond","IR3_needs-verification","fishing","IR3_unassessed","ammonia","no","yes","unassessed"
"1201-0144","West Caroga Lake",202000409,"Mohawk River","b(t)","pond","IR3_needs-verification","primary_contact_recreation","IR3_fully-supported_unconfirmed","phosphorus","no","yes","fully-supported_unconfirmed"
"1201-0144","West Caroga Lake",202000409,"Mohawk River","b(t)","pond","IR3_needs-verification","secondary_contact_recreation","IR3_fully-supported_unconfirmed","phosphorus","no","yes","fully-supported_unconfirmed"
"1201-0144","West Caroga Lake",202000409,"Mohawk River","b(t)","pond","IR3_needs-verification","shellfishing","not-applicable","not-applicable","no","yes","not-applicable"
"1201-0144","West Caroga Lake",202000409,"Mohawk River","b(t)","pond","IR3_needs-verification","source_of_water_supply","not-applicable","not-applicable","no","yes","not-applicable"
"1201-0175","Pleasant Lake",202000408,"Mohawk River","b","pond","IR2_some-uses-supported","epa_appended_listing","not-applicable","not-applicable","no","yes","not-applicable"
"1201-0175","Pleasant Lake",202000408,"Mohawk River","b","pond","IR2_some-uses-supported","fishing","IR3_unassessed","ammonia","no","yes","unassessed"
"1201-0175","Pleasant Lake",202000408,"Mohawk River","b","pond","IR2_some-uses-supported","primary_contact_recreation","IR1_fully-supported_confirmed","phosphorus","no","yes","fully-supported_confirmed"
"1201-0175","Pleasant Lake",202000408,"Mohawk River","b","pond","IR2_some-uses-supported","secondary_contact_recreation","IR1_fully-supported_confirmed","phosphorus","no","yes","fully-supported_confirmed"
"1201-0175","Pleasant Lake",202000408,"Mohawk River","b","pond","IR2_some-uses-supported","shellfishing","not-applicable","not-applicable","no","yes","not-applicable"
"1201-0175","Pleasant Lake",202000408,"Mohawk River","b","pond","IR2_some-uses-supported","source_of_water_supply","not-applicable","not-applicable","no","yes","not-applicable"
"1202-0014","Summit Lake",202000503,"Mohawk River","b","pond","IR4c_impaired","epa_appended_listing","not-applicable","not-applicable","no","yes","not-applicable"
"1202-0014","Summit Lake",202000503,"Mohawk River","b","pond","IR4c_impaired","fishing","IR3_unassessed","ammonia","no","yes","unassessed"
"1202-0014","Summit Lake",202000503,"Mohawk River","b","pond","IR4c_impaired","primary_contact_recreation","IR3_impaired_unconfirmed","phosphorus","no","yes","impaired_unconfirmed"
"1202-0014","Summit Lake",202000503,"Mohawk River","b","pond","IR4c_impaired","secondary_contact_recreation","IR4c_impaired_confirmed","algal_weed_growth","yes","no","unassessed"
"1202-0014","Summit Lake",202000503,"Mohawk River","b","pond","IR4c_impaired","shellfishing","not-applicable","not-applicable","no","yes","not-applicable"
"1202-0014","Summit Lake",202000503,"Mohawk River","b","pond","IR4c_impaired","source_of_water_supply","not-applicable","not-applicable","no","yes","not-applicable"
"1204-0006","Madison Lake",202000402,"Mohawk River","c","pond","IR3_needs-verification","epa_appended_listing","not-applicable","not-applicable","no","yes","not-applicable"
"1204-0006","Madison Lake",202000402,"Mohawk River","c","pond","IR3_needs-verification","fishing","IR3_fully-supported_unconfirmed","nitrite","no","yes","fully-supported_unconfirmed"
"1204-0006","Madison Lake",202000402,"Mohawk River","c","pond","IR3_needs-verification","primary_contact_recreation","not-applicable","not-applicable","no","yes","not-applicable"
"1204-0006","Madison Lake",202000402,"Mohawk River","c","pond","IR3_needs-verification","secondary_contact_recreation","not-applicable","not-applicable","no","yes","not-applicable"
"1204-0006","Madison Lake",202000402,"Mohawk River","c","pond","IR3_needs-verification","shellfishing","not-applicable","not-applicable","no","yes","not-applicable"
"1204-0006","Madison Lake",202000402,"Mohawk River","c","pond","IR3_needs-verification","source_of_water_supply","not-applicable","not-applicable","no","yes","not-applicable"
"1301-0008","Orange Lake",202000805,"Lower Hudson River","b","pond","IR5_impaired","epa_appended_listing","not-applicable","not-applicable","no","yes","not-applicable"
"1301-0008","Orange Lake",202000805,"Lower Hudson River","b","pond","IR5_impaired","fishing","IR3_unassessed","ammonia","no","yes","unassessed"
"1301-0008","Orange Lake",202000805,"Lower Hudson River","b","pond","IR5_impaired","primary_contact_recreation","IR5_impaired_confirmed","phosphorus","no","yes","impaired-pollutant_confirmed"
"1301-0008","Orange Lake",202000805,"Lower Hudson River","b","pond","IR5_impaired","secondary_contact_recreation","IR5_impaired_confirmed","phosphorus","yes","yes","impaired-pollutant_confirmed"
"1301-0008","Orange Lake",202000805,"Lower Hudson River","b","pond","IR5_impaired","shellfishing","not-applicable","not-applicable","no","yes","not-applicable"
"1301-0008","Orange Lake",202000805,"Lower Hudson River","b","pond","IR5_impaired","source_of_water_supply","not-applicable","not-applicable","no","yes","not-applicable"
"1301-0025","Burdens Lake",202000603,"Lower Hudson River","b","pond","IR5_impaired","epa_appended_listing","not-applicable","not-applicable","no","yes","not-applicable"
"1301-0025","Burdens Lake",202000603,"Lower Hudson River","b","pond","IR5_impaired","fishing","IR5_impaired_confirmed","dissolved_oxygen","yes","no","unassessed"
"1301-0025","Burdens Lake",202000603,"Lower Hudson River","b","pond","IR5_impaired","primary_contact_recreation","IR1_fully-supported_confirmed","phosphorus","no","yes","fully-supported_confirmed"
"1301-0025","Burdens Lake",202000603,"Lower Hudson River","b","pond","IR5_impaired","secondary_contact_recreation","IR1_fully-supported_confirmed","phosphorus","no","yes","fully-supported_confirmed"
"1301-0025","Burdens Lake",202000603,"Lower Hudson River","b","pond","IR5_impaired","shellfishing","not-applicable","not-applicable","no","yes","not-applicable"
"1301-0025","Burdens Lake",202000603,"Lower Hudson River","b","pond","IR5_impaired","source_of_water_supply","not-applicable","not-applicable","no","yes","not-applicable"
"1301-0034","Lake Tibet",203010101,"Lower Hudson River","b","pond","IR3_needs-verification","epa_appended_listing","not-applicable","not-applicable","no","yes","not-applicable"
"1301-0034","Lake Tibet",203010101,"Lower Hudson River","b","pond","IR3_needs-verification","fishing","IR3_unassessed","ammonia","no","yes","unassessed"
"1301-0034","Lake Tibet",203010101,"Lower Hudson River","b","pond","IR3_needs-verification","primary_contact_recreation","IR3_fully-supported_unconfirmed","phosphorus","no","yes","fully-supported_unconfirmed"
"1301-0034","Lake Tibet",203010101,"Lower Hudson River","b","pond","IR3_needs-verification","secondary_contact_recreation","IR3_fully-supported_unconfirmed","phosphorus","no","yes","fully-supported_unconfirmed"
"1301-0034","Lake Tibet",203010101,"Lower Hudson River","b","pond","IR3_needs-verification","shellfishing","not-applicable","not-applicable","no","yes","not-applicable"
"1301-0034","Lake Tibet",203010101,"Lower Hudson River","b","pond","IR3_needs-verification","source_of_water_supply","not-applicable","not-applicable","no","yes","not-applicable"
"1301-0035","Oscawana Lake",203010101,"Lower Hudson River","a","pond","IR4c_impaired","epa_appended_listing","not-applicable","not-applicable","no","yes","not-applicable"
"1301-0035","Oscawana Lake",203010101,"Lower Hudson River","a","pond","IR4c_impaired","fishing","IR3_unassessed","No_Data","no","yes","unassessed"
"1301-0035","Oscawana Lake",203010101,"Lower Hudson River","a","pond","IR4c_impaired","primary_contact_recreation","IR4a_impaired_confirmed","phosphorus","yes","no","unassessed"
"1301-0035","Oscawana Lake",203010101,"Lower Hudson River","a","pond","IR4c_impaired","secondary_contact_recreation","IR4c_impaired_confirmed","algal_weed_growth","yes","no","unassessed"
"1301-0035","Oscawana Lake",203010101,"Lower Hudson River","a","pond","IR4c_impaired","shellfishing","not-applicable","not-applicable","no","yes","not-applicable"
"1301-0035","Oscawana Lake",203010101,"Lower Hudson River","a","pond","IR4c_impaired","source_of_water_supply","IR3_unassessed","No_Data","no","yes","unassessed"
"1301-0037","Roaring Brook Lake",203010101,"Lower Hudson River","b","pond","IR4c_impaired","epa_appended_listing","not-applicable","not-applicable","no","yes","not-applicable"
"1301-0037","Roaring Brook Lake",203010101,"Lower Hudson River","b","pond","IR4c_impaired","fishing","IR3_unassessed","ammonia","no","yes","unassessed"
"1301-0037","Roaring Brook Lake",203010101,"Lower Hudson River","b","pond","IR4c_impaired","primary_contact_recreation","IR1_fully-supported_confirmed","phosphorus","no","yes","fully-supported_confirmed"
"1301-0037","Roaring Brook Lake",203010101,"Lower Hudson River","b","pond","IR4c_impaired","secondary_contact_recreation","IR4c_impaired_confirmed","algal_weed_growth","yes","no","unassessed"
"1301-0037","Roaring Brook Lake",203010101,"Lower Hudson River","b","pond","IR4c_impaired","shellfishing","not-applicable","not-applicable","no","yes","not-applicable"
"1301-0037","Roaring Brook Lake",203010101,"Lower Hudson River","b","pond","IR4c_impaired","source_of_water_supply","not-applicable","not-applicable","no","yes","not-applicable"
"1301-0042","Glass Lake",202000603,"Lower Hudson River","b(t)","pond","IR2_some-uses-supported","epa_appended_listing","not-applicable","not-applicable","no","yes","not-applicable"
"1301-0042","Glass Lake",202000603,"Lower Hudson River","b(t)","pond","IR2_some-uses-supported","fishing","IR3_unassessed","ammonia","no","yes","unassessed"
"1301-0042","Glass Lake",202000603,"Lower Hudson River","b(t)","pond","IR2_some-uses-supported","primary_contact_recreation","IR1_fully-supported_confirmed","phosphorus","no","yes","fully-supported_confirmed"
"1301-0042","Glass Lake",202000603,"Lower Hudson River","b(t)","pond","IR2_some-uses-supported","secondary_contact_recreation","IR1_fully-supported_confirmed","phosphorus","no","yes","fully-supported_confirmed"
"1301-0042","Glass Lake",202000603,"Lower Hudson River","b(t)","pond","IR2_some-uses-supported","shellfishing","not-applicable","not-applicable","no","yes","not-applicable"
"1301-0042","Glass Lake",202000603,"Lower Hudson River","b(t)","pond","IR2_some-uses-supported","source_of_water_supply","not-applicable","not-applicable","no","yes","not-applicable"
"1301-0043","Snyders Lake",202000603,"Lower Hudson River","b","pond","IR5_impaired","epa_appended_listing","not-applicable","not-applicable","no","yes","not-applicable"
"1301-0043","Snyders Lake",202000603,"Lower Hudson River","b","pond","IR5_impaired","fishing","IR3_unassessed","ammonia","no","yes","unassessed"
"1301-0043","Snyders Lake",202000603,"Lower Hudson River","b","pond","IR5_impaired","primary_contact_recreation","IR5_impaired_confirmed","phosphorus","yes","no","impaired_unconfirmed"
"1301-0043","Snyders Lake",202000603,"Lower Hudson River","b","pond","IR5_impaired","secondary_contact_recreation","IR3_impaired_unconfirmed","phosphorus","no","yes","impaired_unconfirmed"
"1301-0043","Snyders Lake",202000603,"Lower Hudson River","b","pond","IR5_impaired","shellfishing","not-applicable","not-applicable","no","yes","not-applicable"
"1301-0043","Snyders Lake",202000603,"Lower Hudson River","b","pond","IR5_impaired","source_of_water_supply","not-applicable","not-applicable","no","yes","not-applicable"
"1301-0053","Lake Meahagh",203010101,"Lower Hudson River","c","pond","IR5_impaired","epa_appended_listing","not-applicable","not-applicable","no","yes","not-applicable"
"1301-0053","Lake Meahagh",203010101,"Lower Hudson River","c","pond","IR5_impaired","fishing","IR3_unassessed","No_Data","no","yes","unassessed"
"1301-0053","Lake Meahagh",203010101,"Lower Hudson River","c","pond","IR5_impaired","primary_contact_recreation","not-applicable","not-applicable","no","yes","not-applicable"
"1301-0053","Lake Meahagh",203010101,"Lower Hudson River","c","pond","IR5_impaired","secondary_contact_recreation","IR5_impaired_confirmed","phosphorus","yes","no","unassessed"
"1301-0053","Lake Meahagh",203010101,"Lower Hudson River","c","pond","IR5_impaired","shellfishing","not-applicable","not-applicable","no","yes","not-applicable"
"1301-0053","Lake Meahagh",203010101,"Lower Hudson River","c","pond","IR5_impaired","source_of_water_supply","not-applicable","not-applicable","no","yes","not-applicable"
"1301-0059","Sleepy Hollow Lake",202000611,"Lower Hudson River","a","pond","IR5_impaired","epa_appended_listing","not-applicable","not-applicable","no","yes","not-applicable"
"1301-0059","Sleepy Hollow Lake",202000611,"Lower Hudson River","a","pond","IR5_impaired","fishing","IR3_fully-supported_unconfirmed","nitrite","no","yes","fully-supported_unconfirmed"
"1301-0059","Sleepy Hollow Lake",202000611,"Lower Hudson River","a","pond","IR5_impaired","primary_contact_recreation","IR5_impaired_confirmed","phosphorus; silt_sediment","no","yes","impaired-pollutant_confirmed"
"1301-0059","Sleepy Hollow Lake",202000611,"Lower Hudson River","a","pond","IR5_impaired","primary_contact_recreation","IR5_impaired_confirmed","phosphorus; silt_sediment","yes","no","unassessed"
"1301-0059","Sleepy Hollow Lake",202000611,"Lower Hudson River","a","pond","IR5_impaired","secondary_contact_recreation","IR5_impaired_confirmed","phosphorus","no","yes","impaired-pollutant_confirmed"
"1301-0059","Sleepy Hollow Lake",202000611,"Lower Hudson River","a","pond","IR5_impaired","shellfishing","not-applicable","not-applicable","no","yes","not-applicable"
"1301-0059","Sleepy Hollow Lake",202000611,"Lower Hudson River","a","pond","IR5_impaired","source_of_water_supply","IR3_stressed_unconfirmed","arsenic","no","yes","stressed_unconfirmed"
"1301-0091","Barger Pond",203010101,"Lower Hudson River","b","pond","IR5_impaired","epa_appended_listing","not-applicable","not-applicable","no","yes","not-applicable"
"1301-0091","Barger Pond",203010101,"Lower Hudson River","b","pond","IR5_impaired","fishing","IR5_impaired_confirmed","dissolved_oxygen","yes","no","unassessed"
"1301-0091","Barger Pond",203010101,"Lower Hudson River","b","pond","IR5_impaired","primary_contact_recreation","IR5_impaired_confirmed","phosphorus","no","yes","impaired-pollutant_confirmed"
"1301-0091","Barger Pond",203010101,"Lower Hudson River","b","pond","IR5_impaired","secondary_contact_recreation","IR5_impaired_confirmed","phosphorus","no","yes","impaired-pollutant_confirmed"
"1301-0091","Barger Pond",203010101,"Lower Hudson River","b","pond","IR5_impaired","shellfishing","not-applicable","not-applicable","no","yes","not-applicable"
"1301-0091","Barger Pond",203010101,"Lower Hudson River","b","pond","IR5_impaired","source_of_water_supply","not-applicable","not-applicable","no","yes","not-applicable"
"1301-0126","Lake Tompkins",203010101,"Lower Hudson River","b","pond","IR3_needs-verification","epa_appended_listing","not-applicable","not-applicable","no","yes","not-applicable"
"1301-0126","Lake Tompkins",203010101,"Lower Hudson River","b","pond","IR3_needs-verification","fishing","IR3_unassessed","ammonia","no","yes","unassessed"
"1301-0126","Lake Tompkins",203010101,"Lower Hudson River","b","pond","IR3_needs-verification","primary_contact_recreation","IR3_impaired_unconfirmed","phosphorus","no","yes","impaired_unconfirmed"
"1301-0126","Lake Tompkins",203010101,"Lower Hudson River","b","pond","IR3_needs-verification","secondary_contact_recreation","IR3_impaired_unconfirmed","phosphorus","no","yes","impaired_unconfirmed"
"1301-0126","Lake Tompkins",203010101,"Lower Hudson River","b","pond","IR3_needs-verification","shellfishing","not-applicable","not-applicable","no","yes","not-applicable"
"1301-0126","Lake Tompkins",203010101,"Lower Hudson River","b","pond","IR3_needs-verification","source_of_water_supply","not-applicable","not-applicable","no","yes","not-applicable"
"1301-0140","Wallace Pond",203010101,"Lower Hudson River","b","pond","IR5_impaired","epa_appended_listing","not-applicable","not-applicable","no","yes","not-applicable"
"1301-0140","Wallace Pond",203010101,"Lower Hudson River","b","pond","IR5_impaired","fishing","IR3_unassessed","No_Data","no","yes","unassessed"
"1301-0140","Wallace Pond",203010101,"Lower Hudson River","b","pond","IR5_impaired","primary_contact_recreation","IR3_unassessed","No_Data","no","yes","unassessed"
"1301-0140","Wallace Pond",203010101,"Lower Hudson River","b","pond","IR5_impaired","secondary_contact_recreation","IR5_impaired_confirmed","phosphorus","yes","no","unassessed"
"1301-0140","Wallace Pond",203010101,"Lower Hudson River","b","pond","IR5_impaired","shellfishing","not-applicable","not-applicable","no","yes","not-applicable"
"1301-0140","Wallace Pond",203010101,"Lower Hudson River","b","pond","IR5_impaired","source_of_water_supply","not-applicable","not-applicable","no","yes","not-applicable"
"1301-0142","Lake Celeste",203010101,"Lower Hudson River","b","pond","IR3_unassessed","epa_appended_listing","not-applicable","not-applicable","no","yes","not-applicable"
"1301-0142","Lake Celeste",203010101,"Lower Hudson River","b","pond","IR3_unassessed","fishing","IR3_unassessed","No_Data","no","yes","unassessed"
"1301-0142","Lake Celeste",203010101,"Lower Hudson River","b","pond","IR3_unassessed","primary_contact_recreation","IR3_unassessed","No_Data","no","yes","unassessed"
"1301-0142","Lake Celeste",203010101,"Lower Hudson River","b","pond","IR3_unassessed","secondary_contact_recreation","IR3_unassessed","No_Data","no","yes","unassessed"
"1301-0142","Lake Celeste",203010101,"Lower Hudson River","b","pond","IR3_unassessed","shellfishing","not-applicable","not-applicable","no","yes","not-applicable"
"1301-0142","Lake Celeste",203010101,"Lower Hudson River","b","pond","IR3_unassessed","source_of_water_supply","not-applicable","not-applicable","no","yes","not-applicable"
"1301-0143","Indian Lake",203010101,"Lower Hudson River","a","pond","IR5_impaired","epa_appended_listing","not-applicable","not-applicable","no","yes","not-applicable"
"1301-0143","Indian Lake",203010101,"Lower Hudson River","a","pond","IR5_impaired","fishing","IR3_unassessed","ammonia","no","yes","unassessed"
"1301-0143","Indian Lake",203010101,"Lower Hudson River","a","pond","IR5_impaired","primary_contact_recreation","IR5_impaired_confirmed","phosphorus","no","yes","impaired-pollutant_confirmed"
"1301-0143","Indian Lake",203010101,"Lower Hudson River","a","pond","IR5_impaired","secondary_contact_recreation","IR5_impaired_confirmed","phosphorus","no","yes","impaired-pollutant_confirmed"
"1301-0143","Indian Lake",203010101,"Lower Hudson River","a","pond","IR5_impaired","shellfishing","not-applicable","not-applicable","no","yes","not-applicable"
"1301-0143","Indian Lake",203010101,"Lower Hudson River","a","pond","IR5_impaired","source_of_water_supply","IR3_impaired_unconfirmed","ammonia","no","yes","impaired_unconfirmed"
"1301-0147","Lake Peekskill",203010101,"Lower Hudson River","b","pond","IR5_impaired","epa_appended_listing","not-applicable","not-applicable","no","yes","not-applicable"
"1301-0147","Lake Peekskill",203010101,"Lower Hudson River","b","pond","IR5_impaired","fishing","IR3_unassessed","ammonia","no","yes","unassessed"
"1301-0147","Lake Peekskill",203010101,"Lower Hudson River","b","pond","IR5_impaired","primary_contact_recreation","IR5_impaired_confirmed","phosphorus","no","yes","impaired-pollutant_confirmed"
"1301-0147","Lake Peekskill",203010101,"Lower Hudson River","b","pond","IR5_impaired","secondary_contact_recreation","IR5_impaired_confirmed","phosphorus","no","yes","impaired-pollutant_confirmed"
"1301-0147","Lake Peekskill",203010101,"Lower Hudson River","b","pond","IR5_impaired","shellfishing","not-applicable","not-applicable","no","yes","not-applicable"
"1301-0147","Lake Peekskill",203010101,"Lower Hudson River","b","pond","IR5_impaired","source_of_water_supply","not-applicable","not-applicable","no","yes","not-applicable"
"1301-0149","Lake Mohegan",203010101,"Lower Hudson River","b","pond","IR5_impaired","epa_appended_listing","not-applicable","not-applicable","no","yes","not-applicable"
"1301-0149","Lake Mohegan",203010101,"Lower Hudson River","b","pond","IR5_impaired","fishing","IR3_unassessed","ammonia","no","yes","unassessed"
"1301-0149","Lake Mohegan",203010101,"Lower Hudson River","b","pond","IR5_impaired","primary_contact_recreation","IR5_impaired_confirmed","phosphorus","no","yes","impaired-pollutant_confirmed"
"1301-0149","Lake Mohegan",203010101,"Lower Hudson River","b","pond","IR5_impaired","secondary_contact_recreation","IR5_impaired_confirmed","phosphorus","yes","yes","impaired-pollutant_confirmed"
"1301-0149","Lake Mohegan",203010101,"Lower Hudson River","b","pond","IR5_impaired","shellfishing","not-applicable","not-applicable","no","yes","not-applicable"
"1301-0149","Lake Mohegan",203010101,"Lower Hudson River","b","pond","IR5_impaired","source_of_water_supply","not-applicable","not-applicable","no","yes","not-applicable"
"1301-0156","Lake Ossi",203010101,"Lower Hudson River","b","pond","IR3_unassessed","epa_appended_listing","not-applicable","not-applicable","no","yes","not-applicable"
"1301-0156","Lake Ossi",203010101,"Lower Hudson River","b","pond","IR3_unassessed","fishing","IR3_unassessed","No_Data","no","yes","unassessed"
"1301-0156","Lake Ossi",203010101,"Lower Hudson River","b","pond","IR3_unassessed","primary_contact_recreation","IR3_unassessed","No_Data","no","yes","unassessed"
"1301-0156","Lake Ossi",203010101,"Lower Hudson River","b","pond","IR3_unassessed","secondary_contact_recreation","IR3_unassessed","No_Data","no","yes","unassessed"
"1301-0156","Lake Ossi",203010101,"Lower Hudson River","b","pond","IR3_unassessed","shellfishing","not-applicable","not-applicable","no","yes","not-applicable"
"1301-0156","Lake Ossi",203010101,"Lower Hudson River","b","pond","IR3_unassessed","source_of_water_supply","not-applicable","not-applicable","no","yes","not-applicable"
"1301-0214","Sepasco Lake",202000611,"Lower Hudson River","b","pond","IR5_impaired","epa_appended_listing","not-applicable","not-applicable","no","yes","not-applicable"
"1301-0214","Sepasco Lake",202000611,"Lower Hudson River","b","pond","IR5_impaired","fishing","IR1_fully-supported_confirmed","nitrite","no","yes","fully-supported_confirmed"
"1301-0214","Sepasco Lake",202000611,"Lower Hudson River","b","pond","IR5_impaired","primary_contact_recreation","IR5_impaired_confirmed","phosphorus","no","yes","impaired-pollutant_confirmed"
"1301-0214","Sepasco Lake",202000611,"Lower Hudson River","b","pond","IR5_impaired","secondary_contact_recreation","IR5_impaired_confirmed","phosphorus","no","yes","impaired-pollutant_confirmed"
"1301-0214","Sepasco Lake",202000611,"Lower Hudson River","b","pond","IR5_impaired","shellfishing","not-applicable","not-applicable","no","yes","not-applicable"
"1301-0214","Sepasco Lake",202000611,"Lower Hudson River","b","pond","IR5_impaired","source_of_water_supply","not-applicable","not-applicable","no","yes","not-applicable"
"1301-0263","Vosberg Pond",202000601,"Lower Hudson River","c(t)","pond","IR3_unassessed","epa_appended_listing","not-applicable","not-applicable","no","yes","not-applicable"
"1301-0263","Vosberg Pond",202000601,"Lower Hudson River","c(t)","pond","IR3_unassessed","fishing","IR3_unassessed","ammonia","no","yes","unassessed"
"1301-0263","Vosberg Pond",202000601,"Lower Hudson River","c(t)","pond","IR3_unassessed","primary_contact_recreation","not-applicable","not-applicable","no","yes","not-applicable"
"1301-0263","Vosberg Pond",202000601,"Lower Hudson River","c(t)","pond","IR3_unassessed","secondary_contact_recreation","not-applicable","not-applicable","no","yes","not-applicable"
"1301-0263","Vosberg Pond",202000601,"Lower Hudson River","c(t)","pond","IR3_unassessed","shellfishing","not-applicable","not-applicable","no","yes","not-applicable"
"1301-0263","Vosberg Pond",202000601,"Lower Hudson River","c(t)","pond","IR3_unassessed","source_of_water_supply","not-applicable","not-applicable","no","yes","not-applicable"
"1301-0267","Forest Lake",202000601,"Lower Hudson River","a","pond","IR3_needs-verification","epa_appended_listing","not-applicable","not-applicable","no","yes","not-applicable"
"1301-0267","Forest Lake",202000601,"Lower Hudson River","a","pond","IR3_needs-verification","fishing","IR3_unassessed","ammonia","no","yes","unassessed"
"1301-0267","Forest Lake",202000601,"Lower Hudson River","a","pond","IR3_needs-verification","primary_contact_recreation","IR3_impaired_unconfirmed","phosphorus","no","yes","impaired_unconfirmed"
"1301-0267","Forest Lake",202000601,"Lower Hudson River","a","pond","IR3_needs-verification","secondary_contact_recreation","IR3_impaired_unconfirmed","phosphorus","no","yes","impaired_unconfirmed"
"1301-0267","Forest Lake",202000601,"Lower Hudson River","a","pond","IR3_needs-verification","shellfishing","not-applicable","not-applicable","no","yes","not-applicable"
"1301-0267","Forest Lake",202000601,"Lower Hudson River","a","pond","IR3_needs-verification","source_of_water_supply","IR1_stressed_confirmed","ammonia; chloride; nitrate_nitrite","no","yes","stressed_confirmed"
"1301-0270","Big Bowman Pond",202000601,"Lower Hudson River","b","pond","IR2_some-uses-supported","epa_appended_listing","not-applicable","not-applicable","no","yes","not-applicable"
"1301-0270","Big Bowman Pond",202000601,"Lower Hudson River","b","pond","IR2_some-uses-supported","fishing","IR3_unassessed","ammonia","no","yes","unassessed"
"1301-0270","Big Bowman Pond",202000601,"Lower Hudson River","b","pond","IR2_some-uses-supported","primary_contact_recreation","IR1_fully-supported_confirmed","phosphorus","no","yes","fully-supported_confirmed"
"1301-0270","Big Bowman Pond",202000601,"Lower Hudson River","b","pond","IR2_some-uses-supported","secondary_contact_recreation","IR1_fully-supported_confirmed","phosphorus","no","yes","fully-supported_confirmed"
"1301-0270","Big Bowman Pond",202000601,"Lower Hudson River","b","pond","IR2_some-uses-supported","shellfishing","not-applicable","not-applicable","no","yes","not-applicable"
"1301-0270","Big Bowman Pond",202000601,"Lower Hudson River","b","pond","IR2_some-uses-supported","source_of_water_supply","not-applicable","not-applicable","no","yes","not-applicable"
"1302-0002","Lake Kitchawan",203010103,"Lower Hudson River","b","pond","IR3_unassessed","epa_appended_listing","not-applicable","not-applicable","no","yes","not-applicable"
"1302-0002","Lake Kitchawan",203010103,"Lower Hudson River","b","pond","IR3_unassessed","fishing","IR3_unassessed","No_Data","no","yes","unassessed"
"1302-0002","Lake Kitchawan",203010103,"Lower Hudson River","b","pond","IR3_unassessed","primary_contact_recreation","IR3_unassessed","No_Data","no","yes","unassessed"
"1302-0002","Lake Kitchawan",203010103,"Lower Hudson River","b","pond","IR3_unassessed","secondary_contact_recreation","IR3_unassessed","No_Data","no","yes","unassessed"
"1302-0002","Lake Kitchawan",203010103,"Lower Hudson River","b","pond","IR3_unassessed","shellfishing","not-applicable","not-applicable","no","yes","not-applicable"
"1302-0002","Lake Kitchawan",203010103,"Lower Hudson River","b","pond","IR3_unassessed","source_of_water_supply","not-applicable","not-applicable","no","yes","not-applicable"
"1302-0004","Peach Lake",203010102,"Lower Hudson River","b","pond","IR5_impaired","epa_appended_listing","not-applicable","not-applicable","no","yes","not-applicable"
"1302-0004","Peach Lake",203010102,"Lower Hudson River","b","pond","IR5_impaired","fishing","IR1_fully-supported_confirmed","nitrite","no","yes","fully-supported_confirmed"
"1302-0004","Peach Lake",203010102,"Lower Hudson River","b","pond","IR5_impaired","primary_contact_recreation","IR5_impaired_confirmed","fecal_coliform","yes","no","unassessed"
"1302-0004","Peach Lake",203010102,"Lower Hudson River","b","pond","IR5_impaired","secondary_contact_recreation","IR5_impaired_confirmed","fecal_coliform","yes","no","unassessed"
"1302-0004","Peach Lake",203010102,"Lower Hudson River","b","pond","IR5_impaired","shellfishing","not-applicable","not-applicable","no","yes","not-applicable"
"1302-0004","Peach Lake",203010102,"Lower Hudson River","b","pond","IR5_impaired","source_of_water_supply","not-applicable","not-applicable","no","yes","not-applicable"
"1302-0006","Lake Carmel",203010102,"Lower Hudson River","b","pond","IR4c_impaired","epa_appended_listing","not-applicable","not-applicable","no","yes","not-applicable"
"1302-0006","Lake Carmel",203010102,"Lower Hudson River","b","pond","IR4c_impaired","fishing","IR3_impaired_unconfirmed","dissolved_oxygen","no","yes","impaired_unconfirmed"
"1302-0006","Lake Carmel",203010102,"Lower Hudson River","b","pond","IR4c_impaired","primary_contact_recreation","IR4c_impaired_confirmed","algal_weed_growth","yes","no","unassessed"
"1302-0006","Lake Carmel",203010102,"Lower Hudson River","b","pond","IR4c_impaired","secondary_contact_recreation","IR4c_impaired_confirmed","algal_weed_growth","yes","no","unassessed"
"1302-0006","Lake Carmel",203010102,"Lower Hudson River","b","pond","IR4c_impaired","shellfishing","not-applicable","not-applicable","no","yes","not-applicable"
"1302-0006","Lake Carmel",203010102,"Lower Hudson River","b","pond","IR4c_impaired","source_of_water_supply","not-applicable","not-applicable","no","yes","not-applicable"
"1302-0007","Lake Mahopac",203010103,"Lower Hudson River","a","pond","IR3_unassessed","epa_appended_listing","not-applicable","not-applicable","no","yes","not-applicable"
"1302-0007","Lake Mahopac",203010103,"Lower Hudson River","a","pond","IR3_unassessed","fishing","IR3_unassessed","No_Data","no","yes","unassessed"
"1302-0007","Lake Mahopac",203010103,"Lower Hudson River","a","pond","IR3_unassessed","primary_contact_recreation","IR3_unassessed","No_Data","no","yes","unassessed"
"1302-0007","Lake Mahopac",203010103,"Lower Hudson River","a","pond","IR3_unassessed","secondary_contact_recreation","IR3_unassessed","No_Data","no","yes","unassessed"
"1302-0007","Lake Mahopac",203010103,"Lower Hudson River","a","pond","IR3_unassessed","shellfishing","not-applicable","not-applicable","no","yes","not-applicable"
"1302-0007","Lake Mahopac",203010103,"Lower Hudson River","a","pond","IR3_unassessed","source_of_water_supply","IR3_unassessed","No_Data","no","yes","unassessed"
"1302-0053","Lost Lake, Putnam Lake",203010102,"Lower Hudson River","b","pond","IR5_impaired","epa_appended_listing","not-applicable","not-applicable","no","yes","not-applicable"
"1302-0053","Lost Lake, Putnam Lake",203010102,"Lower Hudson River","b","pond","IR5_impaired","fishing","IR3_unassessed","ammonia","no","yes","unassessed"
"1302-0053","Lost Lake, Putnam Lake",203010102,"Lower Hudson River","b","pond","IR5_impaired","primary_contact_recreation","IR5_impaired_confirmed","phosphorus","yes","yes","impaired-pollutant_confirmed"
"1302-0053","Lost Lake, Putnam Lake",203010102,"Lower Hudson River","b","pond","IR5_impaired","secondary_contact_recreation","IR5_impaired_confirmed","phosphorus","yes","yes","impaired-pollutant_confirmed"
"1302-0053","Lost Lake, Putnam Lake",203010102,"Lower Hudson River","b","pond","IR5_impaired","shellfishing","not-applicable","not-applicable","no","yes","not-applicable"
"1302-0053","Lost Lake, Putnam Lake",203010102,"Lower Hudson River","b","pond","IR5_impaired","source_of_water_supply","not-applicable","not-applicable","no","yes","not-applicable"
"1302-0054","Truesdale Lake",203010103,"Lower Hudson River","b","pond","IR5_impaired","epa_appended_listing","not-applicable","not-applicable","no","yes","not-applicable"
"1302-0054","Truesdale Lake",203010103,"Lower Hudson River","b","pond","IR5_impaired","fishing","IR3_unassessed","ammonia","no","yes","unassessed"
"1302-0054","Truesdale Lake",203010103,"Lower Hudson River","b","pond","IR5_impaired","primary_contact_recreation","IR5_impaired_confirmed","phosphorus","no","yes","impaired-pollutant_confirmed"
"1302-0054","Truesdale Lake",203010103,"Lower Hudson River","b","pond","IR5_impaired","secondary_contact_recreation","IR5_impaired_confirmed","phosphorus","yes","yes","impaired-pollutant_confirmed"
"1302-0054","Truesdale Lake",203010103,"Lower Hudson River","b","pond","IR5_impaired","shellfishing","not-applicable","not-applicable","no","yes","not-applicable"
"1302-0054","Truesdale Lake",203010103,"Lower Hudson River","b","pond","IR5_impaired","source_of_water_supply","not-applicable","not-applicable","no","yes","not-applicable"
"1302-0080","Kirk Lake",203010103,"Lower Hudson River","b","pond","IR5_impaired","epa_appended_listing","not-applicable","not-applicable","no","yes","not-applicable"
"1302-0080","Kirk Lake",203010103,"Lower Hudson River","b","pond","IR5_impaired","fishing","IR3_unassessed","ammonia","no","yes","unassessed"
"1302-0080","Kirk Lake",203010103,"Lower Hudson River","b","pond","IR5_impaired","primary_contact_recreation","IR5_impaired_confirmed","phosphorus","no","yes","impaired-pollutant_confirmed"
"1302-0080","Kirk Lake",203010103,"Lower Hudson River","b","pond","IR5_impaired","secondary_contact_recreation","IR5_impaired_confirmed","phosphorus","no","yes","impaired-pollutant_confirmed"
"1302-0080","Kirk Lake",203010103,"Lower Hudson River","b","pond","IR5_impaired","shellfishing","not-applicable","not-applicable","no","yes","not-applicable"
"1302-0080","Kirk Lake",203010103,"Lower Hudson River","b","pond","IR5_impaired","source_of_water_supply","not-applicable","not-applicable","no","yes","not-applicable"
"1302-0083","Lake Shenorock",203010103,"Lower Hudson River","b","pond","IR5_impaired","epa_appended_listing","not-applicable","not-applicable","no","yes","not-applicable"
"1302-0083","Lake Shenorock",203010103,"Lower Hudson River","b","pond","IR5_impaired","fishing","IR3_unassessed","No_Data","no","yes","unassessed"
"1302-0083","Lake Shenorock",203010103,"Lower Hudson River","b","pond","IR5_impaired","primary_contact_recreation","IR3_unassessed","No_Data","no","yes","unassessed"
"1302-0083","Lake Shenorock",203010103,"Lower Hudson River","b","pond","IR5_impaired","secondary_contact_recreation","IR5_impaired_confirmed","phosphorus","yes","no","unassessed"
"1302-0083","Lake Shenorock",203010103,"Lower Hudson River","b","pond","IR5_impaired","shellfishing","not-applicable","not-applicable","no","yes","not-applicable"
"1302-0083","Lake Shenorock",203010103,"Lower Hudson River","b","pond","IR5_impaired","source_of_water_supply","not-applicable","not-applicable","no","yes","not-applicable"
"1302-0089","Lake Lincolndale",203010103,"Lower Hudson River","b","pond","IR5_impaired","epa_appended_listing","not-applicable","not-applicable","no","yes","not-applicable"
"1302-0089","Lake Lincolndale",203010103,"Lower Hudson River","b","pond","IR5_impaired","fishing","IR3_unassessed","ammonia","no","yes","unassessed"
"1302-0089","Lake Lincolndale",203010103,"Lower Hudson River","b","pond","IR5_impaired","primary_contact_recreation","IR5_impaired_confirmed","phosphorus","no","yes","impaired-pollutant_confirmed"
"1302-0089","Lake Lincolndale",203010103,"Lower Hudson River","b","pond","IR5_impaired","secondary_contact_recreation","IR5_impaired_confirmed","phosphorus","yes","yes","impaired-pollutant_confirmed"
"1302-0089","Lake Lincolndale",203010103,"Lower Hudson River","b","pond","IR5_impaired","shellfishing","not-applicable","not-applicable","no","yes","not-applicable"
"1302-0089","Lake Lincolndale",203010103,"Lower Hudson River","b","pond","IR5_impaired","source_of_water_supply","not-applicable","not-applicable","no","yes","not-applicable"
"1302-0096","Sagamore Lake",203010102,"Lower Hudson River","b","pond","IR3_needs-verification","epa_appended_listing","not-applicable","not-applicable","no","yes","not-applicable"
"1302-0096","Sagamore Lake",203010102,"Lower Hudson River","b","pond","IR3_needs-verification","fishing","IR3_unassessed","ammonia","no","yes","unassessed"
"1302-0096","Sagamore Lake",203010102,"Lower Hudson River","b","pond","IR3_needs-verification","primary_contact_recreation","IR3_fully-supported_unconfirmed","phosphorus","no","yes","fully-supported_unconfirmed"
"1302-0096","Sagamore Lake",203010102,"Lower Hudson River","b","pond","IR3_needs-verification","secondary_contact_recreation","IR3_fully-supported_unconfirmed","phosphorus","no","yes","fully-supported_unconfirmed"
"1302-0096","Sagamore Lake",203010102,"Lower Hudson River","b","pond","IR3_needs-verification","shellfishing","not-applicable","not-applicable","no","yes","not-applicable"
"1302-0096","Sagamore Lake",203010102,"Lower Hudson River","b","pond","IR3_needs-verification","source_of_water_supply","not-applicable","not-applicable","no","yes","not-applicable"
"1302-0103","Palmer Lake",203010102,"Lower Hudson River","b","pond","IR4a_impaired","epa_appended_listing","not-applicable","not-applicable","no","yes","not-applicable"
"1302-0103","Palmer Lake",203010102,"Lower Hudson River","b","pond","IR4a_impaired","fishing","IR3_impaired_unconfirmed","dissolved_oxygen","no","yes","impaired_unconfirmed"
"1302-0103","Palmer Lake",203010102,"Lower Hudson River","b","pond","IR4a_impaired","primary_contact_recreation","IR4a_impaired_confirmed","phosphorus","no","yes","impaired-tmdl_confirmed"
"1302-0103","Palmer Lake",203010102,"Lower Hudson River","b","pond","IR4a_impaired","secondary_contact_recreation","IR4a_impaired_confirmed","phosphorus","yes","yes","impaired-tmdl_confirmed"
"1302-0103","Palmer Lake",203010102,"Lower Hudson River","b","pond","IR4a_impaired","shellfishing","not-applicable","not-applicable","no","yes","not-applicable"
"1302-0103","Palmer Lake",203010102,"Lower Hudson River","b","pond","IR4a_impaired","source_of_water_supply","not-applicable","not-applicable","no","yes","not-applicable"
"1302-0115","Barrett Pond",203010102,"Lower Hudson River","b","pond","IR3_needs-verification","epa_appended_listing","not-applicable","not-applicable","no","yes","not-applicable"
"1302-0115","Barrett Pond",203010102,"Lower Hudson River","b","pond","IR3_needs-verification","fishing","IR3_fully-supported_unconfirmed","nitrite","no","yes","fully-supported_unconfirmed"
"1302-0115","Barrett Pond",203010102,"Lower Hudson River","b","pond","IR3_needs-verification","primary_contact_recreation","IR1_fully-supported_confirmed","phosphorus","no","yes","fully-supported_confirmed"
"1302-0115","Barrett Pond",203010102,"Lower Hudson River","b","pond","IR3_needs-verification","secondary_contact_recreation","IR1_fully-supported_confirmed","phosphorus","no","yes","fully-supported_confirmed"
"1302-0115","Barrett Pond",203010102,"Lower Hudson River","b","pond","IR3_needs-verification","shellfishing","not-applicable","not-applicable","no","yes","not-applicable"
"1302-0115","Barrett Pond",203010102,"Lower Hudson River","b","pond","IR3_needs-verification","source_of_water_supply","not-applicable","not-applicable","no","yes","not-applicable"
"1302-0118","China Pond",203010102,"Lower Hudson River","b","pond","IR5_impaired","epa_appended_listing","not-applicable","not-applicable","no","yes","not-applicable"
"1302-0118","China Pond",203010102,"Lower Hudson River","b","pond","IR5_impaired","fishing","IR3_unassessed","ammonia","no","yes","unassessed"
"1302-0118","China Pond",203010102,"Lower Hudson River","b","pond","IR5_impaired","primary_contact_recreation","IR5_impaired_confirmed","phosphorus","no","yes","impaired-pollutant_confirmed"
"1302-0118","China Pond",203010102,"Lower Hudson River","b","pond","IR5_impaired","secondary_contact_recreation","IR5_impaired_confirmed","phosphorus","no","yes","impaired-pollutant_confirmed"
"1302-0118","China Pond",203010102,"Lower Hudson River","b","pond","IR5_impaired","shellfishing","not-applicable","not-applicable","no","yes","not-applicable"
"1302-0118","China Pond",203010102,"Lower Hudson River","b","pond","IR5_impaired","source_of_water_supply","not-applicable","not-applicable","no","yes","not-applicable"
"1302-0120","Leetown Pond, Lake Winham, L.Buck Mt.Pd.",203010102,"Lower Hudson River","b","pond","IR3_unassessed","epa_appended_listing","not-applicable","not-applicable","no","yes","not-applicable"
"1302-0120","Leetown Pond, Lake Winham, L.Buck Mt.Pd.",203010102,"Lower Hudson River","b","pond","IR3_unassessed","fishing","IR3_unassessed","No_Data","no","yes","unassessed"
"1302-0120","Leetown Pond, Lake Winham, L.Buck Mt.Pd.",203010102,"Lower Hudson River","b","pond","IR3_unassessed","primary_contact_recreation","IR3_unassessed","No_Data","no","yes","unassessed"
"1302-0120","Leetown Pond, Lake Winham, L.Buck Mt.Pd.",203010102,"Lower Hudson River","b","pond","IR3_unassessed","secondary_contact_recreation","IR3_unassessed","No_Data","no","yes","unassessed"
"1302-0120","Leetown Pond, Lake Winham, L.Buck Mt.Pd.",203010102,"Lower Hudson River","b","pond","IR3_unassessed","shellfishing","not-applicable","not-applicable","no","yes","not-applicable"
"1302-0120","Leetown Pond, Lake Winham, L.Buck Mt.Pd.",203010102,"Lower Hudson River","b","pond","IR3_unassessed","source_of_water_supply","not-applicable","not-applicable","no","yes","not-applicable"
"1302-0121","Seven Hills Lake",203010102,"Lower Hudson River","b","pond","IR3_needs-verification","epa_appended_listing","not-applicable","not-applicable","no","yes","not-applicable"
"1302-0121","Seven Hills Lake",203010102,"Lower Hudson River","b","pond","IR3_needs-verification","fishing","IR3_unassessed","ammonia","no","yes","unassessed"
"1302-0121","Seven Hills Lake",203010102,"Lower Hudson River","b","pond","IR3_needs-verification","primary_contact_recreation","IR3_impaired_unconfirmed","phosphorus","no","yes","impaired_unconfirmed"
"1302-0121","Seven Hills Lake",203010102,"Lower Hudson River","b","pond","IR3_needs-verification","secondary_contact_recreation","IR3_impaired_unconfirmed","phosphorus","no","yes","impaired_unconfirmed"
"1302-0121","Seven Hills Lake",203010102,"Lower Hudson River","b","pond","IR3_needs-verification","shellfishing","not-applicable","not-applicable","no","yes","not-applicable"
"1302-0121","Seven Hills Lake",203010102,"Lower Hudson River","b","pond","IR3_needs-verification","source_of_water_supply","not-applicable","not-applicable","no","yes","not-applicable"
"1302-0136","Lake Katonah",203010103,"Lower Hudson River","b","pond","IR5_impaired","epa_appended_listing","not-applicable","not-applicable","no","yes","not-applicable"
"1302-0136","Lake Katonah",203010103,"Lower Hudson River","b","pond","IR5_impaired","fishing","IR3_unassessed","ammonia","no","yes","unassessed"
"1302-0136","Lake Katonah",203010103,"Lower Hudson River","b","pond","IR5_impaired","primary_contact_recreation","IR5_impaired_confirmed","phosphorus","no","yes","impaired-pollutant_confirmed"
"1302-0136","Lake Katonah",203010103,"Lower Hudson River","b","pond","IR5_impaired","secondary_contact_recreation","IR5_impaired_confirmed","phosphorus","yes","yes","impaired-pollutant_confirmed"
"1302-0136","Lake Katonah",203010103,"Lower Hudson River","b","pond","IR5_impaired","shellfishing","not-applicable","not-applicable","no","yes","not-applicable"
"1302-0136","Lake Katonah",203010103,"Lower Hudson River","b","pond","IR5_impaired","source_of_water_supply","not-applicable","not-applicable","no","yes","not-applicable"
"1302-0140","Lake Waccabuc",203010103,"Lower Hudson River","a","pond","IR5_impaired","epa_appended_listing","not-applicable","not-applicable","no","yes","not-applicable"
"1302-0140","Lake Waccabuc",203010103,"Lower Hudson River","a","pond","IR5_impaired","fishing","IR1_fully-supported_confirmed","nitrite","no","yes","fully-supported_confirmed"
"1302-0140","Lake Waccabuc",203010103,"Lower Hudson River","a","pond","IR5_impaired","primary_contact_recreation","IR5_impaired_confirmed","phosphorus","no","yes","impaired-pollutant_confirmed"
"1302-0140","Lake Waccabuc",203010103,"Lower Hudson River","a","pond","IR5_impaired","secondary_contact_recreation","IR5_impaired_confirmed","phosphorus","no","yes","impaired-pollutant_confirmed"
"1302-0140","Lake Waccabuc",203010103,"Lower Hudson River","a","pond","IR5_impaired","shellfishing","not-applicable","not-applicable","no","yes","not-applicable"
"1302-0140","Lake Waccabuc",203010103,"Lower Hudson River","a","pond","IR5_impaired","source_of_water_supply","IR5_impaired_confirmed","ammonia","no","yes","impaired-pollutant_confirmed"
"1302-0141","Lake Oscaleta, Lake Rippowam",203010103,"Lower Hudson River","b","pond","IR5_impaired","epa_appended_listing","not-applicable","not-applicable","no","yes","not-applicable"
"1302-0141","Lake Oscaleta, Lake Rippowam",203010103,"Lower Hudson River","b","pond","IR5_impaired","fishing","IR3_fully-supported_unconfirmed","nitrite","no","yes","fully-supported_unconfirmed"
"1302-0141","Lake Oscaleta, Lake Rippowam",203010103,"Lower Hudson River","b","pond","IR5_impaired","primary_contact_recreation","IR5_impaired_confirmed","phosphorus","no","yes","impaired-pollutant_confirmed"
"1302-0141","Lake Oscaleta, Lake Rippowam",203010103,"Lower Hudson River","b","pond","IR5_impaired","secondary_contact_recreation","IR5_impaired_confirmed","phosphorus","no","yes","impaired-pollutant_confirmed"
"1302-0141","Lake Oscaleta, Lake Rippowam",203010103,"Lower Hudson River","b","pond","IR5_impaired","shellfishing","not-applicable","not-applicable","no","yes","not-applicable"
"1302-0141","Lake Oscaleta, Lake Rippowam",203010103,"Lower Hudson River","b","pond","IR5_impaired","source_of_water_supply","not-applicable","not-applicable","no","yes","not-applicable"
"1302-0147","Howlands Lake",203010103,"Lower Hudson River","b","pond","IR5_impaired","epa_appended_listing","not-applicable","not-applicable","no","yes","not-applicable"
"1302-0147","Howlands Lake",203010103,"Lower Hudson River","b","pond","IR5_impaired","fishing","IR3_unassessed","ammonia","no","yes","unassessed"
"1302-0147","Howlands Lake",203010103,"Lower Hudson River","b","pond","IR5_impaired","primary_contact_recreation","IR5_impaired_confirmed","phosphorus","no","yes","impaired-pollutant_confirmed"
"1302-0147","Howlands Lake",203010103,"Lower Hudson River","b","pond","IR5_impaired","secondary_contact_recreation","IR5_impaired_confirmed","phosphorus","no","yes","impaired-pollutant_confirmed"
"1302-0147","Howlands Lake",203010103,"Lower Hudson River","b","pond","IR5_impaired","shellfishing","not-applicable","not-applicable","no","yes","not-applicable"
"1302-0147","Howlands Lake",203010103,"Lower Hudson River","b","pond","IR5_impaired","source_of_water_supply","not-applicable","not-applicable","no","yes","not-applicable"
"1302-0150","Teatown Lake",203010103,"Lower Hudson River","b","pond","IR5_impaired","epa_appended_listing","not-applicable","not-applicable","no","yes","not-applicable"
"1302-0150","Teatown Lake",203010103,"Lower Hudson River","b","pond","IR5_impaired","fishing","IR3_unassessed","No_Data","no","yes","unassessed"
"1302-0150","Teatown Lake",203010103,"Lower Hudson River","b","pond","IR5_impaired","primary_contact_recreation","IR3_unassessed","No_Data","no","yes","unassessed"
"1302-0150","Teatown Lake",203010103,"Lower Hudson River","b","pond","IR5_impaired","secondary_contact_recreation","IR5_impaired_confirmed","phosphorus","yes","no","unassessed"
"1302-0150","Teatown Lake",203010103,"Lower Hudson River","b","pond","IR5_impaired","shellfishing","not-applicable","not-applicable","no","yes","not-applicable"
"1302-0150","Teatown Lake",203010103,"Lower Hudson River","b","pond","IR5_impaired","source_of_water_supply","not-applicable","not-applicable","no","yes","not-applicable"
"1302-0151","Vernay Lake, Shadow Lake",203010103,"Lower Hudson River","b","pond","IR3_unassessed","epa_appended_listing","not-applicable","not-applicable","no","yes","not-applicable"
"1302-0151","Vernay Lake, Shadow Lake",203010103,"Lower Hudson River","b","pond","IR3_unassessed","fishing","IR3_unassessed","No_Data","no","yes","unassessed"
"1302-0151","Vernay Lake, Shadow Lake",203010103,"Lower Hudson River","b","pond","IR3_unassessed","primary_contact_recreation","IR3_unassessed","No_Data","no","yes","unassessed"
"1302-0151","Vernay Lake, Shadow Lake",203010103,"Lower Hudson River","b","pond","IR3_unassessed","secondary_contact_recreation","IR3_unassessed","No_Data","no","yes","unassessed"
"1302-0151","Vernay Lake, Shadow Lake",203010103,"Lower Hudson River","b","pond","IR3_unassessed","shellfishing","not-applicable","not-applicable","no","yes","not-applicable"
"1302-0151","Vernay Lake, Shadow Lake",203010103,"Lower Hudson River","b","pond","IR3_unassessed","source_of_water_supply","not-applicable","not-applicable","no","yes","not-applicable"
"1303-0021","Beaver Dam Lake",202000804,"Lower Hudson River","b","pond","IR5_impaired","epa_appended_listing","not-applicable","not-applicable","no","yes","not-applicable"
"1303-0021","Beaver Dam Lake",202000804,"Lower Hudson River","b","pond","IR5_impaired","fishing","IR3_unassessed","ammonia","no","yes","unassessed"
"1303-0021","Beaver Dam Lake",202000804,"Lower Hudson River","b","pond","IR5_impaired","primary_contact_recreation","IR5_impaired_confirmed","phosphorus","no","yes","impaired-pollutant_confirmed"
"1303-0021","Beaver Dam Lake",202000804,"Lower Hudson River","b","pond","IR5_impaired","secondary_contact_recreation","IR5_impaired_confirmed","phosphorus","no","yes","impaired-pollutant_confirmed"
"1303-0021","Beaver Dam Lake",202000804,"Lower Hudson River","b","pond","IR5_impaired","shellfishing","not-applicable","not-applicable","no","yes","not-applicable"
"1303-0021","Beaver Dam Lake",202000804,"Lower Hudson River","b","pond","IR5_impaired","source_of_water_supply","not-applicable","not-applicable","no","yes","not-applicable"
"1304-0001","Hillside Lake",202000803,"Lower Hudson River","b","pond","IR5_impaired","epa_appended_listing","not-applicable","not-applicable","no","yes","not-applicable"
"1304-0001","Hillside Lake",202000803,"Lower Hudson River","b","pond","IR5_impaired","fishing","IR3_unassessed","No_Data","no","yes","unassessed"
"1304-0001","Hillside Lake",202000803,"Lower Hudson River","b","pond","IR5_impaired","primary_contact_recreation","IR3_unassessed","No_Data","no","yes","unassessed"
"1304-0001","Hillside Lake",202000803,"Lower Hudson River","b","pond","IR5_impaired","secondary_contact_recreation","IR5_impaired_confirmed","phosphorus","yes","no","unassessed"
"1304-0001","Hillside Lake",202000803,"Lower Hudson River","b","pond","IR5_impaired","shellfishing","not-applicable","not-applicable","no","yes","not-applicable"
"1304-0001","Hillside Lake",202000803,"Lower Hudson River","b","pond","IR5_impaired","source_of_water_supply","not-applicable","not-applicable","no","yes","not-applicable"
"1304-0033","Whaley Lake, Little Whaley Lake",202000803,"Lower Hudson River","b","pond","IR3_unassessed","epa_appended_listing","not-applicable","not-applicable","no","yes","not-applicable"
"1304-0033","Whaley Lake, Little Whaley Lake",202000803,"Lower Hudson River","b","pond","IR3_unassessed","fishing","IR3_unassessed","No_Data","no","yes","unassessed"
"1304-0033","Whaley Lake, Little Whaley Lake",202000803,"Lower Hudson River","b","pond","IR3_unassessed","primary_contact_recreation","IR3_unassessed","No_Data","no","yes","unassessed"
"1304-0033","Whaley Lake, Little Whaley Lake",202000803,"Lower Hudson River","b","pond","IR3_unassessed","secondary_contact_recreation","IR3_unassessed","No_Data","no","yes","unassessed"
"1304-0033","Whaley Lake, Little Whaley Lake",202000803,"Lower Hudson River","b","pond","IR3_unassessed","shellfishing","not-applicable","not-applicable","no","yes","not-applicable"
"1304-0033","Whaley Lake, Little Whaley Lake",202000803,"Lower Hudson River","b","pond","IR3_unassessed","source_of_water_supply","not-applicable","not-applicable","no","yes","not-applicable"
"1305-0010","Thompson, Stissing, Mud/Twin Isl Ponds",202000802,"Lower Hudson River","b","pond","IR5_impaired","epa_appended_listing","not-applicable","not-applicable","no","yes","not-applicable"
"1305-0010","Thompson, Stissing, Mud/Twin Isl Ponds",202000802,"Lower Hudson River","b","pond","IR5_impaired","fishing","IR3_unassessed","ammonia","no","yes","unassessed"
"1305-0010","Thompson, Stissing, Mud/Twin Isl Ponds",202000802,"Lower Hudson River","b","pond","IR5_impaired","primary_contact_recreation","IR5_impaired_confirmed","phosphorus","no","yes","impaired-pollutant_confirmed"
"1305-0010","Thompson, Stissing, Mud/Twin Isl Ponds",202000802,"Lower Hudson River","b","pond","IR5_impaired","secondary_contact_recreation","IR5_impaired_confirmed","phosphorus","no","yes","impaired-pollutant_confirmed"
"1305-0010","Thompson, Stissing, Mud/Twin Isl Ponds",202000802,"Lower Hudson River","b","pond","IR5_impaired","shellfishing","not-applicable","not-applicable","no","yes","not-applicable"
"1305-0010","Thompson, Stissing, Mud/Twin Isl Ponds",202000802,"Lower Hudson River","b","pond","IR5_impaired","source_of_water_supply","not-applicable","not-applicable","no","yes","not-applicable"
"1306-0060","Shawangunk Lake/Highland Lake",202000703,"Lower Hudson River","aa","pond","IR3_needs-verification","epa_appended_listing","not-applicable","not-applicable","no","yes","not-applicable"
"1306-0060","Shawangunk Lake/Highland Lake",202000703,"Lower Hudson River","aa","pond","IR3_needs-verification","fishing","IR3_impaired_unconfirmed","dissolved_oxygen","no","yes","impaired_unconfirmed"
"1306-0060","Shawangunk Lake/Highland Lake",202000703,"Lower Hudson River","aa","pond","IR3_needs-verification","primary_contact_recreation","IR3_impaired_unconfirmed","dissolved_oxygen","no","yes","impaired_unconfirmed"
"1306-0060","Shawangunk Lake/Highland Lake",202000703,"Lower Hudson River","aa","pond","IR3_needs-verification","secondary_contact_recreation","IR3_impaired_unconfirmed","dissolved_oxygen","no","yes","impaired_unconfirmed"
"1306-0060","Shawangunk Lake/Highland Lake",202000703,"Lower Hudson River","aa","pond","IR3_needs-verification","shellfishing","not-applicable","not-applicable","no","yes","not-applicable"
"1306-0060","Shawangunk Lake/Highland Lake",202000703,"Lower Hudson River","aa","pond","IR3_needs-verification","source_of_water_supply","IR3_impaired_unconfirmed","dissolved_oxygen; iron; manganese","no","yes","impaired_unconfirmed"
"1306-0075","Monhagen Lake",202000704,"Lower Hudson River","aa","pond","IR3_needs-verification","epa_appended_listing","not-applicable","not-applicable","no","yes","not-applicable"
"1306-0075","Monhagen Lake",202000704,"Lower Hudson River","aa","pond","IR3_needs-verification","fishing","IR3_impaired_unconfirmed","dissolved_oxygen","no","yes","impaired_unconfirmed"
"1306-0075","Monhagen Lake",202000704,"Lower Hudson River","aa","pond","IR3_needs-verification","primary_contact_recreation","IR3_impaired_unconfirmed","dissolved_oxygen; phosphorus","no","yes","impaired_unconfirmed"
"1306-0075","Monhagen Lake",202000704,"Lower Hudson River","aa","pond","IR3_needs-verification","secondary_contact_recreation","IR3_impaired_unconfirmed","dissolved_oxygen; phosphorus","no","yes","impaired_unconfirmed"
"1306-0075","Monhagen Lake",202000704,"Lower Hudson River","aa","pond","IR3_needs-verification","shellfishing","not-applicable","not-applicable","no","yes","not-applicable"
"1306-0075","Monhagen Lake",202000704,"Lower Hudson River","aa","pond","IR3_needs-verification","source_of_water_supply","IR3_impaired_unconfirmed","dissolved_oxygen; iron; manganese","no","yes","impaired_unconfirmed"
"1306-0119","Upper Ulster Lake",202000705,"Lower Hudson River","b(t)","pond","IR5_impaired","epa_appended_listing","not-applicable","not-applicable","no","yes","not-applicable"
"1306-0119","Upper Ulster Lake",202000705,"Lower Hudson River","b(t)","pond","IR5_impaired","fishing","IR3_unassessed","ammonia","no","yes","unassessed"
"1306-0119","Upper Ulster Lake",202000705,"Lower Hudson River","b(t)","pond","IR5_impaired","primary_contact_recreation","IR5_impaired_confirmed","phosphorus","no","yes","impaired-pollutant_confirmed"
"1306-0119","Upper Ulster Lake",202000705,"Lower Hudson River","b(t)","pond","IR5_impaired","secondary_contact_recreation","IR5_impaired_confirmed","phosphorus","no","yes","impaired-pollutant_confirmed"
"1306-0119","Upper Ulster Lake",202000705,"Lower Hudson River","b(t)","pond","IR5_impaired","shellfishing","not-applicable","not-applicable","no","yes","not-applicable"
"1306-0119","Upper Ulster Lake",202000705,"Lower Hudson River","b(t)","pond","IR5_impaired","source_of_water_supply","not-applicable","not-applicable","no","yes","not-applicable"
"1308-0003","Robinson Pond",202000610,"Lower Hudson River","b(t)","pond","IR5_impaired","epa_appended_listing","not-applicable","not-applicable","no","yes","not-applicable"
"1308-0003","Robinson Pond",202000610,"Lower Hudson River","b(t)","pond","IR5_impaired","fishing","IR5_impaired_confirmed","nitrite","no","yes","impaired-pollutant_confirmed"
"1308-0003","Robinson Pond",202000610,"Lower Hudson River","b(t)","pond","IR5_impaired","primary_contact_recreation","IR5_impaired_confirmed","phosphorus","no","yes","impaired-pollutant_confirmed"
"1308-0003","Robinson Pond",202000610,"Lower Hudson River","b(t)","pond","IR5_impaired","secondary_contact_recreation","IR5_impaired_confirmed","phosphorus","yes","yes","impaired-pollutant_confirmed"
"1308-0003","Robinson Pond",202000610,"Lower Hudson River","b(t)","pond","IR5_impaired","shellfishing","not-applicable","not-applicable","no","yes","not-applicable"
"1308-0003","Robinson Pond",202000610,"Lower Hudson River","b(t)","pond","IR5_impaired","source_of_water_supply","not-applicable","not-applicable","no","yes","not-applicable"
"1308-0014","Lake Taghkanic",202000610,"Lower Hudson River","b(ts)","pond","IR3_unassessed","epa_appended_listing","not-applicable","not-applicable","no","yes","not-applicable"
"1308-0014","Lake Taghkanic",202000610,"Lower Hudson River","b(ts)","pond","IR3_unassessed","fishing","IR3_unassessed","No_Data","no","yes","unassessed"
"1308-0014","Lake Taghkanic",202000610,"Lower Hudson River","b(ts)","pond","IR3_unassessed","primary_contact_recreation","IR3_unassessed","No_Data","no","yes","unassessed"
"1308-0014","Lake Taghkanic",202000610,"Lower Hudson River","b(ts)","pond","IR3_unassessed","secondary_contact_recreation","IR3_unassessed","No_Data","no","yes","unassessed"
"1308-0014","Lake Taghkanic",202000610,"Lower Hudson River","b(ts)","pond","IR3_unassessed","shellfishing","not-applicable","not-applicable","no","yes","not-applicable"
"1308-0014","Lake Taghkanic",202000610,"Lower Hudson River","b(ts)","pond","IR3_unassessed","source_of_water_supply","not-applicable","not-applicable","no","yes","not-applicable"
"1308-0018","Long Pond, Lower/Upper Rhoda Ponds",202000610,"Lower Hudson River","b","pond","IR3_needs-verification","epa_appended_listing","not-applicable","not-applicable","no","yes","not-applicable"
"1308-0018","Long Pond, Lower/Upper Rhoda Ponds",202000610,"Lower Hudson River","b","pond","IR3_needs-verification","fishing","IR3_unassessed","ammonia","no","yes","unassessed"
"1308-0018","Long Pond, Lower/Upper Rhoda Ponds",202000610,"Lower Hudson River","b","pond","IR3_needs-verification","primary_contact_recreation","IR3_impaired_unconfirmed","phosphorus","no","yes","impaired_unconfirmed"
"1308-0018","Long Pond, Lower/Upper Rhoda Ponds",202000610,"Lower Hudson River","b","pond","IR3_needs-verification","secondary_contact_recreation","IR3_impaired_unconfirmed","phosphorus","no","yes","impaired_unconfirmed"
"1308-0018","Long Pond, Lower/Upper Rhoda Ponds",202000610,"Lower Hudson River","b","pond","IR3_needs-verification","shellfishing","not-applicable","not-applicable","no","yes","not-applicable"
"1308-0018","Long Pond, Lower/Upper Rhoda Ponds",202000610,"Lower Hudson River","b","pond","IR3_needs-verification","source_of_water_supply","not-applicable","not-applicable","no","yes","not-applicable"
"1308-0023","Shaver Pond",202000610,"Lower Hudson River","b","pond","IR3_unassessed","epa_appended_listing","not-applicable","not-applicable","no","yes","not-applicable"
"1308-0023","Shaver Pond",202000610,"Lower Hudson River","b","pond","IR3_unassessed","fishing","IR3_unassessed","No_Data","no","yes","unassessed"
"1308-0023","Shaver Pond",202000610,"Lower Hudson River","b","pond","IR3_unassessed","primary_contact_recreation","IR3_unassessed","No_Data","no","yes","unassessed"
"1308-0023","Shaver Pond",202000610,"Lower Hudson River","b","pond","IR3_unassessed","secondary_contact_recreation","IR3_unassessed","No_Data","no","yes","unassessed"
"1308-0023","Shaver Pond",202000610,"Lower Hudson River","b","pond","IR3_unassessed","shellfishing","not-applicable","not-applicable","no","yes","not-applicable"
"1308-0023","Shaver Pond",202000610,"Lower Hudson River","b","pond","IR3_unassessed","source_of_water_supply","not-applicable","not-applicable","no","yes","not-applicable"
"1309-0031","Myosotis Lake",202000608,"Lower Hudson River","a","pond","IR3_unassessed","epa_appended_listing","not-applicable","not-applicable","no","yes","not-applicable"
"1309-0031","Myosotis Lake",202000608,"Lower Hudson River","a","pond","IR3_unassessed","fishing","IR3_unassessed","No_Data","no","yes","unassessed"
"1309-0031","Myosotis Lake",202000608,"Lower Hudson River","a","pond","IR3_unassessed","primary_contact_recreation","IR3_unassessed","No_Data","no","yes","unassessed"
"1309-0031","Myosotis Lake",202000608,"Lower Hudson River","a","pond","IR3_unassessed","secondary_contact_recreation","IR3_unassessed","No_Data","no","yes","unassessed"
"1309-0031","Myosotis Lake",202000608,"Lower Hudson River","a","pond","IR3_unassessed","shellfishing","not-applicable","not-applicable","no","yes","not-applicable"
"1309-0031","Myosotis Lake",202000608,"Lower Hudson River","a","pond","IR3_unassessed","source_of_water_supply","IR3_unassessed","No_Data","no","yes","unassessed"
"1310-0001","Nassau Lake",202000606,"Lower Hudson River","b","pond","IR5_impaired","epa_appended_listing","not-applicable","not-applicable","no","yes","not-applicable"
"1310-0001","Nassau Lake",202000606,"Lower Hudson River","b","pond","IR5_impaired","fishing","IR5_impaired_confirmed","pcbs; phosphorus","yes","no","unassessed"
"1310-0001","Nassau Lake",202000606,"Lower Hudson River","b","pond","IR5_impaired","primary_contact_recreation","IR5_impaired_confirmed","phosphorus","no","yes","impaired-pollutant_confirmed"
"1310-0001","Nassau Lake",202000606,"Lower Hudson River","b","pond","IR5_impaired","secondary_contact_recreation","IR5_impaired_confirmed","pcbs; phosphorus","yes","yes","impaired-pollutant_confirmed"
"1310-0001","Nassau Lake",202000606,"Lower Hudson River","b","pond","IR5_impaired","secondary_contact_recreation","IR5_impaired_confirmed","pcbs; phosphorus","yes","no","unassessed"
"1310-0001","Nassau Lake",202000606,"Lower Hudson River","b","pond","IR5_impaired","shellfishing","not-applicable","not-applicable","no","yes","not-applicable"
"1310-0001","Nassau Lake",202000606,"Lower Hudson River","b","pond","IR5_impaired","source_of_water_supply","not-applicable","not-applicable","no","yes","not-applicable"
"1310-0002","Kinderhook Lake",202000606,"Lower Hudson River","b","pond","IR5_impaired","epa_appended_listing","not-applicable","not-applicable","no","yes","not-applicable"
"1310-0002","Kinderhook Lake",202000606,"Lower Hudson River","b","pond","IR5_impaired","fishing","IR5_impaired_confirmed","pcbs","yes","no","unassessed"
"1310-0002","Kinderhook Lake",202000606,"Lower Hudson River","b","pond","IR5_impaired","primary_contact_recreation","IR4a_impaired_confirmed","phosphorus","no","yes","impaired-tmdl_confirmed"
"1310-0002","Kinderhook Lake",202000606,"Lower Hudson River","b","pond","IR5_impaired","secondary_contact_recreation","IR5_impaired_confirmed","pcbs","yes","no","unassessed"
"1310-0002","Kinderhook Lake",202000606,"Lower Hudson River","b","pond","IR5_impaired","shellfishing","not-applicable","not-applicable","no","yes","not-applicable"
"1310-0002","Kinderhook Lake",202000606,"Lower Hudson River","b","pond","IR5_impaired","source_of_water_supply","not-applicable","not-applicable","no","yes","not-applicable"
"1310-0014","Copake Lake",202000605,"Lower Hudson River","b","pond","IR5_impaired","epa_appended_listing","not-applicable","not-applicable","no","yes","not-applicable"
"1310-0014","Copake Lake",202000605,"Lower Hudson River","b","pond","IR5_impaired","fishing","IR5_impaired_confirmed","dissolved_oxygen","yes","no","impaired_unconfirmed"
"1310-0014","Copake Lake",202000605,"Lower Hudson River","b","pond","IR5_impaired","primary_contact_recreation","IR3_impaired_unconfirmed","dissolved_oxygen; ph","no","yes","impaired_unconfirmed"
"1310-0014","Copake Lake",202000605,"Lower Hudson River","b","pond","IR5_impaired","secondary_contact_recreation","IR5_impaired_confirmed","dissolved_oxygen","yes","no","impaired_unconfirmed"
"1310-0014","Copake Lake",202000605,"Lower Hudson River","b","pond","IR5_impaired","shellfishing","not-applicable","not-applicable","no","yes","not-applicable"
"1310-0014","Copake Lake",202000605,"Lower Hudson River","b","pond","IR5_impaired","source_of_water_supply","not-applicable","not-applicable","no","yes","not-applicable"
"1310-0033","Queechy Lake",202000606,"Lower Hudson River","b(t)","pond","IR3_needs-verification","epa_appended_listing","not-applicable","not-applicable","no","yes","not-applicable"
"1310-0033","Queechy Lake",202000606,"Lower Hudson River","b(t)","pond","IR3_needs-verification","fishing","IR3_fully-supported_unconfirmed","nitrite","no","yes","fully-supported_unconfirmed"
"1310-0033","Queechy Lake",202000606,"Lower Hudson River","b(t)","pond","IR3_needs-verification","primary_contact_recreation","IR1_fully-supported_confirmed","phosphorus","no","yes","fully-supported_confirmed"
"1310-0033","Queechy Lake",202000606,"Lower Hudson River","b(t)","pond","IR3_needs-verification","secondary_contact_recreation","IR1_fully-supported_confirmed","phosphorus","no","yes","fully-supported_confirmed"
"1310-0033","Queechy Lake",202000606,"Lower Hudson River","b(t)","pond","IR3_needs-verification","shellfishing","not-applicable","not-applicable","no","yes","not-applicable"
"1310-0033","Queechy Lake",202000606,"Lower Hudson River","b(t)","pond","IR3_needs-verification","source_of_water_supply","not-applicable","not-applicable","no","yes","not-applicable"
"1310-0044","Round Pond",202000606,"Lower Hudson River","a","pond","IR2_some-uses-supported","epa_appended_listing","not-applicable","not-applicable","no","yes","not-applicable"
"1310-0044","Round Pond",202000606,"Lower Hudson River","a","pond","IR2_some-uses-supported","fishing","IR3_unassessed","ammonia","no","yes","unassessed"
"1310-0044","Round Pond",202000606,"Lower Hudson River","a","pond","IR2_some-uses-supported","primary_contact_recreation","IR1_fully-supported_confirmed","phosphorus","no","yes","fully-supported_confirmed"
"1310-0044","Round Pond",202000606,"Lower Hudson River","a","pond","IR2_some-uses-supported","secondary_contact_recreation","IR1_fully-supported_confirmed","phosphorus","no","yes","fully-supported_confirmed"
"1310-0044","Round Pond",202000606,"Lower Hudson River","a","pond","IR2_some-uses-supported","shellfishing","not-applicable","not-applicable","no","yes","not-applicable"
"1310-0044","Round Pond",202000606,"Lower Hudson River","a","pond","IR2_some-uses-supported","source_of_water_supply","IR1_stressed_confirmed","ammonia; chloride; nitrate_nitrite","no","yes","stressed_confirmed"
"1310-0045","Spring Lake",202000606,"Lower Hudson River","b","pond","IR2_some-uses-supported","epa_appended_listing","not-applicable","not-applicable","no","yes","not-applicable"
"1310-0045","Spring Lake",202000606,"Lower Hudson River","b","pond","IR2_some-uses-supported","fishing","IR3_unassessed","ammonia","no","yes","unassessed"
"1310-0045","Spring Lake",202000606,"Lower Hudson River","b","pond","IR2_some-uses-supported","primary_contact_recreation","IR1_fully-supported_confirmed","phosphorus","no","yes","fully-supported_confirmed"
"1310-0045","Spring Lake",202000606,"Lower Hudson River","b","pond","IR2_some-uses-supported","secondary_contact_recreation","IR1_fully-supported_confirmed","phosphorus","no","yes","fully-supported_confirmed"
"1310-0045","Spring Lake",202000606,"Lower Hudson River","b","pond","IR2_some-uses-supported","shellfishing","not-applicable","not-applicable","no","yes","not-applicable"
"1310-0045","Spring Lake",202000606,"Lower Hudson River","b","pond","IR2_some-uses-supported","source_of_water_supply","not-applicable","not-applicable","no","yes","not-applicable"
"1311-0006","Duane Lake",202000602,"Lower Hudson River","b","pond","IR5_impaired","epa_appended_listing","not-applicable","not-applicable","no","yes","not-applicable"
"1311-0006","Duane Lake",202000602,"Lower Hudson River","b","pond","IR5_impaired","fishing","IR3_fully-supported_unconfirmed","nitrite","no","yes","fully-supported_unconfirmed"
"1311-0006","Duane Lake",202000602,"Lower Hudson River","b","pond","IR5_impaired","primary_contact_recreation","IR5_impaired_confirmed","phosphorus","no","yes","impaired-pollutant_confirmed"
"1311-0006","Duane Lake",202000602,"Lower Hudson River","b","pond","IR5_impaired","secondary_contact_recreation","IR5_impaired_confirmed","phosphorus","yes","yes","impaired-pollutant_confirmed"
"1311-0006","Duane Lake",202000602,"Lower Hudson River","b","pond","IR5_impaired","shellfishing","not-applicable","not-applicable","no","yes","not-applicable"
"1311-0006","Duane Lake",202000602,"Lower Hudson River","b","pond","IR5_impaired","source_of_water_supply","not-applicable","not-applicable","no","yes","not-applicable"
"1311-0007","Thompsons Lake",202000602,"Lower Hudson River","a(t)","pond","IR3_unassessed","epa_appended_listing","not-applicable","not-applicable","no","yes","not-applicable"
"1311-0007","Thompsons Lake",202000602,"Lower Hudson River","a(t)","pond","IR3_unassessed","fishing","IR3_unassessed","No_Data","no","yes","unassessed"
"1311-0007","Thompsons Lake",202000602,"Lower Hudson River","a(t)","pond","IR3_unassessed","primary_contact_recreation","IR3_unassessed","No_Data","no","yes","unassessed"
"1311-0007","Thompsons Lake",202000602,"Lower Hudson River","a(t)","pond","IR3_unassessed","secondary_contact_recreation","IR3_unassessed","No_Data","no","yes","unassessed"
"1311-0007","Thompsons Lake",202000602,"Lower Hudson River","a(t)","pond","IR3_unassessed","shellfishing","not-applicable","not-applicable","no","yes","not-applicable"
"1311-0007","Thompsons Lake",202000602,"Lower Hudson River","a(t)","pond","IR3_unassessed","source_of_water_supply","IR3_unassessed","No_Data","no","yes","unassessed"
"1401-0058","Mountain Lake",204010401,"Delaware River","b","pond","IR3_needs-verification","epa_appended_listing","not-applicable","not-applicable","no","yes","not-applicable"
"1401-0058","Mountain Lake",204010401,"Delaware River","b","pond","IR3_needs-verification","fishing","IR3_impaired_unconfirmed","dissolved_oxygen","no","yes","impaired_unconfirmed"
"1401-0058","Mountain Lake",204010401,"Delaware River","b","pond","IR3_needs-verification","primary_contact_recreation","IR3_impaired_unconfirmed","dissolved_oxygen; phosphorus","no","yes","impaired_unconfirmed"
"1401-0058","Mountain Lake",204010401,"Delaware River","b","pond","IR3_needs-verification","secondary_contact_recreation","IR3_impaired_unconfirmed","dissolved_oxygen; phosphorus","no","yes","impaired_unconfirmed"
"1401-0058","Mountain Lake",204010401,"Delaware River","b","pond","IR3_needs-verification","shellfishing","not-applicable","not-applicable","no","yes","not-applicable"
"1401-0058","Mountain Lake",204010401,"Delaware River","b","pond","IR3_needs-verification","source_of_water_supply","not-applicable","not-applicable","no","yes","not-applicable"
"1401-0079","Lochada Lake",204010405,"Delaware River","b","pond","IR3_unassessed","epa_appended_listing","not-applicable","not-applicable","no","yes","not-applicable"
"1401-0079","Lochada Lake",204010405,"Delaware River","b","pond","IR3_unassessed","fishing","IR3_unassessed","No_Data","no","yes","unassessed"
"1401-0079","Lochada Lake",204010405,"Delaware River","b","pond","IR3_unassessed","primary_contact_recreation","IR3_unassessed","No_Data","no","yes","unassessed"
"1401-0079","Lochada Lake",204010405,"Delaware River","b","pond","IR3_unassessed","secondary_contact_recreation","IR3_unassessed","No_Data","no","yes","unassessed"
"1401-0079","Lochada Lake",204010405,"Delaware River","b","pond","IR3_unassessed","shellfishing","not-applicable","not-applicable","no","yes","not-applicable"
"1401-0079","Lochada Lake",204010405,"Delaware River","b","pond","IR3_unassessed","source_of_water_supply","not-applicable","not-applicable","no","yes","not-applicable"
"1401-0080","Lake Devenogue/Upper Highland Lake",204010405,"Delaware River","b","pond","IR2_some-uses-supported","epa_appended_listing","not-applicable","not-applicable","no","yes","not-applicable"
"1401-0080","Lake Devenogue/Upper Highland Lake",204010405,"Delaware River","b","pond","IR2_some-uses-supported","fishing","IR3_unassessed","ammonia","no","yes","unassessed"
"1401-0080","Lake Devenogue/Upper Highland Lake",204010405,"Delaware River","b","pond","IR2_some-uses-supported","primary_contact_recreation","IR1_fully-supported_confirmed","phosphorus","no","yes","fully-supported_confirmed"
"1401-0080","Lake Devenogue/Upper Highland Lake",204010405,"Delaware River","b","pond","IR2_some-uses-supported","secondary_contact_recreation","IR1_fully-supported_confirmed","phosphorus","no","yes","fully-supported_confirmed"
"1401-0080","Lake Devenogue/Upper Highland Lake",204010405,"Delaware River","b","pond","IR2_some-uses-supported","shellfishing","not-applicable","not-applicable","no","yes","not-applicable"
"1401-0080","Lake Devenogue/Upper Highland Lake",204010405,"Delaware River","b","pond","IR2_some-uses-supported","source_of_water_supply","not-applicable","not-applicable","no","yes","not-applicable"
"1401-0091","Bodine, Montgomery Lakes",204010405,"Delaware River","b","pond","IR5_impaired","epa_appended_listing","not-applicable","not-applicable","no","yes","not-applicable"
"1401-0091","Bodine, Montgomery Lakes",204010405,"Delaware River","b","pond","IR5_impaired","fishing","IR3_unassessed","ammonia","no","yes","unassessed"
"1401-0091","Bodine, Montgomery Lakes",204010405,"Delaware River","b","pond","IR5_impaired","primary_contact_recreation","IR3_impaired_unconfirmed","phosphorus","no","yes","impaired_unconfirmed"
"1401-0091","Bodine, Montgomery Lakes",204010405,"Delaware River","b","pond","IR5_impaired","secondary_contact_recreation","IR5_impaired_confirmed","phosphorus","yes","no","impaired_unconfirmed"
"1401-0091","Bodine, Montgomery Lakes",204010405,"Delaware River","b","pond","IR5_impaired","shellfishing","not-applicable","not-applicable","no","yes","not-applicable"
"1401-0091","Bodine, Montgomery Lakes",204010405,"Delaware River","b","pond","IR5_impaired","source_of_water_supply","not-applicable","not-applicable","no","yes","not-applicable"
"1401-0099","York Lake",204010106,"Delaware River","b","pond","IR3_unassessed","epa_appended_listing","not-applicable","not-applicable","no","yes","not-applicable"
"1401-0099","York Lake",204010106,"Delaware River","b","pond","IR3_unassessed","fishing","IR3_unassessed","No_Data","no","yes","unassessed"
"1401-0099","York Lake",204010106,"Delaware River","b","pond","IR3_unassessed","primary_contact_recreation","IR3_unassessed","No_Data","no","yes","unassessed"
"1401-0099","York Lake",204010106,"Delaware River","b","pond","IR3_unassessed","secondary_contact_recreation","IR3_unassessed","No_Data","no","yes","unassessed"
"1401-0099","York Lake",204010106,"Delaware River","b","pond","IR3_unassessed","shellfishing","not-applicable","not-applicable","no","yes","not-applicable"
"1401-0099","York Lake",204010106,"Delaware River","b","pond","IR3_unassessed","source_of_water_supply","not-applicable","not-applicable","no","yes","not-applicable"
"1401-0124","Stump Pond",204010105,"Delaware River","b(t)","pond","IR5_impaired","epa_appended_listing","not-applicable","not-applicable","no","yes","not-applicable"
"1401-0124","Stump Pond",204010105,"Delaware River","b(t)","pond","IR5_impaired","fishing","IR3_unassessed","ammonia","no","yes","unassessed"
"1401-0124","Stump Pond",204010105,"Delaware River","b(t)","pond","IR5_impaired","primary_contact_recreation","IR5_impaired_confirmed","phosphorus","no","yes","impaired-pollutant_confirmed"
"1401-0124","Stump Pond",204010105,"Delaware River","b(t)","pond","IR5_impaired","secondary_contact_recreation","IR5_impaired_confirmed","phosphorus","no","yes","impaired-pollutant_confirmed"
"1401-0124","Stump Pond",204010105,"Delaware River","b(t)","pond","IR5_impaired","shellfishing","not-applicable","not-applicable","no","yes","not-applicable"
"1401-0124","Stump Pond",204010105,"Delaware River","b(t)","pond","IR5_impaired","source_of_water_supply","not-applicable","not-applicable","no","yes","not-applicable"
"1401-0129","Anawanda Lake/Low Pond",204010105,"Delaware River","b(t)","pond","IR2_some-uses-supported","epa_appended_listing","not-applicable","not-applicable","no","yes","not-applicable"
"1401-0129","Anawanda Lake/Low Pond",204010105,"Delaware River","b(t)","pond","IR2_some-uses-supported","fishing","IR3_unassessed","ammonia","no","yes","unassessed"
"1401-0129","Anawanda Lake/Low Pond",204010105,"Delaware River","b(t)","pond","IR2_some-uses-supported","primary_contact_recreation","IR1_fully-supported_confirmed","phosphorus","no","yes","fully-supported_confirmed"
"1401-0129","Anawanda Lake/Low Pond",204010105,"Delaware River","b(t)","pond","IR2_some-uses-supported","secondary_contact_recreation","IR1_fully-supported_confirmed","phosphorus","no","yes","fully-supported_confirmed"
"1401-0129","Anawanda Lake/Low Pond",204010105,"Delaware River","b(t)","pond","IR2_some-uses-supported","shellfishing","not-applicable","not-applicable","no","yes","not-applicable"
"1401-0129","Anawanda Lake/Low Pond",204010105,"Delaware River","b(t)","pond","IR2_some-uses-supported","source_of_water_supply","not-applicable","not-applicable","no","yes","not-applicable"
"1401-0141","Somerset Lake",204010104,"Delaware River","b","pond","IR1_fully-supported","epa_appended_listing","not-applicable","not-applicable","no","yes","not-applicable"
"1401-0141","Somerset Lake",204010104,"Delaware River","b","pond","IR1_fully-supported","fishing","IR1_fully-supported_confirmed","nitrite","no","yes","fully-supported_confirmed"
"1401-0141","Somerset Lake",204010104,"Delaware River","b","pond","IR1_fully-supported","primary_contact_recreation","IR1_fully-supported_confirmed","phosphorus","no","yes","fully-supported_confirmed"
"1401-0141","Somerset Lake",204010104,"Delaware River","b","pond","IR1_fully-supported","secondary_contact_recreation","IR1_fully-supported_confirmed","phosphorus","no","yes","fully-supported_confirmed"
"1401-0141","Somerset Lake",204010104,"Delaware River","b","pond","IR1_fully-supported","shellfishing","not-applicable","not-applicable","no","yes","not-applicable"
"1401-0141","Somerset Lake",204010104,"Delaware River","b","pond","IR1_fully-supported","source_of_water_supply","not-applicable","not-applicable","no","yes","not-applicable"
"1402-0031","Guymard/Guymaer Lake",204010403,"Delaware River","b","pond","IR5_impaired","epa_appended_listing","not-applicable","not-applicable","no","yes","not-applicable"
"1402-0031","Guymard/Guymaer Lake",204010403,"Delaware River","b","pond","IR5_impaired","fishing","IR3_fully-supported_unconfirmed","dissolved_oxygen; nitrite; ph","no","yes","fully-supported_unconfirmed"
"1402-0031","Guymard/Guymaer Lake",204010403,"Delaware River","b","pond","IR5_impaired","primary_contact_recreation","IR5_impaired_confirmed","phosphorus","no","yes","impaired-pollutant_confirmed"
"1402-0031","Guymard/Guymaer Lake",204010403,"Delaware River","b","pond","IR5_impaired","secondary_contact_recreation","IR5_impaired_confirmed","phosphorus","no","yes","impaired-pollutant_confirmed"
"1402-0031","Guymard/Guymaer Lake",204010403,"Delaware River","b","pond","IR5_impaired","shellfishing","not-applicable","not-applicable","no","yes","not-applicable"
"1402-0031","Guymard/Guymaer Lake",204010403,"Delaware River","b","pond","IR5_impaired","source_of_water_supply","not-applicable","not-applicable","no","yes","not-applicable"
"1402-0035","Yankee Reservoir",204010402,"Delaware River","b","pond","IR3_needs-verification","epa_appended_listing","not-applicable","not-applicable","no","yes","not-applicable"
"1402-0035","Yankee Reservoir",204010402,"Delaware River","b","pond","IR3_needs-verification","fishing","IR3_unassessed","ammonia","no","yes","unassessed"
"1402-0035","Yankee Reservoir",204010402,"Delaware River","b","pond","IR3_needs-verification","primary_contact_recreation","IR3_impaired_unconfirmed","phosphorus","no","yes","impaired_unconfirmed"
"1402-0035","Yankee Reservoir",204010402,"Delaware River","b","pond","IR3_needs-verification","secondary_contact_recreation","IR3_impaired_unconfirmed","phosphorus","no","yes","impaired_unconfirmed"
"1402-0035","Yankee Reservoir",204010402,"Delaware River","b","pond","IR3_needs-verification","shellfishing","not-applicable","not-applicable","no","yes","not-applicable"
"1402-0035","Yankee Reservoir",204010402,"Delaware River","b","pond","IR3_needs-verification","source_of_water_supply","not-applicable","not-applicable","no","yes","not-applicable"
"1402-0045","Wolf Reservoir",204010403,"Delaware River","b","pond","IR5_impaired","epa_appended_listing","not-applicable","not-applicable","no","yes","not-applicable"
"1402-0045","Wolf Reservoir",204010403,"Delaware River","b","pond","IR5_impaired","fishing","IR5_impaired_confirmed","ph","yes","no","fully-supported_unconfirmed"
"1402-0045","Wolf Reservoir",204010403,"Delaware River","b","pond","IR5_impaired","primary_contact_recreation","IR5_impaired_confirmed","phosphorus","no","yes","impaired-pollutant_confirmed"
"1402-0045","Wolf Reservoir",204010403,"Delaware River","b","pond","IR5_impaired","secondary_contact_recreation","IR5_impaired_confirmed","phosphorus","no","yes","impaired-pollutant_confirmed"
"1402-0045","Wolf Reservoir",204010403,"Delaware River","b","pond","IR5_impaired","shellfishing","not-applicable","not-applicable","no","yes","not-applicable"
"1402-0045","Wolf Reservoir",204010403,"Delaware River","b","pond","IR5_impaired","source_of_water_supply","not-applicable","not-applicable","no","yes","not-applicable"
"1402-0055","Pleasure Lake",204010403,"Delaware River","b","pond","IR5_impaired","epa_appended_listing","not-applicable","not-applicable","no","yes","not-applicable"
"1402-0055","Pleasure Lake",204010403,"Delaware River","b","pond","IR5_impaired","fishing","IR3_unassessed","ammonia","no","yes","unassessed"
"1402-0055","Pleasure Lake",204010403,"Delaware River","b","pond","IR5_impaired","primary_contact_recreation","IR5_impaired_confirmed","phosphorus","yes","yes","impaired-pollutant_confirmed"
"1402-0055","Pleasure Lake",204010403,"Delaware River","b","pond","IR5_impaired","secondary_contact_recreation","IR5_impaired_confirmed","phosphorus","no","yes","impaired-pollutant_confirmed"
"1402-0055","Pleasure Lake",204010403,"Delaware River","b","pond","IR5_impaired","shellfishing","not-applicable","not-applicable","no","yes","not-applicable"
"1402-0055","Pleasure Lake",204010403,"Delaware River","b","pond","IR5_impaired","source_of_water_supply","not-applicable","not-applicable","no","yes","not-applicable"
"1402-0059","Wanaksink Lake/Lords Reservoir",204010403,"Delaware River","b","pond","IR3_unassessed","epa_appended_listing","not-applicable","not-applicable","no","yes","not-applicable"
"1402-0059","Wanaksink Lake/Lords Reservoir",204010403,"Delaware River","b","pond","IR3_unassessed","fishing","IR3_unassessed","No_Data","no","yes","unassessed"
"1402-0059","Wanaksink Lake/Lords Reservoir",204010403,"Delaware River","b","pond","IR3_unassessed","primary_contact_recreation","IR3_unassessed","No_Data","no","yes","unassessed"
"1402-0059","Wanaksink Lake/Lords Reservoir",204010403,"Delaware River","b","pond","IR3_unassessed","secondary_contact_recreation","IR3_unassessed","No_Data","no","yes","unassessed"
"1402-0059","Wanaksink Lake/Lords Reservoir",204010403,"Delaware River","b","pond","IR3_unassessed","shellfishing","not-applicable","not-applicable","no","yes","not-applicable"
"1402-0059","Wanaksink Lake/Lords Reservoir",204010403,"Delaware River","b","pond","IR3_unassessed","source_of_water_supply","not-applicable","not-applicable","no","yes","not-applicable"
"1404-0032","Oquaga Lake",204010103,"Delaware River","aa","pond","IR3_needs-verification","epa_appended_listing","not-applicable","not-applicable","no","yes","not-applicable"
"1404-0032","Oquaga Lake",204010103,"Delaware River","aa","pond","IR3_needs-verification","fishing","IR3_unassessed","ammonia","no","yes","unassessed"
"1404-0032","Oquaga Lake",204010103,"Delaware River","aa","pond","IR3_needs-verification","primary_contact_recreation","IR1_fully-supported_confirmed","phosphorus","no","yes","fully-supported_confirmed"
"1404-0032","Oquaga Lake",204010103,"Delaware River","aa","pond","IR3_needs-verification","secondary_contact_recreation","IR1_fully-supported_confirmed","phosphorus","no","yes","fully-supported_confirmed"
"1404-0032","Oquaga Lake",204010103,"Delaware River","aa","pond","IR3_needs-verification","shellfishing","not-applicable","not-applicable","no","yes","not-applicable"
"1404-0032","Oquaga Lake",204010103,"Delaware River","aa","pond","IR3_needs-verification","source_of_water_supply","IR3_fully-supported_unconfirmed","arsenic","no","yes","fully-supported_unconfirmed"
"1404-0033","Blueberry, Laurel Lakes",204010103,"Delaware River","b","pond","IR5_impaired","epa_appended_listing","not-applicable","not-applicable","no","yes","not-applicable"
"1404-0033","Blueberry, Laurel Lakes",204010103,"Delaware River","b","pond","IR5_impaired","fishing","IR3_fully-supported_unconfirmed","nitrite","no","yes","fully-supported_unconfirmed"
"1404-0033","Blueberry, Laurel Lakes",204010103,"Delaware River","b","pond","IR5_impaired","primary_contact_recreation","IR5_impaired_confirmed","phosphorus","yes","yes","impaired-pollutant_confirmed"
"1404-0033","Blueberry, Laurel Lakes",204010103,"Delaware River","b","pond","IR5_impaired","secondary_contact_recreation","IR5_impaired_confirmed","phosphorus","yes","yes","impaired-pollutant_confirmed"
"1404-0033","Blueberry, Laurel Lakes",204010103,"Delaware River","b","pond","IR5_impaired","shellfishing","not-applicable","not-applicable","no","yes","not-applicable"
"1404-0033","Blueberry, Laurel Lakes",204010103,"Delaware River","b","pond","IR5_impaired","source_of_water_supply","not-applicable","not-applicable","no","yes","not-applicable"
"1404-0038","Fly Pond, Deer Lake, Sky Lake",204010103,"Delaware River","b","pond","IR5_impaired","epa_appended_listing","not-applicable","not-applicable","no","yes","not-applicable"
"1404-0038","Fly Pond, Deer Lake, Sky Lake",204010103,"Delaware River","b","pond","IR5_impaired","fishing","IR3_unassessed","ammonia","no","yes","unassessed"
"1404-0038","Fly Pond, Deer Lake, Sky Lake",204010103,"Delaware River","b","pond","IR5_impaired","primary_contact_recreation","IR5_impaired_confirmed","phosphorus","yes","yes","impaired-pollutant_confirmed"
"1404-0038","Fly Pond, Deer Lake, Sky Lake",204010103,"Delaware River","b","pond","IR5_impaired","secondary_contact_recreation","IR5_impaired_confirmed","phosphorus","yes","yes","impaired-pollutant_confirmed"
"1404-0038","Fly Pond, Deer Lake, Sky Lake",204010103,"Delaware River","b","pond","IR5_impaired","shellfishing","not-applicable","not-applicable","no","yes","not-applicable"
"1404-0038","Fly Pond, Deer Lake, Sky Lake",204010103,"Delaware River","b","pond","IR5_impaired","source_of_water_supply","not-applicable","not-applicable","no","yes","not-applicable"
"1501-0017","Lake Lucille",203010309,"Hackensack-Ramapo Rivers","b","pond","IR5_impaired","epa_appended_listing","not-applicable","not-applicable","no","yes","not-applicable"
"1501-0017","Lake Lucille",203010309,"Hackensack-Ramapo Rivers","b","pond","IR5_impaired","fishing","IR3_unassessed","ammonia","no","yes","unassessed"
"1501-0017","Lake Lucille",203010309,"Hackensack-Ramapo Rivers","b","pond","IR5_impaired","primary_contact_recreation","IR5_impaired_confirmed","phosphorus","no","yes","impaired-pollutant_confirmed"
"1501-0017","Lake Lucille",203010309,"Hackensack-Ramapo Rivers","b","pond","IR5_impaired","secondary_contact_recreation","IR5_impaired_confirmed","phosphorus","no","yes","impaired-pollutant_confirmed"
"1501-0017","Lake Lucille",203010309,"Hackensack-Ramapo Rivers","b","pond","IR5_impaired","shellfishing","not-applicable","not-applicable","no","yes","not-applicable"
"1501-0017","Lake Lucille",203010309,"Hackensack-Ramapo Rivers","b","pond","IR5_impaired","source_of_water_supply","not-applicable","not-applicable","no","yes","not-applicable"
"1501-0049","We Wah Lake",203010302,"Hackensack-Ramapo Rivers","b","pond","IR5_impaired","epa_appended_listing","not-applicable","not-applicable","no","yes","not-applicable"
"1501-0049","We Wah Lake",203010302,"Hackensack-Ramapo Rivers","b","pond","IR5_impaired","fishing","IR3_unassessed","ammonia","no","yes","unassessed"
"1501-0049","We Wah Lake",203010302,"Hackensack-Ramapo Rivers","b","pond","IR5_impaired","primary_contact_recreation","IR5_impaired_confirmed","phosphorus","no","yes","impaired-pollutant_confirmed"
"1501-0049","We Wah Lake",203010302,"Hackensack-Ramapo Rivers","b","pond","IR5_impaired","secondary_contact_recreation","IR5_impaired_confirmed","phosphorus","no","yes","impaired-pollutant_confirmed"
"1501-0049","We Wah Lake",203010302,"Hackensack-Ramapo Rivers","b","pond","IR5_impaired","shellfishing","not-applicable","not-applicable","no","yes","not-applicable"
"1501-0049","We Wah Lake",203010302,"Hackensack-Ramapo Rivers","b","pond","IR5_impaired","source_of_water_supply","not-applicable","not-applicable","no","yes","not-applicable"
"1501-0050","Tuxedo Lake",203010302,"Hackensack-Ramapo Rivers","aa(t)","pond","IR5_impaired","epa_appended_listing","not-applicable","not-applicable","no","yes","not-applicable"
"1501-0050","Tuxedo Lake",203010302,"Hackensack-Ramapo Rivers","aa(t)","pond","IR5_impaired","fishing","IR3_unassessed","ammonia","no","yes","unassessed"
"1501-0050","Tuxedo Lake",203010302,"Hackensack-Ramapo Rivers","aa(t)","pond","IR5_impaired","primary_contact_recreation","IR5_impaired_confirmed","phosphorus","no","yes","impaired-pollutant_confirmed"
"1501-0050","Tuxedo Lake",203010302,"Hackensack-Ramapo Rivers","aa(t)","pond","IR5_impaired","secondary_contact_recreation","IR5_impaired_confirmed","phosphorus","no","yes","impaired-pollutant_confirmed"
"1501-0050","Tuxedo Lake",203010302,"Hackensack-Ramapo Rivers","aa(t)","pond","IR5_impaired","shellfishing","not-applicable","not-applicable","no","yes","not-applicable"
"1501-0050","Tuxedo Lake",203010302,"Hackensack-Ramapo Rivers","aa(t)","pond","IR5_impaired","source_of_water_supply","IR3_fully-supported_unconfirmed","arsenic","no","yes","fully-supported_unconfirmed"
"1501-0063","Round Lake",203010302,"Hackensack-Ramapo Rivers","b","pond","IR3_needs-verification","epa_appended_listing","not-applicable","not-applicable","no","yes","not-applicable"
"1501-0063","Round Lake",203010302,"Hackensack-Ramapo Rivers","b","pond","IR3_needs-verification","fishing","IR3_unassessed","ammonia","no","yes","unassessed"
"1501-0063","Round Lake",203010302,"Hackensack-Ramapo Rivers","b","pond","IR3_needs-verification","primary_contact_recreation","IR3_fully-supported_unconfirmed","phosphorus","no","yes","fully-supported_unconfirmed"
"1501-0063","Round Lake",203010302,"Hackensack-Ramapo Rivers","b","pond","IR3_needs-verification","secondary_contact_recreation","IR3_fully-supported_unconfirmed","phosphorus","no","yes","fully-supported_unconfirmed"
"1501-0063","Round Lake",203010302,"Hackensack-Ramapo Rivers","b","pond","IR3_needs-verification","shellfishing","not-applicable","not-applicable","no","yes","not-applicable"
"1501-0063","Round Lake",203010302,"Hackensack-Ramapo Rivers","b","pond","IR3_needs-verification","source_of_water_supply","not-applicable","not-applicable","no","yes","not-applicable"
"1701-0018","Canaan Lake",203020203,"Atlantic-Long Island Sound","b(t)","pond","IR5_impaired","epa_appended_listing","not-applicable","not-applicable","no","yes","not-applicable"
"1701-0018","Canaan Lake",203020203,"Atlantic-Long Island Sound","b(t)","pond","IR5_impaired","fishing","IR3_impaired_unconfirmed","dissolved_oxygen; nitrite; ph","no","yes","impaired_unconfirmed"
"1701-0018","Canaan Lake",203020203,"Atlantic-Long Island Sound","b(t)","pond","IR5_impaired","primary_contact_recreation","IR5_impaired_confirmed","phosphorus","yes","no","impaired_unconfirmed"
"1701-0018","Canaan Lake",203020203,"Atlantic-Long Island Sound","b(t)","pond","IR5_impaired","secondary_contact_recreation","IR5_impaired_confirmed","silt_sediment","yes","no","unassessed"
"1701-0018","Canaan Lake",203020203,"Atlantic-Long Island Sound","b(t)","pond","IR5_impaired","shellfishing","not-applicable","not-applicable","no","yes","not-applicable"
"1701-0018","Canaan Lake",203020203,"Atlantic-Long Island Sound","b(t)","pond","IR5_impaired","source_of_water_supply","not-applicable","not-applicable","no","yes","not-applicable"
"1701-0125","Big/Little Fresh Ponds",203020205,"Atlantic-Long Island Sound","b","pond","IR5_impaired","epa_appended_listing","not-applicable","not-applicable","no","yes","not-applicable"
"1701-0125","Big/Little Fresh Ponds",203020205,"Atlantic-Long Island Sound","b","pond","IR5_impaired","fishing","IR1_fully-supported_confirmed","nitrite","no","yes","fully-supported_confirmed"
"1701-0125","Big/Little Fresh Ponds",203020205,"Atlantic-Long Island Sound","b","pond","IR5_impaired","primary_contact_recreation","IR5_impaired_confirmed","phosphorus","no","yes","impaired-pollutant_confirmed"
"1701-0125","Big/Little Fresh Ponds",203020205,"Atlantic-Long Island Sound","b","pond","IR5_impaired","secondary_contact_recreation","IR5_impaired_confirmed","phosphorus","yes","yes","impaired-pollutant_confirmed"
"1701-0125","Big/Little Fresh Ponds",203020205,"Atlantic-Long Island Sound","b","pond","IR5_impaired","shellfishing","not-applicable","not-applicable","no","yes","not-applicable"
"1701-0125","Big/Little Fresh Ponds",203020205,"Atlantic-Long Island Sound","b","pond","IR5_impaired","source_of_water_supply","not-applicable","not-applicable","no","yes","not-applicable"
"1701-0241","Fresh Pond",203020207,"Atlantic-Long Island Sound","c","pond","IR5_impaired","epa_appended_listing","not-applicable","not-applicable","no","yes","not-applicable"
"1701-0241","Fresh Pond",203020207,"Atlantic-Long Island Sound","c","pond","IR5_impaired","fishing","IR3_unassessed","ammonia","no","yes","unassessed"
"1701-0241","Fresh Pond",203020207,"Atlantic-Long Island Sound","c","pond","IR5_impaired","primary_contact_recreation","not-applicable","not-applicable","no","yes","not-applicable"
"1701-0241","Fresh Pond",203020207,"Atlantic-Long Island Sound","c","pond","IR5_impaired","secondary_contact_recreation","IR5_impaired_confirmed","phosphorus","yes","no","unassessed"
"1701-0241","Fresh Pond",203020207,"Atlantic-Long Island Sound","c","pond","IR5_impaired","shellfishing","not-applicable","not-applicable","no","yes","not-applicable"
"1701-0241","Fresh Pond",203020207,"Atlantic-Long Island Sound","c","pond","IR5_impaired","source_of_water_supply","not-applicable","not-applicable","no","yes","not-applicable"
"1701-0353","Long, Crooked, Little Long Ponds",203020207,"Atlantic-Long Island Sound","c","pond","IR3_unassessed","epa_appended_listing","not-applicable","not-applicable","no","yes","not-applicable"
"1701-0353","Long, Crooked, Little Long Ponds",203020207,"Atlantic-Long Island Sound","c","pond","IR3_unassessed","fishing","IR3_unassessed","ammonia","no","yes","unassessed"
"1701-0353","Long, Crooked, Little Long Ponds",203020207,"Atlantic-Long Island Sound","c","pond","IR3_unassessed","primary_contact_recreation","not-applicable","not-applicable","no","yes","not-applicable"
"1701-0353","Long, Crooked, Little Long Ponds",203020207,"Atlantic-Long Island Sound","c","pond","IR3_unassessed","secondary_contact_recreation","not-applicable","not-applicable","no","yes","not-applicable"
"1701-0353","Long, Crooked, Little Long Ponds",203020207,"Atlantic-Long Island Sound","c","pond","IR3_unassessed","shellfishing","not-applicable","not-applicable","no","yes","not-applicable"
"1701-0353","Long, Crooked, Little Long Ponds",203020207,"Atlantic-Long Island Sound","c","pond","IR3_unassessed","source_of_water_supply","not-applicable","not-applicable","no","yes","not-applicable"
"1701-0357","Grasmere Lake/Bradys Pond",203010404,"Atlantic-Long Island Sound","b","pond","IR5_impaired","epa_appended_listing","not-applicable","not-applicable","no","yes","not-applicable"
"1701-0357","Grasmere Lake/Bradys Pond",203010404,"Atlantic-Long Island Sound","b","pond","IR5_impaired","fishing","IR3_unassessed","No_Data","no","yes","unassessed"
"1701-0357","Grasmere Lake/Bradys Pond",203010404,"Atlantic-Long Island Sound","b","pond","IR5_impaired","primary_contact_recreation","IR5_impaired_confirmed","phosphorus","yes","no","unassessed"
"1701-0357","Grasmere Lake/Bradys Pond",203010404,"Atlantic-Long Island Sound","b","pond","IR5_impaired","secondary_contact_recreation","IR5_impaired_confirmed","phosphorus","yes","no","unassessed"
"1701-0357","Grasmere Lake/Bradys Pond",203010404,"Atlantic-Long Island Sound","b","pond","IR5_impaired","shellfishing","not-applicable","not-applicable","no","yes","not-applicable"
"1701-0357","Grasmere Lake/Bradys Pond",203010404,"Atlantic-Long Island Sound","b","pond","IR5_impaired","source_of_water_supply","not-applicable","not-applicable","no","yes","not-applicable"
