seg_id,within_period,use,type,parameter,fraction,units,n_samples_collected,n_years_sampled,n_exceedances,n_years_w_exceedances,n_no_result_value_provided,n_threshold_data_absent,notes
0101-0030,FALSE,fishing,aquatic_chronic,ammonia,total,ug/l,4,2,0,0,0,4,none
0101-0030,FALSE,secondary_contact_recreation,recreation,phosphorus,total,ug/l,5,2,2,2,0,0,none
0101-0030,FALSE,primary_contact_recreation,recreation,phosphorus,total,ug/l,5,2,2,2,0,0,none
0101-0038,FALSE,fishing,aquatic_chronic,ammonia,total,ug/l,5,2,0,0,0,5,none
0101-0038,FALSE,secondary_contact_recreation,recreation,phosphorus,total,ug/l,5,2,2,2,0,0,none
0101-0038,FALSE,primary_contact_recreation,recreation,phosphorus,total,ug/l,5,2,2,2,0,0,none
0101-0038,TRUE,fishing,aquatic_chronic,ammonia,total,ug/l,2,1,0,0,0,2,none
0101-0038,TRUE,fishing,aquatic_chronic,nitrite,total,ug/l,2,1,0,0,0,0,none
0101-0038,TRUE,fishing,none,dissolved_oxygen,dissolved,mg/l,1,1,0,0,0,0,n_exceedances may not be intiutive for this parameter because there are multiple components to the WQS. n_exceedances may be greater than n_samples_collected if a single sample was marked as an exceedance for multiple components of the WQS.
0101-0038,TRUE,fishing,none,ph,total,ph_units,1,1,0,0,0,0,none
0102-0033,FALSE,fishing,aquatic_chronic,ammonia,total,ug/l,2,1,0,0,0,2,none
0102-0033,FALSE,secondary_contact_recreation,recreation,phosphorus,total,ug/l,5,2,1,1,0,0,none
0102-0033,FALSE,primary_contact_recreation,recreation,phosphorus,total,ug/l,5,2,1,1,0,0,none
0102-0033,FALSE,source_of_water_supply,health_water-source,ammonia,total,ug/l,2,1,0,0,0,0,none
0102-0033,FALSE,source_of_water_supply,health_water-source,magnesium,total,ug/l,5,2,0,0,0,0,none
0102-0033,FALSE,source_of_water_supply,health_water-source,nitrate_nitrite,total,ug/l,2,1,0,0,0,0,none
0102-0033,TRUE,fishing,aquatic_chronic,ammonia,total,ug/l,7,1,0,0,0,4,none
0102-0033,TRUE,fishing,none,dissolved_oxygen,dissolved,mg/l,4,1,2,1,0,0,n_exceedances may not be intiutive for this parameter because there are multiple components to the WQS. n_exceedances may be greater than n_samples_collected if a single sample was marked as an exceedance for multiple components of the WQS.
0102-0033,TRUE,fishing,none,ph,total,ph_units,4,1,0,0,0,0,none
0102-0033,TRUE,source_of_water_supply,aesthetic_water-supply,iron,total,ug/l,6,1,1,1,0,0,none
0102-0033,TRUE,source_of_water_supply,aesthetic_water-supply,manganese,total,ug/l,8,1,0,0,0,0,none
0102-0033,TRUE,source_of_water_supply,health_water-source,ammonia,total,ug/l,7,1,0,0,0,0,none
0102-0033,TRUE,source_of_water_supply,health_water-source,arsenic,total,ug/l,6,1,0,0,0,0,none
0102-0033,TRUE,source_of_water_supply,health_water-source,copper,total,ug/l,4,1,0,0,0,0,none
0102-0033,TRUE,source_of_water_supply,health_water-source,nitrate_nitrite,total,ug/l,7,1,0,0,0,0,none
0102-0033,TRUE,source_of_water_supply,health_water-source,sulfate,total,ug/l,8,1,0,0,0,0,none
0102-0035,FALSE,fishing,aquatic_chronic,ammonia,total,ug/l,9,2,0,0,0,9,none
0102-0039,FALSE,fishing,aquatic_chronic,ammonia,total,ug/l,12,3,0,0,0,12,none
0102-0039,FALSE,secondary_contact_recreation,recreation,phosphorus,total,ug/l,6,3,3,3,0,0,none
0102-0039,FALSE,primary_contact_recreation,recreation,phosphorus,total,ug/l,6,3,3,3,0,0,none
0102-0039,FALSE,source_of_water_supply,aesthetic_water-supply,iron,total,ug/l,10,2,4,2,0,0,none
0102-0039,FALSE,source_of_water_supply,aesthetic_water-supply,manganese,total,ug/l,10,2,5,2,0,0,none
0102-0039,FALSE,source_of_water_supply,health_water-source,ammonia,total,ug/l,12,3,2,2,0,0,none
0102-0039,FALSE,source_of_water_supply,health_water-source,arsenic,total,ug/l,10,3,0,0,0,0,none
0102-0039,FALSE,source_of_water_supply,health_water-source,chloride,total,ug/l,10,2,0,0,0,0,none
0102-0039,FALSE,source_of_water_supply,health_water-source,magnesium,total,ug/l,12,3,0,0,0,0,none
0102-0039,FALSE,source_of_water_supply,health_water-source,nitrate_nitrite,total,ug/l,12,3,0,0,0,0,none
0102-0039,FALSE,source_of_water_supply,health_water-source,sulfate,total,ug/l,10,2,0,0,0,0,none
0102-0039,TRUE,fishing,aquatic_chronic,ammonia,total,ug/l,4,1,0,0,0,4,none
0102-0039,TRUE,fishing,aquatic_chronic,nitrite,total,ug/l,6,1,0,0,0,0,none
0102-0039,TRUE,fishing,none,dissolved_oxygen,dissolved,mg/l,3,1,6,1,0,0,n_exceedances may not be intiutive for this parameter because there are multiple components to the WQS. n_exceedances may be greater than n_samples_collected if a single sample was marked as an exceedance for multiple components of the WQS.
0102-0039,TRUE,fishing,none,ph,total,ph_units,3,1,0,0,0,0,none
0102-0039,TRUE,secondary_contact_recreation,recreation,phosphorus,total,ug/l,3,1,1,1,0,0,none
0102-0039,TRUE,primary_contact_recreation,recreation,phosphorus,total,ug/l,3,1,1,1,0,0,none
0102-0039,TRUE,source_of_water_supply,aesthetic_water-supply,iron,total,ug/l,5,1,3,1,0,0,none
0102-0039,TRUE,source_of_water_supply,aesthetic_water-supply,manganese,total,ug/l,4,1,1,1,0,0,none
0102-0039,TRUE,source_of_water_supply,health_water-source,ammonia,total,ug/l,4,1,0,0,0,0,none
0102-0039,TRUE,source_of_water_supply,health_water-source,arsenic,total,ug/l,5,1,0,0,0,0,none
0102-0039,TRUE,source_of_water_supply,health_water-source,chloride,total,ug/l,5,1,0,0,0,0,none
0102-0039,TRUE,source_of_water_supply,health_water-source,magnesium,total,ug/l,6,1,0,0,0,0,none
0102-0039,TRUE,source_of_water_supply,health_water-source,nitrate,total,ug/l,3,1,0,0,0,0,none
0102-0039,TRUE,source_of_water_supply,health_water-source,nitrate_nitrite,total,ug/l,3,1,0,0,0,0,none
0102-0039,TRUE,source_of_water_supply,health_water-source,nitrite,total,ug/l,6,1,0,0,0,0,none
0102-0039,TRUE,source_of_water_supply,health_water-source,sulfate,total,ug/l,5,1,0,0,0,0,none
0102-0040,FALSE,fishing,aquatic_chronic,ammonia,total,ug/l,10,2,0,0,0,10,none
0102-0040,FALSE,secondary_contact_recreation,recreation,phosphorus,total,ug/l,6,3,3,3,0,0,none
0102-0040,FALSE,primary_contact_recreation,recreation,phosphorus,total,ug/l,6,3,3,3,0,0,none
0102-0040,FALSE,source_of_water_supply,aesthetic_water-supply,iron,total,ug/l,8,1,2,1,0,0,none
0102-0040,FALSE,source_of_water_supply,aesthetic_water-supply,manganese,total,ug/l,8,1,3,1,0,0,none
0102-0040,FALSE,source_of_water_supply,health_water-source,ammonia,total,ug/l,10,2,0,0,0,0,none
0102-0040,FALSE,source_of_water_supply,health_water-source,arsenic,total,ug/l,8,2,0,0,0,0,none
0102-0040,FALSE,source_of_water_supply,health_water-source,chloride,total,ug/l,9,2,0,0,0,0,none
0102-0040,FALSE,source_of_water_supply,health_water-source,magnesium,total,ug/l,11,3,0,0,0,0,none
0102-0040,FALSE,source_of_water_supply,health_water-source,nitrate_nitrite,total,ug/l,11,3,0,0,0,0,none
0102-0040,FALSE,source_of_water_supply,health_water-source,sulfate,total,ug/l,9,2,0,0,0,0,none
0102-0043,TRUE,fishing,aquatic_chronic,nitrite,total,ug/l,1,1,0,0,0,0,none
0102-0043,TRUE,fishing,none,dissolved_oxygen,dissolved,mg/l,1,1,0,0,0,0,n_exceedances may not be intiutive for this parameter because there are multiple components to the WQS. n_exceedances may be greater than n_samples_collected if a single sample was marked as an exceedance for multiple components of the WQS.
0102-0043,TRUE,fishing,none,ph,total,ph_units,1,1,0,0,0,0,none
0103-0010,FALSE,fishing,aquatic_chronic,ammonia,total,ug/l,1,1,0,0,0,1,none
0103-0010,TRUE,fishing,aquatic_chronic,ammonia,total,ug/l,1,1,0,0,0,1,none
0103-0010,TRUE,fishing,aquatic_chronic,nitrite,total,ug/l,1,1,0,0,0,0,none
0103-0010,TRUE,fishing,none,dissolved_oxygen,dissolved,mg/l,1,1,0,0,0,0,n_exceedances may not be intiutive for this parameter because there are multiple components to the WQS. n_exceedances may be greater than n_samples_collected if a single sample was marked as an exceedance for multiple components of the WQS.
0103-0010,TRUE,fishing,none,ph,total,ph_units,1,1,1,1,0,0,none
0103-0016,FALSE,secondary_contact_recreation,recreation,phosphorus,total,ug/l,1,1,1,1,0,0,none
0103-0016,FALSE,primary_contact_recreation,recreation,phosphorus,total,ug/l,1,1,1,1,0,0,none
0103-0016,FALSE,source_of_water_supply,health_water-source,chloride,total,ug/l,1,1,0,0,0,0,none
0103-0016,FALSE,source_of_water_supply,health_water-source,magnesium,total,ug/l,1,1,0,0,0,0,none
0103-0016,FALSE,source_of_water_supply,health_water-source,nitrate_nitrite,total,ug/l,1,1,0,0,0,0,none
0103-0016,FALSE,source_of_water_supply,health_water-source,sulfate,total,ug/l,1,1,0,0,0,0,none
0104-0001,FALSE,fishing,aquatic_chronic,ammonia,total,ug/l,28,5,0,0,0,28,none
0104-0001,FALSE,fishing,aquatic_chronic,nitrite,total,ug/l,1,1,0,0,0,0,none
0104-0001,FALSE,secondary_contact_recreation,recreation,phosphorus,total,ug/l,43,9,1,1,0,0,none
0104-0001,FALSE,primary_contact_recreation,recreation,phosphorus,total,ug/l,43,9,1,1,0,0,none
0104-0001,TRUE,fishing,aquatic_chronic,ammonia,total,ug/l,60,9,0,0,0,60,none
0104-0001,TRUE,secondary_contact_recreation,recreation,phosphorus,total,ug/l,62,8,1,1,0,0,none
0104-0001,TRUE,primary_contact_recreation,recreation,phosphorus,total,ug/l,62,8,1,1,0,0,none
0104-0004,FALSE,fishing,aquatic_chronic,ammonia,total,ug/l,45,6,0,0,0,45,none
0104-0004,FALSE,fishing,aquatic_chronic,nitrite,total,ug/l,16,2,0,0,0,0,none
0104-0004,FALSE,secondary_contact_recreation,recreation,phosphorus,total,ug/l,48,8,8,8,0,0,none
0104-0004,FALSE,primary_contact_recreation,recreation,phosphorus,total,ug/l,48,8,8,8,0,0,none
0104-0004,TRUE,fishing,aquatic_chronic,ammonia,total,ug/l,66,10,0,0,0,66,none
0104-0004,TRUE,secondary_contact_recreation,recreation,phosphorus,total,ug/l,59,9,9,9,0,0,none
0104-0004,TRUE,primary_contact_recreation,recreation,phosphorus,total,ug/l,59,9,9,9,0,0,none
0104-0057,FALSE,fishing,aquatic_chronic,ammonia,total,ug/l,8,1,0,0,0,8,none
0104-0057,FALSE,secondary_contact_recreation,recreation,phosphorus,total,ug/l,5,2,2,2,0,0,none
0104-0057,FALSE,primary_contact_recreation,recreation,phosphorus,total,ug/l,5,2,2,2,0,0,none
0104-0057,FALSE,source_of_water_supply,aesthetic_water-supply,iron,total,ug/l,8,1,5,1,0,0,none
0104-0057,FALSE,source_of_water_supply,aesthetic_water-supply,manganese,total,ug/l,8,1,4,1,0,0,none
0104-0057,FALSE,source_of_water_supply,health_water-source,ammonia,total,ug/l,8,1,3,1,0,0,none
0104-0057,FALSE,source_of_water_supply,health_water-source,arsenic,total,ug/l,2,1,0,0,0,0,none
0104-0057,FALSE,source_of_water_supply,health_water-source,chloride,total,ug/l,10,2,0,0,0,0,none
0104-0057,FALSE,source_of_water_supply,health_water-source,magnesium,total,ug/l,10,2,0,0,0,0,none
0104-0057,FALSE,source_of_water_supply,health_water-source,nitrate_nitrite,total,ug/l,10,2,0,0,0,0,none
0104-0057,FALSE,source_of_water_supply,health_water-source,sulfate,total,ug/l,10,2,0,0,0,0,none
0104-0057,TRUE,fishing,aquatic_chronic,ammonia,total,ug/l,1,1,0,0,0,1,none
0104-0057,TRUE,fishing,aquatic_chronic,nitrite,total,ug/l,2,1,0,0,0,0,none
0104-0057,TRUE,fishing,none,dissolved_oxygen,dissolved,mg/l,1,1,2,1,0,0,n_exceedances may not be intiutive for this parameter because there are multiple components to the WQS. n_exceedances may be greater than n_samples_collected if a single sample was marked as an exceedance for multiple components of the WQS.
0104-0057,TRUE,fishing,none,ph,total,ph_units,1,1,0,0,0,0,none
0104-0057,TRUE,secondary_contact_recreation,recreation,phosphorus,total,ug/l,1,1,1,1,0,0,none
0104-0057,TRUE,primary_contact_recreation,recreation,phosphorus,total,ug/l,1,1,1,1,0,0,none
0104-0057,TRUE,source_of_water_supply,aesthetic_water-supply,iron,total,ug/l,2,1,0,0,0,0,none
0104-0057,TRUE,source_of_water_supply,aesthetic_water-supply,manganese,total,ug/l,2,1,0,0,0,0,none
0104-0057,TRUE,source_of_water_supply,health_water-source,ammonia,total,ug/l,1,1,0,0,0,0,none
0104-0057,TRUE,source_of_water_supply,health_water-source,arsenic,total,ug/l,2,1,0,0,0,0,none
0104-0057,TRUE,source_of_water_supply,health_water-source,chloride,total,ug/l,2,1,0,0,0,0,none
0104-0057,TRUE,source_of_water_supply,health_water-source,nitrate,total,ug/l,2,1,0,0,0,0,none
0104-0057,TRUE,source_of_water_supply,health_water-source,nitrate_nitrite,total,ug/l,2,1,0,0,0,0,none
0104-0057,TRUE,source_of_water_supply,health_water-source,nitrite,total,ug/l,2,1,0,0,0,0,none
0104-0057,TRUE,source_of_water_supply,health_water-source,sulfate,total,ug/l,2,1,0,0,0,0,none
0104-0060,FALSE,fishing,aquatic_chronic,ammonia,total,ug/l,10,3,0,0,0,10,none
0104-0066,FALSE,fishing,aquatic_chronic,ammonia,total,ug/l,2,2,0,0,0,2,none
0104-0066,TRUE,fishing,aquatic_chronic,nitrite,total,ug/l,1,1,0,0,0,0,none
0104-0066,TRUE,fishing,none,dissolved_oxygen,dissolved,mg/l,1,1,0,0,0,0,n_exceedances may not be intiutive for this parameter because there are multiple components to the WQS. n_exceedances may be greater than n_samples_collected if a single sample was marked as an exceedance for multiple components of the WQS.
0104-0066,TRUE,fishing,none,ph,total,ph_units,1,1,1,1,0,0,none
0104-0067,FALSE,fishing,aquatic_chronic,ammonia,total,ug/l,1,1,0,0,0,1,none
0104-0068,FALSE,secondary_contact_recreation,recreation,phosphorus,total,ug/l,1,1,0,0,0,0,none
0104-0068,FALSE,primary_contact_recreation,recreation,phosphorus,total,ug/l,1,1,0,0,0,0,none
0104-0069,FALSE,fishing,aquatic_chronic,ammonia,total,ug/l,1,1,0,0,0,1,none
0104-0070,FALSE,secondary_contact_recreation,recreation,phosphorus,total,ug/l,1,1,0,0,0,0,none
0104-0070,FALSE,primary_contact_recreation,recreation,phosphorus,total,ug/l,1,1,0,0,0,0,none
0104-0070,TRUE,fishing,aquatic_chronic,ammonia,total,ug/l,7,1,0,0,0,4,none
0104-0070,TRUE,fishing,none,dissolved_oxygen,dissolved,mg/l,4,1,6,1,0,0,n_exceedances may not be intiutive for this parameter because there are multiple components to the WQS. n_exceedances may be greater than n_samples_collected if a single sample was marked as an exceedance for multiple components of the WQS.
0104-0070,TRUE,fishing,none,ph,total,ph_units,4,1,0,0,0,0,none
0104-0071,FALSE,secondary_contact_recreation,recreation,phosphorus,total,ug/l,1,1,1,1,0,0,none
0104-0071,FALSE,primary_contact_recreation,recreation,phosphorus,total,ug/l,1,1,1,1,0,0,none
0105-0014,FALSE,secondary_contact_recreation,recreation,phosphorus,total,ug/l,1,1,0,0,0,0,none
0105-0014,FALSE,primary_contact_recreation,recreation,phosphorus,total,ug/l,1,1,0,0,0,0,none
0105-0014,FALSE,source_of_water_supply,health_water-source,chloride,total,ug/l,1,1,0,0,0,0,none
0105-0014,FALSE,source_of_water_supply,health_water-source,magnesium,total,ug/l,1,1,0,0,0,0,none
0105-0014,FALSE,source_of_water_supply,health_water-source,nitrate_nitrite,total,ug/l,1,1,0,0,0,0,none
0105-0014,FALSE,source_of_water_supply,health_water-source,sulfate,total,ug/l,1,1,0,0,0,0,none
0105-0021,FALSE,fishing,aquatic_chronic,ammonia,total,ug/l,2,1,0,0,0,2,none
0105-0021,FALSE,secondary_contact_recreation,recreation,phosphorus,total,ug/l,2,1,0,0,0,0,none
0105-0021,FALSE,primary_contact_recreation,recreation,phosphorus,total,ug/l,2,1,0,0,0,0,none
0105-0021,FALSE,source_of_water_supply,health_water-source,ammonia,total,ug/l,2,1,0,0,0,0,none
0105-0021,FALSE,source_of_water_supply,health_water-source,magnesium,total,ug/l,4,1,0,0,0,0,none
0105-0021,FALSE,source_of_water_supply,health_water-source,nitrate_nitrite,total,ug/l,1,1,0,0,0,0,none
0105-0021,TRUE,fishing,aquatic_chronic,ammonia,total,ug/l,12,3,0,0,0,10,none
0105-0021,TRUE,fishing,aquatic_chronic,nitrite,total,ug/l,8,2,0,0,0,0,none
0105-0021,TRUE,fishing,none,dissolved_oxygen,dissolved,mg/l,7,3,8,3,0,0,n_exceedances may not be intiutive for this parameter because there are multiple components to the WQS. n_exceedances may be greater than n_samples_collected if a single sample was marked as an exceedance for multiple components of the WQS.
0105-0021,TRUE,fishing,none,ph,total,ph_units,7,3,0,0,0,0,none
0105-0021,TRUE,secondary_contact_recreation,recreation,phosphorus,total,ug/l,4,2,0,0,0,0,none
0105-0021,TRUE,primary_contact_recreation,recreation,phosphorus,total,ug/l,4,2,0,0,0,0,none
0105-0021,TRUE,source_of_water_supply,aesthetic_water-supply,iron,total,ug/l,13,3,4,3,0,0,none
0105-0021,TRUE,source_of_water_supply,aesthetic_water-supply,manganese,total,ug/l,14,3,6,3,0,0,none
0105-0021,TRUE,source_of_water_supply,health_water-source,ammonia,total,ug/l,12,3,0,0,0,0,none
0105-0021,TRUE,source_of_water_supply,health_water-source,arsenic,total,ug/l,14,3,0,0,0,0,none
0105-0021,TRUE,source_of_water_supply,health_water-source,chloride,total,ug/l,7,2,0,0,0,0,none
0105-0021,TRUE,source_of_water_supply,health_water-source,copper,total,ug/l,4,1,0,0,0,0,none
0105-0021,TRUE,source_of_water_supply,health_water-source,magnesium,total,ug/l,6,1,0,0,0,0,none
0105-0021,TRUE,source_of_water_supply,health_water-source,nitrate,total,ug/l,5,2,0,0,0,0,none
0105-0021,TRUE,source_of_water_supply,health_water-source,nitrate_nitrite,total,ug/l,13,3,0,0,0,0,none
0105-0021,TRUE,source_of_water_supply,health_water-source,nitrite,total,ug/l,8,2,0,0,0,0,none
0105-0021,TRUE,source_of_water_supply,health_water-source,sulfate,total,ug/l,15,3,0,0,0,0,none
0105-0025,FALSE,fishing,aquatic_chronic,ammonia,total,ug/l,7,2,0,0,0,7,none
0105-0025,FALSE,secondary_contact_recreation,recreation,phosphorus,total,ug/l,4,1,0,0,0,0,none
0105-0025,FALSE,primary_contact_recreation,recreation,phosphorus,total,ug/l,4,1,0,0,0,0,none
0105-0025,FALSE,source_of_water_supply,health_water-source,ammonia,total,ug/l,7,2,0,0,0,0,none
0105-0025,FALSE,source_of_water_supply,health_water-source,magnesium,total,ug/l,10,2,0,0,0,0,none
0105-0025,FALSE,source_of_water_supply,health_water-source,nitrate_nitrite,total,ug/l,5,2,0,0,0,0,none
0105-0025,TRUE,fishing,aquatic_chronic,ammonia,total,ug/l,6,1,0,0,0,4,none
0105-0025,TRUE,fishing,none,dissolved_oxygen,dissolved,mg/l,4,1,8,1,0,0,n_exceedances may not be intiutive for this parameter because there are multiple components to the WQS. n_exceedances may be greater than n_samples_collected if a single sample was marked as an exceedance for multiple components of the WQS.
0105-0025,TRUE,fishing,none,ph,total,ph_units,4,1,0,0,0,0,none
0105-0025,TRUE,source_of_water_supply,aesthetic_water-supply,iron,total,ug/l,6,1,4,1,0,0,none
0105-0025,TRUE,source_of_water_supply,aesthetic_water-supply,manganese,total,ug/l,8,1,4,1,0,0,none
0105-0025,TRUE,source_of_water_supply,health_water-source,ammonia,total,ug/l,6,1,0,0,0,0,none
0105-0025,TRUE,source_of_water_supply,health_water-source,arsenic,total,ug/l,8,1,0,0,0,0,none
0105-0025,TRUE,source_of_water_supply,health_water-source,copper,total,ug/l,4,1,0,0,0,0,none
0105-0025,TRUE,source_of_water_supply,health_water-source,nitrate_nitrite,total,ug/l,8,1,0,0,0,0,none
0105-0025,TRUE,source_of_water_supply,health_water-source,sulfate,total,ug/l,8,1,0,0,0,0,none
0105-0029,TRUE,fishing,aquatic_chronic,ammonia,total,ug/l,5,2,0,0,0,4,none
0105-0029,TRUE,fishing,aquatic_chronic,nitrite,total,ug/l,6,1,0,0,0,0,none
0105-0029,TRUE,fishing,none,dissolved_oxygen,dissolved,mg/l,4,2,0,0,0,0,n_exceedances may not be intiutive for this parameter because there are multiple components to the WQS. n_exceedances may be greater than n_samples_collected if a single sample was marked as an exceedance for multiple components of the WQS.
0105-0029,TRUE,fishing,none,ph,total,ph_units,4,2,0,0,0,0,none
0105-0029,TRUE,secondary_contact_recreation,recreation,phosphorus,total,ug/l,3,1,0,0,0,0,none
0105-0029,TRUE,primary_contact_recreation,recreation,phosphorus,total,ug/l,3,1,0,0,0,0,none
0105-0029,TRUE,source_of_water_supply,aesthetic_water-supply,iron,total,ug/l,6,2,0,0,0,0,none
0105-0029,TRUE,source_of_water_supply,aesthetic_water-supply,manganese,total,ug/l,5,2,0,0,0,0,none
0105-0029,TRUE,source_of_water_supply,health_water-source,ammonia,total,ug/l,5,2,0,0,0,0,none
0105-0029,TRUE,source_of_water_supply,health_water-source,arsenic,total,ug/l,6,2,0,0,0,0,none
0105-0029,TRUE,source_of_water_supply,health_water-source,chloride,total,ug/l,5,1,0,0,0,0,none
0105-0029,TRUE,source_of_water_supply,health_water-source,magnesium,total,ug/l,6,1,0,0,0,0,none
0105-0029,TRUE,source_of_water_supply,health_water-source,nitrate,total,ug/l,3,1,0,0,0,0,none
0105-0029,TRUE,source_of_water_supply,health_water-source,nitrate_nitrite,total,ug/l,4,2,0,0,0,0,none
0105-0029,TRUE,source_of_water_supply,health_water-source,nitrite,total,ug/l,6,1,0,0,0,0,none
0105-0029,TRUE,source_of_water_supply,health_water-source,sulfate,total,ug/l,6,2,0,0,0,0,none
0105-0034,FALSE,fishing,aquatic_chronic,ammonia,total,ug/l,1,1,0,0,0,1,none
0201-0016,FALSE,fishing,aquatic_chronic,ammonia,total,ug/l,136,11,0,0,0,136,none
0201-0016,FALSE,fishing,aquatic_chronic,nitrite,total,ug/l,45,5,0,0,0,0,none
0201-0016,FALSE,secondary_contact_recreation,recreation,phosphorus,total,ug/l,150,19,6,6,0,0,none
0201-0016,FALSE,primary_contact_recreation,recreation,phosphorus,total,ug/l,150,19,6,6,0,0,none
0201-0016,TRUE,fishing,aquatic_chronic,ammonia,total,ug/l,117,10,0,0,0,117,none
0201-0016,TRUE,secondary_contact_recreation,recreation,phosphorus,total,ug/l,65,9,2,2,0,0,none
0201-0016,TRUE,primary_contact_recreation,recreation,phosphorus,total,ug/l,65,9,2,2,0,0,none
0201-0020,FALSE,fishing,aquatic_chronic,ammonia,total,ug/l,11,2,0,0,0,9,none
0201-0020,FALSE,fishing,none,dissolved_oxygen,dissolved,mg/l,3,1,6,1,0,0,n_exceedances may not be intiutive for this parameter because there are multiple components to the WQS. n_exceedances may be greater than n_samples_collected if a single sample was marked as an exceedance for multiple components of the WQS.
0201-0020,FALSE,fishing,none,ph,total,ph_units,3,1,0,0,0,0,none
0201-0023,FALSE,fishing,aquatic_chronic,ammonia,total,ug/l,4,2,0,0,0,4,none
0201-0023,FALSE,secondary_contact_recreation,recreation,phosphorus,total,ug/l,3,2,2,2,0,0,none
0201-0023,FALSE,primary_contact_recreation,recreation,phosphorus,total,ug/l,3,2,2,2,0,0,none
0201-0023,TRUE,fishing,aquatic_chronic,ammonia,total,ug/l,23,1,0,0,0,14,none
0201-0023,TRUE,fishing,none,dissolved_oxygen,dissolved,mg/l,9,1,3,1,0,0,n_exceedances may not be intiutive for this parameter because there are multiple components to the WQS. n_exceedances may be greater than n_samples_collected if a single sample was marked as an exceedance for multiple components of the WQS.
0201-0023,TRUE,fishing,none,ph,total,ph_units,9,1,1,1,0,0,none
0201-0023,TRUE,secondary_contact_recreation,recreation,phosphorus,total,ug/l,3,1,1,1,0,0,none
0201-0023,TRUE,primary_contact_recreation,recreation,phosphorus,total,ug/l,3,1,1,1,0,0,none
0201-0030,FALSE,secondary_contact_recreation,recreation,phosphorus,total,ug/l,1,1,0,0,0,0,none
0201-0030,FALSE,primary_contact_recreation,recreation,phosphorus,total,ug/l,1,1,0,0,0,0,none
0201-0030,TRUE,fishing,aquatic_chronic,ammonia,total,ug/l,6,2,0,0,0,5,none
0201-0030,TRUE,fishing,none,dissolved_oxygen,dissolved,mg/l,5,2,8,2,0,0,n_exceedances may not be intiutive for this parameter because there are multiple components to the WQS. n_exceedances may be greater than n_samples_collected if a single sample was marked as an exceedance for multiple components of the WQS.
0201-0030,TRUE,fishing,none,ph,total,ph_units,5,2,3,1,0,0,none
0201-0030,TRUE,secondary_contact_recreation,recreation,phosphorus,total,ug/l,1,1,0,0,0,0,none
0201-0030,TRUE,primary_contact_recreation,recreation,phosphorus,total,ug/l,1,1,0,0,0,0,none
0201-0033,FALSE,fishing,aquatic_chronic,ammonia,total,ug/l,2,1,0,0,0,2,none
0201-0033,FALSE,secondary_contact_recreation,recreation,phosphorus,total,ug/l,1,1,0,0,0,0,none
0201-0033,FALSE,primary_contact_recreation,recreation,phosphorus,total,ug/l,1,1,0,0,0,0,none
0201-0033,TRUE,fishing,aquatic_chronic,ammonia,total,ug/l,7,2,0,0,0,5,none
0201-0033,TRUE,fishing,none,dissolved_oxygen,dissolved,mg/l,6,3,6,2,0,0,n_exceedances may not be intiutive for this parameter because there are multiple components to the WQS. n_exceedances may be greater than n_samples_collected if a single sample was marked as an exceedance for multiple components of the WQS.
0201-0033,TRUE,fishing,none,ph,total,ph_units,6,3,4,2,0,0,none
0201-0033,TRUE,secondary_contact_recreation,recreation,phosphorus,total,ug/l,10,2,0,0,0,0,none
0201-0033,TRUE,primary_contact_recreation,recreation,phosphorus,total,ug/l,10,2,0,0,0,0,none
0201-0035,FALSE,fishing,aquatic_chronic,ammonia,total,ug/l,2,2,0,0,0,1,none
0201-0035,FALSE,fishing,none,dissolved_oxygen,dissolved,mg/l,3,1,1,1,0,0,n_exceedances may not be intiutive for this parameter because there are multiple components to the WQS. n_exceedances may be greater than n_samples_collected if a single sample was marked as an exceedance for multiple components of the WQS.
0201-0035,FALSE,fishing,none,ph,total,ph_units,3,1,1,1,0,0,none
0201-0035,FALSE,secondary_contact_recreation,recreation,phosphorus,total,ug/l,1,1,1,1,0,0,none
0201-0035,FALSE,primary_contact_recreation,recreation,phosphorus,total,ug/l,1,1,1,1,0,0,none
0201-0072,TRUE,fishing,aquatic_chronic,ammonia,total,ug/l,7,1,0,0,0,5,none
0201-0072,TRUE,fishing,none,dissolved_oxygen,dissolved,mg/l,3,1,0,0,0,0,n_exceedances may not be intiutive for this parameter because there are multiple components to the WQS. n_exceedances may be greater than n_samples_collected if a single sample was marked as an exceedance for multiple components of the WQS.
0201-0072,TRUE,fishing,none,ph,total,ph_units,2,1,0,0,0,0,none
0201-0072,TRUE,secondary_contact_recreation,recreation,phosphorus,total,ug/l,1,1,1,1,0,0,none
0201-0072,TRUE,primary_contact_recreation,recreation,phosphorus,total,ug/l,1,1,1,1,0,0,none
0201-0073,FALSE,fishing,aquatic_chronic,ammonia,total,ug/l,4,2,0,0,0,4,none
0201-0073,FALSE,fishing,none,dissolved_oxygen,dissolved,mg/l,2,1,0,0,0,0,n_exceedances may not be intiutive for this parameter because there are multiple components to the WQS. n_exceedances may be greater than n_samples_collected if a single sample was marked as an exceedance for multiple components of the WQS.
0201-0073,FALSE,fishing,none,ph,total,ph_units,2,1,2,1,0,0,none
0202-0001,FALSE,fishing,aquatic_chronic,ammonia,total,ug/l,12,2,0,0,0,12,none
0202-0001,FALSE,secondary_contact_recreation,recreation,phosphorus,total,ug/l,6,3,3,3,0,0,none
0202-0001,FALSE,primary_contact_recreation,recreation,phosphorus,total,ug/l,6,3,3,3,0,0,none
0202-0001,TRUE,fishing,aquatic_chronic,ammonia,total,ug/l,4,1,0,0,0,4,none
0202-0001,TRUE,fishing,none,dissolved_oxygen,dissolved,mg/l,4,1,7,1,0,0,n_exceedances may not be intiutive for this parameter because there are multiple components to the WQS. n_exceedances may be greater than n_samples_collected if a single sample was marked as an exceedance for multiple components of the WQS.
0202-0001,TRUE,fishing,none,ph,total,ph_units,4,1,0,0,0,0,none
0202-0002,FALSE,fishing,aquatic_chronic,ammonia,total,ug/l,14,3,0,0,0,14,none
0202-0002,TRUE,fishing,aquatic_chronic,ammonia,total,ug/l,6,2,0,0,0,6,none
0202-0002,TRUE,fishing,aquatic_chronic,nitrite,total,ug/l,2,1,0,0,0,0,none
0202-0002,TRUE,fishing,none,dissolved_oxygen,dissolved,mg/l,5,2,10,2,0,0,n_exceedances may not be intiutive for this parameter because there are multiple components to the WQS. n_exceedances may be greater than n_samples_collected if a single sample was marked as an exceedance for multiple components of the WQS.
0202-0002,TRUE,fishing,none,ph,total,ph_units,4,2,0,0,0,0,none
0202-0003,FALSE,fishing,aquatic_chronic,ammonia,total,ug/l,14,2,0,0,0,14,none
0202-0003,FALSE,secondary_contact_recreation,recreation,phosphorus,total,ug/l,11,3,1,1,0,0,none
0202-0003,FALSE,primary_contact_recreation,recreation,phosphorus,total,ug/l,11,3,1,1,0,0,none
0202-0003,TRUE,fishing,aquatic_chronic,ammonia,total,ug/l,6,1,0,0,0,5,none
0202-0003,TRUE,fishing,none,dissolved_oxygen,dissolved,mg/l,4,1,8,1,0,0,n_exceedances may not be intiutive for this parameter because there are multiple components to the WQS. n_exceedances may be greater than n_samples_collected if a single sample was marked as an exceedance for multiple components of the WQS.
0202-0003,TRUE,fishing,none,ph,total,ph_units,3,1,0,0,0,0,none
0202-0004,FALSE,fishing,aquatic_chronic,ammonia,total,ug/l,95,10,0,0,0,95,none
0202-0004,FALSE,fishing,aquatic_chronic,nitrite,total,ug/l,36,6,0,0,0,0,none
0202-0004,FALSE,secondary_contact_recreation,recreation,phosphorus,total,ug/l,181,25,22,22,0,0,none
0202-0004,FALSE,primary_contact_recreation,recreation,phosphorus,total,ug/l,181,25,22,22,0,0,none
0202-0004,TRUE,fishing,aquatic_chronic,ammonia,total,ug/l,29,5,0,0,0,29,none
0202-0004,TRUE,fishing,aquatic_chronic,nitrite,total,ug/l,1,1,0,0,0,0,none
0202-0004,TRUE,secondary_contact_recreation,recreation,phosphorus,total,ug/l,18,4,4,4,0,0,none
0202-0004,TRUE,primary_contact_recreation,recreation,phosphorus,total,ug/l,18,4,4,4,0,0,none
0202-0008,FALSE,fishing,aquatic_chronic,ammonia,total,ug/l,9,2,0,0,0,7,none
0202-0008,FALSE,fishing,none,dissolved_oxygen,dissolved,mg/l,4,1,6,1,0,0,n_exceedances may not be intiutive for this parameter because there are multiple components to the WQS. n_exceedances may be greater than n_samples_collected if a single sample was marked as an exceedance for multiple components of the WQS.
0202-0008,FALSE,fishing,none,ph,total,ph_units,4,1,0,0,0,0,none
0202-0008,FALSE,secondary_contact_recreation,recreation,phosphorus,total,ug/l,4,1,1,1,0,0,none
0202-0008,FALSE,primary_contact_recreation,recreation,phosphorus,total,ug/l,4,1,1,1,0,0,none
0202-0008,FALSE,source_of_water_supply,aesthetic_water-supply,iron,total,ug/l,7,1,3,1,0,0,none
0202-0008,FALSE,source_of_water_supply,aesthetic_water-supply,manganese,total,ug/l,7,1,2,1,0,0,none
0202-0008,FALSE,source_of_water_supply,health_water-source,ammonia,total,ug/l,9,2,0,0,0,0,none
0202-0008,FALSE,source_of_water_supply,health_water-source,chloride,total,ug/l,7,1,0,0,0,0,none
0202-0008,FALSE,source_of_water_supply,health_water-source,magnesium,total,ug/l,12,2,0,0,0,0,none
0202-0008,FALSE,source_of_water_supply,health_water-source,nitrate_nitrite,total,ug/l,10,2,0,0,0,0,none
0202-0008,FALSE,source_of_water_supply,health_water-source,sulfate,total,ug/l,7,1,0,0,0,0,none
0202-0008,TRUE,fishing,aquatic_chronic,ammonia,total,ug/l,7,2,0,0,0,5,none
0202-0008,TRUE,fishing,aquatic_chronic,nitrite,total,ug/l,2,1,0,0,0,0,none
0202-0008,TRUE,fishing,none,dissolved_oxygen,dissolved,mg/l,5,2,7,2,0,0,n_exceedances may not be intiutive for this parameter because there are multiple components to the WQS. n_exceedances may be greater than n_samples_collected if a single sample was marked as an exceedance for multiple components of the WQS.
0202-0008,TRUE,fishing,none,ph,total,ph_units,5,2,0,0,0,0,none
0202-0008,TRUE,source_of_water_supply,aesthetic_water-supply,iron,total,ug/l,5,2,3,2,0,0,none
0202-0008,TRUE,source_of_water_supply,aesthetic_water-supply,manganese,total,ug/l,5,2,3,2,0,0,none
0202-0008,TRUE,source_of_water_supply,health_water-source,ammonia,total,ug/l,7,2,0,0,0,0,none
0202-0008,TRUE,source_of_water_supply,health_water-source,arsenic,total,ug/l,5,2,0,0,0,0,none
0202-0008,TRUE,source_of_water_supply,health_water-source,chloride,total,ug/l,2,1,0,0,0,0,none
0202-0008,TRUE,source_of_water_supply,health_water-source,copper,total,ug/l,1,1,0,0,0,0,none
0202-0008,TRUE,source_of_water_supply,health_water-source,magnesium,total,ug/l,2,1,0,0,0,0,none
0202-0008,TRUE,source_of_water_supply,health_water-source,nitrate,total,ug/l,2,1,0,0,0,0,none
0202-0008,TRUE,source_of_water_supply,health_water-source,nitrate_nitrite,total,ug/l,6,2,0,0,0,0,none
0202-0008,TRUE,source_of_water_supply,health_water-source,nitrite,total,ug/l,2,1,0,0,0,0,none
0202-0008,TRUE,source_of_water_supply,health_water-source,sulfate,total,ug/l,9,2,0,0,0,0,none
0202-0020,FALSE,fishing,aquatic_chronic,ammonia,total,ug/l,79,10,0,0,0,79,none
0202-0020,FALSE,secondary_contact_recreation,recreation,phosphorus,total,ug/l,85,15,15,15,0,0,none
0202-0020,FALSE,primary_contact_recreation,recreation,phosphorus,total,ug/l,85,15,15,15,0,0,none
0202-0020,FALSE,source_of_water_supply,aesthetic_water-supply,iron,total,ug/l,2,1,0,0,0,0,none
0202-0020,FALSE,source_of_water_supply,aesthetic_water-supply,manganese,total,ug/l,2,1,0,0,0,0,none
0202-0020,FALSE,source_of_water_supply,health_water-source,ammonia,total,ug/l,79,10,0,0,0,0,none
0202-0020,FALSE,source_of_water_supply,health_water-source,nitrate_nitrite,total,ug/l,36,7,0,0,0,0,none
0202-0020,TRUE,fishing,aquatic_chronic,ammonia,total,ug/l,57,9,0,0,0,57,none
0202-0020,TRUE,secondary_contact_recreation,recreation,phosphorus,total,ug/l,57,8,8,8,0,0,none
0202-0020,TRUE,primary_contact_recreation,recreation,phosphorus,total,ug/l,57,8,8,8,0,0,none
0202-0020,TRUE,source_of_water_supply,health_water-source,ammonia,total,ug/l,57,9,0,0,0,0,none
0202-0020,TRUE,source_of_water_supply,health_water-source,chloride,total,ug/l,20,8,0,0,0,0,none
0202-0020,TRUE,source_of_water_supply,health_water-source,nitrate_nitrite,total,ug/l,50,8,0,0,0,0,none
0202-0054,FALSE,fishing,aquatic_chronic,ammonia,total,ug/l,7,2,0,0,0,4,none
0202-0054,FALSE,fishing,none,dissolved_oxygen,dissolved,mg/l,4,1,6,1,0,0,n_exceedances may not be intiutive for this parameter because there are multiple components to the WQS. n_exceedances may be greater than n_samples_collected if a single sample was marked as an exceedance for multiple components of the WQS.
0202-0054,FALSE,fishing,none,ph,total,ph_units,4,1,0,0,0,0,none
0202-0072,FALSE,fishing,aquatic_chronic,ammonia,total,ug/l,104,11,0,0,0,104,none
0202-0072,FALSE,fishing,aquatic_chronic,nitrite,total,ug/l,27,5,0,0,0,0,none
0202-0072,FALSE,secondary_contact_recreation,recreation,phosphorus,total,ug/l,152,24,21,21,0,0,none
0202-0072,FALSE,primary_contact_recreation,recreation,phosphorus,total,ug/l,152,24,21,21,0,0,none
0202-0072,FALSE,source_of_water_supply,health_water-source,ammonia,total,ug/l,104,11,0,0,0,0,none
0202-0072,FALSE,source_of_water_supply,health_water-source,arsenic,total,ug/l,9,4,0,0,0,0,none
0202-0072,FALSE,source_of_water_supply,health_water-source,nitrate_nitrite,total,ug/l,155,23,0,0,0,0,none
0202-0072,FALSE,source_of_water_supply,health_water-source,nitrite,total,ug/l,27,5,0,0,0,0,none
0202-0072,TRUE,fishing,aquatic_chronic,ammonia,total,ug/l,127,10,0,0,0,127,none
0202-0072,TRUE,fishing,aquatic_chronic,nitrite,total,ug/l,2,1,0,0,0,0,none
0202-0072,TRUE,fishing,none,dissolved_oxygen,dissolved,mg/l,1,1,2,1,0,0,n_exceedances may not be intiutive for this parameter because there are multiple components to the WQS. n_exceedances may be greater than n_samples_collected if a single sample was marked as an exceedance for multiple components of the WQS.
0202-0072,TRUE,fishing,none,ph,total,ph_units,1,1,0,0,0,0,none
0202-0072,TRUE,secondary_contact_recreation,recreation,phosphorus,total,ug/l,69,9,9,9,0,0,none
0202-0072,TRUE,primary_contact_recreation,recreation,phosphorus,total,ug/l,69,9,9,9,0,0,none
0202-0072,TRUE,source_of_water_supply,health_water-source,ammonia,total,ug/l,127,10,0,0,0,0,none
0202-0072,TRUE,source_of_water_supply,health_water-source,chloride,total,ug/l,28,8,0,0,0,0,none
0202-0072,TRUE,source_of_water_supply,health_water-source,nitrate_nitrite,total,ug/l,53,9,0,0,0,0,none
0202-0072,TRUE,source_of_water_supply,health_water-source,nitrite,total,ug/l,2,1,0,0,0,0,none
0202-0078,FALSE,fishing,aquatic_chronic,ammonia,total,ug/l,2,1,0,0,0,2,none
0202-0079,FALSE,fishing,aquatic_chronic,ammonia,total,ug/l,3,2,1,1,0,1,none
0202-0079,FALSE,fishing,none,dissolved_oxygen,dissolved,mg/l,3,1,0,0,0,0,n_exceedances may not be intiutive for this parameter because there are multiple components to the WQS. n_exceedances may be greater than n_samples_collected if a single sample was marked as an exceedance for multiple components of the WQS.
0202-0079,FALSE,fishing,none,ph,total,ph_units,3,1,1,1,0,0,none
0202-0080,FALSE,fishing,aquatic_chronic,ammonia,total,ug/l,2,2,0,0,0,1,none
0202-0080,FALSE,fishing,none,dissolved_oxygen,dissolved,mg/l,2,1,2,1,0,0,n_exceedances may not be intiutive for this parameter because there are multiple components to the WQS. n_exceedances may be greater than n_samples_collected if a single sample was marked as an exceedance for multiple components of the WQS.
0202-0080,FALSE,fishing,none,ph,total,ph_units,2,1,0,0,0,0,none
0301-0012,FALSE,fishing,aquatic_chronic,ammonia,total,ug/l,2,1,0,0,0,2,none
0301-0012,FALSE,secondary_contact_recreation,recreation,phosphorus,total,ug/l,4,1,1,1,0,0,none
0301-0012,FALSE,primary_contact_recreation,recreation,phosphorus,total,ug/l,4,1,1,1,0,0,none
0301-0012,TRUE,fishing,none,dissolved_oxygen,dissolved,mg/l,1,1,0,0,0,0,n_exceedances may not be intiutive for this parameter because there are multiple components to the WQS. n_exceedances may be greater than n_samples_collected if a single sample was marked as an exceedance for multiple components of the WQS.
0301-0012,TRUE,fishing,none,ph,total,ph_units,1,1,1,1,0,0,none
0301-0015,FALSE,fishing,aquatic_chronic,ammonia,total,ug/l,21,4,0,0,0,21,none
0301-0015,FALSE,fishing,aquatic_chronic,fluoride,total,ug/l,5,1,0,0,0,5,none
0301-0015,FALSE,secondary_contact_recreation,recreation,phosphorus,total,ug/l,12,4,3,3,0,0,none
0301-0015,FALSE,primary_contact_recreation,recreation,phosphorus,total,ug/l,12,4,3,3,0,0,none
0301-0015,TRUE,fishing,aquatic_chronic,ammonia,total,ug/l,3,1,0,0,0,3,none
0301-0015,TRUE,fishing,none,dissolved_oxygen,dissolved,mg/l,2,1,0,0,0,0,n_exceedances may not be intiutive for this parameter because there are multiple components to the WQS. n_exceedances may be greater than n_samples_collected if a single sample was marked as an exceedance for multiple components of the WQS.
0301-0015,TRUE,fishing,none,ph,total,ph_units,2,1,1,1,0,0,none
0301-0015,TRUE,secondary_contact_recreation,recreation,phosphorus,total,ug/l,2,1,1,1,0,0,none
0301-0015,TRUE,primary_contact_recreation,recreation,phosphorus,total,ug/l,2,1,1,1,0,0,none
0301-0016,FALSE,fishing,aquatic_chronic,ammonia,total,ug/l,14,4,0,0,0,14,none
0301-0016,FALSE,secondary_contact_recreation,recreation,phosphorus,total,ug/l,11,4,4,4,0,0,none
0301-0016,FALSE,primary_contact_recreation,recreation,phosphorus,total,ug/l,11,4,4,4,0,0,none
0301-0016,TRUE,fishing,aquatic_chronic,ammonia,total,ug/l,3,1,0,0,0,1,none
0301-0016,TRUE,fishing,none,dissolved_oxygen,dissolved,mg/l,3,1,0,0,0,0,n_exceedances may not be intiutive for this parameter because there are multiple components to the WQS. n_exceedances may be greater than n_samples_collected if a single sample was marked as an exceedance for multiple components of the WQS.
0301-0016,TRUE,fishing,none,ph,total,ph_units,3,1,1,1,0,0,none
0301-0017,FALSE,fishing,aquatic_chronic,ammonia,total,ug/l,6,2,0,0,0,6,none
0301-0017,FALSE,secondary_contact_recreation,recreation,phosphorus,total,ug/l,5,2,2,2,0,0,none
0301-0017,FALSE,primary_contact_recreation,recreation,phosphorus,total,ug/l,5,2,2,2,0,0,none
0301-0017,TRUE,fishing,aquatic_chronic,ammonia,total,ug/l,3,1,0,0,0,0,none
0301-0017,TRUE,fishing,none,dissolved_oxygen,dissolved,mg/l,3,1,0,0,0,0,n_exceedances may not be intiutive for this parameter because there are multiple components to the WQS. n_exceedances may be greater than n_samples_collected if a single sample was marked as an exceedance for multiple components of the WQS.
0301-0017,TRUE,fishing,none,ph,total,ph_units,3,1,0,0,0,0,none
0301-0018,FALSE,fishing,aquatic_chronic,ammonia,total,ug/l,4,1,0,0,0,4,none
0301-0035,TRUE,fishing,aquatic_chronic,ammonia,total,ug/l,2,1,0,0,0,2,none
0301-0035,TRUE,fishing,aquatic_chronic,nitrite,total,ug/l,2,1,0,0,0,0,none
0301-0035,TRUE,fishing,none,dissolved_oxygen,dissolved,mg/l,1,1,2,1,0,0,n_exceedances may not be intiutive for this parameter because there are multiple components to the WQS. n_exceedances may be greater than n_samples_collected if a single sample was marked as an exceedance for multiple components of the WQS.
0301-0035,TRUE,fishing,none,ph,total,ph_units,1,1,0,0,0,0,none
0301-0041,TRUE,fishing,aquatic_chronic,ammonia,total,ug/l,10,2,0,0,0,6,none
0301-0041,TRUE,fishing,none,dissolved_oxygen,dissolved,mg/l,4,1,6,1,0,0,n_exceedances may not be intiutive for this parameter because there are multiple components to the WQS. n_exceedances may be greater than n_samples_collected if a single sample was marked as an exceedance for multiple components of the WQS.
0301-0041,TRUE,fishing,none,ph,total,ph_units,4,1,0,0,0,0,none
0301-0042,TRUE,fishing,aquatic_chronic,ammonia,total,ug/l,1,1,0,0,0,1,none
0301-0042,TRUE,fishing,aquatic_chronic,nitrite,total,ug/l,1,1,0,0,0,0,none
0301-0042,TRUE,fishing,none,dissolved_oxygen,dissolved,mg/l,1,1,2,1,0,0,n_exceedances may not be intiutive for this parameter because there are multiple components to the WQS. n_exceedances may be greater than n_samples_collected if a single sample was marked as an exceedance for multiple components of the WQS.
0301-0042,TRUE,fishing,none,ph,total,ph_units,1,1,0,0,0,0,none
0301-0047,TRUE,fishing,aquatic_chronic,ammonia,total,ug/l,4,2,0,0,0,4,none
0301-0047,TRUE,fishing,aquatic_chronic,nitrite,total,ug/l,3,2,0,0,0,0,none
0301-0047,TRUE,fishing,none,dissolved_oxygen,dissolved,mg/l,4,2,8,2,0,0,n_exceedances may not be intiutive for this parameter because there are multiple components to the WQS. n_exceedances may be greater than n_samples_collected if a single sample was marked as an exceedance for multiple components of the WQS.
0301-0047,TRUE,fishing,none,ph,total,ph_units,4,2,0,0,0,0,none
0301-0047,TRUE,secondary_contact_recreation,recreation,phosphorus,total,ug/l,4,2,2,2,0,0,none
0301-0047,TRUE,primary_contact_recreation,recreation,phosphorus,total,ug/l,4,2,2,2,0,0,none
0301-0047,TRUE,source_of_water_supply,aesthetic_water-supply,iron,total,ug/l,4,2,3,1,0,0,none
0301-0047,TRUE,source_of_water_supply,aesthetic_water-supply,manganese,total,ug/l,4,2,0,0,0,0,none
0301-0047,TRUE,source_of_water_supply,health_water-source,ammonia,total,ug/l,4,2,0,0,0,0,none
0301-0047,TRUE,source_of_water_supply,health_water-source,arsenic,total,ug/l,4,2,0,0,0,0,none
0301-0047,TRUE,source_of_water_supply,health_water-source,chloride,total,ug/l,4,2,0,0,0,0,none
0301-0047,TRUE,source_of_water_supply,health_water-source,magnesium,total,ug/l,3,1,0,0,0,0,none
0301-0047,TRUE,source_of_water_supply,health_water-source,nitrate,total,ug/l,2,2,0,0,0,0,none
0301-0047,TRUE,source_of_water_supply,health_water-source,nitrate_nitrite,total,ug/l,3,2,0,0,0,0,none
0301-0047,TRUE,source_of_water_supply,health_water-source,nitrite,total,ug/l,3,2,0,0,0,0,none
0301-0047,TRUE,source_of_water_supply,health_water-source,sulfate,total,ug/l,4,2,0,0,0,0,none
0302-0001,TRUE,fishing,aquatic_chronic,ammonia,total,ug/l,8,2,0,0,0,5,none
0302-0001,TRUE,fishing,none,dissolved_oxygen,dissolved,mg/l,5,2,10,2,0,0,n_exceedances may not be intiutive for this parameter because there are multiple components to the WQS. n_exceedances may be greater than n_samples_collected if a single sample was marked as an exceedance for multiple components of the WQS.
0302-0001,TRUE,fishing,none,ph,total,ph_units,5,2,0,0,0,0,none
0302-0011,TRUE,fishing,aquatic_chronic,ammonia,total,ug/l,4,2,0,0,0,1,none
0302-0011,TRUE,fishing,none,dissolved_oxygen,dissolved,mg/l,5,2,2,1,0,0,n_exceedances may not be intiutive for this parameter because there are multiple components to the WQS. n_exceedances may be greater than n_samples_collected if a single sample was marked as an exceedance for multiple components of the WQS.
0302-0011,TRUE,fishing,none,ph,total,ph_units,4,2,0,0,0,0,none
0302-0012,FALSE,fishing,aquatic_chronic,ammonia,total,ug/l,2,1,0,0,0,2,none
0302-0012,FALSE,secondary_contact_recreation,recreation,phosphorus,total,ug/l,15,3,3,3,0,0,none
0302-0012,FALSE,primary_contact_recreation,recreation,phosphorus,total,ug/l,15,3,3,3,0,0,none
0302-0012,TRUE,fishing,aquatic_chronic,ammonia,total,ug/l,5,1,0,0,0,3,none
0302-0012,TRUE,fishing,none,dissolved_oxygen,dissolved,mg/l,4,1,4,1,0,0,n_exceedances may not be intiutive for this parameter because there are multiple components to the WQS. n_exceedances may be greater than n_samples_collected if a single sample was marked as an exceedance for multiple components of the WQS.
0302-0012,TRUE,fishing,none,ph,total,ph_units,3,1,0,0,0,0,none
0302-0017,FALSE,secondary_contact_recreation,recreation,phosphorus,total,ug/l,49,7,7,7,0,0,none
0302-0017,FALSE,primary_contact_recreation,recreation,phosphorus,total,ug/l,49,7,7,7,0,0,none
0302-0017,TRUE,fishing,aquatic_chronic,ammonia,total,ug/l,7,1,0,0,0,4,none
0302-0017,TRUE,fishing,none,dissolved_oxygen,dissolved,mg/l,3,1,6,1,0,0,n_exceedances may not be intiutive for this parameter because there are multiple components to the WQS. n_exceedances may be greater than n_samples_collected if a single sample was marked as an exceedance for multiple components of the WQS.
0302-0017,TRUE,fishing,none,ph,total,ph_units,3,1,0,0,0,0,none
0302-0020,FALSE,fishing,aquatic_chronic,ammonia,total,ug/l,49,4,0,0,0,49,none
0302-0020,FALSE,secondary_contact_recreation,recreation,phosphorus,total,ug/l,67,9,6,6,0,0,none
0302-0020,FALSE,primary_contact_recreation,recreation,phosphorus,total,ug/l,67,9,6,6,0,0,none
0302-0020,TRUE,fishing,aquatic_chronic,ammonia,total,ug/l,111,10,0,0,0,111,none
0302-0020,TRUE,secondary_contact_recreation,recreation,phosphorus,total,ug/l,63,9,7,7,0,0,none
0302-0020,TRUE,primary_contact_recreation,recreation,phosphorus,total,ug/l,63,9,7,7,0,0,none
0302-0021,FALSE,secondary_contact_recreation,recreation,phosphorus,total,ug/l,19,4,4,4,0,0,none
0302-0021,FALSE,primary_contact_recreation,recreation,phosphorus,total,ug/l,19,4,4,4,0,0,none
0302-0021,TRUE,fishing,aquatic_chronic,ammonia,total,ug/l,7,1,0,0,0,4,none
0302-0021,TRUE,fishing,none,dissolved_oxygen,dissolved,mg/l,4,1,4,1,0,0,n_exceedances may not be intiutive for this parameter because there are multiple components to the WQS. n_exceedances may be greater than n_samples_collected if a single sample was marked as an exceedance for multiple components of the WQS.
0302-0021,TRUE,fishing,none,ph,total,ph_units,3,1,0,0,0,0,none
0302-0031,TRUE,fishing,aquatic_chronic,ammonia,total,ug/l,68,5,0,0,0,68,none
0302-0031,TRUE,secondary_contact_recreation,recreation,phosphorus,total,ug/l,28,4,4,4,0,0,none
0302-0031,TRUE,primary_contact_recreation,recreation,phosphorus,total,ug/l,28,4,4,4,0,0,none
0302-0033,TRUE,fishing,aquatic_chronic,ammonia,total,ug/l,2,1,0,0,0,2,none
0302-0033,TRUE,fishing,aquatic_chronic,nitrite,total,ug/l,2,1,0,0,0,0,none
0302-0033,TRUE,fishing,none,dissolved_oxygen,dissolved,mg/l,1,1,2,1,0,0,n_exceedances may not be intiutive for this parameter because there are multiple components to the WQS. n_exceedances may be greater than n_samples_collected if a single sample was marked as an exceedance for multiple components of the WQS.
0302-0033,TRUE,fishing,none,ph,total,ph_units,1,1,0,0,0,0,none
0302-0034,FALSE,fishing,aquatic_chronic,ammonia,total,ug/l,1,1,0,0,0,1,none
0302-0034,FALSE,secondary_contact_recreation,recreation,phosphorus,total,ug/l,1,1,0,0,0,0,none
0302-0034,FALSE,primary_contact_recreation,recreation,phosphorus,total,ug/l,1,1,0,0,0,0,none
0302-0037,TRUE,fishing,aquatic_chronic,ammonia,total,ug/l,7,1,0,0,0,2,none
0302-0037,TRUE,fishing,none,dissolved_oxygen,dissolved,mg/l,4,1,4,1,0,0,n_exceedances may not be intiutive for this parameter because there are multiple components to the WQS. n_exceedances may be greater than n_samples_collected if a single sample was marked as an exceedance for multiple components of the WQS.
0302-0037,TRUE,fishing,none,ph,total,ph_units,4,1,0,0,0,0,none
0302-0037,TRUE,secondary_contact_recreation,recreation,phosphorus,total,ug/l,2,1,1,1,0,0,none
0302-0037,TRUE,primary_contact_recreation,recreation,phosphorus,total,ug/l,2,1,1,1,0,0,none
0302-0048,TRUE,fishing,aquatic_chronic,ammonia,total,ug/l,1,1,0,0,0,1,none
0302-0048,TRUE,fishing,none,dissolved_oxygen,dissolved,mg/l,1,1,0,0,0,0,n_exceedances may not be intiutive for this parameter because there are multiple components to the WQS. n_exceedances may be greater than n_samples_collected if a single sample was marked as an exceedance for multiple components of the WQS.
0302-0048,TRUE,fishing,none,ph,total,ph_units,1,1,0,0,0,0,none
0302-0058,TRUE,fishing,aquatic_chronic,ammonia,total,ug/l,4,2,0,0,0,2,none
0302-0058,TRUE,fishing,none,dissolved_oxygen,dissolved,mg/l,3,2,0,0,0,0,n_exceedances may not be intiutive for this parameter because there are multiple components to the WQS. n_exceedances may be greater than n_samples_collected if a single sample was marked as an exceedance for multiple components of the WQS.
0302-0058,TRUE,fishing,none,ph,total,ph_units,3,2,2,1,0,0,none
0302-0058,TRUE,secondary_contact_recreation,recreation,phosphorus,total,ug/l,1,1,1,1,0,0,none
0302-0058,TRUE,primary_contact_recreation,recreation,phosphorus,total,ug/l,1,1,1,1,0,0,none
0302-0061,TRUE,fishing,aquatic_chronic,ammonia,total,ug/l,1,1,0,0,0,1,none
0302-0061,TRUE,fishing,aquatic_chronic,nitrite,total,ug/l,1,1,0,0,0,0,none
0302-0061,TRUE,fishing,none,dissolved_oxygen,dissolved,mg/l,1,1,0,0,0,0,n_exceedances may not be intiutive for this parameter because there are multiple components to the WQS. n_exceedances may be greater than n_samples_collected if a single sample was marked as an exceedance for multiple components of the WQS.
0302-0061,TRUE,fishing,none,ph,total,ph_units,1,1,1,1,0,0,none
0302-0061,TRUE,secondary_contact_recreation,recreation,phosphorus,total,ug/l,1,1,1,1,0,0,none
0302-0061,TRUE,primary_contact_recreation,recreation,phosphorus,total,ug/l,1,1,1,1,0,0,none
0303-0002,FALSE,fishing,aquatic_chronic,ammonia,total,ug/l,7,1,0,0,0,7,none
0303-0002,FALSE,fishing,aquatic_chronic,fluoride,total,ug/l,7,1,0,0,0,7,none
0303-0002,FALSE,secondary_contact_recreation,recreation,phosphorus,total,ug/l,58,6,6,6,0,0,none
0303-0002,FALSE,primary_contact_recreation,recreation,phosphorus,total,ug/l,58,6,6,6,0,0,none
0303-0002,TRUE,fishing,aquatic_chronic,ammonia,total,ug/l,3,3,0,0,0,2,none
0303-0002,TRUE,fishing,none,dissolved_oxygen,dissolved,mg/l,5,4,2,1,0,0,n_exceedances may not be intiutive for this parameter because there are multiple components to the WQS. n_exceedances may be greater than n_samples_collected if a single sample was marked as an exceedance for multiple components of the WQS.
0303-0002,TRUE,fishing,none,ph,total,ph_units,5,4,1,1,0,0,none
0303-0002,TRUE,secondary_contact_recreation,recreation,phosphorus,total,ug/l,2,2,2,2,0,0,none
0303-0002,TRUE,primary_contact_recreation,recreation,phosphorus,total,ug/l,2,2,2,2,0,0,none
0303-0043,FALSE,fishing,aquatic_chronic,ammonia,total,ug/l,58,7,0,0,0,58,none
0303-0043,FALSE,fishing,aquatic_chronic,nitrite,total,ug/l,8,1,0,0,0,0,none
0303-0043,FALSE,secondary_contact_recreation,recreation,phosphorus,total,ug/l,63,10,3,3,0,0,none
0303-0043,FALSE,primary_contact_recreation,recreation,phosphorus,total,ug/l,63,10,3,3,0,0,none
0303-0043,TRUE,fishing,aquatic_chronic,ammonia,total,ug/l,15,3,0,0,0,15,none
0303-0043,TRUE,fishing,aquatic_chronic,nitrite,total,ug/l,1,1,0,0,0,0,none
0303-0043,TRUE,fishing,none,dissolved_oxygen,dissolved,mg/l,1,1,0,0,0,0,n_exceedances may not be intiutive for this parameter because there are multiple components to the WQS. n_exceedances may be greater than n_samples_collected if a single sample was marked as an exceedance for multiple components of the WQS.
0303-0043,TRUE,fishing,none,ph,total,ph_units,1,1,0,0,0,0,none
0303-0043,TRUE,secondary_contact_recreation,recreation,phosphorus,total,ug/l,16,3,2,2,0,0,none
0303-0043,TRUE,primary_contact_recreation,recreation,phosphorus,total,ug/l,16,3,2,2,0,0,none
0303-0047,TRUE,fishing,aquatic_chronic,ammonia,total,ug/l,8,2,0,0,0,3,none
0303-0047,TRUE,fishing,none,dissolved_oxygen,dissolved,mg/l,5,2,6,2,0,0,n_exceedances may not be intiutive for this parameter because there are multiple components to the WQS. n_exceedances may be greater than n_samples_collected if a single sample was marked as an exceedance for multiple components of the WQS.
0303-0047,TRUE,fishing,none,ph,total,ph_units,5,2,0,0,0,0,none
0303-0052,TRUE,fishing,none,dissolved_oxygen,dissolved,mg/l,1,1,0,0,0,0,n_exceedances may not be intiutive for this parameter because there are multiple components to the WQS. n_exceedances may be greater than n_samples_collected if a single sample was marked as an exceedance for multiple components of the WQS.
0303-0052,TRUE,fishing,none,ph,total,ph_units,1,1,0,0,0,0,none
0303-0054,TRUE,fishing,aquatic_chronic,ammonia,total,ug/l,1,1,0,0,0,0,none
0303-0054,TRUE,fishing,none,dissolved_oxygen,dissolved,mg/l,1,1,0,0,0,0,n_exceedances may not be intiutive for this parameter because there are multiple components to the WQS. n_exceedances may be greater than n_samples_collected if a single sample was marked as an exceedance for multiple components of the WQS.
0303-0054,TRUE,fishing,none,ph,total,ph_units,1,1,0,0,0,0,none
0303-0058,TRUE,fishing,aquatic_chronic,ammonia,total,ug/l,1,1,0,0,0,0,none
0303-0058,TRUE,fishing,none,dissolved_oxygen,dissolved,mg/l,2,1,0,0,0,0,n_exceedances may not be intiutive for this parameter because there are multiple components to the WQS. n_exceedances may be greater than n_samples_collected if a single sample was marked as an exceedance for multiple components of the WQS.
0303-0058,TRUE,fishing,none,ph,total,ph_units,2,1,0,0,0,0,none
0303-0065,FALSE,fishing,aquatic_chronic,ammonia,total,ug/l,5,1,0,0,0,5,none
0303-0065,FALSE,fishing,aquatic_chronic,fluoride,total,ug/l,5,1,0,0,0,5,none
0303-0065,TRUE,fishing,aquatic_chronic,ammonia,total,ug/l,8,3,0,0,0,5,none
0303-0065,TRUE,fishing,none,dissolved_oxygen,dissolved,mg/l,6,4,6,3,0,0,n_exceedances may not be intiutive for this parameter because there are multiple components to the WQS. n_exceedances may be greater than n_samples_collected if a single sample was marked as an exceedance for multiple components of the WQS.
0303-0065,TRUE,fishing,none,ph,total,ph_units,6,4,1,1,0,0,none
0303-0067,TRUE,fishing,aquatic_chronic,ammonia,total,ug/l,1,1,0,0,0,1,none
0303-0067,TRUE,fishing,none,dissolved_oxygen,dissolved,mg/l,1,1,1,1,0,0,n_exceedances may not be intiutive for this parameter because there are multiple components to the WQS. n_exceedances may be greater than n_samples_collected if a single sample was marked as an exceedance for multiple components of the WQS.
0303-0067,TRUE,fishing,none,ph,total,ph_units,1,1,0,0,0,0,none
0303-0069,TRUE,fishing,aquatic_chronic,ammonia,total,ug/l,1,1,0,0,0,1,none
0303-0069,TRUE,fishing,none,dissolved_oxygen,dissolved,mg/l,1,1,2,1,0,0,n_exceedances may not be intiutive for this parameter because there are multiple components to the WQS. n_exceedances may be greater than n_samples_collected if a single sample was marked as an exceedance for multiple components of the WQS.
0303-0069,TRUE,fishing,none,ph,total,ph_units,1,1,0,0,0,0,none
0303-0085,TRUE,fishing,aquatic_chronic,ammonia,total,ug/l,3,1,0,0,0,3,none
0303-0090,TRUE,fishing,aquatic_chronic,ammonia,total,ug/l,2,1,0,0,0,2,none
0303-0090,TRUE,fishing,none,dissolved_oxygen,dissolved,mg/l,1,1,2,1,0,0,n_exceedances may not be intiutive for this parameter because there are multiple components to the WQS. n_exceedances may be greater than n_samples_collected if a single sample was marked as an exceedance for multiple components of the WQS.
0303-0090,TRUE,fishing,none,ph,total,ph_units,1,1,0,0,0,0,none
0303-0091,TRUE,fishing,aquatic_chronic,ammonia,total,ug/l,2,1,0,0,0,2,none
0303-0091,TRUE,fishing,none,dissolved_oxygen,dissolved,mg/l,1,1,0,0,0,0,n_exceedances may not be intiutive for this parameter because there are multiple components to the WQS. n_exceedances may be greater than n_samples_collected if a single sample was marked as an exceedance for multiple components of the WQS.
0303-0091,TRUE,fishing,none,ph,total,ph_units,1,1,0,0,0,0,none
0303-0091,TRUE,secondary_contact_recreation,recreation,phosphorus,total,ug/l,1,1,0,0,0,0,none
0303-0091,TRUE,primary_contact_recreation,recreation,phosphorus,total,ug/l,1,1,0,0,0,0,none
0303-0093,TRUE,fishing,aquatic_chronic,ammonia,total,ug/l,2,1,0,0,0,2,none
0303-0093,TRUE,fishing,none,dissolved_oxygen,dissolved,mg/l,1,1,2,1,0,0,n_exceedances may not be intiutive for this parameter because there are multiple components to the WQS. n_exceedances may be greater than n_samples_collected if a single sample was marked as an exceedance for multiple components of the WQS.
0303-0093,TRUE,fishing,none,ph,total,ph_units,1,1,0,0,0,0,none
0303-0093,TRUE,secondary_contact_recreation,recreation,phosphorus,total,ug/l,1,1,0,0,0,0,none
0303-0093,TRUE,primary_contact_recreation,recreation,phosphorus,total,ug/l,1,1,0,0,0,0,none
0303-0094,TRUE,fishing,aquatic_chronic,ammonia,total,ug/l,3,1,0,0,0,3,none
0303-0094,TRUE,fishing,none,dissolved_oxygen,dissolved,mg/l,4,2,8,2,0,0,n_exceedances may not be intiutive for this parameter because there are multiple components to the WQS. n_exceedances may be greater than n_samples_collected if a single sample was marked as an exceedance for multiple components of the WQS.
0303-0094,TRUE,fishing,none,ph,total,ph_units,3,2,3,2,0,0,none
0402-0002,FALSE,fishing,aquatic_chronic,ammonia,total,ug/l,10,1,0,0,0,10,none
0402-0002,FALSE,secondary_contact_recreation,recreation,phosphorus,total,ug/l,4,1,0,0,0,0,none
0402-0002,FALSE,primary_contact_recreation,recreation,phosphorus,total,ug/l,4,1,0,0,0,0,none
0402-0002,FALSE,source_of_water_supply,health_water-source,ammonia,total,ug/l,10,1,0,0,0,0,none
0402-0002,FALSE,source_of_water_supply,health_water-source,nitrate_nitrite,total,ug/l,10,1,0,0,0,0,none
0402-0002,TRUE,fishing,aquatic_chronic,ammonia,total,ug/l,34,6,0,0,0,34,none
0402-0002,TRUE,fishing,none,dissolved_oxygen,dissolved,mg/l,2,2,0,0,0,0,n_exceedances may not be intiutive for this parameter because there are multiple components to the WQS. n_exceedances may be greater than n_samples_collected if a single sample was marked as an exceedance for multiple components of the WQS.
0402-0002,TRUE,fishing,none,ph,total,ph_units,2,2,0,0,0,0,none
0402-0002,TRUE,secondary_contact_recreation,recreation,phosphorus,total,ug/l,30,5,0,0,0,0,none
0402-0002,TRUE,primary_contact_recreation,recreation,phosphorus,total,ug/l,30,5,0,0,0,0,none
0402-0002,TRUE,source_of_water_supply,health_water-source,ammonia,total,ug/l,34,6,0,0,0,0,none
0402-0002,TRUE,source_of_water_supply,health_water-source,chloride,total,ug/l,15,5,0,0,0,0,none
0402-0002,TRUE,source_of_water_supply,health_water-source,nitrate_nitrite,total,ug/l,25,4,0,0,0,0,none
0402-0003,FALSE,fishing,aquatic_chronic,ammonia,total,ug/l,8,1,0,0,0,8,none
0402-0003,FALSE,secondary_contact_recreation,recreation,phosphorus,total,ug/l,4,1,1,1,0,0,none
0402-0003,FALSE,primary_contact_recreation,recreation,phosphorus,total,ug/l,4,1,1,1,0,0,none
0402-0003,FALSE,source_of_water_supply,aesthetic_water-supply,iron,total,ug/l,8,1,0,0,0,0,none
0402-0003,FALSE,source_of_water_supply,aesthetic_water-supply,manganese,total,ug/l,8,1,5,1,0,0,none
0402-0003,FALSE,source_of_water_supply,health_water-source,ammonia,total,ug/l,8,1,3,1,0,0,none
0402-0003,FALSE,source_of_water_supply,health_water-source,arsenic,total,ug/l,2,1,0,0,0,0,none
0402-0003,FALSE,source_of_water_supply,health_water-source,chloride,total,ug/l,8,1,0,0,0,0,none
0402-0003,FALSE,source_of_water_supply,health_water-source,magnesium,total,ug/l,8,1,1,1,0,0,none
0402-0003,FALSE,source_of_water_supply,health_water-source,nitrate_nitrite,total,ug/l,8,1,0,0,0,0,none
0402-0003,FALSE,source_of_water_supply,health_water-source,sulfate,total,ug/l,8,1,1,1,0,0,none
0402-0004,FALSE,fishing,aquatic_chronic,ammonia,total,ug/l,13,2,0,0,0,13,none
0402-0004,FALSE,secondary_contact_recreation,recreation,phosphorus,total,ug/l,44,7,4,4,0,0,none
0402-0004,FALSE,primary_contact_recreation,recreation,phosphorus,total,ug/l,44,7,4,4,0,0,none
0402-0004,FALSE,source_of_water_supply,health_water-source,ammonia,total,ug/l,13,2,0,0,0,0,none
0402-0004,FALSE,source_of_water_supply,health_water-source,arsenic,total,ug/l,15,2,0,0,0,0,none
0402-0004,FALSE,source_of_water_supply,health_water-source,magnesium,total,ug/l,2,1,0,0,0,0,none
0402-0004,FALSE,source_of_water_supply,health_water-source,nitrate_nitrite,total,ug/l,48,7,0,0,0,0,none
0402-0004,TRUE,fishing,aquatic_chronic,ammonia,total,ug/l,84,6,0,0,0,84,none
0402-0004,TRUE,fishing,none,dissolved_oxygen,dissolved,mg/l,1,1,2,1,0,0,n_exceedances may not be intiutive for this parameter because there are multiple components to the WQS. n_exceedances may be greater than n_samples_collected if a single sample was marked as an exceedance for multiple components of the WQS.
0402-0004,TRUE,fishing,none,ph,total,ph_units,1,1,0,0,0,0,none
0402-0004,TRUE,secondary_contact_recreation,recreation,phosphorus,total,ug/l,77,5,1,1,0,0,none
0402-0004,TRUE,primary_contact_recreation,recreation,phosphorus,total,ug/l,77,5,1,1,0,0,none
0402-0004,TRUE,source_of_water_supply,health_water-source,ammonia,total,ug/l,84,6,0,0,0,0,none
0402-0004,TRUE,source_of_water_supply,health_water-source,chloride,total,ug/l,42,6,0,0,0,0,none
0402-0004,TRUE,source_of_water_supply,health_water-source,nitrate_nitrite,total,ug/l,66,5,0,0,0,0,none
0402-0011,FALSE,fishing,aquatic_chronic,ammonia,total,ug/l,10,1,0,0,0,10,none
0402-0011,FALSE,secondary_contact_recreation,recreation,phosphorus,total,ug/l,3,1,0,0,0,0,none
0402-0011,FALSE,primary_contact_recreation,recreation,phosphorus,total,ug/l,3,1,0,0,0,0,none
0402-0011,FALSE,source_of_water_supply,health_water-source,ammonia,total,ug/l,10,1,0,0,0,0,none
0402-0011,FALSE,source_of_water_supply,health_water-source,nitrate_nitrite,total,ug/l,10,1,0,0,0,0,none
0402-0011,TRUE,fishing,aquatic_chronic,ammonia,total,ug/l,115,6,0,0,0,115,none
0402-0011,TRUE,fishing,none,dissolved_oxygen,dissolved,mg/l,6,2,0,0,0,0,n_exceedances may not be intiutive for this parameter because there are multiple components to the WQS. n_exceedances may be greater than n_samples_collected if a single sample was marked as an exceedance for multiple components of the WQS.
0402-0011,TRUE,fishing,none,ph,total,ph_units,6,2,0,0,0,0,none
0402-0011,TRUE,secondary_contact_recreation,recreation,phosphorus,total,ug/l,95,5,0,0,0,0,none
0402-0011,TRUE,primary_contact_recreation,recreation,phosphorus,total,ug/l,95,5,0,0,0,0,none
0402-0011,TRUE,source_of_water_supply,health_water-source,ammonia,total,ug/l,115,6,0,0,0,0,none
0402-0011,TRUE,source_of_water_supply,health_water-source,chloride,total,ug/l,54,6,0,0,0,0,none
0402-0011,TRUE,source_of_water_supply,health_water-source,nitrate_nitrite,total,ug/l,105,5,0,0,0,0,none
0402-0032,FALSE,fishing,aquatic_chronic,ammonia,total,ug/l,21,2,0,0,0,21,none
0402-0032,FALSE,secondary_contact_recreation,recreation,phosphorus,total,ug/l,37,7,5,5,0,0,none
0402-0032,FALSE,primary_contact_recreation,recreation,phosphorus,total,ug/l,37,7,5,5,0,0,none
0402-0032,FALSE,source_of_water_supply,aesthetic_water-supply,iron,total,ug/l,1,1,0,0,0,0,none
0402-0032,FALSE,source_of_water_supply,aesthetic_water-supply,manganese,total,ug/l,1,1,0,0,0,0,none
0402-0032,FALSE,source_of_water_supply,health_water-source,ammonia,total,ug/l,21,2,0,0,0,0,none
0402-0032,FALSE,source_of_water_supply,health_water-source,chloride,total,ug/l,1,1,0,0,0,0,none
0402-0032,FALSE,source_of_water_supply,health_water-source,magnesium,total,ug/l,1,1,0,0,0,0,none
0402-0032,FALSE,source_of_water_supply,health_water-source,nitrate_nitrite,total,ug/l,58,7,0,0,0,0,none
0402-0032,FALSE,source_of_water_supply,health_water-source,sulfate,total,ug/l,1,1,0,0,0,0,none
0402-0032,TRUE,fishing,aquatic_acute,arsenic,dissolved,ug/l,2,1,0,0,0,0,none
0402-0032,TRUE,fishing,aquatic_acute,copper,dissolved,ug/l,1,1,0,0,0,0,none
0402-0032,TRUE,fishing,aquatic_acute,nickel,dissolved,ug/l,2,1,0,0,0,0,none
0402-0032,TRUE,fishing,aquatic_chronic,aluminum,dissolved,ug/l,1,1,0,0,0,0,none
0402-0032,TRUE,fishing,aquatic_chronic,ammonia,total,ug/l,70,6,0,0,0,70,none
0402-0032,TRUE,fishing,aquatic_chronic,arsenic,dissolved,ug/l,2,1,0,0,0,0,none
0402-0032,TRUE,fishing,aquatic_chronic,copper,dissolved,ug/l,1,1,0,0,0,0,none
0402-0032,TRUE,fishing,aquatic_chronic,nickel,dissolved,ug/l,2,1,0,0,0,0,none
0402-0032,TRUE,fishing,aquatic_chronic,nitrite,total,ug/l,2,1,0,0,0,0,none
0402-0032,TRUE,fishing,none,dissolved_oxygen,dissolved,mg/l,2,2,3,2,0,0,n_exceedances may not be intiutive for this parameter because there are multiple components to the WQS. n_exceedances may be greater than n_samples_collected if a single sample was marked as an exceedance for multiple components of the WQS.
0402-0032,TRUE,fishing,none,ph,total,ph_units,2,2,0,0,0,0,none
0402-0032,TRUE,fishing,none,total_dissolved_solids,dissolved,mg/l,2,1,0,0,0,0,none
0402-0032,TRUE,secondary_contact_recreation,none,total_dissolved_solids,dissolved,mg/l,2,1,0,0,0,0,none
0402-0032,TRUE,primary_contact_recreation,none,total_dissolved_solids,dissolved,mg/l,2,1,0,0,0,0,none
0402-0032,TRUE,source_of_water_supply,none,total_dissolved_solids,dissolved,mg/l,2,1,0,0,0,0,none
0402-0032,TRUE,secondary_contact_recreation,recreation,phosphorus,total,ug/l,55,5,5,5,0,0,none
0402-0032,TRUE,primary_contact_recreation,recreation,phosphorus,total,ug/l,55,5,5,5,0,0,none
0402-0032,TRUE,source_of_water_supply,aesthetic_water-supply,iron,total,ug/l,2,1,0,0,0,0,none
0402-0032,TRUE,source_of_water_supply,aesthetic_water-supply,manganese,total,ug/l,2,1,0,0,0,0,none
0402-0032,TRUE,source_of_water_supply,health_water-source,ammonia,total,ug/l,70,6,0,0,0,0,none
0402-0032,TRUE,source_of_water_supply,health_water-source,arsenic,total,ug/l,2,1,0,0,0,0,none
0402-0032,TRUE,source_of_water_supply,health_water-source,chloride,total,ug/l,37,6,0,0,0,0,none
0402-0032,TRUE,source_of_water_supply,health_water-source,copper,total,ug/l,1,1,0,0,0,0,none
0402-0032,TRUE,source_of_water_supply,health_water-source,magnesium,total,ug/l,1,1,0,0,0,0,none
0402-0032,TRUE,source_of_water_supply,health_water-source,nickel,total,ug/l,2,1,0,0,0,0,none
0402-0032,TRUE,source_of_water_supply,health_water-source,nitrate,total,ug/l,4,1,0,0,0,0,none
0402-0032,TRUE,source_of_water_supply,health_water-source,nitrate_nitrite,total,ug/l,63,5,0,0,0,0,none
0402-0032,TRUE,source_of_water_supply,health_water-source,nitrite,total,ug/l,2,1,0,0,0,0,none
0402-0032,TRUE,source_of_water_supply,health_water-source,sulfate,total,ug/l,2,1,0,0,0,0,none
0402-0050,TRUE,fishing,aquatic_chronic,ammonia,total,ug/l,5,2,0,0,0,3,none
0402-0050,TRUE,fishing,none,dissolved_oxygen,dissolved,mg/l,4,2,0,0,0,0,n_exceedances may not be intiutive for this parameter because there are multiple components to the WQS. n_exceedances may be greater than n_samples_collected if a single sample was marked as an exceedance for multiple components of the WQS.
0402-0050,TRUE,fishing,none,ph,total,ph_units,4,2,2,1,0,0,none
0402-0051,TRUE,fishing,aquatic_chronic,ammonia,total,ug/l,1,1,0,0,0,1,none
0402-0051,TRUE,fishing,none,dissolved_oxygen,dissolved,mg/l,1,1,0,0,0,0,n_exceedances may not be intiutive for this parameter because there are multiple components to the WQS. n_exceedances may be greater than n_samples_collected if a single sample was marked as an exceedance for multiple components of the WQS.
0402-0051,TRUE,fishing,none,ph,total,ph_units,1,1,0,0,0,0,none
0402-0051,TRUE,secondary_contact_recreation,recreation,phosphorus,total,ug/l,1,1,1,1,0,0,none
0402-0051,TRUE,primary_contact_recreation,recreation,phosphorus,total,ug/l,1,1,1,1,0,0,none
0402-0052,FALSE,fishing,aquatic_chronic,ammonia,total,ug/l,1,1,0,0,0,1,none
0402-0052,FALSE,secondary_contact_recreation,recreation,phosphorus,total,ug/l,1,1,0,0,0,0,none
0402-0052,FALSE,primary_contact_recreation,recreation,phosphorus,total,ug/l,1,1,0,0,0,0,none
0402-0053,FALSE,fishing,aquatic_chronic,ammonia,total,ug/l,1,1,0,0,0,1,none
0402-0053,FALSE,secondary_contact_recreation,recreation,phosphorus,total,ug/l,1,1,1,1,0,0,none
0402-0053,FALSE,primary_contact_recreation,recreation,phosphorus,total,ug/l,1,1,1,1,0,0,none
0402-0079,FALSE,fishing,aquatic_chronic,ammonia,total,ug/l,11,2,0,0,0,11,none
0402-0079,FALSE,secondary_contact_recreation,recreation,phosphorus,total,ug/l,5,2,0,0,0,0,none
0402-0079,FALSE,primary_contact_recreation,recreation,phosphorus,total,ug/l,5,2,0,0,0,0,none
0403-0002,FALSE,fishing,aquatic_chronic,ammonia,total,ug/l,81,8,0,0,0,81,none
0403-0002,FALSE,fishing,aquatic_chronic,nitrite,total,ug/l,23,5,0,0,0,0,none
0403-0002,FALSE,secondary_contact_recreation,recreation,phosphorus,total,ug/l,119,15,14,14,0,0,none
0403-0002,FALSE,primary_contact_recreation,recreation,phosphorus,total,ug/l,119,15,14,14,0,0,none
0403-0002,FALSE,source_of_water_supply,aesthetic_water-supply,iron,total,ug/l,4,2,2,1,0,0,none
0403-0002,FALSE,source_of_water_supply,aesthetic_water-supply,manganese,total,ug/l,4,2,3,1,0,0,none
0403-0002,FALSE,source_of_water_supply,health_water-source,ammonia,total,ug/l,81,8,2,2,0,0,none
0403-0002,FALSE,source_of_water_supply,health_water-source,arsenic,total,ug/l,11,4,0,0,0,0,none
0403-0002,FALSE,source_of_water_supply,health_water-source,chloride,total,ug/l,1,1,0,0,0,0,none
0403-0002,FALSE,source_of_water_supply,health_water-source,magnesium,total,ug/l,3,2,0,0,0,0,none
0403-0002,FALSE,source_of_water_supply,health_water-source,nitrate_nitrite,total,ug/l,121,15,0,0,0,0,none
0403-0002,FALSE,source_of_water_supply,health_water-source,nitrite,total,ug/l,23,5,0,0,0,0,none
0403-0002,FALSE,source_of_water_supply,health_water-source,sulfate,total,ug/l,1,1,0,0,0,0,none
0403-0002,TRUE,fishing,aquatic_chronic,ammonia,total,ug/l,123,9,0,0,0,123,none
0403-0002,TRUE,fishing,aquatic_chronic,nitrite,total,ug/l,3,1,0,0,0,0,none
0403-0002,TRUE,secondary_contact_recreation,recreation,phosphorus,total,ug/l,61,8,8,8,0,0,none
0403-0002,TRUE,primary_contact_recreation,recreation,phosphorus,total,ug/l,61,8,8,8,0,0,none
0403-0002,TRUE,source_of_water_supply,health_water-source,ammonia,total,ug/l,123,9,0,0,0,0,none
0403-0002,TRUE,source_of_water_supply,health_water-source,chloride,total,ug/l,31,8,0,0,0,0,none
0403-0002,TRUE,source_of_water_supply,health_water-source,nitrate_nitrite,total,ug/l,58,8,0,0,0,0,none
0403-0002,TRUE,source_of_water_supply,health_water-source,nitrite,total,ug/l,3,1,0,0,0,0,none
0403-0024,FALSE,fishing,aquatic_chronic,ammonia,total,ug/l,9,2,0,0,0,9,none
0403-0024,FALSE,secondary_contact_recreation,recreation,phosphorus,total,ug/l,5,2,0,0,0,0,none
0403-0024,FALSE,primary_contact_recreation,recreation,phosphorus,total,ug/l,5,2,0,0,0,0,none
0403-0024,TRUE,fishing,aquatic_chronic,ammonia,total,ug/l,77,6,0,0,0,77,none
0403-0024,TRUE,fishing,aquatic_chronic,nitrite,total,ug/l,2,1,0,0,0,0,none
0403-0024,TRUE,fishing,none,dissolved_oxygen,dissolved,mg/l,1,1,2,1,0,0,n_exceedances may not be intiutive for this parameter because there are multiple components to the WQS. n_exceedances may be greater than n_samples_collected if a single sample was marked as an exceedance for multiple components of the WQS.
0403-0024,TRUE,fishing,none,ph,total,ph_units,1,1,0,0,0,0,none
0403-0024,TRUE,secondary_contact_recreation,recreation,phosphorus,total,ug/l,39,5,0,0,0,0,none
0403-0024,TRUE,primary_contact_recreation,recreation,phosphorus,total,ug/l,39,5,0,0,0,0,none
0403-0051,FALSE,fishing,aquatic_chronic,ammonia,total,ug/l,1,1,0,0,0,1,none
0403-0052,FALSE,fishing,aquatic_chronic,ammonia,total,ug/l,5,2,0,0,0,5,none
0403-0053,TRUE,fishing,aquatic_chronic,ammonia,total,ug/l,1,1,0,0,0,1,none
0403-0053,TRUE,fishing,none,dissolved_oxygen,dissolved,mg/l,1,1,2,1,0,0,n_exceedances may not be intiutive for this parameter because there are multiple components to the WQS. n_exceedances may be greater than n_samples_collected if a single sample was marked as an exceedance for multiple components of the WQS.
0403-0053,TRUE,fishing,none,ph,total,ph_units,1,1,0,0,0,0,none
0403-0054,FALSE,fishing,aquatic_chronic,ammonia,total,ug/l,5,2,0,0,0,5,none
0403-0055,FALSE,fishing,aquatic_chronic,ammonia,total,ug/l,6,2,0,0,0,6,none
0403-0076,FALSE,fishing,aquatic_chronic,ammonia,total,ug/l,5,2,0,0,0,5,none
0404-0030,TRUE,fishing,aquatic_chronic,ammonia,total,ug/l,6,2,0,0,0,3,none
0404-0030,TRUE,fishing,aquatic_chronic,nitrite,total,ug/l,1,1,0,0,0,0,none
0404-0030,TRUE,fishing,none,dissolved_oxygen,dissolved,mg/l,4,2,2,1,0,0,n_exceedances may not be intiutive for this parameter because there are multiple components to the WQS. n_exceedances may be greater than n_samples_collected if a single sample was marked as an exceedance for multiple components of the WQS.
0404-0030,TRUE,fishing,none,ph,total,ph_units,4,2,0,0,0,0,none
0404-0030,TRUE,secondary_contact_recreation,recreation,phosphorus,total,ug/l,2,2,1,1,0,0,none
0404-0030,TRUE,primary_contact_recreation,recreation,phosphorus,total,ug/l,2,2,1,1,0,0,none
0404-0030,TRUE,source_of_water_supply,aesthetic_water-supply,iron,total,ug/l,5,3,1,1,0,0,none
0404-0030,TRUE,source_of_water_supply,aesthetic_water-supply,manganese,total,ug/l,5,3,1,1,0,0,none
0404-0030,TRUE,source_of_water_supply,health_water-source,ammonia,total,ug/l,6,2,0,0,0,0,none
0404-0030,TRUE,source_of_water_supply,health_water-source,arsenic,total,ug/l,3,2,0,0,0,0,none
0404-0030,TRUE,source_of_water_supply,health_water-source,chloride,total,ug/l,1,1,0,0,0,0,none
0404-0030,TRUE,source_of_water_supply,health_water-source,nitrate,total,ug/l,1,1,0,0,0,0,none
0404-0030,TRUE,source_of_water_supply,health_water-source,nitrate_nitrite,total,ug/l,7,3,0,0,0,0,none
0404-0030,TRUE,source_of_water_supply,health_water-source,nitrite,total,ug/l,1,1,0,0,0,0,none
0404-0030,TRUE,source_of_water_supply,health_water-source,sulfate,total,ug/l,6,3,0,0,0,0,none
0404-0039,FALSE,fishing,aquatic_chronic,ammonia,total,ug/l,119,11,0,0,0,119,none
0404-0039,FALSE,fishing,aquatic_chronic,nitrite,total,ug/l,16,2,0,0,0,0,none
0404-0039,FALSE,secondary_contact_recreation,recreation,phosphorus,total,ug/l,111,16,0,0,0,0,none
0404-0039,FALSE,primary_contact_recreation,recreation,phosphorus,total,ug/l,111,16,0,0,0,0,none
0404-0039,TRUE,fishing,aquatic_chronic,ammonia,total,ug/l,137,10,0,0,0,137,none
0404-0039,TRUE,fishing,aquatic_chronic,nitrite,total,ug/l,2,1,0,0,0,0,none
0404-0039,TRUE,secondary_contact_recreation,recreation,phosphorus,total,ug/l,68,9,0,0,0,0,none
0404-0039,TRUE,primary_contact_recreation,recreation,phosphorus,total,ug/l,68,9,0,0,0,0,none
0501-0031,FALSE,fishing,aquatic_chronic,ammonia,total,ug/l,1,1,0,0,0,1,none
0501-0031,FALSE,fishing,none,dissolved_oxygen,dissolved,mg/l,1,1,0,0,0,0,n_exceedances may not be intiutive for this parameter because there are multiple components to the WQS. n_exceedances may be greater than n_samples_collected if a single sample was marked as an exceedance for multiple components of the WQS.
0501-0031,FALSE,fishing,none,ph,total,ph_units,1,1,1,1,0,0,none
0501-0031,TRUE,fishing,aquatic_chronic,ammonia,total,ug/l,3,1,0,0,0,0,none
0501-0031,TRUE,fishing,none,dissolved_oxygen,dissolved,mg/l,3,1,1,1,0,0,n_exceedances may not be intiutive for this parameter because there are multiple components to the WQS. n_exceedances may be greater than n_samples_collected if a single sample was marked as an exceedance for multiple components of the WQS.
0501-0031,TRUE,fishing,none,ph,total,ph_units,3,1,0,0,0,0,none
0501-0033,FALSE,fishing,aquatic_chronic,ammonia,total,ug/l,1,1,0,0,0,1,none
0501-0033,FALSE,fishing,none,dissolved_oxygen,dissolved,mg/l,1,1,2,1,0,0,n_exceedances may not be intiutive for this parameter because there are multiple components to the WQS. n_exceedances may be greater than n_samples_collected if a single sample was marked as an exceedance for multiple components of the WQS.
0501-0033,FALSE,fishing,none,ph,total,ph_units,1,1,1,1,0,0,none
0501-0033,TRUE,fishing,aquatic_chronic,ammonia,total,ug/l,8,1,0,0,0,5,none
0501-0033,TRUE,fishing,none,dissolved_oxygen,dissolved,mg/l,4,1,8,1,0,0,n_exceedances may not be intiutive for this parameter because there are multiple components to the WQS. n_exceedances may be greater than n_samples_collected if a single sample was marked as an exceedance for multiple components of the WQS.
0501-0033,TRUE,fishing,none,ph,total,ph_units,4,1,0,0,0,0,none
0502-0001,FALSE,fishing,aquatic_chronic,ammonia,total,ug/l,1,1,0,0,0,1,none
0502-0001,FALSE,secondary_contact_recreation,recreation,phosphorus,total,ug/l,33,4,3,3,0,0,none
0502-0001,FALSE,primary_contact_recreation,recreation,phosphorus,total,ug/l,33,4,3,3,0,0,none
0502-0001,FALSE,source_of_water_supply,aesthetic_water-supply,iron,total,ug/l,1,1,1,1,0,0,none
0502-0001,FALSE,source_of_water_supply,aesthetic_water-supply,manganese,total,ug/l,1,1,1,1,0,0,none
0502-0001,FALSE,source_of_water_supply,health_water-source,ammonia,total,ug/l,1,1,0,0,0,0,none
0502-0001,FALSE,source_of_water_supply,health_water-source,chloride,total,ug/l,1,1,0,0,0,0,none
0502-0001,FALSE,source_of_water_supply,health_water-source,magnesium,total,ug/l,1,1,0,0,0,0,none
0502-0001,FALSE,source_of_water_supply,health_water-source,nitrate_nitrite,total,ug/l,22,4,0,0,0,0,none
0502-0001,FALSE,source_of_water_supply,health_water-source,sulfate,total,ug/l,1,1,0,0,0,0,none
0502-0001,TRUE,fishing,aquatic_chronic,ammonia,total,ug/l,47,4,0,0,0,47,none
0502-0001,TRUE,fishing,none,dissolved_oxygen,dissolved,mg/l,3,1,6,1,0,0,n_exceedances may not be intiutive for this parameter because there are multiple components to the WQS. n_exceedances may be greater than n_samples_collected if a single sample was marked as an exceedance for multiple components of the WQS.
0502-0001,TRUE,fishing,none,ph,total,ph_units,1,1,0,0,0,0,none
0502-0001,TRUE,secondary_contact_recreation,recreation,phosphorus,total,ug/l,20,4,2,2,0,0,none
0502-0001,TRUE,primary_contact_recreation,recreation,phosphorus,total,ug/l,20,4,2,2,0,0,none
0502-0001,TRUE,source_of_water_supply,aesthetic_water-supply,iron,total,ug/l,8,1,2,1,0,0,none
0502-0001,TRUE,source_of_water_supply,aesthetic_water-supply,manganese,total,ug/l,8,1,3,1,0,0,none
0502-0001,TRUE,source_of_water_supply,health_water-source,ammonia,total,ug/l,47,4,0,0,0,0,none
0502-0001,TRUE,source_of_water_supply,health_water-source,arsenic,total,ug/l,3,1,0,0,0,0,none
0502-0001,TRUE,source_of_water_supply,health_water-source,chloride,total,ug/l,18,4,0,0,0,0,none
0502-0001,TRUE,source_of_water_supply,health_water-source,nitrate_nitrite,total,ug/l,14,2,0,0,0,0,none
0502-0001,TRUE,source_of_water_supply,health_water-source,sulfate,total,ug/l,8,1,0,0,0,0,none
0502-0002,TRUE,fishing,aquatic_acute,arsenic,dissolved,ug/l,1,1,0,0,0,0,none
0502-0002,TRUE,fishing,aquatic_acute,copper,dissolved,ug/l,2,1,1,1,0,0,none
0502-0002,TRUE,fishing,aquatic_acute,nickel,dissolved,ug/l,2,1,0,0,0,0,none
0502-0002,TRUE,fishing,aquatic_acute,zinc,dissolved,ug/l,2,1,0,0,0,0,none
0502-0002,TRUE,fishing,aquatic_chronic,aluminum,dissolved,ug/l,2,1,0,0,0,0,none
0502-0002,TRUE,fishing,aquatic_chronic,ammonia,total,ug/l,28,4,0,0,0,27,none
0502-0002,TRUE,fishing,aquatic_chronic,arsenic,dissolved,ug/l,1,1,0,0,0,0,none
0502-0002,TRUE,fishing,aquatic_chronic,copper,dissolved,ug/l,2,1,1,1,0,0,none
0502-0002,TRUE,fishing,aquatic_chronic,nickel,dissolved,ug/l,2,1,0,0,0,0,none
0502-0002,TRUE,fishing,aquatic_chronic,nitrite,total,ug/l,2,1,0,0,0,0,none
0502-0002,TRUE,fishing,aquatic_chronic,zinc,dissolved,ug/l,2,1,0,0,0,0,none
0502-0002,TRUE,fishing,none,dissolved_oxygen,dissolved,mg/l,4,2,4,1,0,0,n_exceedances may not be intiutive for this parameter because there are multiple components to the WQS. n_exceedances may be greater than n_samples_collected if a single sample was marked as an exceedance for multiple components of the WQS.
0502-0002,TRUE,fishing,none,ph,total,ph_units,2,2,0,0,0,0,none
0502-0002,TRUE,fishing,none,total_dissolved_solids,dissolved,mg/l,2,1,0,0,0,0,none
0502-0002,TRUE,secondary_contact_recreation,none,total_dissolved_solids,dissolved,mg/l,2,1,0,0,0,0,none
0502-0002,TRUE,primary_contact_recreation,none,total_dissolved_solids,dissolved,mg/l,2,1,0,0,0,0,none
0502-0002,TRUE,source_of_water_supply,none,total_dissolved_solids,dissolved,mg/l,2,1,0,0,0,0,none
0502-0002,TRUE,secondary_contact_recreation,recreation,phosphorus,total,ug/l,24,4,4,4,0,0,none
0502-0002,TRUE,primary_contact_recreation,recreation,phosphorus,total,ug/l,24,4,4,4,0,0,none
0502-0002,TRUE,source_of_water_supply,aesthetic_water-supply,iron,total,ug/l,10,2,2,2,0,0,none
0502-0002,TRUE,source_of_water_supply,aesthetic_water-supply,manganese,total,ug/l,10,2,3,2,0,0,none
0502-0002,TRUE,source_of_water_supply,health_water-source,ammonia,total,ug/l,28,4,0,0,0,0,none
0502-0002,TRUE,source_of_water_supply,health_water-source,arsenic,total,ug/l,4,2,0,0,0,0,none
0502-0002,TRUE,source_of_water_supply,health_water-source,chloride,total,ug/l,18,4,0,0,0,0,none
0502-0002,TRUE,source_of_water_supply,health_water-source,copper,total,ug/l,2,1,0,0,0,0,none
0502-0002,TRUE,source_of_water_supply,health_water-source,magnesium,total,ug/l,2,1,0,0,0,0,none
0502-0002,TRUE,source_of_water_supply,health_water-source,nickel,total,ug/l,2,1,0,0,0,0,none
0502-0002,TRUE,source_of_water_supply,health_water-source,nitrate,total,ug/l,4,1,0,0,0,0,none
0502-0002,TRUE,source_of_water_supply,health_water-source,nitrate_nitrite,total,ug/l,15,2,0,0,0,0,none
0502-0002,TRUE,source_of_water_supply,health_water-source,nitrite,total,ug/l,2,1,0,0,0,0,none
0502-0002,TRUE,source_of_water_supply,health_water-source,sulfate,total,ug/l,10,2,0,0,0,0,none
0502-0011,FALSE,fishing,aquatic_chronic,ammonia,total,ug/l,58,6,0,0,0,58,none
0502-0011,FALSE,fishing,aquatic_chronic,nitrite,total,ug/l,16,2,0,0,0,0,none
0502-0011,FALSE,secondary_contact_recreation,recreation,phosphorus,total,ug/l,65,11,11,11,0,0,none
0502-0011,FALSE,primary_contact_recreation,recreation,phosphorus,total,ug/l,65,11,11,11,0,0,none
0502-0011,TRUE,fishing,aquatic_chronic,ammonia,total,ug/l,100,7,0,0,0,100,none
0502-0011,TRUE,secondary_contact_recreation,recreation,phosphorus,total,ug/l,45,6,6,6,0,0,none
0502-0011,TRUE,primary_contact_recreation,recreation,phosphorus,total,ug/l,45,6,6,6,0,0,none
0502-0012,FALSE,fishing,aquatic_chronic,ammonia,total,ug/l,77,9,0,0,0,77,none
0502-0012,FALSE,fishing,aquatic_chronic,nitrite,total,ug/l,25,4,0,0,0,0,none
0502-0012,FALSE,secondary_contact_recreation,recreation,phosphorus,total,ug/l,60,9,9,9,0,0,none
0502-0012,FALSE,primary_contact_recreation,recreation,phosphorus,total,ug/l,60,9,9,9,0,0,none
0502-0012,TRUE,fishing,aquatic_chronic,ammonia,total,ug/l,137,10,0,0,0,137,none
0502-0012,TRUE,fishing,aquatic_chronic,nitrite,total,ug/l,3,1,0,0,0,0,none
0502-0012,TRUE,secondary_contact_recreation,recreation,phosphorus,total,ug/l,62,9,9,9,0,0,none
0502-0012,TRUE,primary_contact_recreation,recreation,phosphorus,total,ug/l,62,9,9,9,0,0,none
0502-0015,FALSE,secondary_contact_recreation,recreation,phosphorus,total,ug/l,29,5,0,0,0,0,none
0502-0015,FALSE,primary_contact_recreation,recreation,phosphorus,total,ug/l,29,5,0,0,0,0,none
0502-0015,TRUE,fishing,aquatic_chronic,ammonia,total,ug/l,71,10,0,0,0,71,none
0502-0015,TRUE,secondary_contact_recreation,recreation,phosphorus,total,ug/l,70,9,0,0,0,0,none
0502-0015,TRUE,primary_contact_recreation,recreation,phosphorus,total,ug/l,70,9,0,0,0,0,none
0502-0021,FALSE,fishing,aquatic_chronic,ammonia,total,ug/l,1,1,0,0,0,1,none
0502-0024,FALSE,fishing,aquatic_chronic,ammonia,total,ug/l,1,1,0,0,0,1,none
0502-0026,FALSE,fishing,none,dissolved_oxygen,dissolved,mg/l,1,1,0,0,0,0,n_exceedances may not be intiutive for this parameter because there are multiple components to the WQS. n_exceedances may be greater than n_samples_collected if a single sample was marked as an exceedance for multiple components of the WQS.
0502-0026,FALSE,fishing,none,ph,total,ph_units,1,1,1,1,0,0,none
0502-0027,FALSE,fishing,aquatic_chronic,ammonia,total,ug/l,12,3,0,0,0,12,none
0502-0027,FALSE,fishing,none,dissolved_oxygen,dissolved,mg/l,2,1,3,1,0,0,n_exceedances may not be intiutive for this parameter because there are multiple components to the WQS. n_exceedances may be greater than n_samples_collected if a single sample was marked as an exceedance for multiple components of the WQS.
0502-0027,FALSE,fishing,none,ph,total,ph_units,2,1,2,1,0,0,none
0502-0027,TRUE,fishing,aquatic_chronic,ammonia,total,ug/l,4,1,0,0,0,3,none
0502-0027,TRUE,fishing,none,dissolved_oxygen,dissolved,mg/l,4,1,7,1,0,0,n_exceedances may not be intiutive for this parameter because there are multiple components to the WQS. n_exceedances may be greater than n_samples_collected if a single sample was marked as an exceedance for multiple components of the WQS.
0502-0027,TRUE,fishing,none,ph,total,ph_units,4,1,0,0,0,0,none
0502-0035,FALSE,fishing,aquatic_chronic,ammonia,total,ug/l,1,1,0,0,0,1,none
0502-0035,FALSE,fishing,none,dissolved_oxygen,dissolved,mg/l,1,1,0,0,0,0,n_exceedances may not be intiutive for this parameter because there are multiple components to the WQS. n_exceedances may be greater than n_samples_collected if a single sample was marked as an exceedance for multiple components of the WQS.
0502-0035,FALSE,fishing,none,ph,total,ph_units,1,1,1,1,0,0,none
0502-0037,FALSE,fishing,aquatic_chronic,ammonia,total,ug/l,1,1,0,0,0,1,none
0502-0037,FALSE,fishing,none,dissolved_oxygen,dissolved,mg/l,1,1,2,1,0,0,n_exceedances may not be intiutive for this parameter because there are multiple components to the WQS. n_exceedances may be greater than n_samples_collected if a single sample was marked as an exceedance for multiple components of the WQS.
0502-0037,FALSE,fishing,none,ph,total,ph_units,1,1,1,1,0,0,none
0503-0003,FALSE,fishing,aquatic_chronic,ammonia,total,ug/l,5,2,0,0,0,5,none
0503-0003,FALSE,secondary_contact_recreation,recreation,phosphorus,total,ug/l,4,1,1,1,0,0,none
0503-0003,FALSE,primary_contact_recreation,recreation,phosphorus,total,ug/l,4,1,1,1,0,0,none
0503-0015,FALSE,fishing,none,dissolved_oxygen,dissolved,mg/l,1,1,1,1,0,0,n_exceedances may not be intiutive for this parameter because there are multiple components to the WQS. n_exceedances may be greater than n_samples_collected if a single sample was marked as an exceedance for multiple components of the WQS.
0503-0015,FALSE,fishing,none,ph,total,ph_units,1,1,1,1,0,0,none
0503-0027,FALSE,fishing,none,dissolved_oxygen,dissolved,mg/l,1,1,2,1,0,0,n_exceedances may not be intiutive for this parameter because there are multiple components to the WQS. n_exceedances may be greater than n_samples_collected if a single sample was marked as an exceedance for multiple components of the WQS.
0503-0027,FALSE,fishing,none,ph,total,ph_units,1,1,1,1,0,0,none
0503-0031,FALSE,fishing,aquatic_chronic,ammonia,total,ug/l,3,1,0,0,0,3,none
0503-0031,FALSE,fishing,none,dissolved_oxygen,dissolved,mg/l,2,1,4,1,0,0,n_exceedances may not be intiutive for this parameter because there are multiple components to the WQS. n_exceedances may be greater than n_samples_collected if a single sample was marked as an exceedance for multiple components of the WQS.
0503-0031,FALSE,fishing,none,ph,total,ph_units,2,1,2,1,0,0,none
0503-0031,FALSE,source_of_water_supply,aesthetic_water-supply,iron,total,ug/l,4,1,1,1,0,0,none
0503-0031,FALSE,source_of_water_supply,aesthetic_water-supply,manganese,total,ug/l,4,1,2,1,0,0,none
0503-0031,FALSE,source_of_water_supply,health_water-source,ammonia,total,ug/l,3,1,1,1,0,0,none
0503-0031,FALSE,source_of_water_supply,health_water-source,chloride,total,ug/l,4,1,0,0,0,0,none
0503-0031,FALSE,source_of_water_supply,health_water-source,magnesium,total,ug/l,4,1,0,0,0,0,none
0503-0031,FALSE,source_of_water_supply,health_water-source,nitrate_nitrite,total,ug/l,4,1,0,0,0,0,none
0503-0031,FALSE,source_of_water_supply,health_water-source,sulfate,total,ug/l,4,1,0,0,0,0,none
0601-0001,FALSE,fishing,aquatic_chronic,ammonia,total,ug/l,8,1,0,0,0,8,none
0601-0001,FALSE,secondary_contact_recreation,recreation,phosphorus,total,ug/l,4,1,1,1,0,0,none
0601-0001,FALSE,primary_contact_recreation,recreation,phosphorus,total,ug/l,4,1,1,1,0,0,none
0601-0001,TRUE,fishing,aquatic_chronic,ammonia,total,ug/l,9,1,0,0,0,9,none
0601-0001,TRUE,fishing,none,dissolved_oxygen,dissolved,mg/l,4,1,2,1,0,0,n_exceedances may not be intiutive for this parameter because there are multiple components to the WQS. n_exceedances may be greater than n_samples_collected if a single sample was marked as an exceedance for multiple components of the WQS.
0601-0001,TRUE,fishing,none,ph,total,ph_units,4,1,0,0,0,0,none
0601-0001,TRUE,secondary_contact_recreation,recreation,phosphorus,total,ug/l,3,1,0,0,0,0,none
0601-0001,TRUE,primary_contact_recreation,recreation,phosphorus,total,ug/l,3,1,0,0,0,0,none
0601-0010,FALSE,fishing,aquatic_chronic,ammonia,total,ug/l,22,2,0,0,0,22,none
0601-0010,FALSE,secondary_contact_recreation,recreation,phosphorus,total,ug/l,5,2,0,0,0,0,none
0601-0010,FALSE,primary_contact_recreation,recreation,phosphorus,total,ug/l,5,2,0,0,0,0,none
0601-0010,TRUE,fishing,aquatic_chronic,ammonia,total,ug/l,16,1,0,0,0,16,none
0601-0010,TRUE,secondary_contact_recreation,recreation,phosphorus,total,ug/l,7,1,0,0,0,0,none
0601-0010,TRUE,primary_contact_recreation,recreation,phosphorus,total,ug/l,7,1,0,0,0,0,none
0601-0012,FALSE,fishing,aquatic_chronic,ammonia,total,ug/l,81,8,0,0,0,81,none
0601-0012,FALSE,fishing,aquatic_chronic,nitrite,total,ug/l,23,3,0,0,0,0,none
0601-0012,FALSE,secondary_contact_recreation,recreation,phosphorus,total,ug/l,45,8,1,1,0,0,none
0601-0012,FALSE,primary_contact_recreation,recreation,phosphorus,total,ug/l,45,8,1,1,0,0,none
0601-0012,FALSE,source_of_water_supply,health_water-source,ammonia,total,ug/l,81,8,0,0,0,0,none
0601-0012,FALSE,source_of_water_supply,health_water-source,chloride,total,ug/l,18,2,0,0,0,0,none
0601-0012,FALSE,source_of_water_supply,health_water-source,nitrate,total,ug/l,19,2,0,0,0,0,none
0601-0012,FALSE,source_of_water_supply,health_water-source,nitrate_nitrite,total,ug/l,54,6,0,0,0,0,none
0601-0012,FALSE,source_of_water_supply,health_water-source,nitrite,total,ug/l,23,3,0,0,0,0,none
0601-0012,TRUE,fishing,aquatic_chronic,ammonia,total,ug/l,136,10,0,0,0,136,none
0601-0012,TRUE,secondary_contact_recreation,recreation,phosphorus,total,ug/l,64,9,2,2,0,0,none
0601-0012,TRUE,primary_contact_recreation,recreation,phosphorus,total,ug/l,64,9,2,2,0,0,none
0601-0012,TRUE,source_of_water_supply,health_water-source,ammonia,total,ug/l,136,10,0,0,0,0,none
0601-0012,TRUE,source_of_water_supply,health_water-source,chloride,total,ug/l,28,8,0,0,0,0,none
0601-0012,TRUE,source_of_water_supply,health_water-source,nitrate_nitrite,total,ug/l,56,9,0,0,0,0,none
0601-0013,FALSE,fishing,aquatic_chronic,ammonia,total,ug/l,101,10,0,0,0,101,none
0601-0013,FALSE,fishing,aquatic_chronic,nitrite,total,ug/l,16,2,0,0,0,0,none
0601-0013,FALSE,secondary_contact_recreation,recreation,phosphorus,total,ug/l,91,12,0,0,0,0,none
0601-0013,FALSE,primary_contact_recreation,recreation,phosphorus,total,ug/l,91,12,0,0,0,0,none
0601-0013,FALSE,source_of_water_supply,health_water-source,ammonia,total,ug/l,101,10,0,0,0,0,none
0601-0013,FALSE,source_of_water_supply,health_water-source,arsenic,total,ug/l,1,1,0,0,0,0,none
0601-0013,FALSE,source_of_water_supply,health_water-source,nitrate_nitrite,total,ug/l,113,12,0,0,0,0,none
0601-0013,FALSE,source_of_water_supply,health_water-source,nitrite,total,ug/l,16,2,0,0,0,0,none
0601-0013,TRUE,fishing,aquatic_chronic,ammonia,total,ug/l,133,10,0,0,0,133,none
0601-0013,TRUE,secondary_contact_recreation,recreation,phosphorus,total,ug/l,70,9,0,0,0,0,none
0601-0013,TRUE,primary_contact_recreation,recreation,phosphorus,total,ug/l,70,9,0,0,0,0,none
0601-0013,TRUE,source_of_water_supply,health_water-source,ammonia,total,ug/l,133,10,0,0,0,0,none
0601-0013,TRUE,source_of_water_supply,health_water-source,chloride,total,ug/l,28,8,0,0,0,0,none
0601-0013,TRUE,source_of_water_supply,health_water-source,nitrate_nitrite,total,ug/l,56,9,0,0,0,0,none
0601-0015,FALSE,fishing,aquatic_chronic,fluoride,total,ug/l,1,1,0,0,0,1,none
0601-0015,FALSE,secondary_contact_recreation,recreation,phosphorus,total,ug/l,2,1,1,1,0,0,none
0601-0015,FALSE,primary_contact_recreation,recreation,phosphorus,total,ug/l,2,1,1,1,0,0,none
0601-0016,FALSE,fishing,aquatic_chronic,ammonia,total,ug/l,8,1,0,0,0,8,none
0601-0016,FALSE,secondary_contact_recreation,recreation,phosphorus,total,ug/l,43,7,0,0,0,0,none
0601-0016,FALSE,primary_contact_recreation,recreation,phosphorus,total,ug/l,43,7,0,0,0,0,none
0601-0016,FALSE,source_of_water_supply,aesthetic_water-supply,iron,total,ug/l,8,1,2,1,0,0,none
0601-0016,FALSE,source_of_water_supply,aesthetic_water-supply,manganese,total,ug/l,8,1,2,1,0,0,none
0601-0016,FALSE,source_of_water_supply,health_water-source,ammonia,total,ug/l,8,1,0,0,0,0,none
0601-0016,FALSE,source_of_water_supply,health_water-source,chloride,total,ug/l,8,1,0,0,0,0,none
0601-0016,FALSE,source_of_water_supply,health_water-source,magnesium,total,ug/l,10,2,0,0,0,0,none
0601-0016,FALSE,source_of_water_supply,health_water-source,nitrate_nitrite,total,ug/l,48,7,0,0,0,0,none
0601-0016,FALSE,source_of_water_supply,health_water-source,sulfate,total,ug/l,8,1,0,0,0,0,none
0601-0016,TRUE,fishing,aquatic_chronic,ammonia,total,ug/l,82,6,0,0,0,82,none
0601-0016,TRUE,secondary_contact_recreation,recreation,phosphorus,total,ug/l,36,5,0,0,0,0,none
0601-0016,TRUE,primary_contact_recreation,recreation,phosphorus,total,ug/l,36,5,0,0,0,0,none
0601-0016,TRUE,source_of_water_supply,health_water-source,ammonia,total,ug/l,82,6,0,0,0,0,none
0601-0016,TRUE,source_of_water_supply,health_water-source,chloride,total,ug/l,22,6,0,0,0,0,none
0601-0016,TRUE,source_of_water_supply,health_water-source,nitrate_nitrite,total,ug/l,38,5,0,0,0,0,none
0601-0023,FALSE,secondary_contact_recreation,recreation,phosphorus,total,ug/l,2,1,0,0,0,0,none
0601-0023,FALSE,primary_contact_recreation,recreation,phosphorus,total,ug/l,2,1,0,0,0,0,none
0601-0026,TRUE,fishing,aquatic_chronic,ammonia,total,ug/l,4,1,0,0,0,4,none
0601-0026,TRUE,fishing,none,dissolved_oxygen,dissolved,mg/l,4,1,2,1,0,0,n_exceedances may not be intiutive for this parameter because there are multiple components to the WQS. n_exceedances may be greater than n_samples_collected if a single sample was marked as an exceedance for multiple components of the WQS.
0601-0026,TRUE,fishing,none,ph,total,ph_units,4,1,0,0,0,0,none
0601-0026,TRUE,secondary_contact_recreation,recreation,phosphorus,total,ug/l,3,1,1,1,0,0,none
0601-0026,TRUE,primary_contact_recreation,recreation,phosphorus,total,ug/l,3,1,1,1,0,0,none
0601-0033,TRUE,fishing,aquatic_acute,arsenic,dissolved,ug/l,2,1,0,0,0,0,none
0601-0033,TRUE,fishing,aquatic_acute,copper,dissolved,ug/l,2,1,0,0,0,0,none
0601-0033,TRUE,fishing,aquatic_acute,nickel,dissolved,ug/l,2,1,0,0,0,0,none
0601-0033,TRUE,fishing,aquatic_acute,zinc,dissolved,ug/l,2,1,0,0,0,0,none
0601-0033,TRUE,fishing,aquatic_chronic,aluminum,dissolved,ug/l,2,1,0,0,0,0,none
0601-0033,TRUE,fishing,aquatic_chronic,ammonia,total,ug/l,2,1,0,0,0,2,none
0601-0033,TRUE,fishing,aquatic_chronic,arsenic,dissolved,ug/l,2,1,0,0,0,0,none
0601-0033,TRUE,fishing,aquatic_chronic,copper,dissolved,ug/l,2,1,0,0,0,0,none
0601-0033,TRUE,fishing,aquatic_chronic,nickel,dissolved,ug/l,2,1,0,0,0,0,none
0601-0033,TRUE,fishing,aquatic_chronic,zinc,dissolved,ug/l,2,1,0,0,0,0,none
0601-0033,TRUE,fishing,none,dissolved_oxygen,dissolved,mg/l,1,1,0,0,0,0,n_exceedances may not be intiutive for this parameter because there are multiple components to the WQS. n_exceedances may be greater than n_samples_collected if a single sample was marked as an exceedance for multiple components of the WQS.
0601-0033,TRUE,fishing,none,ph,total,ph_units,1,1,0,0,0,0,none
0601-0033,TRUE,fishing,none,total_dissolved_solids,dissolved,mg/l,2,1,0,0,0,0,none
0601-0033,TRUE,secondary_contact_recreation,none,total_dissolved_solids,dissolved,mg/l,2,1,0,0,0,0,none
0601-0033,TRUE,primary_contact_recreation,none,total_dissolved_solids,dissolved,mg/l,2,1,0,0,0,0,none
0601-0033,TRUE,source_of_water_supply,none,total_dissolved_solids,dissolved,mg/l,2,1,0,0,0,0,none
0601-0033,TRUE,secondary_contact_recreation,recreation,phosphorus,total,ug/l,1,1,0,0,0,0,none
0601-0033,TRUE,primary_contact_recreation,recreation,phosphorus,total,ug/l,1,1,0,0,0,0,none
0601-0033,TRUE,source_of_water_supply,aesthetic_water-supply,iron,total,ug/l,2,1,0,0,0,0,none
0601-0033,TRUE,source_of_water_supply,aesthetic_water-supply,manganese,total,ug/l,2,1,0,0,0,0,none
0601-0033,TRUE,source_of_water_supply,health_water-source,ammonia,total,ug/l,2,1,0,0,0,0,none
0601-0033,TRUE,source_of_water_supply,health_water-source,arsenic,total,ug/l,2,1,0,0,0,0,none
0601-0033,TRUE,source_of_water_supply,health_water-source,chloride,total,ug/l,2,1,0,0,0,0,none
0601-0033,TRUE,source_of_water_supply,health_water-source,copper,total,ug/l,2,1,0,0,0,0,none
0601-0033,TRUE,source_of_water_supply,health_water-source,magnesium,total,ug/l,2,1,0,0,0,0,none
0601-0033,TRUE,source_of_water_supply,health_water-source,nickel,total,ug/l,2,1,0,0,0,0,none
0601-0033,TRUE,source_of_water_supply,health_water-source,nitrate,total,ug/l,2,1,0,0,0,0,none
0601-0033,TRUE,source_of_water_supply,health_water-source,sulfate,total,ug/l,2,1,0,0,0,0,none
0601-0066,FALSE,fishing,aquatic_chronic,ammonia,total,ug/l,80,10,0,0,0,80,none
0601-0066,FALSE,fishing,aquatic_chronic,nitrite,total,ug/l,16,2,0,0,0,0,none
0601-0066,TRUE,fishing,aquatic_chronic,ammonia,total,ug/l,67,10,0,0,0,67,none
0601-0068,TRUE,fishing,aquatic_chronic,ammonia,total,ug/l,11,2,0,0,0,11,none
0601-0086,FALSE,fishing,aquatic_chronic,ammonia,total,ug/l,1,1,0,0,0,1,none
0601-0095,TRUE,fishing,aquatic_chronic,ammonia,total,ug/l,12,3,0,0,0,12,none
0601-0095,TRUE,fishing,none,dissolved_oxygen,dissolved,mg/l,5,2,6,1,0,0,n_exceedances may not be intiutive for this parameter because there are multiple components to the WQS. n_exceedances may be greater than n_samples_collected if a single sample was marked as an exceedance for multiple components of the WQS.
0601-0095,TRUE,fishing,none,ph,total,ph_units,5,2,0,0,0,0,none
0601-0095,TRUE,secondary_contact_recreation,recreation,phosphorus,total,ug/l,4,2,0,0,0,0,none
0601-0095,TRUE,primary_contact_recreation,recreation,phosphorus,total,ug/l,4,2,0,0,0,0,none
0601-0095,TRUE,source_of_water_supply,aesthetic_water-supply,iron,total,ug/l,8,1,4,1,0,0,none
0601-0095,TRUE,source_of_water_supply,aesthetic_water-supply,manganese,total,ug/l,8,1,4,1,0,0,none
0601-0095,TRUE,source_of_water_supply,health_water-source,ammonia,total,ug/l,12,3,0,0,0,0,none
0601-0095,TRUE,source_of_water_supply,health_water-source,arsenic,total,ug/l,4,1,0,0,0,0,none
0601-0095,TRUE,source_of_water_supply,health_water-source,chloride,total,ug/l,8,1,0,0,0,0,none
0601-0095,TRUE,source_of_water_supply,health_water-source,nitrate_nitrite,total,ug/l,11,3,0,0,0,0,none
0601-0095,TRUE,source_of_water_supply,health_water-source,sulfate,total,ug/l,10,2,0,0,0,0,none
0601-0098,FALSE,fishing,aquatic_chronic,ammonia,total,ug/l,2,1,0,0,0,2,none
0601-0098,FALSE,secondary_contact_recreation,recreation,phosphorus,total,ug/l,1,1,0,0,0,0,none
0601-0098,FALSE,primary_contact_recreation,recreation,phosphorus,total,ug/l,1,1,0,0,0,0,none
0601-0098,FALSE,source_of_water_supply,aesthetic_water-supply,iron,total,ug/l,2,1,1,1,0,0,none
0601-0098,FALSE,source_of_water_supply,aesthetic_water-supply,manganese,total,ug/l,2,1,1,1,0,0,none
0601-0098,FALSE,source_of_water_supply,health_water-source,ammonia,total,ug/l,2,1,0,0,0,0,none
0601-0098,FALSE,source_of_water_supply,health_water-source,chloride,total,ug/l,3,2,0,0,0,0,none
0601-0098,FALSE,source_of_water_supply,health_water-source,magnesium,total,ug/l,3,2,0,0,0,0,none
0601-0098,FALSE,source_of_water_supply,health_water-source,nitrate_nitrite,total,ug/l,3,2,0,0,0,0,none
0601-0098,FALSE,source_of_water_supply,health_water-source,sulfate,total,ug/l,3,2,0,0,0,0,none
0601-0101,FALSE,fishing,aquatic_chronic,ammonia,total,ug/l,1,1,0,0,0,1,none
0601-0101,FALSE,secondary_contact_recreation,recreation,phosphorus,total,ug/l,1,1,0,0,0,0,none
0601-0101,FALSE,primary_contact_recreation,recreation,phosphorus,total,ug/l,1,1,0,0,0,0,none
0601-0108,FALSE,source_of_water_supply,health_water-source,chloride,total,ug/l,1,1,0,0,0,0,none
0601-0108,FALSE,source_of_water_supply,health_water-source,magnesium,total,ug/l,1,1,0,0,0,0,none
0601-0108,FALSE,source_of_water_supply,health_water-source,nitrate_nitrite,total,ug/l,1,1,0,0,0,0,none
0601-0108,FALSE,source_of_water_supply,health_water-source,sulfate,total,ug/l,1,1,0,0,0,0,none
0601-0109,FALSE,secondary_contact_recreation,recreation,phosphorus,total,ug/l,45,6,0,0,0,0,none
0601-0109,FALSE,primary_contact_recreation,recreation,phosphorus,total,ug/l,45,6,0,0,0,0,none
0601-0109,TRUE,fishing,aquatic_chronic,ammonia,total,ug/l,18,3,0,0,0,18,none
0601-0109,TRUE,fishing,none,dissolved_oxygen,dissolved,mg/l,2,2,2,1,0,0,n_exceedances may not be intiutive for this parameter because there are multiple components to the WQS. n_exceedances may be greater than n_samples_collected if a single sample was marked as an exceedance for multiple components of the WQS.
0601-0109,TRUE,fishing,none,ph,total,ph_units,2,2,0,0,0,0,none
0601-0109,TRUE,secondary_contact_recreation,recreation,phosphorus,total,ug/l,10,3,0,0,0,0,none
0601-0109,TRUE,primary_contact_recreation,recreation,phosphorus,total,ug/l,10,3,0,0,0,0,none
0601-0110,FALSE,source_of_water_supply,health_water-source,chloride,total,ug/l,1,1,0,0,0,0,none
0601-0110,FALSE,source_of_water_supply,health_water-source,magnesium,total,ug/l,1,1,0,0,0,0,none
0601-0110,FALSE,source_of_water_supply,health_water-source,nitrate_nitrite,total,ug/l,1,1,0,0,0,0,none
0601-0110,FALSE,source_of_water_supply,health_water-source,sulfate,total,ug/l,1,1,0,0,0,0,none
0601-0112,TRUE,fishing,aquatic_chronic,ammonia,total,ug/l,8,2,0,0,0,8,none
0601-0112,TRUE,fishing,none,dissolved_oxygen,dissolved,mg/l,5,2,0,0,0,0,n_exceedances may not be intiutive for this parameter because there are multiple components to the WQS. n_exceedances may be greater than n_samples_collected if a single sample was marked as an exceedance for multiple components of the WQS.
0601-0112,TRUE,fishing,none,ph,total,ph_units,5,2,0,0,0,0,none
0601-0112,TRUE,secondary_contact_recreation,recreation,phosphorus,total,ug/l,5,2,0,0,0,0,none
0601-0112,TRUE,primary_contact_recreation,recreation,phosphorus,total,ug/l,5,2,0,0,0,0,none
0601-0112,TRUE,source_of_water_supply,aesthetic_water-supply,iron,total,ug/l,8,1,3,1,0,0,none
0601-0112,TRUE,source_of_water_supply,aesthetic_water-supply,manganese,total,ug/l,8,1,1,1,0,0,none
0601-0112,TRUE,source_of_water_supply,health_water-source,ammonia,total,ug/l,8,2,0,0,0,0,none
0601-0112,TRUE,source_of_water_supply,health_water-source,arsenic,total,ug/l,4,1,0,0,0,0,none
0601-0112,TRUE,source_of_water_supply,health_water-source,chloride,total,ug/l,8,1,0,0,0,0,none
0601-0112,TRUE,source_of_water_supply,health_water-source,nitrate_nitrite,total,ug/l,9,2,0,0,0,0,none
0601-0112,TRUE,source_of_water_supply,health_water-source,sulfate,total,ug/l,10,2,0,0,0,0,none
0602-0004,FALSE,fishing,aquatic_chronic,ammonia,total,ug/l,22,2,0,0,0,22,none
0602-0004,TRUE,fishing,aquatic_chronic,ammonia,total,ug/l,4,1,0,0,0,1,none
0602-0004,TRUE,fishing,none,dissolved_oxygen,dissolved,mg/l,4,2,0,0,0,0,n_exceedances may not be intiutive for this parameter because there are multiple components to the WQS. n_exceedances may be greater than n_samples_collected if a single sample was marked as an exceedance for multiple components of the WQS.
0602-0004,TRUE,fishing,none,ph,total,ph_units,4,2,0,0,0,0,none
0602-0007,FALSE,fishing,aquatic_chronic,ammonia,total,ug/l,120,12,0,0,0,120,none
0602-0007,FALSE,fishing,aquatic_chronic,nitrite,total,ug/l,13,2,0,0,0,0,none
0602-0007,FALSE,secondary_contact_recreation,recreation,phosphorus,total,ug/l,209,27,4,4,0,0,none
0602-0007,FALSE,primary_contact_recreation,recreation,phosphorus,total,ug/l,209,27,4,4,0,0,none
0602-0007,TRUE,fishing,aquatic_chronic,ammonia,total,ug/l,132,10,0,0,0,132,none
0602-0007,TRUE,fishing,aquatic_chronic,nitrite,total,ug/l,2,1,0,0,0,0,none
0602-0007,TRUE,secondary_contact_recreation,recreation,phosphorus,total,ug/l,67,9,1,1,0,0,none
0602-0007,TRUE,primary_contact_recreation,recreation,phosphorus,total,ug/l,67,9,1,1,0,0,none
0602-0010,FALSE,fishing,aquatic_chronic,ammonia,total,ug/l,10,1,0,0,0,10,none
0602-0010,FALSE,secondary_contact_recreation,recreation,phosphorus,total,ug/l,1,1,1,1,0,0,none
0602-0010,FALSE,primary_contact_recreation,recreation,phosphorus,total,ug/l,1,1,1,1,0,0,none
0602-0010,FALSE,source_of_water_supply,health_water-source,ammonia,total,ug/l,10,1,1,1,0,0,none
0602-0010,FALSE,source_of_water_supply,health_water-source,chloride,total,ug/l,10,1,0,0,0,0,none
0602-0010,FALSE,source_of_water_supply,health_water-source,nitrate,total,ug/l,10,1,0,0,0,0,none
0602-0014,FALSE,fishing,aquatic_chronic,ammonia,total,ug/l,81,10,0,0,0,81,none
0602-0014,FALSE,fishing,aquatic_chronic,nitrite,total,ug/l,16,2,0,0,0,0,none
0602-0014,FALSE,secondary_contact_recreation,recreation,phosphorus,total,ug/l,141,21,8,8,0,0,none
0602-0014,FALSE,primary_contact_recreation,recreation,phosphorus,total,ug/l,141,21,8,8,0,0,none
0602-0014,TRUE,fishing,aquatic_chronic,ammonia,total,ug/l,70,10,0,0,0,70,none
0602-0014,TRUE,secondary_contact_recreation,recreation,phosphorus,total,ug/l,70,9,7,7,0,0,none
0602-0014,TRUE,primary_contact_recreation,recreation,phosphorus,total,ug/l,70,9,7,7,0,0,none
0602-0017,FALSE,fishing,aquatic_chronic,ammonia,total,ug/l,60,6,0,0,0,60,none
0602-0017,FALSE,secondary_contact_recreation,recreation,phosphorus,total,ug/l,35,6,0,0,0,0,none
0602-0017,FALSE,primary_contact_recreation,recreation,phosphorus,total,ug/l,35,6,0,0,0,0,none
0602-0017,TRUE,fishing,aquatic_chronic,ammonia,total,ug/l,127,9,0,0,0,127,none
0602-0017,TRUE,fishing,none,dissolved_oxygen,dissolved,mg/l,4,1,0,0,0,0,n_exceedances may not be intiutive for this parameter because there are multiple components to the WQS. n_exceedances may be greater than n_samples_collected if a single sample was marked as an exceedance for multiple components of the WQS.
0602-0017,TRUE,fishing,none,ph,total,ph_units,4,1,0,0,0,0,none
0602-0017,TRUE,secondary_contact_recreation,recreation,phosphorus,total,ug/l,60,9,0,0,0,0,none
0602-0017,TRUE,primary_contact_recreation,recreation,phosphorus,total,ug/l,60,9,0,0,0,0,none
0602-0018,FALSE,fishing,aquatic_chronic,ammonia,total,ug/l,31,3,0,0,0,31,none
0602-0018,FALSE,secondary_contact_recreation,recreation,phosphorus,total,ug/l,13,3,0,0,0,0,none
0602-0018,FALSE,primary_contact_recreation,recreation,phosphorus,total,ug/l,13,3,0,0,0,0,none
0602-0018,TRUE,fishing,aquatic_chronic,ammonia,total,ug/l,139,10,0,0,0,139,none
0602-0018,TRUE,secondary_contact_recreation,recreation,phosphorus,total,ug/l,69,9,0,0,0,0,none
0602-0018,TRUE,primary_contact_recreation,recreation,phosphorus,total,ug/l,69,9,0,0,0,0,none
0602-0019,FALSE,fishing,aquatic_chronic,ammonia,total,ug/l,60,6,0,0,0,60,none
0602-0019,FALSE,fishing,aquatic_chronic,nitrite,total,ug/l,16,2,0,0,0,0,none
0602-0019,FALSE,secondary_contact_recreation,recreation,phosphorus,total,ug/l,59,7,1,1,0,0,none
0602-0019,FALSE,primary_contact_recreation,recreation,phosphorus,total,ug/l,59,7,1,1,0,0,none
0602-0019,TRUE,fishing,aquatic_chronic,ammonia,total,ug/l,128,9,0,0,0,128,none
0602-0019,TRUE,secondary_contact_recreation,recreation,phosphorus,total,ug/l,62,8,0,0,0,0,none
0602-0019,TRUE,primary_contact_recreation,recreation,phosphorus,total,ug/l,62,8,0,0,0,0,none
0602-0040,FALSE,fishing,aquatic_chronic,ammonia,total,ug/l,18,5,0,0,0,18,none
0602-0040,FALSE,secondary_contact_recreation,recreation,phosphorus,total,ug/l,121,19,8,8,0,0,none
0602-0040,FALSE,primary_contact_recreation,recreation,phosphorus,total,ug/l,121,19,8,8,0,0,none
0602-0041,FALSE,fishing,aquatic_chronic,ammonia,total,ug/l,36,3,0,0,0,36,none
0602-0041,FALSE,fishing,aquatic_chronic,nitrite,total,ug/l,1,1,0,0,0,0,none
0602-0041,FALSE,secondary_contact_recreation,recreation,phosphorus,total,ug/l,110,16,0,0,0,0,none
0602-0041,FALSE,primary_contact_recreation,recreation,phosphorus,total,ug/l,110,16,0,0,0,0,none
0602-0041,TRUE,fishing,aquatic_chronic,ammonia,total,ug/l,121,9,0,0,0,121,none
0602-0041,TRUE,secondary_contact_recreation,recreation,phosphorus,total,ug/l,60,8,0,0,0,0,none
0602-0041,TRUE,primary_contact_recreation,recreation,phosphorus,total,ug/l,60,8,0,0,0,0,none
0602-0048,FALSE,fishing,aquatic_chronic,ammonia,total,ug/l,8,1,0,0,0,8,none
0602-0048,FALSE,secondary_contact_recreation,recreation,phosphorus,total,ug/l,4,1,0,0,0,0,none
0602-0048,FALSE,primary_contact_recreation,recreation,phosphorus,total,ug/l,4,1,0,0,0,0,none
0602-0048,FALSE,source_of_water_supply,aesthetic_water-supply,iron,total,ug/l,8,1,0,0,0,0,none
0602-0048,FALSE,source_of_water_supply,aesthetic_water-supply,manganese,total,ug/l,8,1,2,1,0,0,none
0602-0048,FALSE,source_of_water_supply,health_water-source,ammonia,total,ug/l,8,1,0,0,0,0,none
0602-0048,FALSE,source_of_water_supply,health_water-source,chloride,total,ug/l,8,1,0,0,0,0,none
0602-0048,FALSE,source_of_water_supply,health_water-source,magnesium,total,ug/l,8,1,0,0,0,0,none
0602-0048,FALSE,source_of_water_supply,health_water-source,nitrate_nitrite,total,ug/l,8,1,0,0,0,0,none
0602-0048,FALSE,source_of_water_supply,health_water-source,sulfate,total,ug/l,8,1,0,0,0,0,none
0602-0053,FALSE,fishing,aquatic_chronic,ammonia,total,ug/l,117,11,0,0,0,117,none
0602-0053,FALSE,fishing,aquatic_chronic,nitrite,total,ug/l,42,6,0,0,0,0,none
0602-0053,TRUE,fishing,aquatic_chronic,ammonia,total,ug/l,92,10,0,0,0,92,none
0602-0053,TRUE,fishing,aquatic_chronic,nitrite,total,ug/l,4,1,0,0,0,0,none
0602-0074,TRUE,fishing,aquatic_chronic,ammonia,total,ug/l,17,3,0,0,0,17,none
0602-0075,FALSE,fishing,aquatic_chronic,ammonia,total,ug/l,22,2,0,0,0,22,none
0602-0077,TRUE,fishing,aquatic_chronic,ammonia,total,ug/l,34,4,0,0,0,33,none
0602-0077,TRUE,fishing,none,dissolved_oxygen,dissolved,mg/l,1,1,2,1,0,0,n_exceedances may not be intiutive for this parameter because there are multiple components to the WQS. n_exceedances may be greater than n_samples_collected if a single sample was marked as an exceedance for multiple components of the WQS.
0602-0077,TRUE,fishing,none,ph,total,ph_units,1,1,0,0,0,0,none
0602-0080,TRUE,fishing,aquatic_chronic,ammonia,total,ug/l,2,1,0,0,0,1,none
0602-0080,TRUE,fishing,none,dissolved_oxygen,dissolved,mg/l,1,1,2,1,0,0,n_exceedances may not be intiutive for this parameter because there are multiple components to the WQS. n_exceedances may be greater than n_samples_collected if a single sample was marked as an exceedance for multiple components of the WQS.
0602-0080,TRUE,fishing,none,ph,total,ph_units,1,1,1,1,0,0,none
0602-0084,FALSE,fishing,aquatic_chronic,ammonia,total,ug/l,1,1,0,0,0,1,none
0602-0086,FALSE,fishing,aquatic_chronic,ammonia,total,ug/l,102,10,0,0,0,102,none
0602-0086,FALSE,fishing,aquatic_chronic,nitrite,total,ug/l,16,2,0,0,0,0,none
0602-0086,FALSE,secondary_contact_recreation,recreation,phosphorus,total,ug/l,195,24,0,0,0,0,none
0602-0086,FALSE,primary_contact_recreation,recreation,phosphorus,total,ug/l,195,24,0,0,0,0,none
0602-0086,TRUE,fishing,aquatic_chronic,ammonia,total,ug/l,120,10,0,0,0,120,none
0602-0086,TRUE,secondary_contact_recreation,recreation,phosphorus,total,ug/l,69,9,1,1,0,0,none
0602-0086,TRUE,primary_contact_recreation,recreation,phosphorus,total,ug/l,69,9,1,1,0,0,none
0602-0089,FALSE,fishing,aquatic_chronic,ammonia,total,ug/l,1,1,0,0,0,1,none
0602-0090,FALSE,fishing,aquatic_chronic,ammonia,total,ug/l,43,4,0,0,0,43,none
0602-0090,FALSE,fishing,aquatic_chronic,nitrite,total,ug/l,2,2,0,0,0,0,none
0602-0090,FALSE,secondary_contact_recreation,recreation,phosphorus,total,ug/l,102,15,0,0,0,0,none
0602-0090,FALSE,primary_contact_recreation,recreation,phosphorus,total,ug/l,102,15,0,0,0,0,none
0602-0090,TRUE,fishing,aquatic_chronic,ammonia,total,ug/l,115,9,0,0,0,115,none
0602-0090,TRUE,secondary_contact_recreation,recreation,phosphorus,total,ug/l,58,9,1,1,0,0,none
0602-0090,TRUE,primary_contact_recreation,recreation,phosphorus,total,ug/l,58,9,1,1,0,0,none
0602-0092,FALSE,fishing,aquatic_chronic,ammonia,total,ug/l,125,11,0,0,0,125,none
0602-0092,FALSE,fishing,aquatic_chronic,nitrite,total,ug/l,16,2,0,0,0,0,none
0602-0092,FALSE,secondary_contact_recreation,recreation,phosphorus,total,ug/l,129,17,0,0,0,0,none
0602-0092,FALSE,primary_contact_recreation,recreation,phosphorus,total,ug/l,129,17,0,0,0,0,none
0602-0092,FALSE,source_of_water_supply,aesthetic_water-supply,iron,total,ug/l,3,2,0,0,0,0,none
0602-0092,FALSE,source_of_water_supply,aesthetic_water-supply,manganese,total,ug/l,1,1,0,0,0,0,none
0602-0092,FALSE,source_of_water_supply,health_water-source,ammonia,total,ug/l,125,11,0,0,0,0,none
0602-0092,FALSE,source_of_water_supply,health_water-source,arsenic,total,ug/l,5,3,0,0,0,0,none
0602-0092,FALSE,source_of_water_supply,health_water-source,chloride,total,ug/l,1,1,0,0,0,0,none
0602-0092,FALSE,source_of_water_supply,health_water-source,magnesium,total,ug/l,1,1,0,0,0,0,none
0602-0092,FALSE,source_of_water_supply,health_water-source,nitrate_nitrite,total,ug/l,150,17,0,0,0,0,none
0602-0092,FALSE,source_of_water_supply,health_water-source,nitrite,total,ug/l,16,2,0,0,0,0,none
0602-0092,FALSE,source_of_water_supply,health_water-source,sulfate,total,ug/l,1,1,0,0,0,0,none
0602-0092,TRUE,fishing,aquatic_chronic,ammonia,total,ug/l,138,10,0,0,0,138,none
0602-0092,TRUE,secondary_contact_recreation,recreation,phosphorus,total,ug/l,69,9,0,0,0,0,none
0602-0092,TRUE,primary_contact_recreation,recreation,phosphorus,total,ug/l,69,9,0,0,0,0,none
0602-0092,TRUE,source_of_water_supply,health_water-source,ammonia,total,ug/l,138,10,0,0,0,0,none
0602-0092,TRUE,source_of_water_supply,health_water-source,chloride,total,ug/l,28,8,0,0,0,0,none
0602-0092,TRUE,source_of_water_supply,health_water-source,nitrate_nitrite,total,ug/l,56,9,0,0,0,0,none
0602-0093,FALSE,fishing,aquatic_chronic,ammonia,total,ug/l,115,10,0,0,0,115,none
0602-0093,FALSE,fishing,aquatic_chronic,nitrite,total,ug/l,16,2,0,0,0,0,none
0602-0093,TRUE,fishing,aquatic_chronic,ammonia,total,ug/l,68,5,0,0,0,68,none
0602-0094,TRUE,fishing,aquatic_chronic,ammonia,total,ug/l,9,2,0,0,0,9,none
0602-0094,TRUE,fishing,none,dissolved_oxygen,dissolved,mg/l,5,2,6,2,0,0,n_exceedances may not be intiutive for this parameter because there are multiple components to the WQS. n_exceedances may be greater than n_samples_collected if a single sample was marked as an exceedance for multiple components of the WQS.
0602-0094,TRUE,fishing,none,ph,total,ph_units,5,2,2,2,0,0,none
0602-0095,TRUE,fishing,aquatic_chronic,ammonia,total,ug/l,3,1,0,0,0,1,none
0602-0095,TRUE,fishing,none,dissolved_oxygen,dissolved,mg/l,4,2,7,2,0,0,n_exceedances may not be intiutive for this parameter because there are multiple components to the WQS. n_exceedances may be greater than n_samples_collected if a single sample was marked as an exceedance for multiple components of the WQS.
0602-0095,TRUE,fishing,none,ph,total,ph_units,4,2,2,1,0,0,none
0602-0096,FALSE,fishing,aquatic_chronic,ammonia,total,ug/l,117,10,0,0,0,117,none
0602-0096,FALSE,fishing,aquatic_chronic,nitrite,total,ug/l,16,2,0,0,0,0,none
0602-0096,FALSE,secondary_contact_recreation,recreation,phosphorus,total,ug/l,149,22,0,0,0,0,none
0602-0096,FALSE,primary_contact_recreation,recreation,phosphorus,total,ug/l,149,22,0,0,0,0,none
0602-0096,TRUE,fishing,aquatic_chronic,ammonia,total,ug/l,124,9,0,0,0,124,none
0602-0096,TRUE,secondary_contact_recreation,recreation,phosphorus,total,ug/l,61,8,0,0,0,0,none
0602-0096,TRUE,primary_contact_recreation,recreation,phosphorus,total,ug/l,61,8,0,0,0,0,none
0602-0098,FALSE,fishing,aquatic_chronic,ammonia,total,ug/l,18,3,0,0,0,18,none
0602-0100,FALSE,fishing,aquatic_chronic,ammonia,total,ug/l,10,2,0,0,0,10,none
0602-0100,TRUE,fishing,aquatic_chronic,ammonia,total,ug/l,1,1,0,0,0,1,none
0602-0100,TRUE,fishing,none,dissolved_oxygen,dissolved,mg/l,1,1,2,1,0,0,n_exceedances may not be intiutive for this parameter because there are multiple components to the WQS. n_exceedances may be greater than n_samples_collected if a single sample was marked as an exceedance for multiple components of the WQS.
0602-0100,TRUE,fishing,none,ph,total,ph_units,1,1,1,1,0,0,none
0602-0101,TRUE,fishing,none,dissolved_oxygen,dissolved,mg/l,1,1,0,0,0,0,n_exceedances may not be intiutive for this parameter because there are multiple components to the WQS. n_exceedances may be greater than n_samples_collected if a single sample was marked as an exceedance for multiple components of the WQS.
0602-0101,TRUE,fishing,none,ph,total,ph_units,1,1,0,0,0,0,none
0602-0108,FALSE,fishing,aquatic_chronic,ammonia,total,ug/l,77,6,0,0,0,77,none
0602-0108,FALSE,fishing,aquatic_chronic,nitrite,total,ug/l,26,5,0,0,0,0,none
0602-0108,TRUE,fishing,aquatic_chronic,ammonia,total,ug/l,127,9,0,0,0,127,none
0602-0108,TRUE,fishing,aquatic_chronic,nitrite,total,ug/l,4,1,0,0,0,0,none
0602-0109,FALSE,fishing,aquatic_chronic,ammonia,total,ug/l,38,5,0,0,0,38,none
0602-0109,FALSE,secondary_contact_recreation,recreation,phosphorus,total,ug/l,107,17,1,1,0,0,none
0602-0109,FALSE,primary_contact_recreation,recreation,phosphorus,total,ug/l,107,17,1,1,0,0,none
0602-0109,TRUE,fishing,aquatic_chronic,ammonia,total,ug/l,105,8,0,0,0,105,none
0602-0109,TRUE,secondary_contact_recreation,recreation,phosphorus,total,ug/l,49,7,0,0,0,0,none
0602-0109,TRUE,primary_contact_recreation,recreation,phosphorus,total,ug/l,49,7,0,0,0,0,none
0602-0111,FALSE,fishing,aquatic_chronic,ammonia,total,ug/l,24,2,0,0,0,24,none
0602-0111,FALSE,secondary_contact_recreation,recreation,phosphorus,total,ug/l,110,16,0,0,0,0,none
0602-0111,FALSE,primary_contact_recreation,recreation,phosphorus,total,ug/l,110,16,0,0,0,0,none
0602-0111,TRUE,fishing,aquatic_chronic,ammonia,total,ug/l,124,9,0,0,0,124,none
0602-0111,TRUE,secondary_contact_recreation,recreation,phosphorus,total,ug/l,62,8,0,0,0,0,none
0602-0111,TRUE,primary_contact_recreation,recreation,phosphorus,total,ug/l,62,8,0,0,0,0,none
0602-0112,FALSE,fishing,aquatic_chronic,ammonia,total,ug/l,42,4,0,0,0,42,none
0602-0112,FALSE,secondary_contact_recreation,recreation,phosphorus,total,ug/l,110,17,0,0,0,0,none
0602-0112,FALSE,primary_contact_recreation,recreation,phosphorus,total,ug/l,110,17,0,0,0,0,none
0602-0112,TRUE,fishing,aquatic_chronic,ammonia,total,ug/l,130,9,0,0,0,130,none
0602-0112,TRUE,fishing,aquatic_chronic,nitrite,total,ug/l,4,1,0,0,0,0,none
0602-0112,TRUE,secondary_contact_recreation,recreation,phosphorus,total,ug/l,61,8,0,0,0,0,none
0602-0112,TRUE,primary_contact_recreation,recreation,phosphorus,total,ug/l,61,8,0,0,0,0,none
0602-0116,FALSE,fishing,aquatic_chronic,ammonia,total,ug/l,114,10,0,0,0,114,none
0602-0116,FALSE,fishing,aquatic_chronic,nitrite,total,ug/l,24,4,0,0,0,0,none
0602-0116,TRUE,fishing,aquatic_chronic,ammonia,total,ug/l,144,10,0,0,0,144,none
0603-0005,FALSE,fishing,aquatic_chronic,ammonia,total,ug/l,6,1,0,0,0,6,none
0603-0005,FALSE,secondary_contact_recreation,recreation,phosphorus,total,ug/l,4,1,1,1,0,0,none
0603-0005,FALSE,primary_contact_recreation,recreation,phosphorus,total,ug/l,4,1,1,1,0,0,none
0603-0005,TRUE,fishing,aquatic_chronic,ammonia,total,ug/l,1,1,0,0,0,1,none
0603-0005,TRUE,fishing,aquatic_chronic,nitrite,total,ug/l,2,1,0,0,0,0,none
0603-0005,TRUE,fishing,none,dissolved_oxygen,dissolved,mg/l,1,1,2,1,0,0,n_exceedances may not be intiutive for this parameter because there are multiple components to the WQS. n_exceedances may be greater than n_samples_collected if a single sample was marked as an exceedance for multiple components of the WQS.
0603-0005,TRUE,fishing,none,ph,total,ph_units,1,1,0,0,0,0,none
0603-0005,TRUE,secondary_contact_recreation,recreation,phosphorus,total,ug/l,1,1,0,0,0,0,none
0603-0005,TRUE,primary_contact_recreation,recreation,phosphorus,total,ug/l,1,1,0,0,0,0,none
0603-0048,TRUE,fishing,aquatic_chronic,ammonia,total,ug/l,2,1,0,0,0,2,none
0603-0048,TRUE,fishing,aquatic_chronic,nitrite,total,ug/l,4,1,2,1,0,0,none
0603-0048,TRUE,fishing,none,dissolved_oxygen,dissolved,mg/l,1,1,0,0,0,0,n_exceedances may not be intiutive for this parameter because there are multiple components to the WQS. n_exceedances may be greater than n_samples_collected if a single sample was marked as an exceedance for multiple components of the WQS.
0603-0048,TRUE,fishing,none,ph,total,ph_units,1,1,0,0,0,0,none
0701-0002,FALSE,fishing,aquatic_chronic,ammonia,total,ug/l,7,1,0,0,0,5,none
0701-0002,FALSE,fishing,none,dissolved_oxygen,dissolved,mg/l,4,1,4,1,0,0,n_exceedances may not be intiutive for this parameter because there are multiple components to the WQS. n_exceedances may be greater than n_samples_collected if a single sample was marked as an exceedance for multiple components of the WQS.
0701-0002,FALSE,fishing,none,ph,total,ph_units,4,1,1,1,0,0,none
0701-0002,FALSE,secondary_contact_recreation,recreation,phosphorus,total,ug/l,33,4,4,4,0,0,none
0701-0002,FALSE,primary_contact_recreation,recreation,phosphorus,total,ug/l,33,4,4,4,0,0,none
0701-0002,TRUE,fishing,aquatic_chronic,ammonia,total,ug/l,2,1,0,0,0,2,none
0701-0002,TRUE,fishing,none,dissolved_oxygen,dissolved,mg/l,1,1,2,1,0,0,n_exceedances may not be intiutive for this parameter because there are multiple components to the WQS. n_exceedances may be greater than n_samples_collected if a single sample was marked as an exceedance for multiple components of the WQS.
0701-0002,TRUE,fishing,none,ph,total,ph_units,1,1,0,0,0,0,none
0701-0004,FALSE,fishing,aquatic_chronic,ammonia,total,ug/l,4,2,0,0,0,2,none
0701-0004,FALSE,fishing,none,dissolved_oxygen,dissolved,mg/l,4,1,0,0,0,0,n_exceedances may not be intiutive for this parameter because there are multiple components to the WQS. n_exceedances may be greater than n_samples_collected if a single sample was marked as an exceedance for multiple components of the WQS.
0701-0004,FALSE,fishing,none,ph,total,ph_units,4,1,2,1,0,0,none
0701-0018,FALSE,fishing,aquatic_chronic,ammonia,total,ug/l,5,3,0,0,0,4,none
0701-0018,FALSE,fishing,none,dissolved_oxygen,dissolved,mg/l,4,1,2,1,0,0,n_exceedances may not be intiutive for this parameter because there are multiple components to the WQS. n_exceedances may be greater than n_samples_collected if a single sample was marked as an exceedance for multiple components of the WQS.
0701-0018,FALSE,fishing,none,ph,total,ph_units,4,1,3,1,0,0,none
0701-0018,FALSE,secondary_contact_recreation,recreation,phosphorus,total,ug/l,2,2,2,2,0,0,none
0701-0018,FALSE,primary_contact_recreation,recreation,phosphorus,total,ug/l,2,2,2,2,0,0,none
0701-0018,TRUE,fishing,none,dissolved_oxygen,dissolved,mg/l,1,1,0,0,0,0,n_exceedances may not be intiutive for this parameter because there are multiple components to the WQS. n_exceedances may be greater than n_samples_collected if a single sample was marked as an exceedance for multiple components of the WQS.
0701-0018,TRUE,fishing,none,ph,total,ph_units,1,1,1,1,0,0,none
0701-0018,TRUE,secondary_contact_recreation,recreation,phosphorus,total,ug/l,1,1,1,1,0,0,none
0701-0018,TRUE,primary_contact_recreation,recreation,phosphorus,total,ug/l,1,1,1,1,0,0,none
0701-0028,TRUE,fishing,aquatic_chronic,ammonia,total,ug/l,3,2,0,0,0,0,none
0701-0028,TRUE,fishing,none,dissolved_oxygen,dissolved,mg/l,5,2,0,0,0,0,n_exceedances may not be intiutive for this parameter because there are multiple components to the WQS. n_exceedances may be greater than n_samples_collected if a single sample was marked as an exceedance for multiple components of the WQS.
0701-0028,TRUE,fishing,none,ph,total,ph_units,5,2,1,1,0,0,none
0701-0036,FALSE,fishing,aquatic_chronic,ammonia,total,ug/l,3,2,0,0,0,3,none
0701-0036,FALSE,fishing,none,dissolved_oxygen,dissolved,mg/l,3,1,0,0,0,0,n_exceedances may not be intiutive for this parameter because there are multiple components to the WQS. n_exceedances may be greater than n_samples_collected if a single sample was marked as an exceedance for multiple components of the WQS.
0701-0036,FALSE,fishing,none,ph,total,ph_units,3,1,2,1,0,0,none
0701-0036,TRUE,fishing,none,dissolved_oxygen,dissolved,mg/l,1,1,1,1,0,0,n_exceedances may not be intiutive for this parameter because there are multiple components to the WQS. n_exceedances may be greater than n_samples_collected if a single sample was marked as an exceedance for multiple components of the WQS.
0701-0036,TRUE,fishing,none,ph,total,ph_units,1,1,0,0,0,0,none
0702-0003,TRUE,fishing,aquatic_chronic,ammonia,total,ug/l,3,1,0,0,0,3,none
0702-0003,TRUE,fishing,aquatic_chronic,nitrite,total,ug/l,6,1,0,0,0,0,none
0702-0003,TRUE,fishing,none,dissolved_oxygen,dissolved,mg/l,5,2,10,2,0,0,n_exceedances may not be intiutive for this parameter because there are multiple components to the WQS. n_exceedances may be greater than n_samples_collected if a single sample was marked as an exceedance for multiple components of the WQS.
0702-0003,TRUE,fishing,none,ph,total,ph_units,5,2,1,1,0,0,none
0702-0003,TRUE,secondary_contact_recreation,recreation,phosphorus,total,ug/l,3,1,0,0,0,0,none
0702-0003,TRUE,primary_contact_recreation,recreation,phosphorus,total,ug/l,3,1,0,0,0,0,none
0702-0011,FALSE,fishing,aquatic_chronic,ammonia,total,ug/l,10,1,0,0,0,10,none
0702-0011,FALSE,secondary_contact_recreation,recreation,phosphorus,total,ug/l,3,1,0,0,0,0,none
0702-0011,FALSE,primary_contact_recreation,recreation,phosphorus,total,ug/l,3,1,0,0,0,0,none
0702-0011,FALSE,source_of_water_supply,health_water-source,ammonia,total,ug/l,10,1,0,0,0,0,none
0702-0011,FALSE,source_of_water_supply,health_water-source,nitrate_nitrite,total,ug/l,8,1,0,0,0,0,none
0702-0011,TRUE,fishing,aquatic_acute,arsenic,dissolved,ug/l,2,1,0,0,0,0,none
0702-0011,TRUE,fishing,aquatic_acute,copper,dissolved,ug/l,3,1,0,0,0,0,none
0702-0011,TRUE,fishing,aquatic_acute,nickel,dissolved,ug/l,3,1,0,0,0,0,none
0702-0011,TRUE,fishing,aquatic_acute,zinc,dissolved,ug/l,1,1,0,0,0,0,none
0702-0011,TRUE,fishing,aquatic_chronic,aluminum,dissolved,ug/l,2,1,0,0,0,0,none
0702-0011,TRUE,fishing,aquatic_chronic,ammonia,total,ug/l,71,6,0,0,0,71,none
0702-0011,TRUE,fishing,aquatic_chronic,arsenic,dissolved,ug/l,2,1,0,0,0,0,none
0702-0011,TRUE,fishing,aquatic_chronic,copper,dissolved,ug/l,3,1,0,0,0,0,none
0702-0011,TRUE,fishing,aquatic_chronic,nickel,dissolved,ug/l,3,1,0,0,0,0,none
0702-0011,TRUE,fishing,aquatic_chronic,nitrite,total,ug/l,3,2,0,0,0,0,none
0702-0011,TRUE,fishing,aquatic_chronic,zinc,dissolved,ug/l,1,1,0,0,0,0,none
0702-0011,TRUE,fishing,none,dissolved_oxygen,dissolved,mg/l,5,3,2,1,0,0,n_exceedances may not be intiutive for this parameter because there are multiple components to the WQS. n_exceedances may be greater than n_samples_collected if a single sample was marked as an exceedance for multiple components of the WQS.
0702-0011,TRUE,fishing,none,ph,total,ph_units,5,3,0,0,0,0,none
0702-0011,TRUE,fishing,none,total_dissolved_solids,dissolved,mg/l,3,1,0,0,0,0,none
0702-0011,TRUE,secondary_contact_recreation,none,total_dissolved_solids,dissolved,mg/l,3,1,0,0,0,0,none
0702-0011,TRUE,primary_contact_recreation,none,total_dissolved_solids,dissolved,mg/l,3,1,0,0,0,0,none
0702-0011,TRUE,source_of_water_supply,none,total_dissolved_solids,dissolved,mg/l,3,1,0,0,0,0,none
0702-0011,TRUE,secondary_contact_recreation,recreation,phosphorus,total,ug/l,59,5,3,3,0,0,none
0702-0011,TRUE,primary_contact_recreation,recreation,phosphorus,total,ug/l,59,5,3,3,0,0,none
0702-0011,TRUE,source_of_water_supply,aesthetic_water-supply,iron,total,ug/l,4,2,4,2,0,0,none
0702-0011,TRUE,source_of_water_supply,aesthetic_water-supply,manganese,total,ug/l,4,2,0,0,0,0,none
0702-0011,TRUE,source_of_water_supply,health_water-source,ammonia,total,ug/l,71,6,0,0,0,0,none
0702-0011,TRUE,source_of_water_supply,health_water-source,arsenic,total,ug/l,3,2,0,0,0,0,none
0702-0011,TRUE,source_of_water_supply,health_water-source,chloride,total,ug/l,44,6,0,0,0,0,none
0702-0011,TRUE,source_of_water_supply,health_water-source,copper,total,ug/l,3,1,0,0,0,0,none
0702-0011,TRUE,source_of_water_supply,health_water-source,magnesium,total,ug/l,4,2,0,0,0,0,none
0702-0011,TRUE,source_of_water_supply,health_water-source,nickel,total,ug/l,3,1,0,0,0,0,none
0702-0011,TRUE,source_of_water_supply,health_water-source,nitrate,total,ug/l,6,2,0,0,0,0,none
0702-0011,TRUE,source_of_water_supply,health_water-source,nitrate_nitrite,total,ug/l,66,6,0,0,0,0,none
0702-0011,TRUE,source_of_water_supply,health_water-source,nitrite,total,ug/l,3,2,0,0,0,0,none
0702-0011,TRUE,source_of_water_supply,health_water-source,sulfate,total,ug/l,4,2,0,0,0,0,none
0702-0021,FALSE,fishing,aquatic_chronic,ammonia,total,ug/l,2,1,0,0,0,2,none
0702-0021,TRUE,fishing,aquatic_chronic,ammonia,total,ug/l,3,1,0,0,0,3,none
0702-0021,TRUE,fishing,aquatic_chronic,nitrite,total,ug/l,6,1,0,0,0,0,none
0702-0021,TRUE,fishing,none,dissolved_oxygen,dissolved,mg/l,3,1,6,1,0,0,n_exceedances may not be intiutive for this parameter because there are multiple components to the WQS. n_exceedances may be greater than n_samples_collected if a single sample was marked as an exceedance for multiple components of the WQS.
0702-0021,TRUE,fishing,none,ph,total,ph_units,3,1,0,0,0,0,none
0702-0026,TRUE,fishing,aquatic_chronic,ammonia,total,ug/l,4,1,0,0,0,1,none
0702-0026,TRUE,fishing,none,dissolved_oxygen,dissolved,mg/l,3,2,1,1,0,0,n_exceedances may not be intiutive for this parameter because there are multiple components to the WQS. n_exceedances may be greater than n_samples_collected if a single sample was marked as an exceedance for multiple components of the WQS.
0702-0026,TRUE,fishing,none,ph,total,ph_units,3,2,0,0,0,0,none
0703-0001,FALSE,fishing,aquatic_chronic,ammonia,total,ug/l,1,1,0,0,0,1,none
0703-0001,FALSE,secondary_contact_recreation,recreation,phosphorus,total,ug/l,1,1,0,0,0,0,none
0703-0001,FALSE,primary_contact_recreation,recreation,phosphorus,total,ug/l,1,1,0,0,0,0,none
0703-0001,TRUE,fishing,aquatic_chronic,ammonia,total,ug/l,63,3,0,0,0,62,none
0703-0001,TRUE,fishing,aquatic_chronic,nitrite,total,ug/l,24,1,0,0,0,0,none
0703-0001,TRUE,fishing,none,dissolved_oxygen,dissolved,mg/l,25,3,5,3,0,0,n_exceedances may not be intiutive for this parameter because there are multiple components to the WQS. n_exceedances may be greater than n_samples_collected if a single sample was marked as an exceedance for multiple components of the WQS.
0703-0001,TRUE,fishing,none,ph,total,ph_units,25,3,1,1,0,0,none
0703-0001,TRUE,secondary_contact_recreation,recreation,phosphorus,total,ug/l,30,2,0,0,0,0,none
0703-0001,TRUE,primary_contact_recreation,recreation,phosphorus,total,ug/l,30,2,0,0,0,0,none
0703-0015,FALSE,secondary_contact_recreation,recreation,phosphorus,total,ug/l,1,1,0,0,0,0,none
0703-0015,FALSE,primary_contact_recreation,recreation,phosphorus,total,ug/l,1,1,0,0,0,0,none
0703-0015,FALSE,source_of_water_supply,health_water-source,chloride,total,ug/l,1,1,0,0,0,0,none
0703-0015,FALSE,source_of_water_supply,health_water-source,magnesium,total,ug/l,1,1,0,0,0,0,none
0703-0015,FALSE,source_of_water_supply,health_water-source,nitrate_nitrite,total,ug/l,1,1,0,0,0,0,none
0703-0015,FALSE,source_of_water_supply,health_water-source,sulfate,total,ug/l,1,1,0,0,0,0,none
0703-0015,TRUE,fishing,aquatic_chronic,ammonia,total,ug/l,85,7,0,0,0,85,none
0703-0015,TRUE,secondary_contact_recreation,recreation,phosphorus,total,ug/l,39,6,1,1,0,0,none
0703-0015,TRUE,primary_contact_recreation,recreation,phosphorus,total,ug/l,39,6,1,1,0,0,none
0703-0015,TRUE,source_of_water_supply,health_water-source,ammonia,total,ug/l,85,7,0,0,0,0,none
0703-0015,TRUE,source_of_water_supply,health_water-source,chloride,total,ug/l,25,7,0,0,0,0,none
0703-0015,TRUE,source_of_water_supply,health_water-source,nitrate_nitrite,total,ug/l,40,6,0,0,0,0,none
0703-0021,FALSE,fishing,aquatic_chronic,ammonia,total,ug/l,59,9,0,0,0,59,none
0703-0021,FALSE,fishing,aquatic_chronic,nitrite,total,ug/l,9,2,0,0,0,0,none
0703-0021,FALSE,secondary_contact_recreation,recreation,phosphorus,total,ug/l,117,22,1,1,0,0,none
0703-0021,FALSE,primary_contact_recreation,recreation,phosphorus,total,ug/l,117,22,1,1,0,0,none
0703-0021,FALSE,source_of_water_supply,health_water-source,ammonia,total,ug/l,59,9,0,0,0,0,none
0703-0021,FALSE,source_of_water_supply,health_water-source,arsenic,total,ug/l,2,1,0,0,0,0,none
0703-0021,FALSE,source_of_water_supply,health_water-source,nitrate_nitrite,total,ug/l,115,23,0,0,0,0,none
0703-0021,FALSE,source_of_water_supply,health_water-source,nitrite,total,ug/l,9,2,0,0,0,0,none
0703-0021,TRUE,fishing,aquatic_chronic,ammonia,total,ug/l,121,9,0,0,0,121,none
0703-0021,TRUE,fishing,none,dissolved_oxygen,dissolved,mg/l,1,1,2,1,0,0,n_exceedances may not be intiutive for this parameter because there are multiple components to the WQS. n_exceedances may be greater than n_samples_collected if a single sample was marked as an exceedance for multiple components of the WQS.
0703-0021,TRUE,fishing,none,ph,total,ph_units,1,1,0,0,0,0,none
0703-0021,TRUE,secondary_contact_recreation,recreation,phosphorus,total,ug/l,62,8,1,1,0,0,none
0703-0021,TRUE,primary_contact_recreation,recreation,phosphorus,total,ug/l,62,8,1,1,0,0,none
0703-0021,TRUE,source_of_water_supply,health_water-source,ammonia,total,ug/l,121,9,0,0,0,0,none
0703-0021,TRUE,source_of_water_supply,health_water-source,chloride,total,ug/l,25,7,0,0,0,0,none
0703-0021,TRUE,source_of_water_supply,health_water-source,nitrate_nitrite,total,ug/l,51,8,0,0,0,0,none
0703-0022,FALSE,fishing,aquatic_chronic,ammonia,total,ug/l,125,11,0,0,0,125,none
0703-0022,FALSE,fishing,aquatic_chronic,nitrite,total,ug/l,18,3,0,0,0,0,none
0703-0022,FALSE,secondary_contact_recreation,recreation,phosphorus,total,ug/l,218,27,0,0,0,0,none
0703-0022,FALSE,primary_contact_recreation,recreation,phosphorus,total,ug/l,218,27,0,0,0,0,none
0703-0022,TRUE,fishing,aquatic_chronic,ammonia,total,ug/l,106,9,0,0,0,106,none
0703-0022,TRUE,secondary_contact_recreation,recreation,phosphorus,total,ug/l,48,8,0,0,0,0,none
0703-0022,TRUE,primary_contact_recreation,recreation,phosphorus,total,ug/l,48,8,0,0,0,0,none
0703-0044,TRUE,fishing,aquatic_chronic,ammonia,total,ug/l,1,1,0,0,0,0,none
0703-0047,FALSE,fishing,aquatic_chronic,ammonia,total,ug/l,47,7,0,0,0,47,none
0703-0047,FALSE,fishing,aquatic_chronic,nitrite,total,ug/l,7,1,0,0,0,0,none
0703-0047,FALSE,secondary_contact_recreation,recreation,phosphorus,total,ug/l,77,14,14,14,0,0,none
0703-0047,FALSE,primary_contact_recreation,recreation,phosphorus,total,ug/l,77,14,14,14,0,0,none
0703-0047,TRUE,fishing,aquatic_chronic,ammonia,total,ug/l,61,9,0,0,0,61,none
0703-0047,TRUE,secondary_contact_recreation,recreation,phosphorus,total,ug/l,59,8,8,8,0,0,none
0703-0047,TRUE,primary_contact_recreation,recreation,phosphorus,total,ug/l,59,8,8,8,0,0,none
0703-0051,FALSE,fishing,aquatic_chronic,ammonia,total,ug/l,5,3,0,0,0,3,none
0703-0051,FALSE,fishing,none,dissolved_oxygen,dissolved,mg/l,4,1,0,0,0,0,n_exceedances may not be intiutive for this parameter because there are multiple components to the WQS. n_exceedances may be greater than n_samples_collected if a single sample was marked as an exceedance for multiple components of the WQS.
0703-0051,FALSE,fishing,none,ph,total,ph_units,4,1,2,1,0,0,none
0703-0053,FALSE,fishing,aquatic_chronic,ammonia,total,ug/l,2,1,0,0,0,2,none
0703-0054,TRUE,fishing,aquatic_chronic,ammonia,total,ug/l,7,2,0,0,0,7,none
0703-0054,TRUE,fishing,none,dissolved_oxygen,dissolved,mg/l,5,2,10,2,0,0,n_exceedances may not be intiutive for this parameter because there are multiple components to the WQS. n_exceedances may be greater than n_samples_collected if a single sample was marked as an exceedance for multiple components of the WQS.
0703-0054,TRUE,fishing,none,ph,total,ph_units,5,2,5,2,0,0,none
0703-0055,FALSE,fishing,aquatic_chronic,ammonia,total,ug/l,2,1,0,0,0,2,none
0703-0055,FALSE,secondary_contact_recreation,recreation,phosphorus,total,ug/l,1,1,0,0,0,0,none
0703-0055,FALSE,primary_contact_recreation,recreation,phosphorus,total,ug/l,1,1,0,0,0,0,none
0703-0071,FALSE,fishing,aquatic_chronic,ammonia,total,ug/l,1,1,0,0,0,1,none
0703-0071,FALSE,secondary_contact_recreation,recreation,phosphorus,total,ug/l,1,1,0,0,0,0,none
0703-0071,FALSE,primary_contact_recreation,recreation,phosphorus,total,ug/l,1,1,0,0,0,0,none
0703-0071,FALSE,source_of_water_supply,health_water-source,ammonia,total,ug/l,1,1,0,0,0,0,none
0703-0071,FALSE,source_of_water_supply,health_water-source,magnesium,total,ug/l,2,1,0,0,0,0,none
0703-0071,FALSE,source_of_water_supply,health_water-source,nitrate_nitrite,total,ug/l,1,1,0,0,0,0,none
0703-0071,TRUE,fishing,aquatic_chronic,ammonia,total,ug/l,4,1,0,0,0,4,none
0703-0071,TRUE,fishing,aquatic_chronic,nitrite,total,ug/l,4,1,0,0,0,0,none
0703-0071,TRUE,fishing,none,dissolved_oxygen,dissolved,mg/l,3,1,5,1,0,0,n_exceedances may not be intiutive for this parameter because there are multiple components to the WQS. n_exceedances may be greater than n_samples_collected if a single sample was marked as an exceedance for multiple components of the WQS.
0703-0071,TRUE,fishing,none,ph,total,ph_units,3,1,0,0,0,0,none
0703-0071,TRUE,secondary_contact_recreation,recreation,phosphorus,total,ug/l,2,1,0,0,0,0,none
0703-0071,TRUE,primary_contact_recreation,recreation,phosphorus,total,ug/l,2,1,0,0,0,0,none
0703-0071,TRUE,source_of_water_supply,aesthetic_water-supply,iron,total,ug/l,6,1,2,1,0,0,none
0703-0071,TRUE,source_of_water_supply,aesthetic_water-supply,manganese,total,ug/l,5,1,2,1,0,0,none
0703-0071,TRUE,source_of_water_supply,health_water-source,ammonia,total,ug/l,4,1,0,0,0,0,none
0703-0071,TRUE,source_of_water_supply,health_water-source,arsenic,total,ug/l,6,1,0,0,0,0,none
0703-0071,TRUE,source_of_water_supply,health_water-source,chloride,total,ug/l,6,1,0,0,0,0,none
0703-0071,TRUE,source_of_water_supply,health_water-source,magnesium,total,ug/l,6,1,0,0,0,0,none
0703-0071,TRUE,source_of_water_supply,health_water-source,nitrate,total,ug/l,2,1,0,0,0,0,none
0703-0071,TRUE,source_of_water_supply,health_water-source,nitrate_nitrite,total,ug/l,4,1,0,0,0,0,none
0703-0071,TRUE,source_of_water_supply,health_water-source,nitrite,total,ug/l,4,1,0,0,0,0,none
0703-0071,TRUE,source_of_water_supply,health_water-source,sulfate,total,ug/l,6,1,0,0,0,0,none
0703-0075,TRUE,fishing,aquatic_chronic,ammonia,total,ug/l,7,2,0,0,0,7,none
0703-0075,TRUE,fishing,none,dissolved_oxygen,dissolved,mg/l,5,2,8,2,0,0,n_exceedances may not be intiutive for this parameter because there are multiple components to the WQS. n_exceedances may be greater than n_samples_collected if a single sample was marked as an exceedance for multiple components of the WQS.
0703-0075,TRUE,fishing,none,ph,total,ph_units,5,2,5,2,0,0,none
0703-0082,FALSE,secondary_contact_recreation,recreation,phosphorus,total,ug/l,32,5,0,0,0,0,none
0703-0082,FALSE,primary_contact_recreation,recreation,phosphorus,total,ug/l,32,5,0,0,0,0,none
0703-0082,TRUE,fishing,aquatic_chronic,ammonia,total,ug/l,61,9,0,0,0,61,none
0703-0082,TRUE,secondary_contact_recreation,recreation,phosphorus,total,ug/l,59,8,1,1,0,0,none
0703-0082,TRUE,primary_contact_recreation,recreation,phosphorus,total,ug/l,59,8,1,1,0,0,none
0703-0083,FALSE,fishing,aquatic_chronic,ammonia,total,ug/l,1,1,0,0,0,1,none
0703-0087,FALSE,fishing,aquatic_chronic,ammonia,total,ug/l,74,10,0,0,0,74,none
0703-0087,FALSE,fishing,aquatic_chronic,nitrite,total,ug/l,14,2,0,0,0,0,none
0703-0087,FALSE,secondary_contact_recreation,recreation,phosphorus,total,ug/l,104,16,1,1,0,0,none
0703-0087,FALSE,primary_contact_recreation,recreation,phosphorus,total,ug/l,104,16,1,1,0,0,none
0703-0087,TRUE,fishing,aquatic_chronic,ammonia,total,ug/l,68,9,0,0,0,68,none
0703-0087,TRUE,secondary_contact_recreation,recreation,phosphorus,total,ug/l,58,8,0,0,0,0,none
0703-0087,TRUE,primary_contact_recreation,recreation,phosphorus,total,ug/l,58,8,0,0,0,0,none
0703-0089,FALSE,fishing,aquatic_chronic,ammonia,total,ug/l,1,1,0,0,0,1,none
0703-0089,FALSE,fishing,aquatic_chronic,fluoride,total,ug/l,1,1,0,0,0,1,none
0703-0091,TRUE,fishing,aquatic_chronic,ammonia,total,ug/l,4,2,0,0,0,1,none
0703-0091,TRUE,fishing,none,dissolved_oxygen,dissolved,mg/l,5,2,0,0,0,0,n_exceedances may not be intiutive for this parameter because there are multiple components to the WQS. n_exceedances may be greater than n_samples_collected if a single sample was marked as an exceedance for multiple components of the WQS.
0703-0091,TRUE,fishing,none,ph,total,ph_units,5,2,1,1,0,0,none
0703-0111,FALSE,fishing,aquatic_chronic,ammonia,total,ug/l,11,3,0,0,0,7,none
0703-0111,FALSE,fishing,none,dissolved_oxygen,dissolved,mg/l,4,1,0,0,0,0,n_exceedances may not be intiutive for this parameter because there are multiple components to the WQS. n_exceedances may be greater than n_samples_collected if a single sample was marked as an exceedance for multiple components of the WQS.
0703-0111,FALSE,fishing,none,ph,total,ph_units,4,1,0,0,0,0,none
0703-0111,FALSE,secondary_contact_recreation,recreation,phosphorus,total,ug/l,5,4,1,1,0,0,none
0703-0111,FALSE,primary_contact_recreation,recreation,phosphorus,total,ug/l,5,4,1,1,0,0,none
0703-0112,FALSE,fishing,aquatic_chronic,ammonia,total,ug/l,7,2,0,0,0,5,none
0703-0112,FALSE,fishing,none,dissolved_oxygen,dissolved,mg/l,3,1,0,0,0,0,n_exceedances may not be intiutive for this parameter because there are multiple components to the WQS. n_exceedances may be greater than n_samples_collected if a single sample was marked as an exceedance for multiple components of the WQS.
0703-0112,FALSE,fishing,none,ph,total,ph_units,3,1,0,0,0,0,none
0703-0112,FALSE,secondary_contact_recreation,recreation,phosphorus,total,ug/l,4,2,1,1,0,0,none
0703-0112,FALSE,primary_contact_recreation,recreation,phosphorus,total,ug/l,4,2,1,1,0,0,none
0703-0112,FALSE,source_of_water_supply,aesthetic_water-supply,iron,total,ug/l,3,1,0,0,0,0,none
0703-0112,FALSE,source_of_water_supply,aesthetic_water-supply,manganese,total,ug/l,5,1,0,0,0,0,none
0703-0112,FALSE,source_of_water_supply,health_water-source,ammonia,total,ug/l,7,2,5,2,0,0,none
0703-0112,FALSE,source_of_water_supply,health_water-source,arsenic,total,ug/l,1,1,0,0,0,0,none
0703-0112,FALSE,source_of_water_supply,health_water-source,chloride,total,ug/l,6,1,0,0,0,0,none
0703-0112,FALSE,source_of_water_supply,health_water-source,magnesium,total,ug/l,6,1,6,1,0,0,none
0703-0112,FALSE,source_of_water_supply,health_water-source,nitrate_nitrite,total,ug/l,7,2,0,0,0,0,none
0703-0112,FALSE,source_of_water_supply,health_water-source,sulfate,total,ug/l,6,1,6,1,0,0,none
0704-0001,TRUE,fishing,aquatic_chronic,ammonia,total,ug/l,84,6,0,0,0,84,none
0704-0001,TRUE,fishing,none,dissolved_oxygen,dissolved,mg/l,2,2,0,0,0,0,n_exceedances may not be intiutive for this parameter because there are multiple components to the WQS. n_exceedances may be greater than n_samples_collected if a single sample was marked as an exceedance for multiple components of the WQS.
0704-0001,TRUE,fishing,none,ph,total,ph_units,2,2,0,0,0,0,none
0704-0001,TRUE,secondary_contact_recreation,recreation,phosphorus,total,ug/l,73,5,0,0,0,0,none
0704-0001,TRUE,primary_contact_recreation,recreation,phosphorus,total,ug/l,73,5,0,0,0,0,none
0704-0001,TRUE,source_of_water_supply,health_water-source,ammonia,total,ug/l,84,6,0,0,0,0,none
0704-0001,TRUE,source_of_water_supply,health_water-source,chloride,total,ug/l,46,6,0,0,0,0,none
0704-0001,TRUE,source_of_water_supply,health_water-source,nitrate_nitrite,total,ug/l,77,5,0,0,0,0,none
0704-0025,FALSE,fishing,aquatic_chronic,ammonia,total,ug/l,63,8,0,0,0,63,none
0704-0025,FALSE,fishing,aquatic_chronic,nitrite,total,ug/l,16,2,0,0,0,0,none
0704-0025,TRUE,fishing,aquatic_chronic,ammonia,total,ug/l,47,8,0,0,0,47,none
0704-0028,FALSE,fishing,aquatic_chronic,ammonia,total,ug/l,2,1,0,0,0,2,none
0704-0028,FALSE,secondary_contact_recreation,recreation,phosphorus,total,ug/l,1,1,1,1,0,0,none
0704-0028,FALSE,primary_contact_recreation,recreation,phosphorus,total,ug/l,1,1,1,1,0,0,none
0704-0028,FALSE,source_of_water_supply,health_water-source,ammonia,total,ug/l,2,1,1,1,0,0,none
0704-0028,FALSE,source_of_water_supply,health_water-source,magnesium,total,ug/l,2,1,1,1,0,0,none
0704-0028,FALSE,source_of_water_supply,health_water-source,nitrate_nitrite,total,ug/l,1,1,0,0,0,0,none
0704-0028,TRUE,fishing,aquatic_chronic,ammonia,total,ug/l,2,1,0,0,0,1,none
0704-0028,TRUE,fishing,none,dissolved_oxygen,dissolved,mg/l,1,1,2,1,0,0,n_exceedances may not be intiutive for this parameter because there are multiple components to the WQS. n_exceedances may be greater than n_samples_collected if a single sample was marked as an exceedance for multiple components of the WQS.
0704-0028,TRUE,fishing,none,ph,total,ph_units,1,1,0,0,0,0,none
0704-0028,TRUE,source_of_water_supply,aesthetic_water-supply,manganese,total,ug/l,2,1,0,0,0,0,none
0704-0028,TRUE,source_of_water_supply,health_water-source,ammonia,total,ug/l,2,1,1,1,0,0,none
0704-0028,TRUE,source_of_water_supply,health_water-source,nitrate_nitrite,total,ug/l,1,1,0,0,0,0,none
0704-0035,TRUE,fishing,aquatic_chronic,ammonia,total,ug/l,2,1,0,0,0,1,none
0704-0035,TRUE,fishing,none,dissolved_oxygen,dissolved,mg/l,1,1,2,1,0,0,n_exceedances may not be intiutive for this parameter because there are multiple components to the WQS. n_exceedances may be greater than n_samples_collected if a single sample was marked as an exceedance for multiple components of the WQS.
0704-0035,TRUE,fishing,none,ph,total,ph_units,1,1,0,0,0,0,none
0704-0035,TRUE,source_of_water_supply,aesthetic_water-supply,iron,total,ug/l,2,1,0,0,0,0,none
0704-0035,TRUE,source_of_water_supply,aesthetic_water-supply,manganese,total,ug/l,2,1,1,1,0,0,none
0704-0035,TRUE,source_of_water_supply,health_water-source,ammonia,total,ug/l,2,1,1,1,0,0,none
0704-0035,TRUE,source_of_water_supply,health_water-source,arsenic,total,ug/l,2,1,0,0,0,0,none
0704-0035,TRUE,source_of_water_supply,health_water-source,copper,total,ug/l,1,1,0,0,0,0,none
0704-0035,TRUE,source_of_water_supply,health_water-source,nitrate_nitrite,total,ug/l,2,1,0,0,0,0,none
0704-0035,TRUE,source_of_water_supply,health_water-source,sulfate,total,ug/l,2,1,0,0,0,0,none
0704-0045,TRUE,fishing,aquatic_chronic,ammonia,total,ug/l,9,2,0,0,0,4,none
0704-0045,TRUE,fishing,none,dissolved_oxygen,dissolved,mg/l,5,2,10,2,0,0,n_exceedances may not be intiutive for this parameter because there are multiple components to the WQS. n_exceedances may be greater than n_samples_collected if a single sample was marked as an exceedance for multiple components of the WQS.
0704-0045,TRUE,fishing,none,ph,total,ph_units,5,2,0,0,0,0,none
0705-0003,FALSE,fishing,aquatic_chronic,ammonia,total,ug/l,11,2,0,0,0,11,none
0705-0003,FALSE,secondary_contact_recreation,recreation,phosphorus,total,ug/l,4,2,0,0,0,0,none
0705-0003,FALSE,primary_contact_recreation,recreation,phosphorus,total,ug/l,4,2,0,0,0,0,none
0705-0003,FALSE,source_of_water_supply,aesthetic_water-supply,iron,total,ug/l,1,1,0,0,0,0,none
0705-0003,FALSE,source_of_water_supply,aesthetic_water-supply,manganese,total,ug/l,1,1,0,0,0,0,none
0705-0003,FALSE,source_of_water_supply,health_water-source,ammonia,total,ug/l,11,2,0,0,0,0,none
0705-0003,FALSE,source_of_water_supply,health_water-source,chloride,total,ug/l,1,1,0,0,0,0,none
0705-0003,FALSE,source_of_water_supply,health_water-source,magnesium,total,ug/l,1,1,0,0,0,0,none
0705-0003,FALSE,source_of_water_supply,health_water-source,nitrate_nitrite,total,ug/l,11,2,0,0,0,0,none
0705-0003,FALSE,source_of_water_supply,health_water-source,sulfate,total,ug/l,1,1,0,0,0,0,none
0705-0003,TRUE,fishing,aquatic_chronic,ammonia,total,ug/l,60,6,0,0,0,60,none
0705-0003,TRUE,fishing,none,dissolved_oxygen,dissolved,mg/l,2,2,0,0,0,0,n_exceedances may not be intiutive for this parameter because there are multiple components to the WQS. n_exceedances may be greater than n_samples_collected if a single sample was marked as an exceedance for multiple components of the WQS.
0705-0003,TRUE,fishing,none,ph,total,ph_units,2,2,0,0,0,0,none
0705-0003,TRUE,secondary_contact_recreation,recreation,phosphorus,total,ug/l,54,5,0,0,0,0,none
0705-0003,TRUE,primary_contact_recreation,recreation,phosphorus,total,ug/l,54,5,0,0,0,0,none
0705-0003,TRUE,source_of_water_supply,health_water-source,ammonia,total,ug/l,60,6,0,0,0,0,none
0705-0003,TRUE,source_of_water_supply,health_water-source,chloride,total,ug/l,25,6,0,0,0,0,none
0705-0003,TRUE,source_of_water_supply,health_water-source,nitrate_nitrite,total,ug/l,57,5,0,0,0,0,none
0705-0014,TRUE,fishing,aquatic_chronic,ammonia,total,ug/l,13,2,0,0,0,13,none
0705-0014,TRUE,secondary_contact_recreation,recreation,phosphorus,total,ug/l,13,2,0,0,0,0,none
0705-0014,TRUE,primary_contact_recreation,recreation,phosphorus,total,ug/l,13,2,0,0,0,0,none
0705-0021,FALSE,fishing,aquatic_chronic,ammonia,total,ug/l,11,2,0,0,0,11,none
0705-0021,FALSE,fishing,none,dissolved_oxygen,dissolved,mg/l,2,1,0,0,0,0,n_exceedances may not be intiutive for this parameter because there are multiple components to the WQS. n_exceedances may be greater than n_samples_collected if a single sample was marked as an exceedance for multiple components of the WQS.
0705-0021,FALSE,fishing,none,ph,total,ph_units,2,1,0,0,0,0,none
0705-0021,FALSE,secondary_contact_recreation,recreation,phosphorus,total,ug/l,42,7,1,1,0,0,none
0705-0021,FALSE,primary_contact_recreation,recreation,phosphorus,total,ug/l,42,7,1,1,0,0,none
0705-0021,FALSE,source_of_water_supply,aesthetic_water-supply,iron,total,ug/l,2,1,0,0,0,0,none
0705-0021,FALSE,source_of_water_supply,aesthetic_water-supply,manganese,total,ug/l,4,1,0,0,0,0,none
0705-0021,FALSE,source_of_water_supply,health_water-source,ammonia,total,ug/l,11,2,0,0,0,0,none
0705-0021,FALSE,source_of_water_supply,health_water-source,chloride,total,ug/l,4,1,0,0,0,0,none
0705-0021,FALSE,source_of_water_supply,health_water-source,magnesium,total,ug/l,4,1,0,0,0,0,none
0705-0021,FALSE,source_of_water_supply,health_water-source,nitrate_nitrite,total,ug/l,67,8,0,0,0,0,none
0705-0021,FALSE,source_of_water_supply,health_water-source,sulfate,total,ug/l,4,1,0,0,0,0,none
0705-0021,TRUE,fishing,aquatic_chronic,ammonia,total,ug/l,130,6,0,0,0,130,none
0705-0021,TRUE,fishing,none,dissolved_oxygen,dissolved,mg/l,2,2,0,0,0,0,n_exceedances may not be intiutive for this parameter because there are multiple components to the WQS. n_exceedances may be greater than n_samples_collected if a single sample was marked as an exceedance for multiple components of the WQS.
0705-0021,TRUE,fishing,none,ph,total,ph_units,2,2,0,0,0,0,none
0705-0021,TRUE,secondary_contact_recreation,recreation,phosphorus,total,ug/l,107,5,0,0,0,0,none
0705-0021,TRUE,primary_contact_recreation,recreation,phosphorus,total,ug/l,107,5,0,0,0,0,none
0705-0021,TRUE,source_of_water_supply,health_water-source,ammonia,total,ug/l,130,6,0,0,0,0,none
0705-0021,TRUE,source_of_water_supply,health_water-source,chloride,total,ug/l,84,6,0,0,0,0,none
0705-0021,TRUE,source_of_water_supply,health_water-source,nitrate_nitrite,total,ug/l,127,5,0,0,0,0,none
0705-0025,FALSE,fishing,aquatic_chronic,ammonia,total,ug/l,40,3,0,0,0,40,none
0705-0025,FALSE,secondary_contact_recreation,recreation,phosphorus,total,ug/l,21,3,1,1,0,0,none
0705-0025,FALSE,primary_contact_recreation,recreation,phosphorus,total,ug/l,21,3,1,1,0,0,none
0705-0025,FALSE,source_of_water_supply,health_water-source,ammonia,total,ug/l,40,3,0,0,0,0,none
0705-0025,FALSE,source_of_water_supply,health_water-source,nitrate_nitrite,total,ug/l,40,3,0,0,0,0,none
0705-0025,TRUE,fishing,aquatic_chronic,ammonia,total,ug/l,40,6,0,0,0,40,none
0705-0025,TRUE,secondary_contact_recreation,recreation,phosphorus,total,ug/l,35,5,0,0,0,0,none
0705-0025,TRUE,primary_contact_recreation,recreation,phosphorus,total,ug/l,35,5,0,0,0,0,none
0705-0025,TRUE,source_of_water_supply,health_water-source,ammonia,total,ug/l,40,6,0,0,0,0,none
0705-0025,TRUE,source_of_water_supply,health_water-source,chloride,total,ug/l,23,6,0,0,0,0,none
0705-0025,TRUE,source_of_water_supply,health_water-source,nitrate_nitrite,total,ug/l,37,5,0,0,0,0,none
0705-0026,FALSE,fishing,aquatic_chronic,ammonia,total,ug/l,1,1,0,0,0,1,none
0705-0026,FALSE,secondary_contact_recreation,recreation,phosphorus,total,ug/l,1,1,0,0,0,0,none
0705-0026,FALSE,primary_contact_recreation,recreation,phosphorus,total,ug/l,1,1,0,0,0,0,none
0705-0026,TRUE,fishing,aquatic_chronic,ammonia,total,ug/l,10,2,0,0,0,10,none
0705-0026,TRUE,secondary_contact_recreation,recreation,phosphorus,total,ug/l,13,2,0,0,0,0,none
0705-0026,TRUE,primary_contact_recreation,recreation,phosphorus,total,ug/l,13,2,0,0,0,0,none
0705-0029,FALSE,fishing,aquatic_chronic,ammonia,total,ug/l,88,11,0,0,0,88,none
0705-0029,FALSE,fishing,aquatic_chronic,nitrite,total,ug/l,15,2,0,0,0,0,none
0705-0029,FALSE,secondary_contact_recreation,recreation,phosphorus,total,ug/l,153,23,11,11,0,0,none
0705-0029,FALSE,primary_contact_recreation,recreation,phosphorus,total,ug/l,153,23,11,11,0,0,none
0705-0029,TRUE,fishing,aquatic_chronic,ammonia,total,ug/l,65,9,0,0,0,65,none
0705-0029,TRUE,fishing,none,dissolved_oxygen,dissolved,mg/l,1,1,2,1,0,0,n_exceedances may not be intiutive for this parameter because there are multiple components to the WQS. n_exceedances may be greater than n_samples_collected if a single sample was marked as an exceedance for multiple components of the WQS.
0705-0029,TRUE,fishing,none,ph,total,ph_units,1,1,0,0,0,0,none
0705-0029,TRUE,secondary_contact_recreation,recreation,phosphorus,total,ug/l,59,8,6,6,0,0,none
0705-0029,TRUE,primary_contact_recreation,recreation,phosphorus,total,ug/l,59,8,6,6,0,0,none
0705-0030,TRUE,fishing,aquatic_chronic,ammonia,total,ug/l,35,5,0,0,0,35,none
0705-0030,TRUE,secondary_contact_recreation,recreation,phosphorus,total,ug/l,27,4,3,3,0,0,none
0705-0030,TRUE,primary_contact_recreation,recreation,phosphorus,total,ug/l,27,4,3,3,0,0,none
0705-0040,TRUE,fishing,aquatic_chronic,ammonia,total,ug/l,32,5,0,0,0,32,none
0705-0040,TRUE,secondary_contact_recreation,recreation,phosphorus,total,ug/l,26,4,1,1,0,0,none
0705-0040,TRUE,primary_contact_recreation,recreation,phosphorus,total,ug/l,26,4,1,1,0,0,none
0705-0040,TRUE,source_of_water_supply,health_water-source,ammonia,total,ug/l,32,5,0,0,0,0,none
0705-0040,TRUE,source_of_water_supply,health_water-source,chloride,total,ug/l,11,5,0,0,0,0,none
0705-0040,TRUE,source_of_water_supply,health_water-source,nitrate_nitrite,total,ug/l,30,4,0,0,0,0,none
0705-0042,TRUE,fishing,aquatic_chronic,ammonia,total,ug/l,5,2,0,0,0,0,none
0705-0042,TRUE,fishing,none,dissolved_oxygen,dissolved,mg/l,5,2,7,1,0,0,n_exceedances may not be intiutive for this parameter because there are multiple components to the WQS. n_exceedances may be greater than n_samples_collected if a single sample was marked as an exceedance for multiple components of the WQS.
0705-0042,TRUE,fishing,none,ph,total,ph_units,5,2,0,0,0,0,none
0705-0045,TRUE,fishing,aquatic_chronic,nitrite,total,ug/l,1,1,0,0,0,0,none
0705-0045,TRUE,fishing,none,dissolved_oxygen,dissolved,mg/l,2,1,2,1,0,0,n_exceedances may not be intiutive for this parameter because there are multiple components to the WQS. n_exceedances may be greater than n_samples_collected if a single sample was marked as an exceedance for multiple components of the WQS.
0705-0045,TRUE,fishing,none,ph,total,ph_units,2,1,0,0,0,0,none
0705-0050,FALSE,fishing,aquatic_chronic,ammonia,total,ug/l,132,6,0,0,0,132,none
0705-0050,FALSE,fishing,aquatic_chronic,nitrite,total,ug/l,5,1,0,0,0,0,none
0705-0050,FALSE,secondary_contact_recreation,recreation,phosphorus,total,ug/l,80,6,0,0,0,0,none
0705-0050,FALSE,primary_contact_recreation,recreation,phosphorus,total,ug/l,80,6,0,0,0,0,none
0705-0050,FALSE,source_of_water_supply,health_water-source,ammonia,total,ug/l,132,6,0,0,0,0,none
0705-0050,FALSE,source_of_water_supply,health_water-source,nitrate_nitrite,total,ug/l,136,6,0,0,0,0,none
0705-0050,FALSE,source_of_water_supply,health_water-source,nitrite,total,ug/l,5,1,0,0,0,0,none
0705-0050,TRUE,fishing,aquatic_chronic,ammonia,total,ug/l,65,6,0,0,0,65,none
0705-0050,TRUE,fishing,none,dissolved_oxygen,dissolved,mg/l,2,2,0,0,0,0,n_exceedances may not be intiutive for this parameter because there are multiple components to the WQS. n_exceedances may be greater than n_samples_collected if a single sample was marked as an exceedance for multiple components of the WQS.
0705-0050,TRUE,fishing,none,ph,total,ph_units,2,2,0,0,0,0,none
0705-0050,TRUE,secondary_contact_recreation,recreation,phosphorus,total,ug/l,50,5,0,0,0,0,none
0705-0050,TRUE,primary_contact_recreation,recreation,phosphorus,total,ug/l,50,5,0,0,0,0,none
0705-0050,TRUE,source_of_water_supply,health_water-source,ammonia,total,ug/l,65,6,0,0,0,0,none
0705-0050,TRUE,source_of_water_supply,health_water-source,chloride,total,ug/l,37,6,0,0,0,0,none
0705-0050,TRUE,source_of_water_supply,health_water-source,nitrate_nitrite,total,ug/l,58,5,0,0,0,0,none
0705-0058,FALSE,secondary_contact_recreation,recreation,phosphorus,total,ug/l,1,1,1,1,0,0,none
0705-0058,FALSE,primary_contact_recreation,recreation,phosphorus,total,ug/l,1,1,1,1,0,0,none
0705-0060,FALSE,fishing,aquatic_chronic,ammonia,total,ug/l,2,1,0,0,0,2,none
0705-0060,FALSE,secondary_contact_recreation,recreation,phosphorus,total,ug/l,1,1,0,0,0,0,none
0705-0060,FALSE,primary_contact_recreation,recreation,phosphorus,total,ug/l,1,1,0,0,0,0,none
0705-0060,FALSE,source_of_water_supply,health_water-source,ammonia,total,ug/l,2,1,0,0,0,0,none
0705-0060,FALSE,source_of_water_supply,health_water-source,magnesium,total,ug/l,2,1,0,0,0,0,none
0705-0060,FALSE,source_of_water_supply,health_water-source,nitrate_nitrite,total,ug/l,1,1,0,0,0,0,none
0705-0060,TRUE,fishing,aquatic_chronic,ammonia,total,ug/l,10,2,0,0,0,5,none
0705-0060,TRUE,fishing,none,dissolved_oxygen,dissolved,mg/l,5,2,4,2,0,0,n_exceedances may not be intiutive for this parameter because there are multiple components to the WQS. n_exceedances may be greater than n_samples_collected if a single sample was marked as an exceedance for multiple components of the WQS.
0705-0060,TRUE,fishing,none,ph,total,ph_units,5,2,0,0,0,0,none
0705-0060,TRUE,source_of_water_supply,aesthetic_water-supply,iron,total,ug/l,4,2,4,2,0,0,none
0705-0060,TRUE,source_of_water_supply,aesthetic_water-supply,manganese,total,ug/l,4,2,1,1,0,0,none
0705-0060,TRUE,source_of_water_supply,health_water-source,ammonia,total,ug/l,10,2,0,0,0,0,none
0705-0060,TRUE,source_of_water_supply,health_water-source,arsenic,total,ug/l,4,2,0,0,0,0,none
0705-0060,TRUE,source_of_water_supply,health_water-source,copper,total,ug/l,2,1,0,0,0,0,none
0705-0060,TRUE,source_of_water_supply,health_water-source,nitrate_nitrite,total,ug/l,10,2,0,0,0,0,none
0705-0060,TRUE,source_of_water_supply,health_water-source,sulfate,total,ug/l,9,2,0,0,0,0,none
0705-0063,FALSE,secondary_contact_recreation,recreation,phosphorus,total,ug/l,1,1,0,0,0,0,none
0705-0063,FALSE,primary_contact_recreation,recreation,phosphorus,total,ug/l,1,1,0,0,0,0,none
0705-0063,TRUE,fishing,aquatic_chronic,ammonia,total,ug/l,2,1,0,0,0,1,none
0705-0063,TRUE,fishing,none,dissolved_oxygen,dissolved,mg/l,1,1,2,1,0,0,n_exceedances may not be intiutive for this parameter because there are multiple components to the WQS. n_exceedances may be greater than n_samples_collected if a single sample was marked as an exceedance for multiple components of the WQS.
0705-0063,TRUE,fishing,none,ph,total,ph_units,1,1,0,0,0,0,none
0705-0064,FALSE,fishing,aquatic_chronic,ammonia,total,ug/l,1,1,0,0,0,1,none
0705-0064,FALSE,secondary_contact_recreation,recreation,phosphorus,total,ug/l,2,2,2,2,0,0,none
0705-0064,FALSE,primary_contact_recreation,recreation,phosphorus,total,ug/l,2,2,2,2,0,0,none
0705-0072,TRUE,fishing,aquatic_chronic,ammonia,total,ug/l,2,1,0,0,0,2,none
0705-0072,TRUE,fishing,none,dissolved_oxygen,dissolved,mg/l,1,1,0,0,0,0,n_exceedances may not be intiutive for this parameter because there are multiple components to the WQS. n_exceedances may be greater than n_samples_collected if a single sample was marked as an exceedance for multiple components of the WQS.
0705-0072,TRUE,fishing,none,ph,total,ph_units,1,1,0,0,0,0,none
0706-0009,FALSE,fishing,aquatic_chronic,ammonia,total,ug/l,20,3,0,0,0,18,none
0706-0009,FALSE,fishing,none,dissolved_oxygen,dissolved,mg/l,4,1,0,0,0,0,n_exceedances may not be intiutive for this parameter because there are multiple components to the WQS. n_exceedances may be greater than n_samples_collected if a single sample was marked as an exceedance for multiple components of the WQS.
0706-0009,FALSE,fishing,none,ph,total,ph_units,4,1,1,1,0,0,none
0706-0009,FALSE,secondary_contact_recreation,recreation,phosphorus,total,ug/l,49,9,1,1,0,0,none
0706-0009,FALSE,primary_contact_recreation,recreation,phosphorus,total,ug/l,49,9,1,1,0,0,none
0706-0009,FALSE,source_of_water_supply,aesthetic_water-supply,iron,total,ug/l,10,1,2,1,0,0,none
0706-0009,FALSE,source_of_water_supply,aesthetic_water-supply,manganese,total,ug/l,11,1,0,0,0,0,none
0706-0009,FALSE,source_of_water_supply,health_water-source,ammonia,total,ug/l,20,3,0,0,0,0,none
0706-0009,FALSE,source_of_water_supply,health_water-source,arsenic,total,ug/l,5,1,0,0,0,0,none
0706-0009,FALSE,source_of_water_supply,health_water-source,chloride,total,ug/l,11,1,0,0,0,0,none
0706-0009,FALSE,source_of_water_supply,health_water-source,magnesium,total,ug/l,13,2,0,0,0,0,none
0706-0009,FALSE,source_of_water_supply,health_water-source,nitrate_nitrite,total,ug/l,68,9,0,0,0,0,none
0706-0009,FALSE,source_of_water_supply,health_water-source,sulfate,total,ug/l,11,1,0,0,0,0,none
0706-0009,TRUE,fishing,aquatic_chronic,ammonia,total,ug/l,65,6,0,0,0,65,none
0706-0009,TRUE,fishing,none,dissolved_oxygen,dissolved,mg/l,2,2,0,0,0,0,n_exceedances may not be intiutive for this parameter because there are multiple components to the WQS. n_exceedances may be greater than n_samples_collected if a single sample was marked as an exceedance for multiple components of the WQS.
0706-0009,TRUE,fishing,none,ph,total,ph_units,2,2,0,0,0,0,none
0706-0009,TRUE,secondary_contact_recreation,recreation,phosphorus,total,ug/l,51,5,0,0,0,0,none
0706-0009,TRUE,primary_contact_recreation,recreation,phosphorus,total,ug/l,51,5,0,0,0,0,none
0706-0009,TRUE,source_of_water_supply,health_water-source,ammonia,total,ug/l,65,6,0,0,0,0,none
0706-0009,TRUE,source_of_water_supply,health_water-source,chloride,total,ug/l,30,6,0,0,0,0,none
0706-0009,TRUE,source_of_water_supply,health_water-source,nitrate_nitrite,total,ug/l,59,5,0,0,0,0,none
0707-0004,FALSE,fishing,aquatic_chronic,ammonia,total,ug/l,10,1,0,0,0,10,none
0707-0004,FALSE,secondary_contact_recreation,recreation,phosphorus,total,ug/l,36,6,0,0,0,0,none
0707-0004,FALSE,primary_contact_recreation,recreation,phosphorus,total,ug/l,36,6,0,0,0,0,none
0707-0004,FALSE,source_of_water_supply,health_water-source,ammonia,total,ug/l,10,1,0,0,0,0,none
0707-0004,FALSE,source_of_water_supply,health_water-source,nitrate_nitrite,total,ug/l,48,6,0,0,0,0,none
0707-0004,TRUE,fishing,aquatic_chronic,ammonia,total,ug/l,73,6,0,0,0,73,none
0707-0004,TRUE,fishing,none,dissolved_oxygen,dissolved,mg/l,2,2,0,0,0,0,n_exceedances may not be intiutive for this parameter because there are multiple components to the WQS. n_exceedances may be greater than n_samples_collected if a single sample was marked as an exceedance for multiple components of the WQS.
0707-0004,TRUE,fishing,none,ph,total,ph_units,2,2,0,0,0,0,none
0707-0004,TRUE,secondary_contact_recreation,recreation,phosphorus,total,ug/l,65,5,0,0,0,0,none
0707-0004,TRUE,primary_contact_recreation,recreation,phosphorus,total,ug/l,65,5,0,0,0,0,none
0707-0004,TRUE,source_of_water_supply,health_water-source,ammonia,total,ug/l,73,6,0,0,0,0,none
0707-0004,TRUE,source_of_water_supply,health_water-source,chloride,total,ug/l,41,6,0,0,0,0,none
0707-0004,TRUE,source_of_water_supply,health_water-source,nitrate_nitrite,total,ug/l,73,5,0,0,0,0,none
0801-0033,FALSE,fishing,aquatic_chronic,ammonia,total,ug/l,2,1,0,0,0,2,none
0801-0033,FALSE,fishing,none,dissolved_oxygen,dissolved,mg/l,1,1,2,1,0,0,n_exceedances may not be intiutive for this parameter because there are multiple components to the WQS. n_exceedances may be greater than n_samples_collected if a single sample was marked as an exceedance for multiple components of the WQS.
0801-0033,FALSE,fishing,none,ph,total,ph_units,1,1,1,1,0,0,none
0801-0055,TRUE,fishing,aquatic_acute,arsenic,dissolved,ug/l,2,1,0,0,0,0,none
0801-0055,TRUE,fishing,aquatic_acute,copper,dissolved,ug/l,2,1,0,0,0,0,none
0801-0055,TRUE,fishing,aquatic_acute,nickel,dissolved,ug/l,2,1,0,0,0,0,none
0801-0055,TRUE,fishing,aquatic_acute,zinc,dissolved,ug/l,2,1,2,1,0,0,none
0801-0055,TRUE,fishing,aquatic_chronic,aluminum,dissolved,ug/l,2,1,2,1,0,0,none
0801-0055,TRUE,fishing,aquatic_chronic,ammonia,total,ug/l,3,3,0,0,0,3,none
0801-0055,TRUE,fishing,aquatic_chronic,arsenic,dissolved,ug/l,2,1,0,0,0,0,none
0801-0055,TRUE,fishing,aquatic_chronic,copper,dissolved,ug/l,2,1,0,0,0,0,none
0801-0055,TRUE,fishing,aquatic_chronic,nickel,dissolved,ug/l,2,1,0,0,0,0,none
0801-0055,TRUE,fishing,aquatic_chronic,nitrite,total,ug/l,1,1,0,0,0,0,none
0801-0055,TRUE,fishing,aquatic_chronic,zinc,dissolved,ug/l,2,1,2,1,0,0,none
0801-0055,TRUE,fishing,none,dissolved_oxygen,dissolved,mg/l,3,3,0,0,0,0,n_exceedances may not be intiutive for this parameter because there are multiple components to the WQS. n_exceedances may be greater than n_samples_collected if a single sample was marked as an exceedance for multiple components of the WQS.
0801-0055,TRUE,fishing,none,ph,total,ph_units,3,3,3,3,0,0,none
0801-0055,TRUE,fishing,none,total_dissolved_solids,dissolved,mg/l,2,1,0,0,0,0,none
0801-0077,TRUE,fishing,none,dissolved_oxygen,dissolved,mg/l,1,1,0,0,0,0,n_exceedances may not be intiutive for this parameter because there are multiple components to the WQS. n_exceedances may be greater than n_samples_collected if a single sample was marked as an exceedance for multiple components of the WQS.
0801-0077,TRUE,fishing,none,ph,total,ph_units,1,1,1,1,0,0,none
0801-0165,FALSE,secondary_contact_recreation,recreation,phosphorus,total,ug/l,36,6,0,0,0,0,none
0801-0165,FALSE,primary_contact_recreation,recreation,phosphorus,total,ug/l,36,6,0,0,0,0,none
0801-0165,FALSE,source_of_water_supply,health_water-source,nitrate_nitrite,total,ug/l,36,6,0,0,0,0,none
0801-0172,FALSE,fishing,aquatic_chronic,ammonia,total,ug/l,64,8,0,0,0,64,none
0801-0172,FALSE,fishing,aquatic_chronic,nitrite,total,ug/l,18,4,2,2,0,0,none
0801-0172,TRUE,fishing,aquatic_chronic,ammonia,total,ug/l,16,2,0,0,0,16,none
0801-0173,FALSE,fishing,aquatic_chronic,ammonia,total,ug/l,2,1,0,0,0,2,none
0801-0176,FALSE,fishing,aquatic_chronic,ammonia,total,ug/l,116,10,0,0,0,116,none
0801-0176,FALSE,fishing,aquatic_chronic,nitrite,total,ug/l,17,3,0,0,0,0,none
0801-0176,FALSE,secondary_contact_recreation,recreation,phosphorus,total,ug/l,83,11,0,0,0,0,none
0801-0176,FALSE,primary_contact_recreation,recreation,phosphorus,total,ug/l,83,11,0,0,0,0,none
0801-0176,FALSE,source_of_water_supply,aesthetic_water-supply,iron,total,ug/l,4,2,4,2,0,0,none
0801-0176,FALSE,source_of_water_supply,aesthetic_water-supply,manganese,total,ug/l,4,2,1,1,0,0,none
0801-0176,FALSE,source_of_water_supply,health_water-source,ammonia,total,ug/l,116,10,0,0,0,0,none
0801-0176,FALSE,source_of_water_supply,health_water-source,arsenic,total,ug/l,4,2,0,0,0,0,none
0801-0176,FALSE,source_of_water_supply,health_water-source,nitrate_nitrite,total,ug/l,112,11,0,0,0,0,none
0801-0176,FALSE,source_of_water_supply,health_water-source,nitrite,total,ug/l,17,3,0,0,0,0,none
0801-0176,TRUE,fishing,aquatic_chronic,ammonia,total,ug/l,119,9,0,0,0,119,none
0801-0176,TRUE,secondary_contact_recreation,recreation,phosphorus,total,ug/l,62,8,0,0,0,0,none
0801-0176,TRUE,primary_contact_recreation,recreation,phosphorus,total,ug/l,62,8,0,0,0,0,none
0801-0176,TRUE,source_of_water_supply,health_water-source,ammonia,total,ug/l,119,9,0,0,0,0,none
0801-0176,TRUE,source_of_water_supply,health_water-source,chloride,total,ug/l,23,6,0,0,0,0,none
0801-0176,TRUE,source_of_water_supply,health_water-source,nitrate_nitrite,total,ug/l,52,8,0,0,0,0,none
0801-0192,TRUE,fishing,aquatic_chronic,ammonia,total,ug/l,2,1,0,0,0,2,none
0801-0193,TRUE,fishing,aquatic_chronic,ammonia,total,ug/l,2,1,0,0,0,2,none
0801-0193,TRUE,fishing,none,dissolved_oxygen,dissolved,mg/l,1,1,0,0,0,0,n_exceedances may not be intiutive for this parameter because there are multiple components to the WQS. n_exceedances may be greater than n_samples_collected if a single sample was marked as an exceedance for multiple components of the WQS.
0801-0193,TRUE,fishing,none,ph,total,ph_units,1,1,1,1,0,0,none
0801-0194,TRUE,fishing,aquatic_acute,arsenic,dissolved,ug/l,2,1,0,0,0,0,none
0801-0194,TRUE,fishing,aquatic_acute,copper,dissolved,ug/l,2,1,0,0,0,0,none
0801-0194,TRUE,fishing,aquatic_acute,nickel,dissolved,ug/l,2,1,0,0,0,0,none
0801-0194,TRUE,fishing,aquatic_acute,zinc,dissolved,ug/l,2,1,2,1,0,0,none
0801-0194,TRUE,fishing,aquatic_chronic,aluminum,dissolved,ug/l,2,1,2,1,0,0,none
0801-0194,TRUE,fishing,aquatic_chronic,ammonia,total,ug/l,3,2,0,0,0,3,none
0801-0194,TRUE,fishing,aquatic_chronic,arsenic,dissolved,ug/l,2,1,0,0,0,0,none
0801-0194,TRUE,fishing,aquatic_chronic,copper,dissolved,ug/l,2,1,0,0,0,0,none
0801-0194,TRUE,fishing,aquatic_chronic,nickel,dissolved,ug/l,2,1,0,0,0,0,none
0801-0194,TRUE,fishing,aquatic_chronic,zinc,dissolved,ug/l,2,1,2,1,0,0,none
0801-0194,TRUE,fishing,none,dissolved_oxygen,dissolved,mg/l,2,2,0,0,0,0,n_exceedances may not be intiutive for this parameter because there are multiple components to the WQS. n_exceedances may be greater than n_samples_collected if a single sample was marked as an exceedance for multiple components of the WQS.
0801-0194,TRUE,fishing,none,ph,total,ph_units,2,2,2,2,0,0,none
0801-0194,TRUE,fishing,none,total_dissolved_solids,dissolved,mg/l,2,1,0,0,0,0,none
0801-0204,TRUE,fishing,aquatic_chronic,ammonia,total,ug/l,1,1,0,0,0,1,none
0801-0204,TRUE,fishing,none,dissolved_oxygen,dissolved,mg/l,1,1,1,1,0,0,n_exceedances may not be intiutive for this parameter because there are multiple components to the WQS. n_exceedances may be greater than n_samples_collected if a single sample was marked as an exceedance for multiple components of the WQS.
0801-0204,TRUE,fishing,none,ph,total,ph_units,1,1,0,0,0,0,none
0801-0205,FALSE,fishing,aquatic_chronic,ammonia,total,ug/l,67,9,0,0,0,67,none
0801-0205,FALSE,fishing,aquatic_chronic,nitrite,total,ug/l,16,2,0,0,0,0,none
0801-0205,FALSE,secondary_contact_recreation,recreation,phosphorus,total,ug/l,94,14,2,2,0,0,none
0801-0205,FALSE,primary_contact_recreation,recreation,phosphorus,total,ug/l,94,14,2,2,0,0,none
0801-0205,FALSE,source_of_water_supply,health_water-source,ammonia,total,ug/l,67,9,0,0,0,0,none
0801-0205,FALSE,source_of_water_supply,health_water-source,nitrate_nitrite,total,ug/l,98,14,0,0,0,0,none
0801-0205,FALSE,source_of_water_supply,health_water-source,nitrite,total,ug/l,16,2,0,0,0,0,none
0801-0205,TRUE,fishing,aquatic_acute,arsenic,dissolved,ug/l,1,1,0,0,0,0,none
0801-0205,TRUE,fishing,aquatic_acute,copper,dissolved,ug/l,1,1,0,0,0,0,none
0801-0205,TRUE,fishing,aquatic_acute,nickel,dissolved,ug/l,1,1,0,0,0,0,none
0801-0205,TRUE,fishing,aquatic_acute,zinc,dissolved,ug/l,1,1,0,0,0,0,none
0801-0205,TRUE,fishing,aquatic_chronic,aluminum,dissolved,ug/l,1,1,0,0,0,0,none
0801-0205,TRUE,fishing,aquatic_chronic,ammonia,total,ug/l,63,9,0,0,0,63,none
0801-0205,TRUE,fishing,aquatic_chronic,arsenic,dissolved,ug/l,1,1,0,0,0,0,none
0801-0205,TRUE,fishing,aquatic_chronic,copper,dissolved,ug/l,1,1,0,0,0,0,none
0801-0205,TRUE,fishing,aquatic_chronic,nickel,dissolved,ug/l,1,1,0,0,0,0,none
0801-0205,TRUE,fishing,aquatic_chronic,zinc,dissolved,ug/l,1,1,0,0,0,0,none
0801-0205,TRUE,fishing,none,dissolved_oxygen,dissolved,mg/l,2,2,0,0,0,0,n_exceedances may not be intiutive for this parameter because there are multiple components to the WQS. n_exceedances may be greater than n_samples_collected if a single sample was marked as an exceedance for multiple components of the WQS.
0801-0205,TRUE,fishing,none,ph,total,ph_units,2,2,0,0,0,0,none
0801-0205,TRUE,fishing,none,total_dissolved_solids,dissolved,mg/l,1,1,0,0,0,0,none
0801-0205,TRUE,secondary_contact_recreation,none,total_dissolved_solids,dissolved,mg/l,1,1,0,0,0,0,none
0801-0205,TRUE,primary_contact_recreation,none,total_dissolved_solids,dissolved,mg/l,1,1,0,0,0,0,none
0801-0205,TRUE,source_of_water_supply,none,total_dissolved_solids,dissolved,mg/l,1,1,0,0,0,0,none
0801-0205,TRUE,secondary_contact_recreation,recreation,phosphorus,total,ug/l,58,8,0,0,0,0,none
0801-0205,TRUE,primary_contact_recreation,recreation,phosphorus,total,ug/l,58,8,0,0,0,0,none
0801-0205,TRUE,source_of_water_supply,aesthetic_water-supply,iron,total,ug/l,2,2,1,1,0,0,none
0801-0205,TRUE,source_of_water_supply,aesthetic_water-supply,manganese,total,ug/l,2,2,0,0,0,0,none
0801-0205,TRUE,source_of_water_supply,health_water-source,ammonia,total,ug/l,63,9,0,0,0,0,none
0801-0205,TRUE,source_of_water_supply,health_water-source,arsenic,total,ug/l,2,2,0,0,0,0,none
0801-0205,TRUE,source_of_water_supply,health_water-source,chloride,total,ug/l,19,8,0,0,0,0,none
0801-0205,TRUE,source_of_water_supply,health_water-source,copper,total,ug/l,1,1,0,0,0,0,none
0801-0205,TRUE,source_of_water_supply,health_water-source,magnesium,total,ug/l,1,1,0,0,0,0,none
0801-0205,TRUE,source_of_water_supply,health_water-source,nickel,total,ug/l,1,1,0,0,0,0,none
0801-0205,TRUE,source_of_water_supply,health_water-source,nitrate,total,ug/l,1,1,0,0,0,0,none
0801-0205,TRUE,source_of_water_supply,health_water-source,nitrate_nitrite,total,ug/l,52,8,0,0,0,0,none
0801-0205,TRUE,source_of_water_supply,health_water-source,sulfate,total,ug/l,2,2,0,0,0,0,none
0801-0206,FALSE,secondary_contact_recreation,recreation,phosphorus,total,ug/l,23,4,0,0,0,0,none
0801-0206,FALSE,primary_contact_recreation,recreation,phosphorus,total,ug/l,23,4,0,0,0,0,none
0801-0206,FALSE,source_of_water_supply,health_water-source,nitrate_nitrite,total,ug/l,25,4,0,0,0,0,none
0801-0242,TRUE,fishing,aquatic_chronic,ammonia,total,ug/l,2,1,0,0,0,2,none
0801-0242,TRUE,fishing,none,dissolved_oxygen,dissolved,mg/l,1,1,0,0,0,0,n_exceedances may not be intiutive for this parameter because there are multiple components to the WQS. n_exceedances may be greater than n_samples_collected if a single sample was marked as an exceedance for multiple components of the WQS.
0801-0242,TRUE,fishing,none,ph,total,ph_units,1,1,0,0,0,0,none
0801-0242,TRUE,secondary_contact_recreation,recreation,phosphorus,total,ug/l,1,1,0,0,0,0,none
0801-0242,TRUE,primary_contact_recreation,recreation,phosphorus,total,ug/l,1,1,0,0,0,0,none
0801-0242,TRUE,source_of_water_supply,aesthetic_water-supply,iron,total,ug/l,2,1,0,0,0,0,none
0801-0242,TRUE,source_of_water_supply,aesthetic_water-supply,manganese,total,ug/l,2,1,0,0,0,0,none
0801-0242,TRUE,source_of_water_supply,health_water-source,ammonia,total,ug/l,2,1,0,0,0,0,none
0801-0242,TRUE,source_of_water_supply,health_water-source,arsenic,total,ug/l,2,1,0,0,0,0,none
0801-0242,TRUE,source_of_water_supply,health_water-source,chloride,total,ug/l,2,1,0,0,0,0,none
0801-0242,TRUE,source_of_water_supply,health_water-source,magnesium,total,ug/l,2,1,0,0,0,0,none
0801-0242,TRUE,source_of_water_supply,health_water-source,nitrate_nitrite,total,ug/l,2,1,0,0,0,0,none
0801-0242,TRUE,source_of_water_supply,health_water-source,sulfate,total,ug/l,2,1,0,0,0,0,none
0801-0253,TRUE,fishing,aquatic_chronic,ammonia,total,ug/l,2,1,0,0,0,2,none
0801-0253,TRUE,fishing,none,dissolved_oxygen,dissolved,mg/l,1,1,0,0,0,0,n_exceedances may not be intiutive for this parameter because there are multiple components to the WQS. n_exceedances may be greater than n_samples_collected if a single sample was marked as an exceedance for multiple components of the WQS.
0801-0253,TRUE,fishing,none,ph,total,ph_units,1,1,0,0,0,0,none
0801-0260,FALSE,fishing,aquatic_chronic,ammonia,total,ug/l,2,1,0,0,0,1,none
0801-0260,FALSE,fishing,none,dissolved_oxygen,dissolved,mg/l,1,1,2,1,0,0,n_exceedances may not be intiutive for this parameter because there are multiple components to the WQS. n_exceedances may be greater than n_samples_collected if a single sample was marked as an exceedance for multiple components of the WQS.
0801-0260,FALSE,fishing,none,ph,total,ph_units,1,1,0,0,0,0,none
0801-0260,FALSE,source_of_water_supply,aesthetic_water-supply,iron,total,ug/l,2,1,0,0,0,0,none
0801-0260,FALSE,source_of_water_supply,aesthetic_water-supply,manganese,total,ug/l,2,1,0,0,0,0,none
0801-0260,FALSE,source_of_water_supply,health_water-source,ammonia,total,ug/l,2,1,0,0,0,0,none
0801-0260,FALSE,source_of_water_supply,health_water-source,arsenic,total,ug/l,1,1,0,0,0,0,none
0801-0260,FALSE,source_of_water_supply,health_water-source,chloride,total,ug/l,2,1,0,0,0,0,none
0801-0260,FALSE,source_of_water_supply,health_water-source,magnesium,total,ug/l,2,1,0,0,0,0,none
0801-0260,FALSE,source_of_water_supply,health_water-source,nitrate_nitrite,total,ug/l,2,1,0,0,0,0,none
0801-0260,FALSE,source_of_water_supply,health_water-source,sulfate,total,ug/l,2,1,0,0,0,0,none
0801-0274,FALSE,fishing,aquatic_chronic,ammonia,total,ug/l,2,1,0,0,0,2,none
0801-0276,FALSE,fishing,aquatic_chronic,ammonia,total,ug/l,1,1,0,0,0,0,none
0801-0276,FALSE,fishing,none,dissolved_oxygen,dissolved,mg/l,1,1,0,0,0,0,n_exceedances may not be intiutive for this parameter because there are multiple components to the WQS. n_exceedances may be greater than n_samples_collected if a single sample was marked as an exceedance for multiple components of the WQS.
0801-0276,FALSE,fishing,none,ph,total,ph_units,1,1,0,0,0,0,none
0801-0281,TRUE,fishing,aquatic_chronic,ammonia,total,ug/l,5,1,0,0,0,5,none
0801-0281,TRUE,fishing,none,dissolved_oxygen,dissolved,mg/l,2,1,1,1,0,0,n_exceedances may not be intiutive for this parameter because there are multiple components to the WQS. n_exceedances may be greater than n_samples_collected if a single sample was marked as an exceedance for multiple components of the WQS.
0801-0281,TRUE,fishing,none,ph,total,ph_units,2,1,2,1,0,0,none
0801-0286,TRUE,fishing,aquatic_chronic,ammonia,total,ug/l,2,1,0,0,0,2,none
0801-0286,TRUE,fishing,aquatic_chronic,nitrite,total,ug/l,2,1,0,0,0,0,none
0801-0286,TRUE,fishing,none,dissolved_oxygen,dissolved,mg/l,1,1,0,0,0,0,n_exceedances may not be intiutive for this parameter because there are multiple components to the WQS. n_exceedances may be greater than n_samples_collected if a single sample was marked as an exceedance for multiple components of the WQS.
0801-0286,TRUE,fishing,none,ph,total,ph_units,1,1,1,1,0,0,none
0801-0295,FALSE,fishing,aquatic_chronic,ammonia,total,ug/l,2,1,0,0,0,2,none
0801-0295,FALSE,fishing,none,dissolved_oxygen,dissolved,mg/l,1,1,2,1,0,0,n_exceedances may not be intiutive for this parameter because there are multiple components to the WQS. n_exceedances may be greater than n_samples_collected if a single sample was marked as an exceedance for multiple components of the WQS.
0801-0295,FALSE,fishing,none,ph,total,ph_units,1,1,1,1,0,0,none
0801-0316,FALSE,fishing,aquatic_chronic,ammonia,total,ug/l,1,1,0,0,0,1,none
0801-0316,FALSE,fishing,none,dissolved_oxygen,dissolved,mg/l,1,1,0,0,0,0,n_exceedances may not be intiutive for this parameter because there are multiple components to the WQS. n_exceedances may be greater than n_samples_collected if a single sample was marked as an exceedance for multiple components of the WQS.
0801-0316,FALSE,fishing,none,ph,total,ph_units,1,1,0,0,0,0,none
0801-0321,FALSE,secondary_contact_recreation,recreation,phosphorus,total,ug/l,37,5,0,0,0,0,none
0801-0321,FALSE,primary_contact_recreation,recreation,phosphorus,total,ug/l,37,5,0,0,0,0,none
0801-0321,FALSE,source_of_water_supply,health_water-source,nitrate_nitrite,total,ug/l,25,5,0,0,0,0,none
0801-0321,TRUE,fishing,aquatic_chronic,ammonia,total,ug/l,16,1,0,0,0,16,none
0801-0321,TRUE,secondary_contact_recreation,recreation,phosphorus,total,ug/l,8,1,0,0,0,0,none
0801-0321,TRUE,primary_contact_recreation,recreation,phosphorus,total,ug/l,8,1,0,0,0,0,none
0801-0321,TRUE,source_of_water_supply,health_water-source,ammonia,total,ug/l,16,1,0,0,0,0,none
0801-0321,TRUE,source_of_water_supply,health_water-source,chloride,total,ug/l,2,1,0,0,0,0,none
0801-0321,TRUE,source_of_water_supply,health_water-source,nitrate_nitrite,total,ug/l,8,1,0,0,0,0,none
0801-0323,FALSE,fishing,aquatic_chronic,ammonia,total,ug/l,3,1,0,0,0,3,none
0801-0323,FALSE,fishing,none,dissolved_oxygen,dissolved,mg/l,2,1,3,1,0,0,n_exceedances may not be intiutive for this parameter because there are multiple components to the WQS. n_exceedances may be greater than n_samples_collected if a single sample was marked as an exceedance for multiple components of the WQS.
0801-0323,FALSE,fishing,none,ph,total,ph_units,2,1,2,1,0,0,none
0801-0327,TRUE,fishing,aquatic_chronic,ammonia,total,ug/l,1,1,0,0,0,1,none
0801-0327,TRUE,fishing,none,dissolved_oxygen,dissolved,mg/l,1,1,0,0,0,0,n_exceedances may not be intiutive for this parameter because there are multiple components to the WQS. n_exceedances may be greater than n_samples_collected if a single sample was marked as an exceedance for multiple components of the WQS.
0801-0327,TRUE,fishing,none,ph,total,ph_units,1,1,1,1,0,0,none
0801-0327,TRUE,secondary_contact_recreation,recreation,phosphorus,total,ug/l,1,1,0,0,0,0,none
0801-0327,TRUE,primary_contact_recreation,recreation,phosphorus,total,ug/l,1,1,0,0,0,0,none
0801-0327,TRUE,source_of_water_supply,health_water-source,ammonia,total,ug/l,1,1,0,0,0,0,none
0801-0327,TRUE,source_of_water_supply,health_water-source,chloride,total,ug/l,1,1,0,0,0,0,none
0801-0327,TRUE,source_of_water_supply,health_water-source,magnesium,total,ug/l,1,1,0,0,0,0,none
0801-0327,TRUE,source_of_water_supply,health_water-source,nitrate,total,ug/l,1,1,0,0,0,0,none
0801-0327,TRUE,source_of_water_supply,health_water-source,nitrate_nitrite,total,ug/l,1,1,0,0,0,0,none
0801-0327,TRUE,source_of_water_supply,health_water-source,sulfate,total,ug/l,1,1,0,0,0,0,none
0801-0350,FALSE,fishing,aquatic_chronic,ammonia,total,ug/l,1,1,0,0,0,1,none
0801-0350,FALSE,fishing,none,dissolved_oxygen,dissolved,mg/l,1,1,2,1,0,0,n_exceedances may not be intiutive for this parameter because there are multiple components to the WQS. n_exceedances may be greater than n_samples_collected if a single sample was marked as an exceedance for multiple components of the WQS.
0801-0350,FALSE,fishing,none,ph,total,ph_units,1,1,0,0,0,0,none
0801-0358,TRUE,fishing,aquatic_chronic,ammonia,total,ug/l,1,1,0,0,0,1,none
0801-0358,TRUE,fishing,none,dissolved_oxygen,dissolved,mg/l,1,1,0,0,0,0,n_exceedances may not be intiutive for this parameter because there are multiple components to the WQS. n_exceedances may be greater than n_samples_collected if a single sample was marked as an exceedance for multiple components of the WQS.
0801-0358,TRUE,fishing,none,ph,total,ph_units,1,1,1,1,0,0,none
0801-0362,TRUE,fishing,aquatic_acute,arsenic,dissolved,ug/l,2,1,0,0,0,0,none
0801-0362,TRUE,fishing,aquatic_acute,copper,dissolved,ug/l,2,1,0,0,0,0,none
0801-0362,TRUE,fishing,aquatic_acute,nickel,dissolved,ug/l,2,1,0,0,0,0,none
0801-0362,TRUE,fishing,aquatic_acute,zinc,dissolved,ug/l,2,1,0,0,0,0,none
0801-0362,TRUE,fishing,aquatic_chronic,aluminum,dissolved,ug/l,2,1,0,0,0,0,none
0801-0362,TRUE,fishing,aquatic_chronic,ammonia,total,ug/l,1,1,0,0,0,1,none
0801-0362,TRUE,fishing,aquatic_chronic,arsenic,dissolved,ug/l,2,1,0,0,0,0,none
0801-0362,TRUE,fishing,aquatic_chronic,copper,dissolved,ug/l,2,1,0,0,0,0,none
0801-0362,TRUE,fishing,aquatic_chronic,nickel,dissolved,ug/l,2,1,0,0,0,0,none
0801-0362,TRUE,fishing,aquatic_chronic,zinc,dissolved,ug/l,2,1,0,0,0,0,none
0801-0362,TRUE,fishing,none,dissolved_oxygen,dissolved,mg/l,1,1,2,1,0,0,n_exceedances may not be intiutive for this parameter because there are multiple components to the WQS. n_exceedances may be greater than n_samples_collected if a single sample was marked as an exceedance for multiple components of the WQS.
0801-0362,TRUE,fishing,none,ph,total,ph_units,1,1,1,1,0,0,none
0801-0362,TRUE,fishing,none,total_dissolved_solids,dissolved,mg/l,2,1,0,0,0,0,none
0801-0362,TRUE,secondary_contact_recreation,none,total_dissolved_solids,dissolved,mg/l,2,1,0,0,0,0,none
0801-0362,TRUE,primary_contact_recreation,none,total_dissolved_solids,dissolved,mg/l,2,1,0,0,0,0,none
0801-0362,TRUE,source_of_water_supply,none,total_dissolved_solids,dissolved,mg/l,2,1,0,0,0,0,none
0801-0362,TRUE,secondary_contact_recreation,recreation,phosphorus,total,ug/l,1,1,0,0,0,0,none
0801-0362,TRUE,primary_contact_recreation,recreation,phosphorus,total,ug/l,1,1,0,0,0,0,none
0801-0362,TRUE,source_of_water_supply,aesthetic_water-supply,iron,total,ug/l,2,1,0,0,0,0,none
0801-0362,TRUE,source_of_water_supply,aesthetic_water-supply,manganese,total,ug/l,2,1,0,0,0,0,none
0801-0362,TRUE,source_of_water_supply,health_water-source,ammonia,total,ug/l,1,1,0,0,0,0,none
0801-0362,TRUE,source_of_water_supply,health_water-source,arsenic,total,ug/l,2,1,0,0,0,0,none
0801-0362,TRUE,source_of_water_supply,health_water-source,chloride,total,ug/l,1,1,0,0,0,0,none
0801-0362,TRUE,source_of_water_supply,health_water-source,copper,total,ug/l,2,1,0,0,0,0,none
0801-0362,TRUE,source_of_water_supply,health_water-source,magnesium,total,ug/l,2,1,0,0,0,0,none
0801-0362,TRUE,source_of_water_supply,health_water-source,nickel,total,ug/l,2,1,0,0,0,0,none
0801-0362,TRUE,source_of_water_supply,health_water-source,nitrate,total,ug/l,2,1,0,0,0,0,none
0801-0362,TRUE,source_of_water_supply,health_water-source,sulfate,total,ug/l,2,1,0,0,0,0,none
0801-0372,TRUE,fishing,none,dissolved_oxygen,dissolved,mg/l,1,1,0,0,0,0,n_exceedances may not be intiutive for this parameter because there are multiple components to the WQS. n_exceedances may be greater than n_samples_collected if a single sample was marked as an exceedance for multiple components of the WQS.
0801-0372,TRUE,fishing,none,ph,total,ph_units,1,1,0,0,0,0,none
0801-0373,FALSE,fishing,aquatic_chronic,ammonia,total,ug/l,113,11,0,0,0,113,none
0801-0373,FALSE,fishing,aquatic_chronic,nitrite,total,ug/l,16,2,0,0,0,0,none
0801-0373,FALSE,secondary_contact_recreation,recreation,phosphorus,total,ug/l,174,22,2,2,0,0,none
0801-0373,FALSE,primary_contact_recreation,recreation,phosphorus,total,ug/l,174,22,2,2,0,0,none
0801-0373,FALSE,source_of_water_supply,aesthetic_water-supply,iron,total,ug/l,14,3,4,2,0,0,none
0801-0373,FALSE,source_of_water_supply,aesthetic_water-supply,manganese,total,ug/l,12,2,1,1,0,0,none
0801-0373,FALSE,source_of_water_supply,health_water-source,ammonia,total,ug/l,113,11,0,0,0,0,none
0801-0373,FALSE,source_of_water_supply,health_water-source,arsenic,total,ug/l,3,2,0,0,0,0,none
0801-0373,FALSE,source_of_water_supply,health_water-source,chloride,total,ug/l,10,1,0,0,0,0,none
0801-0373,FALSE,source_of_water_supply,health_water-source,magnesium,total,ug/l,10,1,0,0,0,0,none
0801-0373,FALSE,source_of_water_supply,health_water-source,nitrate_nitrite,total,ug/l,187,22,0,0,0,0,none
0801-0373,FALSE,source_of_water_supply,health_water-source,nitrite,total,ug/l,16,2,0,0,0,0,none
0801-0373,FALSE,source_of_water_supply,health_water-source,sulfate,total,ug/l,10,1,0,0,0,0,none
0801-0373,TRUE,fishing,aquatic_chronic,ammonia,total,ug/l,68,6,0,0,0,67,none
0801-0373,TRUE,fishing,none,dissolved_oxygen,dissolved,mg/l,3,1,2,1,0,0,n_exceedances may not be intiutive for this parameter because there are multiple components to the WQS. n_exceedances may be greater than n_samples_collected if a single sample was marked as an exceedance for multiple components of the WQS.
0801-0373,TRUE,fishing,none,ph,total,ph_units,3,1,1,1,0,0,none
0801-0373,TRUE,secondary_contact_recreation,recreation,phosphorus,total,ug/l,28,5,0,0,0,0,none
0801-0373,TRUE,primary_contact_recreation,recreation,phosphorus,total,ug/l,28,5,0,0,0,0,none
0801-0373,TRUE,source_of_water_supply,aesthetic_water-supply,iron,total,ug/l,8,1,0,0,0,0,none
0801-0373,TRUE,source_of_water_supply,aesthetic_water-supply,manganese,total,ug/l,8,1,0,0,0,0,none
0801-0373,TRUE,source_of_water_supply,health_water-source,ammonia,total,ug/l,68,6,0,0,0,0,none
0801-0373,TRUE,source_of_water_supply,health_water-source,arsenic,total,ug/l,2,1,0,0,0,0,none
0801-0373,TRUE,source_of_water_supply,health_water-source,chloride,total,ug/l,30,6,0,0,0,0,none
0801-0373,TRUE,source_of_water_supply,health_water-source,nitrate_nitrite,total,ug/l,39,5,0,0,0,0,none
0801-0373,TRUE,source_of_water_supply,health_water-source,sulfate,total,ug/l,8,1,0,0,0,0,none
0801-0376,FALSE,fishing,aquatic_chronic,ammonia,total,ug/l,10,2,0,0,0,9,none
0801-0376,FALSE,fishing,none,dissolved_oxygen,dissolved,mg/l,1,1,2,1,0,0,n_exceedances may not be intiutive for this parameter because there are multiple components to the WQS. n_exceedances may be greater than n_samples_collected if a single sample was marked as an exceedance for multiple components of the WQS.
0801-0376,FALSE,fishing,none,ph,total,ph_units,1,1,0,0,0,0,none
0801-0376,FALSE,secondary_contact_recreation,recreation,phosphorus,total,ug/l,4,1,0,0,0,0,none
0801-0376,FALSE,primary_contact_recreation,recreation,phosphorus,total,ug/l,4,1,0,0,0,0,none
0801-0376,FALSE,source_of_water_supply,aesthetic_water-supply,iron,total,ug/l,10,2,1,1,0,0,none
0801-0376,FALSE,source_of_water_supply,aesthetic_water-supply,manganese,total,ug/l,10,2,1,1,0,0,none
0801-0376,FALSE,source_of_water_supply,health_water-source,ammonia,total,ug/l,10,2,0,0,0,0,none
0801-0376,FALSE,source_of_water_supply,health_water-source,chloride,total,ug/l,10,2,0,0,0,0,none
0801-0376,FALSE,source_of_water_supply,health_water-source,magnesium,total,ug/l,10,2,0,0,0,0,none
0801-0376,FALSE,source_of_water_supply,health_water-source,nitrate_nitrite,total,ug/l,10,2,0,0,0,0,none
0801-0376,FALSE,source_of_water_supply,health_water-source,sulfate,total,ug/l,10,2,0,0,0,0,none
0801-0376,TRUE,fishing,aquatic_chronic,ammonia,total,ug/l,7,1,0,0,0,5,none
0801-0376,TRUE,fishing,none,dissolved_oxygen,dissolved,mg/l,3,1,4,1,0,0,n_exceedances may not be intiutive for this parameter because there are multiple components to the WQS. n_exceedances may be greater than n_samples_collected if a single sample was marked as an exceedance for multiple components of the WQS.
0801-0376,TRUE,fishing,none,ph,total,ph_units,3,1,3,1,0,0,none
0801-0376,TRUE,secondary_contact_recreation,recreation,phosphorus,total,ug/l,1,1,0,0,0,0,none
0801-0376,TRUE,primary_contact_recreation,recreation,phosphorus,total,ug/l,1,1,0,0,0,0,none
0801-0376,TRUE,source_of_water_supply,aesthetic_water-supply,iron,total,ug/l,8,1,3,1,0,0,none
0801-0376,TRUE,source_of_water_supply,aesthetic_water-supply,manganese,total,ug/l,8,1,1,1,0,0,none
0801-0376,TRUE,source_of_water_supply,health_water-source,ammonia,total,ug/l,7,1,0,0,0,0,none
0801-0376,TRUE,source_of_water_supply,health_water-source,arsenic,total,ug/l,2,1,0,0,0,0,none
0801-0376,TRUE,source_of_water_supply,health_water-source,chloride,total,ug/l,8,1,0,0,0,0,none
0801-0376,TRUE,source_of_water_supply,health_water-source,nitrate_nitrite,total,ug/l,8,1,0,0,0,0,none
0801-0376,TRUE,source_of_water_supply,health_water-source,sulfate,total,ug/l,8,1,0,0,0,0,none
0801-0377,TRUE,fishing,aquatic_chronic,ammonia,total,ug/l,8,3,0,0,0,6,none
0801-0377,TRUE,fishing,none,dissolved_oxygen,dissolved,mg/l,6,3,7,2,0,0,n_exceedances may not be intiutive for this parameter because there are multiple components to the WQS. n_exceedances may be greater than n_samples_collected if a single sample was marked as an exceedance for multiple components of the WQS.
0801-0377,TRUE,fishing,none,ph,total,ph_units,6,3,2,2,0,0,none
0801-0377,TRUE,secondary_contact_recreation,recreation,phosphorus,total,ug/l,3,2,0,0,0,0,none
0801-0377,TRUE,primary_contact_recreation,recreation,phosphorus,total,ug/l,3,2,0,0,0,0,none
0801-0377,TRUE,source_of_water_supply,aesthetic_water-supply,iron,total,ug/l,3,2,1,1,0,0,none
0801-0377,TRUE,source_of_water_supply,aesthetic_water-supply,manganese,total,ug/l,3,2,0,0,0,0,none
0801-0377,TRUE,source_of_water_supply,health_water-source,ammonia,total,ug/l,8,3,0,0,0,0,none
0801-0377,TRUE,source_of_water_supply,health_water-source,arsenic,total,ug/l,3,2,0,0,0,0,none
0801-0377,TRUE,source_of_water_supply,health_water-source,chloride,total,ug/l,2,1,0,0,0,0,none
0801-0377,TRUE,source_of_water_supply,health_water-source,magnesium,total,ug/l,3,2,0,0,0,0,none
0801-0377,TRUE,source_of_water_supply,health_water-source,nitrate_nitrite,total,ug/l,6,3,0,0,0,0,none
0801-0377,TRUE,source_of_water_supply,health_water-source,sulfate,total,ug/l,8,3,0,0,0,0,none
0801-0378,TRUE,fishing,aquatic_chronic,ammonia,total,ug/l,8,3,0,0,0,6,none
0801-0378,TRUE,fishing,none,dissolved_oxygen,dissolved,mg/l,6,3,2,2,0,0,n_exceedances may not be intiutive for this parameter because there are multiple components to the WQS. n_exceedances may be greater than n_samples_collected if a single sample was marked as an exceedance for multiple components of the WQS.
0801-0378,TRUE,fishing,none,ph,total,ph_units,6,3,2,2,0,0,none
0801-0378,TRUE,secondary_contact_recreation,recreation,phosphorus,total,ug/l,5,3,0,0,0,0,none
0801-0378,TRUE,primary_contact_recreation,recreation,phosphorus,total,ug/l,5,3,0,0,0,0,none
0801-0378,TRUE,source_of_water_supply,aesthetic_water-supply,iron,total,ug/l,2,1,0,0,0,0,none
0801-0378,TRUE,source_of_water_supply,aesthetic_water-supply,manganese,total,ug/l,2,1,0,0,0,0,none
0801-0378,TRUE,source_of_water_supply,health_water-source,ammonia,total,ug/l,8,3,0,0,0,0,none
0801-0378,TRUE,source_of_water_supply,health_water-source,arsenic,total,ug/l,2,1,0,0,0,0,none
0801-0378,TRUE,source_of_water_supply,health_water-source,chloride,total,ug/l,2,1,0,0,0,0,none
0801-0378,TRUE,source_of_water_supply,health_water-source,magnesium,total,ug/l,2,1,0,0,0,0,none
0801-0378,TRUE,source_of_water_supply,health_water-source,nitrate_nitrite,total,ug/l,8,3,0,0,0,0,none
0801-0378,TRUE,source_of_water_supply,health_water-source,sulfate,total,ug/l,8,3,0,0,0,0,none
0801-0379,TRUE,fishing,aquatic_chronic,ammonia,total,ug/l,3,1,0,0,0,2,none
0801-0379,TRUE,fishing,none,dissolved_oxygen,dissolved,mg/l,3,1,0,0,0,0,n_exceedances may not be intiutive for this parameter because there are multiple components to the WQS. n_exceedances may be greater than n_samples_collected if a single sample was marked as an exceedance for multiple components of the WQS.
0801-0379,TRUE,fishing,none,ph,total,ph_units,3,1,1,1,0,0,none
0801-0379,TRUE,secondary_contact_recreation,recreation,phosphorus,total,ug/l,1,1,0,0,0,0,none
0801-0379,TRUE,primary_contact_recreation,recreation,phosphorus,total,ug/l,1,1,0,0,0,0,none
0801-0379,TRUE,source_of_water_supply,aesthetic_water-supply,iron,total,ug/l,4,1,1,1,0,0,none
0801-0379,TRUE,source_of_water_supply,aesthetic_water-supply,manganese,total,ug/l,4,1,0,0,0,0,none
0801-0379,TRUE,source_of_water_supply,health_water-source,ammonia,total,ug/l,3,1,0,0,0,0,none
0801-0379,TRUE,source_of_water_supply,health_water-source,chloride,total,ug/l,1,1,0,0,0,0,none
0801-0379,TRUE,source_of_water_supply,health_water-source,nitrate_nitrite,total,ug/l,4,1,0,0,0,0,none
0801-0379,TRUE,source_of_water_supply,health_water-source,sulfate,total,ug/l,4,1,0,0,0,0,none
0801-0388,TRUE,fishing,aquatic_chronic,ammonia,total,ug/l,6,1,0,0,0,6,none
0801-0388,TRUE,fishing,none,dissolved_oxygen,dissolved,mg/l,3,1,1,1,0,0,n_exceedances may not be intiutive for this parameter because there are multiple components to the WQS. n_exceedances may be greater than n_samples_collected if a single sample was marked as an exceedance for multiple components of the WQS.
0801-0388,TRUE,fishing,none,ph,total,ph_units,3,1,3,1,0,0,none
0801-0388,TRUE,secondary_contact_recreation,recreation,phosphorus,total,ug/l,1,1,0,0,0,0,none
0801-0388,TRUE,primary_contact_recreation,recreation,phosphorus,total,ug/l,1,1,0,0,0,0,none
0801-0388,TRUE,source_of_water_supply,aesthetic_water-supply,iron,total,ug/l,8,1,0,0,0,0,none
0801-0388,TRUE,source_of_water_supply,aesthetic_water-supply,manganese,total,ug/l,8,1,0,0,0,0,none
0801-0388,TRUE,source_of_water_supply,health_water-source,ammonia,total,ug/l,6,1,0,0,0,0,none
0801-0388,TRUE,source_of_water_supply,health_water-source,arsenic,total,ug/l,2,1,0,0,0,0,none
0801-0388,TRUE,source_of_water_supply,health_water-source,chloride,total,ug/l,5,1,0,0,0,0,none
0801-0388,TRUE,source_of_water_supply,health_water-source,nitrate_nitrite,total,ug/l,8,1,0,0,0,0,none
0801-0388,TRUE,source_of_water_supply,health_water-source,sulfate,total,ug/l,7,1,0,0,0,0,none
0801-0407,FALSE,fishing,aquatic_chronic,ammonia,total,ug/l,1,1,0,0,0,0,none
0801-0407,FALSE,fishing,none,dissolved_oxygen,dissolved,mg/l,1,1,0,0,0,0,n_exceedances may not be intiutive for this parameter because there are multiple components to the WQS. n_exceedances may be greater than n_samples_collected if a single sample was marked as an exceedance for multiple components of the WQS.
0801-0407,FALSE,fishing,none,ph,total,ph_units,1,1,0,0,0,0,none
0801-0418,TRUE,fishing,aquatic_chronic,ammonia,total,ug/l,7,2,0,0,0,6,none
0801-0418,TRUE,fishing,none,dissolved_oxygen,dissolved,mg/l,5,2,10,2,0,0,n_exceedances may not be intiutive for this parameter because there are multiple components to the WQS. n_exceedances may be greater than n_samples_collected if a single sample was marked as an exceedance for multiple components of the WQS.
0801-0418,TRUE,fishing,none,ph,total,ph_units,5,2,5,2,0,0,none
0801-0418,TRUE,secondary_contact_recreation,recreation,phosphorus,total,ug/l,2,1,0,0,0,0,none
0801-0418,TRUE,primary_contact_recreation,recreation,phosphorus,total,ug/l,2,1,0,0,0,0,none
0801-0418,TRUE,source_of_water_supply,aesthetic_water-supply,iron,total,ug/l,1,1,1,1,0,0,none
0801-0418,TRUE,source_of_water_supply,aesthetic_water-supply,manganese,total,ug/l,1,1,1,1,0,0,none
0801-0418,TRUE,source_of_water_supply,health_water-source,ammonia,total,ug/l,7,2,0,0,0,0,none
0801-0418,TRUE,source_of_water_supply,health_water-source,arsenic,total,ug/l,1,1,0,0,0,0,none
0801-0418,TRUE,source_of_water_supply,health_water-source,nitrate_nitrite,total,ug/l,6,2,0,0,0,0,none
0801-0418,TRUE,source_of_water_supply,health_water-source,sulfate,total,ug/l,2,1,0,0,0,0,none
0801-0434,TRUE,fishing,aquatic_chronic,nitrite,total,ug/l,1,1,0,0,0,0,none
0801-0434,TRUE,fishing,none,dissolved_oxygen,dissolved,mg/l,1,1,0,0,0,0,n_exceedances may not be intiutive for this parameter because there are multiple components to the WQS. n_exceedances may be greater than n_samples_collected if a single sample was marked as an exceedance for multiple components of the WQS.
0801-0434,TRUE,fishing,none,ph,total,ph_units,1,1,0,0,0,0,none
0801-0441,TRUE,fishing,aquatic_chronic,ammonia,total,ug/l,7,2,0,0,0,7,none
0801-0441,TRUE,fishing,none,dissolved_oxygen,dissolved,mg/l,5,2,3,2,0,0,n_exceedances may not be intiutive for this parameter because there are multiple components to the WQS. n_exceedances may be greater than n_samples_collected if a single sample was marked as an exceedance for multiple components of the WQS.
0801-0441,TRUE,fishing,none,ph,total,ph_units,5,2,5,2,0,0,none
0801-0441,TRUE,secondary_contact_recreation,recreation,phosphorus,total,ug/l,2,1,0,0,0,0,none
0801-0441,TRUE,primary_contact_recreation,recreation,phosphorus,total,ug/l,2,1,0,0,0,0,none
0902-0006,FALSE,fishing,aquatic_chronic,ammonia,total,ug/l,2,1,0,0,0,2,none
0902-0006,FALSE,secondary_contact_recreation,recreation,phosphorus,total,ug/l,1,1,0,0,0,0,none
0902-0006,FALSE,primary_contact_recreation,recreation,phosphorus,total,ug/l,1,1,0,0,0,0,none
0902-0008,TRUE,fishing,aquatic_chronic,ammonia,total,ug/l,2,1,0,0,0,2,none
0902-0008,TRUE,fishing,none,dissolved_oxygen,dissolved,mg/l,1,1,2,1,0,0,n_exceedances may not be intiutive for this parameter because there are multiple components to the WQS. n_exceedances may be greater than n_samples_collected if a single sample was marked as an exceedance for multiple components of the WQS.
0902-0008,TRUE,fishing,none,ph,total,ph_units,1,1,1,1,0,0,none
0902-0030,FALSE,fishing,aquatic_chronic,ammonia,total,ug/l,4,1,0,0,0,4,none
0902-0030,FALSE,secondary_contact_recreation,recreation,phosphorus,total,ug/l,39,6,1,1,0,0,none
0902-0030,FALSE,primary_contact_recreation,recreation,phosphorus,total,ug/l,39,6,1,1,0,0,none
0902-0034,FALSE,fishing,aquatic_chronic,ammonia,total,ug/l,5,1,0,0,0,5,none
0902-0034,FALSE,secondary_contact_recreation,recreation,phosphorus,total,ug/l,32,6,0,0,0,0,none
0902-0034,FALSE,primary_contact_recreation,recreation,phosphorus,total,ug/l,32,6,0,0,0,0,none
0902-0036,FALSE,secondary_contact_recreation,recreation,phosphorus,total,ug/l,17,3,0,0,0,0,none
0902-0036,FALSE,primary_contact_recreation,recreation,phosphorus,total,ug/l,17,3,0,0,0,0,none
0902-0056,FALSE,fishing,aquatic_chronic,ammonia,total,ug/l,3,1,0,0,0,3,none
0902-0056,FALSE,secondary_contact_recreation,recreation,phosphorus,total,ug/l,33,6,2,2,0,0,none
0902-0056,FALSE,primary_contact_recreation,recreation,phosphorus,total,ug/l,33,6,2,2,0,0,none
0902-0063,TRUE,fishing,aquatic_chronic,ammonia,total,ug/l,1,1,0,0,0,1,none
0902-0063,TRUE,fishing,none,dissolved_oxygen,dissolved,mg/l,1,1,0,0,0,0,n_exceedances may not be intiutive for this parameter because there are multiple components to the WQS. n_exceedances may be greater than n_samples_collected if a single sample was marked as an exceedance for multiple components of the WQS.
0902-0063,TRUE,fishing,none,ph,total,ph_units,1,1,1,1,0,0,none
0902-0087,FALSE,fishing,aquatic_chronic,ammonia,total,ug/l,1,1,0,0,0,1,none
0902-0102,FALSE,fishing,aquatic_chronic,ammonia,total,ug/l,29,4,0,0,0,29,none
0902-0102,TRUE,fishing,aquatic_chronic,ammonia,total,ug/l,39,6,0,0,0,39,none
0902-0102,TRUE,fishing,none,dissolved_oxygen,dissolved,mg/l,1,1,1,1,0,0,n_exceedances may not be intiutive for this parameter because there are multiple components to the WQS. n_exceedances may be greater than n_samples_collected if a single sample was marked as an exceedance for multiple components of the WQS.
0902-0102,TRUE,fishing,none,ph,total,ph_units,1,1,0,0,0,0,none
0902-0104,FALSE,fishing,aquatic_chronic,ammonia,total,ug/l,89,9,0,0,0,89,none
0902-0104,FALSE,fishing,aquatic_chronic,nitrite,total,ug/l,23,2,0,0,0,0,none
0902-0104,TRUE,fishing,aquatic_chronic,ammonia,total,ug/l,78,10,0,0,0,78,none
0902-0107,FALSE,fishing,aquatic_chronic,ammonia,total,ug/l,2,1,0,0,0,2,none
0902-0107,FALSE,secondary_contact_recreation,recreation,phosphorus,total,ug/l,1,1,0,0,0,0,none
0902-0107,FALSE,primary_contact_recreation,recreation,phosphorus,total,ug/l,1,1,0,0,0,0,none
0902-0111,FALSE,fishing,aquatic_chronic,ammonia,total,ug/l,5,2,0,0,0,5,none
0902-0121,TRUE,fishing,aquatic_chronic,ammonia,total,ug/l,2,1,0,0,0,2,none
0902-0121,TRUE,fishing,none,dissolved_oxygen,dissolved,mg/l,1,1,2,1,0,0,n_exceedances may not be intiutive for this parameter because there are multiple components to the WQS. n_exceedances may be greater than n_samples_collected if a single sample was marked as an exceedance for multiple components of the WQS.
0902-0121,TRUE,fishing,none,ph,total,ph_units,1,1,0,0,0,0,none
0902-0134,TRUE,fishing,aquatic_chronic,ammonia,total,ug/l,1,1,0,0,0,1,none
0902-0134,TRUE,fishing,none,dissolved_oxygen,dissolved,mg/l,1,1,0,0,0,0,n_exceedances may not be intiutive for this parameter because there are multiple components to the WQS. n_exceedances may be greater than n_samples_collected if a single sample was marked as an exceedance for multiple components of the WQS.
0902-0134,TRUE,fishing,none,ph,total,ph_units,1,1,1,1,0,0,none
0902-0134,TRUE,secondary_contact_recreation,recreation,phosphorus,total,ug/l,1,1,0,0,0,0,none
0902-0134,TRUE,primary_contact_recreation,recreation,phosphorus,total,ug/l,1,1,0,0,0,0,none
0902-0134,TRUE,source_of_water_supply,aesthetic_water-supply,iron,total,ug/l,1,1,0,0,0,0,none
0902-0134,TRUE,source_of_water_supply,aesthetic_water-supply,manganese,total,ug/l,1,1,0,0,0,0,none
0902-0134,TRUE,source_of_water_supply,health_water-source,ammonia,total,ug/l,1,1,0,0,0,0,none
0902-0134,TRUE,source_of_water_supply,health_water-source,arsenic,total,ug/l,1,1,0,0,0,0,none
0902-0134,TRUE,source_of_water_supply,health_water-source,chloride,total,ug/l,1,1,0,0,0,0,none
0902-0134,TRUE,source_of_water_supply,health_water-source,magnesium,total,ug/l,1,1,0,0,0,0,none
0902-0134,TRUE,source_of_water_supply,health_water-source,nitrate_nitrite,total,ug/l,1,1,0,0,0,0,none
0902-0134,TRUE,source_of_water_supply,health_water-source,sulfate,total,ug/l,1,1,0,0,0,0,none
0902-0144,FALSE,fishing,aquatic_chronic,ammonia,total,ug/l,1,1,0,0,0,1,none
0902-0147,TRUE,fishing,aquatic_chronic,ammonia,total,ug/l,2,1,0,0,0,2,none
0902-0147,TRUE,fishing,none,dissolved_oxygen,dissolved,mg/l,1,1,2,1,0,0,n_exceedances may not be intiutive for this parameter because there are multiple components to the WQS. n_exceedances may be greater than n_samples_collected if a single sample was marked as an exceedance for multiple components of the WQS.
0902-0147,TRUE,fishing,none,ph,total,ph_units,1,1,1,1,0,0,none
0902-0148,FALSE,fishing,aquatic_chronic,ammonia,total,ug/l,5,2,0,0,0,5,none
0902-0148,FALSE,secondary_contact_recreation,recreation,phosphorus,total,ug/l,4,2,0,0,0,0,none
0902-0148,FALSE,primary_contact_recreation,recreation,phosphorus,total,ug/l,4,2,0,0,0,0,none
0902-0148,FALSE,source_of_water_supply,aesthetic_water-supply,iron,total,ug/l,5,2,0,0,0,0,none
0902-0148,FALSE,source_of_water_supply,aesthetic_water-supply,manganese,total,ug/l,5,2,1,1,0,0,none
0902-0148,FALSE,source_of_water_supply,health_water-source,ammonia,total,ug/l,5,2,0,0,0,0,none
0902-0148,FALSE,source_of_water_supply,health_water-source,arsenic,total,ug/l,4,1,0,0,0,0,none
0902-0148,FALSE,source_of_water_supply,health_water-source,chloride,total,ug/l,5,2,0,0,0,0,none
0902-0148,FALSE,source_of_water_supply,health_water-source,magnesium,total,ug/l,5,2,0,0,0,0,none
0902-0148,FALSE,source_of_water_supply,health_water-source,nitrate_nitrite,total,ug/l,5,2,0,0,0,0,none
0902-0148,FALSE,source_of_water_supply,health_water-source,sulfate,total,ug/l,5,2,0,0,0,0,none
0902-0149,FALSE,fishing,aquatic_chronic,ammonia,total,ug/l,2,1,0,0,0,2,none
0902-0157,FALSE,fishing,aquatic_chronic,ammonia,total,ug/l,7,1,0,0,0,7,none
0902-0157,FALSE,secondary_contact_recreation,recreation,phosphorus,total,ug/l,16,3,1,1,0,0,none
0902-0157,FALSE,primary_contact_recreation,recreation,phosphorus,total,ug/l,16,3,1,1,0,0,none
0902-0157,TRUE,fishing,aquatic_chronic,ammonia,total,ug/l,2,1,0,0,0,2,none
0902-0157,TRUE,fishing,none,dissolved_oxygen,dissolved,mg/l,1,1,2,1,0,0,n_exceedances may not be intiutive for this parameter because there are multiple components to the WQS. n_exceedances may be greater than n_samples_collected if a single sample was marked as an exceedance for multiple components of the WQS.
0902-0157,TRUE,fishing,none,ph,total,ph_units,1,1,0,0,0,0,none
0902-0158,FALSE,fishing,aquatic_chronic,ammonia,total,ug/l,2,2,0,0,0,2,none
0902-0158,TRUE,fishing,aquatic_chronic,ammonia,total,ug/l,6,3,0,0,0,5,none
0902-0158,TRUE,fishing,none,dissolved_oxygen,dissolved,mg/l,6,3,0,0,0,0,n_exceedances may not be intiutive for this parameter because there are multiple components to the WQS. n_exceedances may be greater than n_samples_collected if a single sample was marked as an exceedance for multiple components of the WQS.
0902-0158,TRUE,fishing,none,ph,total,ph_units,6,3,0,0,0,0,none
0902-0159,FALSE,fishing,aquatic_chronic,ammonia,total,ug/l,25,1,0,0,0,25,none
0902-0159,FALSE,secondary_contact_recreation,recreation,phosphorus,total,ug/l,76,7,0,0,0,0,none
0902-0159,FALSE,primary_contact_recreation,recreation,phosphorus,total,ug/l,76,7,0,0,0,0,none
0902-0159,FALSE,source_of_water_supply,health_water-source,ammonia,total,ug/l,25,1,1,1,0,0,none
0902-0159,FALSE,source_of_water_supply,health_water-source,nitrate_nitrite,total,ug/l,96,7,0,0,0,0,none
0902-0159,TRUE,fishing,aquatic_chronic,ammonia,total,ug/l,4,2,0,0,0,4,none
0902-0159,TRUE,fishing,none,dissolved_oxygen,dissolved,mg/l,2,2,2,1,0,0,n_exceedances may not be intiutive for this parameter because there are multiple components to the WQS. n_exceedances may be greater than n_samples_collected if a single sample was marked as an exceedance for multiple components of the WQS.
0902-0159,TRUE,fishing,none,ph,total,ph_units,2,2,0,0,0,0,none
0902-0159,TRUE,secondary_contact_recreation,recreation,phosphorus,total,ug/l,1,1,0,0,0,0,none
0902-0159,TRUE,primary_contact_recreation,recreation,phosphorus,total,ug/l,1,1,0,0,0,0,none
0902-0159,TRUE,source_of_water_supply,aesthetic_water-supply,iron,total,ug/l,2,1,0,0,0,0,none
0902-0159,TRUE,source_of_water_supply,aesthetic_water-supply,manganese,total,ug/l,2,1,0,0,0,0,none
0902-0159,TRUE,source_of_water_supply,health_water-source,ammonia,total,ug/l,4,2,0,0,0,0,none
0902-0159,TRUE,source_of_water_supply,health_water-source,arsenic,total,ug/l,2,1,0,0,0,0,none
0902-0159,TRUE,source_of_water_supply,health_water-source,chloride,total,ug/l,4,2,0,0,0,0,none
0902-0159,TRUE,source_of_water_supply,health_water-source,magnesium,total,ug/l,2,1,0,0,0,0,none
0902-0159,TRUE,source_of_water_supply,health_water-source,nitrate_nitrite,total,ug/l,4,2,0,0,0,0,none
0902-0159,TRUE,source_of_water_supply,health_water-source,sulfate,total,ug/l,2,1,0,0,0,0,none
0903-0044,FALSE,secondary_contact_recreation,recreation,phosphorus,total,ug/l,13,3,0,0,0,0,none
0903-0044,FALSE,primary_contact_recreation,recreation,phosphorus,total,ug/l,13,3,0,0,0,0,none
0903-0044,TRUE,fishing,aquatic_chronic,ammonia,total,ug/l,5,1,0,0,0,4,none
0903-0044,TRUE,fishing,none,dissolved_oxygen,dissolved,mg/l,4,1,8,1,0,0,n_exceedances may not be intiutive for this parameter because there are multiple components to the WQS. n_exceedances may be greater than n_samples_collected if a single sample was marked as an exceedance for multiple components of the WQS.
0903-0044,TRUE,fishing,none,ph,total,ph_units,4,1,2,1,0,0,none
0903-0056,FALSE,fishing,aquatic_chronic,ammonia,total,ug/l,2,1,0,0,0,2,none
0903-0056,FALSE,secondary_contact_recreation,recreation,phosphorus,total,ug/l,1,1,0,0,0,0,none
0903-0056,FALSE,primary_contact_recreation,recreation,phosphorus,total,ug/l,1,1,0,0,0,0,none
0903-0056,FALSE,source_of_water_supply,aesthetic_water-supply,iron,total,ug/l,2,1,0,0,0,0,none
0903-0056,FALSE,source_of_water_supply,aesthetic_water-supply,manganese,total,ug/l,2,1,1,1,0,0,none
0903-0056,FALSE,source_of_water_supply,health_water-source,ammonia,total,ug/l,2,1,0,0,0,0,none
0903-0056,FALSE,source_of_water_supply,health_water-source,chloride,total,ug/l,2,1,0,0,0,0,none
0903-0056,FALSE,source_of_water_supply,health_water-source,magnesium,total,ug/l,2,1,0,0,0,0,none
0903-0056,FALSE,source_of_water_supply,health_water-source,nitrate_nitrite,total,ug/l,2,1,0,0,0,0,none
0903-0056,FALSE,source_of_water_supply,health_water-source,sulfate,total,ug/l,2,1,0,0,0,0,none
0903-0056,TRUE,fishing,aquatic_chronic,ammonia,total,ug/l,9,2,0,0,0,9,none
0903-0056,TRUE,fishing,aquatic_chronic,nitrite,total,ug/l,4,1,0,0,0,0,none
0903-0056,TRUE,fishing,none,dissolved_oxygen,dissolved,mg/l,7,2,7,2,0,0,n_exceedances may not be intiutive for this parameter because there are multiple components to the WQS. n_exceedances may be greater than n_samples_collected if a single sample was marked as an exceedance for multiple components of the WQS.
0903-0056,TRUE,fishing,none,ph,total,ph_units,7,2,4,2,0,0,none
0903-0056,TRUE,secondary_contact_recreation,recreation,phosphorus,total,ug/l,2,1,0,0,0,0,none
0903-0056,TRUE,primary_contact_recreation,recreation,phosphorus,total,ug/l,2,1,0,0,0,0,none
0903-0056,TRUE,source_of_water_supply,aesthetic_water-supply,iron,total,ug/l,12,2,2,2,0,0,none
0903-0056,TRUE,source_of_water_supply,aesthetic_water-supply,manganese,total,ug/l,12,2,3,2,0,0,none
0903-0056,TRUE,source_of_water_supply,health_water-source,ammonia,total,ug/l,9,2,0,0,0,0,none
0903-0056,TRUE,source_of_water_supply,health_water-source,arsenic,total,ug/l,4,1,0,0,0,0,none
0903-0056,TRUE,source_of_water_supply,health_water-source,chloride,total,ug/l,4,1,0,0,0,0,none
0903-0056,TRUE,source_of_water_supply,health_water-source,copper,total,ug/l,3,1,0,0,0,0,none
0903-0056,TRUE,source_of_water_supply,health_water-source,nitrate,total,ug/l,4,1,0,0,0,0,none
0903-0056,TRUE,source_of_water_supply,health_water-source,nitrate_nitrite,total,ug/l,11,2,0,0,0,0,none
0903-0056,TRUE,source_of_water_supply,health_water-source,nitrite,total,ug/l,4,1,0,0,0,0,none
0903-0056,TRUE,source_of_water_supply,health_water-source,sulfate,total,ug/l,12,2,0,0,0,0,none
0903-0068,FALSE,fishing,aquatic_chronic,ammonia,total,ug/l,1,1,0,0,0,1,none
0903-0069,TRUE,fishing,aquatic_chronic,ammonia,total,ug/l,3,2,0,0,0,3,none
0903-0069,TRUE,fishing,none,dissolved_oxygen,dissolved,mg/l,2,2,0,0,0,0,n_exceedances may not be intiutive for this parameter because there are multiple components to the WQS. n_exceedances may be greater than n_samples_collected if a single sample was marked as an exceedance for multiple components of the WQS.
0903-0069,TRUE,fishing,none,ph,total,ph_units,2,2,0,0,0,0,none
0903-0071,TRUE,fishing,aquatic_chronic,ammonia,total,ug/l,2,1,0,0,0,1,none
0903-0071,TRUE,fishing,none,dissolved_oxygen,dissolved,mg/l,1,1,0,0,0,0,n_exceedances may not be intiutive for this parameter because there are multiple components to the WQS. n_exceedances may be greater than n_samples_collected if a single sample was marked as an exceedance for multiple components of the WQS.
0903-0071,TRUE,fishing,none,ph,total,ph_units,1,1,1,1,0,0,none
0903-0072,TRUE,fishing,aquatic_chronic,ammonia,total,ug/l,10,2,0,0,0,9,none
0903-0072,TRUE,fishing,aquatic_chronic,nitrite,total,ug/l,8,1,0,0,0,0,none
0903-0072,TRUE,fishing,none,dissolved_oxygen,dissolved,mg/l,5,2,2,1,0,0,n_exceedances may not be intiutive for this parameter because there are multiple components to the WQS. n_exceedances may be greater than n_samples_collected if a single sample was marked as an exceedance for multiple components of the WQS.
0903-0072,TRUE,fishing,none,ph,total,ph_units,5,2,3,1,0,0,none
0903-0073,TRUE,fishing,aquatic_chronic,ammonia,total,ug/l,2,1,0,0,0,1,none
0903-0073,TRUE,fishing,none,dissolved_oxygen,dissolved,mg/l,1,1,0,0,0,0,n_exceedances may not be intiutive for this parameter because there are multiple components to the WQS. n_exceedances may be greater than n_samples_collected if a single sample was marked as an exceedance for multiple components of the WQS.
0903-0073,TRUE,fishing,none,ph,total,ph_units,1,1,0,0,0,0,none
0903-0081,TRUE,fishing,aquatic_chronic,ammonia,total,ug/l,26,3,0,0,0,26,none
0903-0081,TRUE,secondary_contact_recreation,recreation,phosphorus,total,ug/l,6,2,0,0,0,0,none
0903-0081,TRUE,primary_contact_recreation,recreation,phosphorus,total,ug/l,6,2,0,0,0,0,none
0903-0081,TRUE,source_of_water_supply,health_water-source,ammonia,total,ug/l,26,3,0,0,0,0,none
0903-0081,TRUE,source_of_water_supply,health_water-source,chloride,total,ug/l,14,3,0,0,0,0,none
0903-0081,TRUE,source_of_water_supply,health_water-source,nitrate_nitrite,total,ug/l,12,2,0,0,0,0,none
0903-0107,TRUE,fishing,aquatic_chronic,ammonia,total,ug/l,1,1,0,0,0,1,none
0903-0107,TRUE,fishing,none,dissolved_oxygen,dissolved,mg/l,1,1,1,1,0,0,n_exceedances may not be intiutive for this parameter because there are multiple components to the WQS. n_exceedances may be greater than n_samples_collected if a single sample was marked as an exceedance for multiple components of the WQS.
0903-0107,TRUE,fishing,none,ph,total,ph_units,1,1,1,1,0,0,none
0903-0109,TRUE,fishing,aquatic_chronic,ammonia,total,ug/l,1,1,0,0,0,1,none
0903-0109,TRUE,fishing,none,dissolved_oxygen,dissolved,mg/l,1,1,0,0,0,0,n_exceedances may not be intiutive for this parameter because there are multiple components to the WQS. n_exceedances may be greater than n_samples_collected if a single sample was marked as an exceedance for multiple components of the WQS.
0903-0109,TRUE,fishing,none,ph,total,ph_units,1,1,0,0,0,0,none
0903-0114,FALSE,fishing,aquatic_chronic,ammonia,total,ug/l,50,4,0,0,0,50,none
0903-0114,FALSE,secondary_contact_recreation,recreation,phosphorus,total,ug/l,99,13,0,0,0,0,none
0903-0114,FALSE,primary_contact_recreation,recreation,phosphorus,total,ug/l,99,13,0,0,0,0,none
0903-0114,FALSE,source_of_water_supply,health_water-source,ammonia,total,ug/l,50,4,0,0,0,0,none
0903-0114,FALSE,source_of_water_supply,health_water-source,nitrate_nitrite,total,ug/l,112,13,0,0,0,0,none
0903-0117,TRUE,fishing,aquatic_chronic,ammonia,total,ug/l,1,1,0,0,0,1,none
0903-0117,TRUE,fishing,none,dissolved_oxygen,dissolved,mg/l,1,1,0,0,0,0,n_exceedances may not be intiutive for this parameter because there are multiple components to the WQS. n_exceedances may be greater than n_samples_collected if a single sample was marked as an exceedance for multiple components of the WQS.
0903-0117,TRUE,fishing,none,ph,total,ph_units,1,1,0,0,0,0,none
0903-0131,TRUE,fishing,aquatic_chronic,ammonia,total,ug/l,1,1,0,0,0,1,none
0903-0131,TRUE,fishing,none,dissolved_oxygen,dissolved,mg/l,1,1,0,0,0,0,n_exceedances may not be intiutive for this parameter because there are multiple components to the WQS. n_exceedances may be greater than n_samples_collected if a single sample was marked as an exceedance for multiple components of the WQS.
0903-0131,TRUE,fishing,none,ph,total,ph_units,1,1,1,1,0,0,none
0903-0142,TRUE,fishing,aquatic_chronic,ammonia,total,ug/l,1,1,0,0,0,0,none
0903-0142,TRUE,fishing,none,dissolved_oxygen,dissolved,mg/l,2,2,2,1,0,0,n_exceedances may not be intiutive for this parameter because there are multiple components to the WQS. n_exceedances may be greater than n_samples_collected if a single sample was marked as an exceedance for multiple components of the WQS.
0903-0142,TRUE,fishing,none,ph,total,ph_units,2,2,1,1,0,0,none
0903-0142,TRUE,source_of_water_supply,aesthetic_water-supply,iron,total,ug/l,1,1,0,0,0,0,none
0903-0142,TRUE,source_of_water_supply,aesthetic_water-supply,manganese,total,ug/l,1,1,0,0,0,0,none
0903-0142,TRUE,source_of_water_supply,health_water-source,ammonia,total,ug/l,1,1,0,0,0,0,none
0903-0142,TRUE,source_of_water_supply,health_water-source,nitrate_nitrite,total,ug/l,1,1,0,0,0,0,none
0903-0142,TRUE,source_of_water_supply,health_water-source,sulfate,total,ug/l,1,1,0,0,0,0,none
0903-0145,TRUE,fishing,aquatic_chronic,ammonia,total,ug/l,2,1,0,0,0,2,none
0903-0145,TRUE,fishing,none,dissolved_oxygen,dissolved,mg/l,2,2,2,1,0,0,n_exceedances may not be intiutive for this parameter because there are multiple components to the WQS. n_exceedances may be greater than n_samples_collected if a single sample was marked as an exceedance for multiple components of the WQS.
0903-0145,TRUE,fishing,none,ph,total,ph_units,2,2,1,1,0,0,none
0903-0146,TRUE,fishing,aquatic_chronic,ammonia,total,ug/l,2,1,0,0,0,2,none
0903-0146,TRUE,fishing,none,dissolved_oxygen,dissolved,mg/l,1,1,2,1,0,0,n_exceedances may not be intiutive for this parameter because there are multiple components to the WQS. n_exceedances may be greater than n_samples_collected if a single sample was marked as an exceedance for multiple components of the WQS.
0903-0146,TRUE,fishing,none,ph,total,ph_units,1,1,1,1,0,0,none
0903-0146,TRUE,source_of_water_supply,health_water-source,ammonia,total,ug/l,2,1,0,0,0,0,none
0903-0146,TRUE,source_of_water_supply,health_water-source,chloride,total,ug/l,2,1,0,0,0,0,none
0903-0146,TRUE,source_of_water_supply,health_water-source,nitrate_nitrite,total,ug/l,2,1,0,0,0,0,none
0903-0154,TRUE,fishing,aquatic_chronic,ammonia,total,ug/l,1,1,0,0,0,1,none
0903-0154,TRUE,fishing,none,dissolved_oxygen,dissolved,mg/l,1,1,2,1,0,0,n_exceedances may not be intiutive for this parameter because there are multiple components to the WQS. n_exceedances may be greater than n_samples_collected if a single sample was marked as an exceedance for multiple components of the WQS.
0903-0154,TRUE,fishing,none,ph,total,ph_units,1,1,0,0,0,0,none
0903-0154,TRUE,secondary_contact_recreation,recreation,phosphorus,total,ug/l,1,1,0,0,0,0,none
0903-0154,TRUE,primary_contact_recreation,recreation,phosphorus,total,ug/l,1,1,0,0,0,0,none
0903-0154,TRUE,source_of_water_supply,aesthetic_water-supply,iron,total,ug/l,2,1,1,1,0,0,none
0903-0154,TRUE,source_of_water_supply,aesthetic_water-supply,manganese,total,ug/l,2,1,0,0,0,0,none
0903-0154,TRUE,source_of_water_supply,health_water-source,ammonia,total,ug/l,1,1,0,0,0,0,none
0903-0154,TRUE,source_of_water_supply,health_water-source,arsenic,total,ug/l,2,1,0,0,0,0,none
0903-0154,TRUE,source_of_water_supply,health_water-source,chloride,total,ug/l,2,1,0,0,0,0,none
0903-0154,TRUE,source_of_water_supply,health_water-source,nitrate_nitrite,total,ug/l,2,1,0,0,0,0,none
0903-0154,TRUE,source_of_water_supply,health_water-source,sulfate,total,ug/l,2,1,0,0,0,0,none
0903-0155,TRUE,fishing,aquatic_chronic,ammonia,total,ug/l,1,1,0,0,0,0,none
0903-0155,TRUE,fishing,none,dissolved_oxygen,dissolved,mg/l,1,1,2,1,0,0,n_exceedances may not be intiutive for this parameter because there are multiple components to the WQS. n_exceedances may be greater than n_samples_collected if a single sample was marked as an exceedance for multiple components of the WQS.
0903-0155,TRUE,fishing,none,ph,total,ph_units,1,1,1,1,0,0,none
0903-0158,TRUE,fishing,aquatic_chronic,ammonia,total,ug/l,12,2,0,0,0,12,none
0903-0158,TRUE,fishing,aquatic_chronic,nitrite,total,ug/l,3,1,0,0,0,0,none
0903-0158,TRUE,fishing,none,dissolved_oxygen,dissolved,mg/l,6,2,0,0,0,0,n_exceedances may not be intiutive for this parameter because there are multiple components to the WQS. n_exceedances may be greater than n_samples_collected if a single sample was marked as an exceedance for multiple components of the WQS.
0903-0158,TRUE,fishing,none,ph,total,ph_units,6,2,3,2,0,0,none
0903-0158,TRUE,secondary_contact_recreation,recreation,phosphorus,total,ug/l,5,2,0,0,0,0,none
0903-0158,TRUE,primary_contact_recreation,recreation,phosphorus,total,ug/l,5,2,0,0,0,0,none
0903-0158,TRUE,source_of_water_supply,aesthetic_water-supply,iron,total,ug/l,12,2,0,0,0,0,none
0903-0158,TRUE,source_of_water_supply,aesthetic_water-supply,manganese,total,ug/l,12,2,0,0,0,0,none
0903-0158,TRUE,source_of_water_supply,health_water-source,ammonia,total,ug/l,12,2,0,0,0,0,none
0903-0158,TRUE,source_of_water_supply,health_water-source,arsenic,total,ug/l,11,2,0,0,0,0,none
0903-0158,TRUE,source_of_water_supply,health_water-source,chloride,total,ug/l,12,2,0,0,0,0,none
0903-0158,TRUE,source_of_water_supply,health_water-source,nitrate,total,ug/l,3,1,0,0,0,0,none
0903-0158,TRUE,source_of_water_supply,health_water-source,nitrate_nitrite,total,ug/l,11,2,0,0,0,0,none
0903-0158,TRUE,source_of_water_supply,health_water-source,nitrite,total,ug/l,3,1,0,0,0,0,none
0903-0158,TRUE,source_of_water_supply,health_water-source,sulfate,total,ug/l,12,2,0,0,0,0,none
0903-0159,TRUE,fishing,aquatic_acute,arsenic,dissolved,ug/l,2,1,0,0,0,0,none
0903-0159,TRUE,fishing,aquatic_acute,copper,dissolved,ug/l,2,1,0,0,0,0,none
0903-0159,TRUE,fishing,aquatic_acute,nickel,dissolved,ug/l,2,1,0,0,0,0,none
0903-0159,TRUE,fishing,aquatic_chronic,aluminum,dissolved,ug/l,2,1,0,0,0,0,none
0903-0159,TRUE,fishing,aquatic_chronic,ammonia,total,ug/l,18,4,0,0,0,18,none
0903-0159,TRUE,fishing,aquatic_chronic,arsenic,dissolved,ug/l,2,1,0,0,0,0,none
0903-0159,TRUE,fishing,aquatic_chronic,copper,dissolved,ug/l,2,1,0,0,0,0,none
0903-0159,TRUE,fishing,aquatic_chronic,nickel,dissolved,ug/l,2,1,0,0,0,0,none
0903-0159,TRUE,fishing,aquatic_chronic,nitrite,total,ug/l,5,2,0,0,0,0,none
0903-0159,TRUE,fishing,none,dissolved_oxygen,dissolved,mg/l,10,4,0,0,0,0,n_exceedances may not be intiutive for this parameter because there are multiple components to the WQS. n_exceedances may be greater than n_samples_collected if a single sample was marked as an exceedance for multiple components of the WQS.
0903-0159,TRUE,fishing,none,ph,total,ph_units,10,4,2,2,0,0,none
0903-0159,TRUE,fishing,none,total_dissolved_solids,dissolved,mg/l,4,1,0,0,0,0,none
0903-0178,TRUE,fishing,aquatic_chronic,ammonia,total,ug/l,1,1,0,0,0,1,none
0903-0178,TRUE,fishing,none,dissolved_oxygen,dissolved,mg/l,1,1,0,0,0,0,n_exceedances may not be intiutive for this parameter because there are multiple components to the WQS. n_exceedances may be greater than n_samples_collected if a single sample was marked as an exceedance for multiple components of the WQS.
0903-0178,TRUE,fishing,none,ph,total,ph_units,1,1,1,1,0,0,none
0903-0203,TRUE,fishing,aquatic_chronic,ammonia,total,ug/l,14,2,0,0,0,14,none
0903-0203,TRUE,fishing,aquatic_chronic,nitrite,total,ug/l,4,1,0,0,0,0,none
0903-0203,TRUE,fishing,none,dissolved_oxygen,dissolved,mg/l,6,3,2,1,0,0,n_exceedances may not be intiutive for this parameter because there are multiple components to the WQS. n_exceedances may be greater than n_samples_collected if a single sample was marked as an exceedance for multiple components of the WQS.
0903-0203,TRUE,fishing,none,ph,total,ph_units,6,3,0,0,0,0,none
0903-0203,TRUE,secondary_contact_recreation,recreation,phosphorus,total,ug/l,5,2,0,0,0,0,none
0903-0203,TRUE,primary_contact_recreation,recreation,phosphorus,total,ug/l,5,2,0,0,0,0,none
0903-0204,TRUE,fishing,aquatic_chronic,ammonia,total,ug/l,13,2,0,0,0,13,none
0903-0204,TRUE,fishing,aquatic_chronic,nitrite,total,ug/l,2,1,0,0,0,0,none
0903-0204,TRUE,fishing,none,dissolved_oxygen,dissolved,mg/l,6,2,2,1,0,0,n_exceedances may not be intiutive for this parameter because there are multiple components to the WQS. n_exceedances may be greater than n_samples_collected if a single sample was marked as an exceedance for multiple components of the WQS.
0903-0204,TRUE,fishing,none,ph,total,ph_units,6,2,1,1,0,0,none
0903-0204,TRUE,secondary_contact_recreation,recreation,phosphorus,total,ug/l,6,2,0,0,0,0,none
0903-0204,TRUE,primary_contact_recreation,recreation,phosphorus,total,ug/l,6,2,0,0,0,0,none
0903-0204,TRUE,source_of_water_supply,aesthetic_water-supply,iron,total,ug/l,14,2,0,0,0,0,none
0903-0204,TRUE,source_of_water_supply,aesthetic_water-supply,manganese,total,ug/l,14,2,1,1,0,0,none
0903-0204,TRUE,source_of_water_supply,health_water-source,ammonia,total,ug/l,13,2,0,0,0,0,none
0903-0204,TRUE,source_of_water_supply,health_water-source,arsenic,total,ug/l,13,2,0,0,0,0,none
0903-0204,TRUE,source_of_water_supply,health_water-source,chloride,total,ug/l,14,2,0,0,0,0,none
0903-0204,TRUE,source_of_water_supply,health_water-source,nitrate,total,ug/l,2,1,0,0,0,0,none
0903-0204,TRUE,source_of_water_supply,health_water-source,nitrate_nitrite,total,ug/l,13,2,0,0,0,0,none
0903-0204,TRUE,source_of_water_supply,health_water-source,nitrite,total,ug/l,2,1,0,0,0,0,none
0903-0204,TRUE,source_of_water_supply,health_water-source,sulfate,total,ug/l,14,2,0,0,0,0,none
0903-0210,TRUE,fishing,aquatic_chronic,ammonia,total,ug/l,4,1,0,0,0,3,none
0903-0210,TRUE,fishing,none,dissolved_oxygen,dissolved,mg/l,4,1,6,1,0,0,n_exceedances may not be intiutive for this parameter because there are multiple components to the WQS. n_exceedances may be greater than n_samples_collected if a single sample was marked as an exceedance for multiple components of the WQS.
0903-0210,TRUE,fishing,none,ph,total,ph_units,4,1,4,1,0,0,none
0903-0210,TRUE,secondary_contact_recreation,recreation,phosphorus,total,ug/l,3,1,0,0,0,0,none
0903-0210,TRUE,primary_contact_recreation,recreation,phosphorus,total,ug/l,3,1,0,0,0,0,none
0903-0210,TRUE,source_of_water_supply,health_water-source,ammonia,total,ug/l,4,1,0,0,0,0,none
0903-0210,TRUE,source_of_water_supply,health_water-source,nitrate_nitrite,total,ug/l,4,1,0,0,0,0,none
0903-0213,TRUE,fishing,aquatic_chronic,nitrite,total,ug/l,2,1,0,0,0,0,none
0903-0213,TRUE,fishing,none,dissolved_oxygen,dissolved,mg/l,1,1,2,1,0,0,n_exceedances may not be intiutive for this parameter because there are multiple components to the WQS. n_exceedances may be greater than n_samples_collected if a single sample was marked as an exceedance for multiple components of the WQS.
0903-0213,TRUE,fishing,none,ph,total,ph_units,1,1,1,1,0,0,none
0903-0213,TRUE,secondary_contact_recreation,recreation,phosphorus,total,ug/l,1,1,0,0,0,0,none
0903-0213,TRUE,primary_contact_recreation,recreation,phosphorus,total,ug/l,1,1,0,0,0,0,none
0903-0213,TRUE,source_of_water_supply,aesthetic_water-supply,iron,total,ug/l,1,1,1,1,0,0,none
0903-0213,TRUE,source_of_water_supply,aesthetic_water-supply,manganese,total,ug/l,1,1,0,0,0,0,none
0903-0213,TRUE,source_of_water_supply,health_water-source,arsenic,total,ug/l,2,1,0,0,0,0,none
0903-0213,TRUE,source_of_water_supply,health_water-source,chloride,total,ug/l,2,1,0,0,0,0,none
0903-0213,TRUE,source_of_water_supply,health_water-source,magnesium,total,ug/l,2,1,0,0,0,0,none
0903-0213,TRUE,source_of_water_supply,health_water-source,nitrate,total,ug/l,2,1,0,0,0,0,none
0903-0213,TRUE,source_of_water_supply,health_water-source,nitrate_nitrite,total,ug/l,2,1,0,0,0,0,none
0903-0213,TRUE,source_of_water_supply,health_water-source,nitrite,total,ug/l,2,1,0,0,0,0,none
0903-0213,TRUE,source_of_water_supply,health_water-source,sulfate,total,ug/l,2,1,0,0,0,0,none
0904-0024,FALSE,fishing,aquatic_chronic,ammonia,total,ug/l,2,1,0,0,0,2,none
0904-0024,FALSE,secondary_contact_recreation,recreation,phosphorus,total,ug/l,1,1,0,0,0,0,none
0904-0024,FALSE,primary_contact_recreation,recreation,phosphorus,total,ug/l,1,1,0,0,0,0,none
0904-0026,TRUE,fishing,aquatic_chronic,ammonia,total,ug/l,2,1,0,0,0,2,none
0904-0026,TRUE,fishing,none,dissolved_oxygen,dissolved,mg/l,1,1,2,1,0,0,n_exceedances may not be intiutive for this parameter because there are multiple components to the WQS. n_exceedances may be greater than n_samples_collected if a single sample was marked as an exceedance for multiple components of the WQS.
0904-0026,TRUE,fishing,none,ph,total,ph_units,1,1,0,0,0,0,none
0904-0057,FALSE,fishing,aquatic_chronic,ammonia,total,ug/l,2,1,0,0,0,2,none
0904-0059,FALSE,fishing,aquatic_chronic,ammonia,total,ug/l,65,10,0,0,0,65,none
0904-0059,FALSE,fishing,aquatic_chronic,fluoride,total,ug/l,6,1,0,0,0,6,none
0904-0059,FALSE,fishing,aquatic_chronic,nitrite,total,ug/l,9,2,0,0,0,0,none
0904-0059,TRUE,fishing,aquatic_chronic,ammonia,total,ug/l,53,8,0,0,0,53,none
0904-0062,TRUE,fishing,aquatic_chronic,ammonia,total,ug/l,1,1,0,0,0,1,none
0904-0062,TRUE,fishing,none,dissolved_oxygen,dissolved,mg/l,1,1,0,0,0,0,n_exceedances may not be intiutive for this parameter because there are multiple components to the WQS. n_exceedances may be greater than n_samples_collected if a single sample was marked as an exceedance for multiple components of the WQS.
0904-0062,TRUE,fishing,none,ph,total,ph_units,1,1,1,1,0,0,none
0905-0030,TRUE,fishing,aquatic_chronic,ammonia,total,ug/l,2,1,0,0,0,2,none
0905-0030,TRUE,fishing,none,dissolved_oxygen,dissolved,mg/l,1,1,0,0,0,0,n_exceedances may not be intiutive for this parameter because there are multiple components to the WQS. n_exceedances may be greater than n_samples_collected if a single sample was marked as an exceedance for multiple components of the WQS.
0905-0030,TRUE,fishing,none,ph,total,ph_units,1,1,1,1,0,0,none
0905-0093,FALSE,fishing,aquatic_chronic,ammonia,total,ug/l,5,1,0,0,0,5,none
0905-0093,TRUE,fishing,aquatic_chronic,ammonia,total,ug/l,17,3,0,0,0,15,none
0905-0093,TRUE,fishing,aquatic_chronic,nitrite,total,ug/l,1,1,0,0,0,0,none
0905-0093,TRUE,fishing,none,dissolved_oxygen,dissolved,mg/l,4,2,2,1,0,0,n_exceedances may not be intiutive for this parameter because there are multiple components to the WQS. n_exceedances may be greater than n_samples_collected if a single sample was marked as an exceedance for multiple components of the WQS.
0905-0093,TRUE,fishing,none,ph,total,ph_units,4,2,0,0,0,0,none
0905-0119,TRUE,fishing,aquatic_chronic,ammonia,total,ug/l,5,1,0,0,0,5,none
0905-0119,TRUE,fishing,aquatic_chronic,nitrite,total,ug/l,2,1,0,0,0,0,none
0905-0119,TRUE,fishing,none,dissolved_oxygen,dissolved,mg/l,6,2,0,0,0,0,n_exceedances may not be intiutive for this parameter because there are multiple components to the WQS. n_exceedances may be greater than n_samples_collected if a single sample was marked as an exceedance for multiple components of the WQS.
0905-0119,TRUE,fishing,none,ph,total,ph_units,6,2,4,1,0,0,none
0905-0124,FALSE,fishing,aquatic_chronic,ammonia,total,ug/l,4,1,0,0,0,4,none
0905-0125,FALSE,fishing,aquatic_chronic,ammonia,total,ug/l,1,1,0,0,0,1,none
0905-0125,TRUE,fishing,none,dissolved_oxygen,dissolved,mg/l,1,1,0,0,0,0,n_exceedances may not be intiutive for this parameter because there are multiple components to the WQS. n_exceedances may be greater than n_samples_collected if a single sample was marked as an exceedance for multiple components of the WQS.
0905-0125,TRUE,fishing,none,ph,total,ph_units,1,1,1,1,0,0,none
0905-0132,TRUE,fishing,aquatic_chronic,ammonia,total,ug/l,9,2,0,0,0,8,none
0905-0132,TRUE,fishing,aquatic_chronic,nitrite,total,ug/l,8,1,0,0,0,0,none
0905-0132,TRUE,fishing,none,dissolved_oxygen,dissolved,mg/l,6,2,0,0,0,0,n_exceedances may not be intiutive for this parameter because there are multiple components to the WQS. n_exceedances may be greater than n_samples_collected if a single sample was marked as an exceedance for multiple components of the WQS.
0905-0132,TRUE,fishing,none,ph,total,ph_units,6,2,0,0,0,0,none
0905-0132,TRUE,secondary_contact_recreation,recreation,phosphorus,total,ug/l,4,1,0,0,0,0,none
0905-0132,TRUE,primary_contact_recreation,recreation,phosphorus,total,ug/l,4,1,0,0,0,0,none
0905-0132,TRUE,source_of_water_supply,aesthetic_water-supply,iron,total,ug/l,12,2,0,0,0,0,none
0905-0132,TRUE,source_of_water_supply,aesthetic_water-supply,manganese,total,ug/l,12,2,0,0,0,0,none
0905-0132,TRUE,source_of_water_supply,health_water-source,ammonia,total,ug/l,9,2,0,0,0,0,none
0905-0132,TRUE,source_of_water_supply,health_water-source,arsenic,total,ug/l,11,2,0,0,0,0,none
0905-0132,TRUE,source_of_water_supply,health_water-source,chloride,total,ug/l,8,1,0,0,0,0,none
0905-0132,TRUE,source_of_water_supply,health_water-source,nitrate,total,ug/l,8,1,0,0,0,0,none
0905-0132,TRUE,source_of_water_supply,health_water-source,nitrate_nitrite,total,ug/l,9,2,0,0,0,0,none
0905-0132,TRUE,source_of_water_supply,health_water-source,nitrite,total,ug/l,8,1,0,0,0,0,none
0905-0132,TRUE,source_of_water_supply,health_water-source,sulfate,total,ug/l,10,2,0,0,0,0,none
0905-0158,TRUE,fishing,none,dissolved_oxygen,dissolved,mg/l,3,1,2,1,0,0,n_exceedances may not be intiutive for this parameter because there are multiple components to the WQS. n_exceedances may be greater than n_samples_collected if a single sample was marked as an exceedance for multiple components of the WQS.
0905-0158,TRUE,fishing,none,ph,total,ph_units,3,1,3,1,0,0,none
0905-0164,TRUE,fishing,aquatic_chronic,ammonia,total,ug/l,2,1,0,0,0,2,none
0905-0164,TRUE,fishing,none,dissolved_oxygen,dissolved,mg/l,1,1,2,1,0,0,n_exceedances may not be intiutive for this parameter because there are multiple components to the WQS. n_exceedances may be greater than n_samples_collected if a single sample was marked as an exceedance for multiple components of the WQS.
0905-0164,TRUE,fishing,none,ph,total,ph_units,1,1,1,1,0,0,none
0905-0165,TRUE,fishing,aquatic_chronic,ammonia,total,ug/l,2,1,0,0,0,2,none
0905-0165,TRUE,fishing,none,dissolved_oxygen,dissolved,mg/l,1,1,2,1,0,0,n_exceedances may not be intiutive for this parameter because there are multiple components to the WQS. n_exceedances may be greater than n_samples_collected if a single sample was marked as an exceedance for multiple components of the WQS.
0905-0165,TRUE,fishing,none,ph,total,ph_units,1,1,1,1,0,0,none
0905-0166,TRUE,fishing,aquatic_chronic,ammonia,total,ug/l,8,2,0,0,0,8,none
0905-0166,TRUE,fishing,aquatic_chronic,nitrite,total,ug/l,6,1,0,0,0,0,none
0905-0166,TRUE,fishing,none,dissolved_oxygen,dissolved,mg/l,5,2,7,2,0,0,n_exceedances may not be intiutive for this parameter because there are multiple components to the WQS. n_exceedances may be greater than n_samples_collected if a single sample was marked as an exceedance for multiple components of the WQS.
0905-0166,TRUE,fishing,none,ph,total,ph_units,5,2,5,2,0,0,none
0905-0173,TRUE,fishing,aquatic_chronic,ammonia,total,ug/l,1,1,0,0,0,1,none
0905-0173,TRUE,fishing,none,dissolved_oxygen,dissolved,mg/l,1,1,0,0,0,0,n_exceedances may not be intiutive for this parameter because there are multiple components to the WQS. n_exceedances may be greater than n_samples_collected if a single sample was marked as an exceedance for multiple components of the WQS.
0905-0173,TRUE,fishing,none,ph,total,ph_units,1,1,0,0,0,0,none
0905-0180,FALSE,secondary_contact_recreation,recreation,phosphorus,total,ug/l,29,5,0,0,0,0,none
0905-0180,FALSE,primary_contact_recreation,recreation,phosphorus,total,ug/l,29,5,0,0,0,0,none
0905-0180,FALSE,source_of_water_supply,health_water-source,nitrate_nitrite,total,ug/l,32,5,0,0,0,0,none
0906-0001,FALSE,fishing,aquatic_chronic,ammonia,total,ug/l,74,11,0,0,0,74,none
0906-0001,FALSE,fishing,aquatic_chronic,nitrite,total,ug/l,10,3,0,0,0,0,none
0906-0001,FALSE,secondary_contact_recreation,recreation,phosphorus,total,ug/l,174,25,25,25,0,0,none
0906-0001,FALSE,primary_contact_recreation,recreation,phosphorus,total,ug/l,174,25,25,25,0,0,none
0906-0001,TRUE,fishing,aquatic_chronic,ammonia,total,ug/l,59,9,0,0,0,59,none
0906-0001,TRUE,secondary_contact_recreation,recreation,phosphorus,total,ug/l,58,8,8,8,0,0,none
0906-0001,TRUE,primary_contact_recreation,recreation,phosphorus,total,ug/l,58,8,8,8,0,0,none
0906-0006,TRUE,fishing,aquatic_chronic,ammonia,total,ug/l,1,1,0,0,0,1,none
0906-0006,TRUE,fishing,none,dissolved_oxygen,dissolved,mg/l,1,1,0,0,0,0,n_exceedances may not be intiutive for this parameter because there are multiple components to the WQS. n_exceedances may be greater than n_samples_collected if a single sample was marked as an exceedance for multiple components of the WQS.
0906-0006,TRUE,fishing,none,ph,total,ph_units,1,1,0,0,0,0,none
0906-0016,FALSE,fishing,aquatic_chronic,ammonia,total,ug/l,73,6,0,0,0,73,none
0906-0016,FALSE,fishing,aquatic_chronic,nitrite,total,ug/l,24,2,0,0,0,0,none
0906-0016,FALSE,secondary_contact_recreation,recreation,phosphorus,total,ug/l,125,15,0,0,0,0,none
0906-0016,FALSE,primary_contact_recreation,recreation,phosphorus,total,ug/l,125,15,0,0,0,0,none
0906-0016,TRUE,fishing,aquatic_chronic,ammonia,total,ug/l,138,10,0,0,0,138,none
0906-0016,TRUE,secondary_contact_recreation,recreation,phosphorus,total,ug/l,66,9,0,0,0,0,none
0906-0016,TRUE,primary_contact_recreation,recreation,phosphorus,total,ug/l,66,9,0,0,0,0,none
0906-0020,FALSE,fishing,aquatic_chronic,ammonia,total,ug/l,123,10,0,0,0,123,none
0906-0020,FALSE,fishing,aquatic_chronic,nitrite,total,ug/l,30,5,0,0,0,0,none
0906-0020,FALSE,secondary_contact_recreation,recreation,phosphorus,total,ug/l,182,25,6,6,0,0,none
0906-0020,FALSE,primary_contact_recreation,recreation,phosphorus,total,ug/l,182,25,6,6,0,0,none
0906-0020,TRUE,fishing,aquatic_chronic,ammonia,total,ug/l,144,10,0,0,0,144,none
0906-0020,TRUE,fishing,aquatic_chronic,nitrite,total,ug/l,4,1,0,0,0,0,none
0906-0020,TRUE,secondary_contact_recreation,recreation,phosphorus,total,ug/l,67,9,0,0,0,0,none
0906-0020,TRUE,primary_contact_recreation,recreation,phosphorus,total,ug/l,67,9,0,0,0,0,none
0906-0028,TRUE,fishing,aquatic_chronic,ammonia,total,ug/l,14,2,0,0,0,14,none
0906-0028,TRUE,fishing,aquatic_chronic,nitrite,total,ug/l,6,1,0,0,0,0,none
0906-0028,TRUE,fishing,none,dissolved_oxygen,dissolved,mg/l,6,2,6,2,0,0,n_exceedances may not be intiutive for this parameter because there are multiple components to the WQS. n_exceedances may be greater than n_samples_collected if a single sample was marked as an exceedance for multiple components of the WQS.
0906-0028,TRUE,fishing,none,ph,total,ph_units,6,2,2,1,0,0,none
0906-0029,TRUE,fishing,aquatic_chronic,ammonia,total,ug/l,6,2,0,0,0,6,none
0906-0029,TRUE,fishing,aquatic_chronic,nitrite,total,ug/l,1,1,0,0,0,0,none
0906-0029,TRUE,fishing,none,dissolved_oxygen,dissolved,mg/l,6,2,0,0,0,0,n_exceedances may not be intiutive for this parameter because there are multiple components to the WQS. n_exceedances may be greater than n_samples_collected if a single sample was marked as an exceedance for multiple components of the WQS.
0906-0029,TRUE,fishing,none,ph,total,ph_units,6,2,4,1,0,0,none
0906-0035,TRUE,fishing,aquatic_chronic,ammonia,total,ug/l,1,1,0,0,0,1,none
0906-0035,TRUE,fishing,none,dissolved_oxygen,dissolved,mg/l,1,1,2,1,0,0,n_exceedances may not be intiutive for this parameter because there are multiple components to the WQS. n_exceedances may be greater than n_samples_collected if a single sample was marked as an exceedance for multiple components of the WQS.
0906-0035,TRUE,fishing,none,ph,total,ph_units,1,1,0,0,0,0,none
0906-0036,TRUE,fishing,aquatic_chronic,ammonia,total,ug/l,12,2,0,0,0,12,none
0906-0036,TRUE,fishing,aquatic_chronic,nitrite,total,ug/l,3,1,0,0,0,0,none
0906-0036,TRUE,fishing,none,dissolved_oxygen,dissolved,mg/l,6,2,6,2,0,0,n_exceedances may not be intiutive for this parameter because there are multiple components to the WQS. n_exceedances may be greater than n_samples_collected if a single sample was marked as an exceedance for multiple components of the WQS.
0906-0036,TRUE,fishing,none,ph,total,ph_units,6,2,0,0,0,0,none
0906-0037,TRUE,fishing,aquatic_chronic,ammonia,total,ug/l,13,2,0,0,0,13,none
0906-0037,TRUE,fishing,aquatic_chronic,nitrite,total,ug/l,4,1,0,0,0,0,none
0906-0037,TRUE,fishing,none,dissolved_oxygen,dissolved,mg/l,7,3,10,3,0,0,n_exceedances may not be intiutive for this parameter because there are multiple components to the WQS. n_exceedances may be greater than n_samples_collected if a single sample was marked as an exceedance for multiple components of the WQS.
0906-0037,TRUE,fishing,none,ph,total,ph_units,7,3,1,1,0,0,none
0906-0038,FALSE,fishing,aquatic_chronic,ammonia,total,ug/l,58,5,0,0,0,58,none
0906-0038,FALSE,fishing,aquatic_chronic,nitrite,total,ug/l,5,1,0,0,0,0,none
0906-0038,TRUE,fishing,aquatic_chronic,ammonia,total,ug/l,94,7,0,0,0,94,none
0906-0039,FALSE,fishing,aquatic_chronic,ammonia,total,ug/l,2,1,0,0,0,2,none
0906-0039,TRUE,fishing,aquatic_chronic,ammonia,total,ug/l,12,2,0,0,0,12,none
0906-0039,TRUE,fishing,aquatic_chronic,nitrite,total,ug/l,3,1,0,0,0,0,none
0906-0039,TRUE,fishing,none,dissolved_oxygen,dissolved,mg/l,6,2,8,2,0,0,n_exceedances may not be intiutive for this parameter because there are multiple components to the WQS. n_exceedances may be greater than n_samples_collected if a single sample was marked as an exceedance for multiple components of the WQS.
0906-0039,TRUE,fishing,none,ph,total,ph_units,6,2,0,0,0,0,none
0906-0050,TRUE,fishing,aquatic_chronic,ammonia,total,ug/l,1,1,0,0,0,1,none
0906-0050,TRUE,fishing,none,dissolved_oxygen,dissolved,mg/l,1,1,0,0,0,0,n_exceedances may not be intiutive for this parameter because there are multiple components to the WQS. n_exceedances may be greater than n_samples_collected if a single sample was marked as an exceedance for multiple components of the WQS.
0906-0050,TRUE,fishing,none,ph,total,ph_units,1,1,0,0,0,0,none
0906-0050,TRUE,secondary_contact_recreation,recreation,phosphorus,total,ug/l,1,1,0,0,0,0,none
0906-0050,TRUE,primary_contact_recreation,recreation,phosphorus,total,ug/l,1,1,0,0,0,0,none
0906-0064,FALSE,fishing,aquatic_chronic,ammonia,total,ug/l,124,11,0,0,0,124,none
0906-0064,FALSE,fishing,aquatic_chronic,nitrite,total,ug/l,16,2,0,0,0,0,none
0906-0064,FALSE,secondary_contact_recreation,recreation,phosphorus,total,ug/l,107,16,0,0,0,0,none
0906-0064,FALSE,primary_contact_recreation,recreation,phosphorus,total,ug/l,107,16,0,0,0,0,none
0906-0064,TRUE,fishing,aquatic_chronic,ammonia,total,ug/l,132,10,0,0,0,132,none
0906-0064,TRUE,secondary_contact_recreation,recreation,phosphorus,total,ug/l,64,9,0,0,0,0,none
0906-0064,TRUE,primary_contact_recreation,recreation,phosphorus,total,ug/l,64,9,0,0,0,0,none
0906-0065,FALSE,fishing,aquatic_chronic,ammonia,total,ug/l,42,3,0,0,0,42,none
0906-0065,FALSE,secondary_contact_recreation,recreation,phosphorus,total,ug/l,28,4,0,0,0,0,none
0906-0065,FALSE,primary_contact_recreation,recreation,phosphorus,total,ug/l,28,4,0,0,0,0,none
0906-0065,TRUE,fishing,aquatic_chronic,ammonia,total,ug/l,63,5,0,0,0,63,none
0906-0065,TRUE,secondary_contact_recreation,recreation,phosphorus,total,ug/l,32,4,0,0,0,0,none
0906-0065,TRUE,primary_contact_recreation,recreation,phosphorus,total,ug/l,32,4,0,0,0,0,none
1001-0027,FALSE,secondary_contact_recreation,recreation,phosphorus,total,ug/l,19,4,0,0,0,0,none
1001-0027,FALSE,primary_contact_recreation,recreation,phosphorus,total,ug/l,19,4,0,0,0,0,none
1001-0027,FALSE,source_of_water_supply,health_water-source,nitrate_nitrite,total,ug/l,21,4,0,0,0,0,none
1001-0027,TRUE,fishing,aquatic_chronic,ammonia,total,ug/l,5,2,0,0,0,4,none
1001-0027,TRUE,fishing,none,dissolved_oxygen,dissolved,mg/l,5,2,6,2,0,0,n_exceedances may not be intiutive for this parameter because there are multiple components to the WQS. n_exceedances may be greater than n_samples_collected if a single sample was marked as an exceedance for multiple components of the WQS.
1001-0027,TRUE,fishing,none,ph,total,ph_units,5,2,0,0,0,0,none
1001-0027,TRUE,secondary_contact_recreation,recreation,phosphorus,total,ug/l,5,2,0,0,0,0,none
1001-0027,TRUE,primary_contact_recreation,recreation,phosphorus,total,ug/l,5,2,0,0,0,0,none
1001-0027,TRUE,source_of_water_supply,aesthetic_water-supply,iron,total,ug/l,6,2,6,2,0,0,none
1001-0027,TRUE,source_of_water_supply,aesthetic_water-supply,manganese,total,ug/l,5,2,0,0,0,0,none
1001-0027,TRUE,source_of_water_supply,health_water-source,ammonia,total,ug/l,5,2,0,0,0,0,none
1001-0027,TRUE,source_of_water_supply,health_water-source,arsenic,total,ug/l,1,1,0,0,0,0,none
1001-0027,TRUE,source_of_water_supply,health_water-source,chloride,total,ug/l,4,1,0,0,0,0,none
1001-0027,TRUE,source_of_water_supply,health_water-source,nitrate_nitrite,total,ug/l,6,2,0,0,0,0,none
1001-0027,TRUE,source_of_water_supply,health_water-source,sulfate,total,ug/l,5,2,0,0,0,0,none
1002-0009,FALSE,fishing,aquatic_chronic,ammonia,total,ug/l,10,1,0,0,0,10,none
1002-0009,FALSE,secondary_contact_recreation,recreation,phosphorus,total,ug/l,4,1,0,0,0,0,none
1002-0009,FALSE,primary_contact_recreation,recreation,phosphorus,total,ug/l,4,1,0,0,0,0,none
1002-0009,FALSE,source_of_water_supply,health_water-source,ammonia,total,ug/l,10,1,0,0,0,0,none
1002-0009,FALSE,source_of_water_supply,health_water-source,chloride,total,ug/l,10,1,0,0,0,0,none
1002-0009,FALSE,source_of_water_supply,health_water-source,nitrate,total,ug/l,10,1,0,0,0,0,none
1002-0009,TRUE,fishing,aquatic_chronic,ammonia,total,ug/l,5,2,0,0,0,5,none
1002-0009,TRUE,fishing,none,dissolved_oxygen,dissolved,mg/l,2,2,2,1,0,0,n_exceedances may not be intiutive for this parameter because there are multiple components to the WQS. n_exceedances may be greater than n_samples_collected if a single sample was marked as an exceedance for multiple components of the WQS.
1002-0009,TRUE,fishing,none,ph,total,ph_units,2,2,0,0,0,0,none
1002-0009,TRUE,secondary_contact_recreation,recreation,phosphorus,total,ug/l,2,1,0,0,0,0,none
1002-0009,TRUE,primary_contact_recreation,recreation,phosphorus,total,ug/l,2,1,0,0,0,0,none
1002-0009,TRUE,source_of_water_supply,aesthetic_water-supply,iron,total,ug/l,7,2,0,0,0,0,none
1002-0009,TRUE,source_of_water_supply,aesthetic_water-supply,manganese,total,ug/l,7,2,0,0,0,0,none
1002-0009,TRUE,source_of_water_supply,health_water-source,ammonia,total,ug/l,5,2,0,0,0,0,none
1002-0009,TRUE,source_of_water_supply,health_water-source,arsenic,total,ug/l,3,2,0,0,0,0,none
1002-0009,TRUE,source_of_water_supply,health_water-source,chloride,total,ug/l,2,1,0,0,0,0,none
1002-0009,TRUE,source_of_water_supply,health_water-source,nitrate_nitrite,total,ug/l,5,2,0,0,0,0,none
1002-0009,TRUE,source_of_water_supply,health_water-source,sulfate,total,ug/l,7,2,0,0,0,0,none
1002-0022,TRUE,fishing,aquatic_chronic,ammonia,total,ug/l,3,2,0,0,0,1,none
1002-0022,TRUE,fishing,none,dissolved_oxygen,dissolved,mg/l,2,2,0,0,0,0,n_exceedances may not be intiutive for this parameter because there are multiple components to the WQS. n_exceedances may be greater than n_samples_collected if a single sample was marked as an exceedance for multiple components of the WQS.
1002-0022,TRUE,fishing,none,ph,total,ph_units,2,2,2,2,0,0,none
1002-0024,FALSE,fishing,aquatic_chronic,ammonia,total,ug/l,1,1,0,0,0,1,none
1003-0040,TRUE,fishing,aquatic_chronic,ammonia,total,ug/l,4,2,0,0,0,2,none
1003-0040,TRUE,fishing,none,dissolved_oxygen,dissolved,mg/l,2,2,2,1,0,0,n_exceedances may not be intiutive for this parameter because there are multiple components to the WQS. n_exceedances may be greater than n_samples_collected if a single sample was marked as an exceedance for multiple components of the WQS.
1003-0040,TRUE,fishing,none,ph,total,ph_units,2,2,0,0,0,0,none
1003-0045,TRUE,fishing,aquatic_chronic,ammonia,total,ug/l,7,2,0,0,0,6,none
1003-0045,TRUE,fishing,none,dissolved_oxygen,dissolved,mg/l,5,2,0,0,0,0,n_exceedances may not be intiutive for this parameter because there are multiple components to the WQS. n_exceedances may be greater than n_samples_collected if a single sample was marked as an exceedance for multiple components of the WQS.
1003-0045,TRUE,fishing,none,ph,total,ph_units,5,2,0,0,0,0,none
1003-0046,FALSE,fishing,aquatic_chronic,ammonia,total,ug/l,5,2,0,0,0,5,none
1003-0046,FALSE,secondary_contact_recreation,recreation,phosphorus,total,ug/l,7,2,1,1,0,0,none
1003-0046,FALSE,primary_contact_recreation,recreation,phosphorus,total,ug/l,7,2,1,1,0,0,none
1003-0046,FALSE,source_of_water_supply,aesthetic_water-supply,iron,total,ug/l,4,1,0,0,0,0,none
1003-0046,FALSE,source_of_water_supply,aesthetic_water-supply,manganese,total,ug/l,4,1,0,0,0,0,none
1003-0046,FALSE,source_of_water_supply,health_water-source,ammonia,total,ug/l,5,2,0,0,0,0,none
1003-0046,FALSE,source_of_water_supply,health_water-source,arsenic,total,ug/l,1,1,0,0,0,0,none
1003-0046,FALSE,source_of_water_supply,health_water-source,chloride,total,ug/l,4,1,0,0,0,0,none
1003-0046,FALSE,source_of_water_supply,health_water-source,magnesium,total,ug/l,7,2,0,0,0,0,none
1003-0046,FALSE,source_of_water_supply,health_water-source,nitrate_nitrite,total,ug/l,5,2,0,0,0,0,none
1003-0046,FALSE,source_of_water_supply,health_water-source,sulfate,total,ug/l,4,1,0,0,0,0,none
1003-0048,FALSE,fishing,aquatic_chronic,ammonia,total,ug/l,135,6,0,0,0,135,none
1003-0048,FALSE,fishing,aquatic_chronic,nitrite,total,ug/l,16,1,0,0,0,0,none
1003-0048,FALSE,secondary_contact_recreation,recreation,phosphorus,total,ug/l,88,6,0,0,0,0,none
1003-0048,FALSE,primary_contact_recreation,recreation,phosphorus,total,ug/l,88,6,0,0,0,0,none
1003-0048,FALSE,source_of_water_supply,aesthetic_water-supply,iron,total,ug/l,3,2,3,2,0,0,none
1003-0048,FALSE,source_of_water_supply,aesthetic_water-supply,manganese,total,ug/l,3,2,2,2,0,0,none
1003-0048,FALSE,source_of_water_supply,health_water-source,ammonia,total,ug/l,135,6,0,0,0,0,none
1003-0048,FALSE,source_of_water_supply,health_water-source,arsenic,total,ug/l,10,3,0,0,0,0,none
1003-0048,FALSE,source_of_water_supply,health_water-source,nitrate_nitrite,total,ug/l,107,6,0,0,0,0,none
1003-0048,FALSE,source_of_water_supply,health_water-source,nitrite,total,ug/l,16,1,0,0,0,0,none
1003-0060,FALSE,fishing,aquatic_chronic,ammonia,total,ug/l,1,1,0,0,0,1,none
1003-0060,FALSE,secondary_contact_recreation,recreation,phosphorus,total,ug/l,3,1,0,0,0,0,none
1003-0060,FALSE,primary_contact_recreation,recreation,phosphorus,total,ug/l,3,1,0,0,0,0,none
1003-0062,TRUE,fishing,aquatic_chronic,ammonia,total,ug/l,9,2,0,0,0,8,none
1003-0062,TRUE,fishing,none,dissolved_oxygen,dissolved,mg/l,5,2,7,2,0,0,n_exceedances may not be intiutive for this parameter because there are multiple components to the WQS. n_exceedances may be greater than n_samples_collected if a single sample was marked as an exceedance for multiple components of the WQS.
1003-0062,TRUE,fishing,none,ph,total,ph_units,5,2,3,1,0,0,none
1003-0068,FALSE,secondary_contact_recreation,recreation,phosphorus,total,ug/l,23,5,0,0,0,0,none
1003-0068,FALSE,primary_contact_recreation,recreation,phosphorus,total,ug/l,23,5,0,0,0,0,none
1003-0068,FALSE,source_of_water_supply,health_water-source,nitrate_nitrite,total,ug/l,23,5,0,0,0,0,none
1003-0069,TRUE,fishing,aquatic_chronic,ammonia,total,ug/l,11,3,0,0,0,10,none
1003-0069,TRUE,fishing,none,dissolved_oxygen,dissolved,mg/l,6,3,4,2,0,0,n_exceedances may not be intiutive for this parameter because there are multiple components to the WQS. n_exceedances may be greater than n_samples_collected if a single sample was marked as an exceedance for multiple components of the WQS.
1003-0069,TRUE,fishing,none,ph,total,ph_units,6,3,2,2,0,0,none
1003-0069,TRUE,secondary_contact_recreation,recreation,phosphorus,total,ug/l,6,3,0,0,0,0,none
1003-0069,TRUE,primary_contact_recreation,recreation,phosphorus,total,ug/l,6,3,0,0,0,0,none
1003-0069,TRUE,source_of_water_supply,aesthetic_water-supply,iron,total,ug/l,11,3,3,2,0,0,none
1003-0069,TRUE,source_of_water_supply,aesthetic_water-supply,manganese,total,ug/l,10,2,0,0,0,0,none
1003-0069,TRUE,source_of_water_supply,health_water-source,ammonia,total,ug/l,11,3,0,0,0,0,none
1003-0069,TRUE,source_of_water_supply,health_water-source,arsenic,total,ug/l,7,3,0,0,0,0,none
1003-0069,TRUE,source_of_water_supply,health_water-source,chloride,total,ug/l,10,2,0,0,0,0,none
1003-0069,TRUE,source_of_water_supply,health_water-source,magnesium,total,ug/l,2,1,0,0,0,0,none
1003-0069,TRUE,source_of_water_supply,health_water-source,nitrate_nitrite,total,ug/l,13,3,0,0,0,0,none
1003-0069,TRUE,source_of_water_supply,health_water-source,sulfate,total,ug/l,13,3,0,0,0,0,none
1003-0073,FALSE,secondary_contact_recreation,recreation,phosphorus,total,ug/l,1,1,0,0,0,0,none
1003-0073,FALSE,primary_contact_recreation,recreation,phosphorus,total,ug/l,1,1,0,0,0,0,none
1003-0073,FALSE,source_of_water_supply,health_water-source,chloride,total,ug/l,1,1,0,0,0,0,none
1003-0073,FALSE,source_of_water_supply,health_water-source,magnesium,total,ug/l,1,1,0,0,0,0,none
1003-0073,FALSE,source_of_water_supply,health_water-source,nitrate_nitrite,total,ug/l,1,1,0,0,0,0,none
1003-0073,FALSE,source_of_water_supply,health_water-source,sulfate,total,ug/l,1,1,0,0,0,0,none
1003-0073,TRUE,fishing,aquatic_chronic,ammonia,total,ug/l,1,1,0,0,0,1,none
1003-0073,TRUE,secondary_contact_recreation,recreation,phosphorus,total,ug/l,1,1,0,0,0,0,none
1003-0073,TRUE,primary_contact_recreation,recreation,phosphorus,total,ug/l,1,1,0,0,0,0,none
1003-0073,TRUE,source_of_water_supply,health_water-source,ammonia,total,ug/l,1,1,0,0,0,0,none
1003-0073,TRUE,source_of_water_supply,health_water-source,chloride,total,ug/l,1,1,0,0,0,0,none
1003-0073,TRUE,source_of_water_supply,health_water-source,nitrate_nitrite,total,ug/l,1,1,0,0,0,0,none
1003-0076,FALSE,secondary_contact_recreation,recreation,phosphorus,total,ug/l,37,5,0,0,0,0,none
1003-0076,FALSE,primary_contact_recreation,recreation,phosphorus,total,ug/l,37,5,0,0,0,0,none
1003-0076,FALSE,source_of_water_supply,health_water-source,nitrate_nitrite,total,ug/l,26,5,0,0,0,0,none
1003-0079,FALSE,secondary_contact_recreation,recreation,phosphorus,total,ug/l,19,3,0,0,0,0,none
1003-0079,FALSE,primary_contact_recreation,recreation,phosphorus,total,ug/l,19,3,0,0,0,0,none
1003-0079,FALSE,source_of_water_supply,health_water-source,nitrate_nitrite,total,ug/l,20,3,0,0,0,0,none
1003-0079,TRUE,fishing,aquatic_chronic,ammonia,total,ug/l,9,2,0,0,0,8,none
1003-0079,TRUE,fishing,none,dissolved_oxygen,dissolved,mg/l,5,2,9,2,0,0,n_exceedances may not be intiutive for this parameter because there are multiple components to the WQS. n_exceedances may be greater than n_samples_collected if a single sample was marked as an exceedance for multiple components of the WQS.
1003-0079,TRUE,fishing,none,ph,total,ph_units,5,2,0,0,0,0,none
1003-0079,TRUE,secondary_contact_recreation,recreation,phosphorus,total,ug/l,5,2,0,0,0,0,none
1003-0079,TRUE,primary_contact_recreation,recreation,phosphorus,total,ug/l,5,2,0,0,0,0,none
1003-0079,TRUE,source_of_water_supply,aesthetic_water-supply,iron,total,ug/l,9,2,4,2,0,0,none
1003-0079,TRUE,source_of_water_supply,aesthetic_water-supply,manganese,total,ug/l,9,2,5,2,0,0,none
1003-0079,TRUE,source_of_water_supply,health_water-source,ammonia,total,ug/l,9,2,0,0,0,0,none
1003-0079,TRUE,source_of_water_supply,health_water-source,arsenic,total,ug/l,5,2,0,0,0,0,none
1003-0079,TRUE,source_of_water_supply,health_water-source,chloride,total,ug/l,8,1,0,0,0,0,none
1003-0079,TRUE,source_of_water_supply,health_water-source,nitrate_nitrite,total,ug/l,10,2,0,0,0,0,none
1003-0079,TRUE,source_of_water_supply,health_water-source,sulfate,total,ug/l,11,2,0,0,0,0,none
1003-0080,TRUE,fishing,aquatic_chronic,ammonia,total,ug/l,9,2,0,0,0,8,none
1003-0080,TRUE,fishing,none,dissolved_oxygen,dissolved,mg/l,5,2,8,2,0,0,n_exceedances may not be intiutive for this parameter because there are multiple components to the WQS. n_exceedances may be greater than n_samples_collected if a single sample was marked as an exceedance for multiple components of the WQS.
1003-0080,TRUE,fishing,none,ph,total,ph_units,5,2,4,2,0,0,none
1003-0080,TRUE,secondary_contact_recreation,recreation,phosphorus,total,ug/l,5,2,0,0,0,0,none
1003-0080,TRUE,primary_contact_recreation,recreation,phosphorus,total,ug/l,5,2,0,0,0,0,none
1003-0080,TRUE,source_of_water_supply,aesthetic_water-supply,iron,total,ug/l,9,2,5,2,0,0,none
1003-0080,TRUE,source_of_water_supply,aesthetic_water-supply,manganese,total,ug/l,9,2,3,2,0,0,none
1003-0080,TRUE,source_of_water_supply,health_water-source,ammonia,total,ug/l,9,2,0,0,0,0,none
1003-0080,TRUE,source_of_water_supply,health_water-source,arsenic,total,ug/l,5,2,0,0,0,0,none
1003-0080,TRUE,source_of_water_supply,health_water-source,chloride,total,ug/l,8,1,0,0,0,0,none
1003-0080,TRUE,source_of_water_supply,health_water-source,nitrate_nitrite,total,ug/l,11,2,0,0,0,0,none
1003-0080,TRUE,source_of_water_supply,health_water-source,sulfate,total,ug/l,11,2,0,0,0,0,none
1003-0083,FALSE,secondary_contact_recreation,recreation,phosphorus,total,ug/l,1,1,0,0,0,0,none
1003-0083,FALSE,primary_contact_recreation,recreation,phosphorus,total,ug/l,1,1,0,0,0,0,none
1003-0083,FALSE,source_of_water_supply,health_water-source,chloride,total,ug/l,1,1,0,0,0,0,none
1003-0083,FALSE,source_of_water_supply,health_water-source,magnesium,total,ug/l,1,1,0,0,0,0,none
1003-0083,FALSE,source_of_water_supply,health_water-source,nitrate_nitrite,total,ug/l,1,1,0,0,0,0,none
1003-0083,FALSE,source_of_water_supply,health_water-source,sulfate,total,ug/l,1,1,0,0,0,0,none
1003-0083,TRUE,fishing,aquatic_chronic,ammonia,total,ug/l,1,1,0,0,0,1,none
1003-0083,TRUE,secondary_contact_recreation,recreation,phosphorus,total,ug/l,1,1,0,0,0,0,none
1003-0083,TRUE,primary_contact_recreation,recreation,phosphorus,total,ug/l,1,1,0,0,0,0,none
1003-0083,TRUE,source_of_water_supply,aesthetic_water-supply,iron,total,ug/l,1,1,0,0,0,0,none
1003-0083,TRUE,source_of_water_supply,aesthetic_water-supply,manganese,total,ug/l,1,1,0,0,0,0,none
1003-0083,TRUE,source_of_water_supply,health_water-source,ammonia,total,ug/l,1,1,0,0,0,0,none
1003-0083,TRUE,source_of_water_supply,health_water-source,arsenic,total,ug/l,1,1,0,0,0,0,none
1003-0083,TRUE,source_of_water_supply,health_water-source,chloride,total,ug/l,1,1,0,0,0,0,none
1003-0083,TRUE,source_of_water_supply,health_water-source,nitrate_nitrite,total,ug/l,1,1,0,0,0,0,none
1003-0083,TRUE,source_of_water_supply,health_water-source,sulfate,total,ug/l,1,1,0,0,0,0,none
1003-0090,FALSE,fishing,aquatic_chronic,ammonia,total,ug/l,2,1,0,0,0,2,none
1003-0090,FALSE,secondary_contact_recreation,recreation,phosphorus,total,ug/l,1,1,0,0,0,0,none
1003-0090,FALSE,primary_contact_recreation,recreation,phosphorus,total,ug/l,1,1,0,0,0,0,none
1003-0090,FALSE,source_of_water_supply,aesthetic_water-supply,iron,total,ug/l,2,1,1,1,0,0,none
1003-0090,FALSE,source_of_water_supply,aesthetic_water-supply,manganese,total,ug/l,2,1,0,0,0,0,none
1003-0090,FALSE,source_of_water_supply,health_water-source,ammonia,total,ug/l,2,1,0,0,0,0,none
1003-0090,FALSE,source_of_water_supply,health_water-source,chloride,total,ug/l,2,1,0,0,0,0,none
1003-0090,FALSE,source_of_water_supply,health_water-source,magnesium,total,ug/l,2,1,0,0,0,0,none
1003-0090,FALSE,source_of_water_supply,health_water-source,nitrate_nitrite,total,ug/l,2,1,0,0,0,0,none
1003-0090,FALSE,source_of_water_supply,health_water-source,sulfate,total,ug/l,2,1,0,0,0,0,none
1003-0095,FALSE,secondary_contact_recreation,recreation,phosphorus,total,ug/l,1,1,0,0,0,0,none
1003-0095,FALSE,primary_contact_recreation,recreation,phosphorus,total,ug/l,1,1,0,0,0,0,none
1003-0095,FALSE,source_of_water_supply,health_water-source,chloride,total,ug/l,2,1,0,0,0,0,none
1003-0095,FALSE,source_of_water_supply,health_water-source,magnesium,total,ug/l,2,1,0,0,0,0,none
1003-0095,FALSE,source_of_water_supply,health_water-source,nitrate_nitrite,total,ug/l,2,1,0,0,0,0,none
1003-0095,FALSE,source_of_water_supply,health_water-source,sulfate,total,ug/l,2,1,0,0,0,0,none
1003-0097,FALSE,fishing,aquatic_chronic,ammonia,total,ug/l,2,1,0,0,0,2,none
1003-0097,FALSE,secondary_contact_recreation,recreation,phosphorus,total,ug/l,3,1,0,0,0,0,none
1003-0097,FALSE,primary_contact_recreation,recreation,phosphorus,total,ug/l,3,1,0,0,0,0,none
1003-0097,FALSE,source_of_water_supply,health_water-source,ammonia,total,ug/l,2,1,0,0,0,0,none
1003-0097,FALSE,source_of_water_supply,health_water-source,magnesium,total,ug/l,3,1,0,0,0,0,none
1003-0097,FALSE,source_of_water_supply,health_water-source,nitrate_nitrite,total,ug/l,2,1,0,0,0,0,none
1003-0100,FALSE,fishing,aquatic_chronic,ammonia,total,ug/l,4,1,0,0,0,4,none
1003-0100,FALSE,secondary_contact_recreation,recreation,phosphorus,total,ug/l,3,1,0,0,0,0,none
1003-0100,FALSE,primary_contact_recreation,recreation,phosphorus,total,ug/l,3,1,0,0,0,0,none
1003-0100,FALSE,source_of_water_supply,health_water-source,ammonia,total,ug/l,4,1,0,0,0,0,none
1003-0100,FALSE,source_of_water_supply,health_water-source,magnesium,total,ug/l,6,1,0,0,0,0,none
1003-0100,FALSE,source_of_water_supply,health_water-source,nitrate_nitrite,total,ug/l,1,1,0,0,0,0,none
1003-0100,TRUE,fishing,aquatic_chronic,ammonia,total,ug/l,16,3,0,0,0,16,none
1003-0100,TRUE,fishing,aquatic_chronic,nitrite,total,ug/l,2,1,0,0,0,0,none
1003-0100,TRUE,fishing,none,dissolved_oxygen,dissolved,mg/l,7,3,8,2,0,0,n_exceedances may not be intiutive for this parameter because there are multiple components to the WQS. n_exceedances may be greater than n_samples_collected if a single sample was marked as an exceedance for multiple components of the WQS.
1003-0100,TRUE,fishing,none,ph,total,ph_units,6,3,5,2,0,0,none
1003-0100,TRUE,secondary_contact_recreation,recreation,phosphorus,total,ug/l,7,3,0,0,0,0,none
1003-0100,TRUE,primary_contact_recreation,recreation,phosphorus,total,ug/l,7,3,0,0,0,0,none
1003-0100,TRUE,source_of_water_supply,aesthetic_water-supply,iron,total,ug/l,18,3,16,3,0,0,none
1003-0100,TRUE,source_of_water_supply,aesthetic_water-supply,manganese,total,ug/l,18,3,5,2,0,0,none
1003-0100,TRUE,source_of_water_supply,health_water-source,ammonia,total,ug/l,16,3,0,0,0,0,none
1003-0100,TRUE,source_of_water_supply,health_water-source,arsenic,total,ug/l,10,3,0,0,0,0,none
1003-0100,TRUE,source_of_water_supply,health_water-source,chloride,total,ug/l,10,2,0,0,0,0,none
1003-0100,TRUE,source_of_water_supply,health_water-source,magnesium,total,ug/l,2,1,0,0,0,0,none
1003-0100,TRUE,source_of_water_supply,health_water-source,nitrate,total,ug/l,2,1,0,0,0,0,none
1003-0100,TRUE,source_of_water_supply,health_water-source,nitrate_nitrite,total,ug/l,13,3,0,0,0,0,none
1003-0100,TRUE,source_of_water_supply,health_water-source,nitrite,total,ug/l,2,1,0,0,0,0,none
1003-0100,TRUE,source_of_water_supply,health_water-source,sulfate,total,ug/l,18,3,0,0,0,0,none
1003-0107,TRUE,fishing,none,dissolved_oxygen,dissolved,mg/l,1,1,0,0,0,0,n_exceedances may not be intiutive for this parameter because there are multiple components to the WQS. n_exceedances may be greater than n_samples_collected if a single sample was marked as an exceedance for multiple components of the WQS.
1003-0107,TRUE,fishing,none,ph,total,ph_units,1,1,0,0,0,0,none
1003-0109,FALSE,fishing,aquatic_chronic,ammonia,total,ug/l,113,10,0,0,0,113,none
1003-0109,FALSE,fishing,aquatic_chronic,nitrite,total,ug/l,16,2,0,0,0,0,none
1003-0109,FALSE,secondary_contact_recreation,recreation,phosphorus,total,ug/l,101,14,0,0,0,0,none
1003-0109,FALSE,primary_contact_recreation,recreation,phosphorus,total,ug/l,101,14,0,0,0,0,none
1003-0109,FALSE,source_of_water_supply,aesthetic_water-supply,iron,total,ug/l,4,2,4,2,0,0,none
1003-0109,FALSE,source_of_water_supply,aesthetic_water-supply,manganese,total,ug/l,4,2,4,2,0,0,none
1003-0109,FALSE,source_of_water_supply,health_water-source,ammonia,total,ug/l,113,10,0,0,0,0,none
1003-0109,FALSE,source_of_water_supply,health_water-source,arsenic,total,ug/l,4,2,0,0,0,0,none
1003-0109,FALSE,source_of_water_supply,health_water-source,nitrate_nitrite,total,ug/l,128,14,0,0,0,0,none
1003-0109,FALSE,source_of_water_supply,health_water-source,nitrite,total,ug/l,16,2,0,0,0,0,none
1003-0109,TRUE,fishing,aquatic_chronic,ammonia,total,ug/l,8,1,0,0,0,8,none
1003-0109,TRUE,fishing,none,dissolved_oxygen,dissolved,mg/l,4,1,5,1,0,0,n_exceedances may not be intiutive for this parameter because there are multiple components to the WQS. n_exceedances may be greater than n_samples_collected if a single sample was marked as an exceedance for multiple components of the WQS.
1003-0109,TRUE,fishing,none,ph,total,ph_units,4,1,0,0,0,0,none
1003-0109,TRUE,secondary_contact_recreation,recreation,phosphorus,total,ug/l,4,1,0,0,0,0,none
1003-0109,TRUE,primary_contact_recreation,recreation,phosphorus,total,ug/l,4,1,0,0,0,0,none
1003-0109,TRUE,source_of_water_supply,aesthetic_water-supply,iron,total,ug/l,8,1,1,1,0,0,none
1003-0109,TRUE,source_of_water_supply,aesthetic_water-supply,manganese,total,ug/l,8,1,1,1,0,0,none
1003-0109,TRUE,source_of_water_supply,health_water-source,ammonia,total,ug/l,8,1,0,0,0,0,none
1003-0109,TRUE,source_of_water_supply,health_water-source,arsenic,total,ug/l,4,1,0,0,0,0,none
1003-0109,TRUE,source_of_water_supply,health_water-source,chloride,total,ug/l,8,1,0,0,0,0,none
1003-0109,TRUE,source_of_water_supply,health_water-source,nitrate_nitrite,total,ug/l,8,1,0,0,0,0,none
1003-0109,TRUE,source_of_water_supply,health_water-source,sulfate,total,ug/l,8,1,0,0,0,0,none
1003-0113,TRUE,fishing,none,dissolved_oxygen,dissolved,mg/l,1,1,2,1,0,0,n_exceedances may not be intiutive for this parameter because there are multiple components to the WQS. n_exceedances may be greater than n_samples_collected if a single sample was marked as an exceedance for multiple components of the WQS.
1003-0113,TRUE,fishing,none,ph,total,ph_units,1,1,1,1,0,0,none
1003-0114,TRUE,fishing,aquatic_chronic,ammonia,total,ug/l,2,1,0,0,0,1,none
1003-0114,TRUE,fishing,none,dissolved_oxygen,dissolved,mg/l,1,1,2,1,0,0,n_exceedances may not be intiutive for this parameter because there are multiple components to the WQS. n_exceedances may be greater than n_samples_collected if a single sample was marked as an exceedance for multiple components of the WQS.
1003-0114,TRUE,fishing,none,ph,total,ph_units,1,1,0,0,0,0,none
1003-0114,TRUE,source_of_water_supply,aesthetic_water-supply,iron,total,ug/l,2,1,0,0,0,0,none
1003-0114,TRUE,source_of_water_supply,aesthetic_water-supply,manganese,total,ug/l,2,1,1,1,0,0,none
1003-0114,TRUE,source_of_water_supply,health_water-source,ammonia,total,ug/l,2,1,0,0,0,0,none
1003-0114,TRUE,source_of_water_supply,health_water-source,arsenic,total,ug/l,1,1,0,0,0,0,none
1003-0114,TRUE,source_of_water_supply,health_water-source,chloride,total,ug/l,2,1,0,0,0,0,none
1003-0114,TRUE,source_of_water_supply,health_water-source,nitrate_nitrite,total,ug/l,2,1,0,0,0,0,none
1003-0114,TRUE,source_of_water_supply,health_water-source,sulfate,total,ug/l,2,1,0,0,0,0,none
1004-0048,FALSE,fishing,aquatic_chronic,ammonia,total,ug/l,4,1,0,0,0,4,none
1004-0050,FALSE,fishing,aquatic_chronic,ammonia,total,ug/l,94,10,0,0,0,94,none
1004-0050,FALSE,fishing,aquatic_chronic,nitrite,total,ug/l,16,2,0,0,0,0,none
1004-0050,FALSE,secondary_contact_recreation,recreation,phosphorus,total,ug/l,97,15,4,4,0,0,none
1004-0050,FALSE,primary_contact_recreation,recreation,phosphorus,total,ug/l,97,15,4,4,0,0,none
1004-0050,FALSE,source_of_water_supply,aesthetic_water-supply,iron,total,ug/l,3,3,0,0,0,0,none
1004-0050,FALSE,source_of_water_supply,aesthetic_water-supply,manganese,total,ug/l,3,3,0,0,0,0,none
1004-0050,FALSE,source_of_water_supply,health_water-source,ammonia,total,ug/l,94,10,0,0,0,0,none
1004-0050,FALSE,source_of_water_supply,health_water-source,arsenic,total,ug/l,5,3,0,0,0,0,none
1004-0050,FALSE,source_of_water_supply,health_water-source,chloride,total,ug/l,1,1,0,0,0,0,none
1004-0050,FALSE,source_of_water_supply,health_water-source,magnesium,total,ug/l,1,1,0,0,0,0,none
1004-0050,FALSE,source_of_water_supply,health_water-source,nitrate_nitrite,total,ug/l,108,15,0,0,0,0,none
1004-0050,FALSE,source_of_water_supply,health_water-source,nitrite,total,ug/l,16,2,0,0,0,0,none
1004-0050,FALSE,source_of_water_supply,health_water-source,sulfate,total,ug/l,1,1,0,0,0,0,none
1004-0050,TRUE,fishing,aquatic_chronic,ammonia,total,ug/l,122,10,0,0,0,122,none
1004-0050,TRUE,secondary_contact_recreation,recreation,phosphorus,total,ug/l,59,9,4,4,0,0,none
1004-0050,TRUE,primary_contact_recreation,recreation,phosphorus,total,ug/l,59,9,4,4,0,0,none
1004-0050,TRUE,source_of_water_supply,health_water-source,ammonia,total,ug/l,122,10,0,0,0,0,none
1004-0050,TRUE,source_of_water_supply,health_water-source,chloride,total,ug/l,25,8,0,0,0,0,none
1004-0050,TRUE,source_of_water_supply,health_water-source,nitrate_nitrite,total,ug/l,52,9,0,0,0,0,none
1004-0053,TRUE,fishing,aquatic_acute,arsenic,dissolved,ug/l,1,1,0,0,0,0,none
1004-0053,TRUE,fishing,aquatic_acute,copper,dissolved,ug/l,1,1,0,0,0,0,none
1004-0053,TRUE,fishing,aquatic_acute,nickel,dissolved,ug/l,1,1,0,0,0,0,none
1004-0053,TRUE,fishing,aquatic_chronic,ammonia,total,ug/l,1,1,0,0,0,1,none
1004-0053,TRUE,fishing,aquatic_chronic,arsenic,dissolved,ug/l,1,1,0,0,0,0,none
1004-0053,TRUE,fishing,aquatic_chronic,copper,dissolved,ug/l,1,1,0,0,0,0,none
1004-0053,TRUE,fishing,aquatic_chronic,nickel,dissolved,ug/l,1,1,0,0,0,0,none
1004-0053,TRUE,fishing,aquatic_chronic,nitrite,total,ug/l,1,1,0,0,0,0,none
1004-0053,TRUE,fishing,none,dissolved_oxygen,dissolved,mg/l,1,1,0,0,0,0,n_exceedances may not be intiutive for this parameter because there are multiple components to the WQS. n_exceedances may be greater than n_samples_collected if a single sample was marked as an exceedance for multiple components of the WQS.
1004-0053,TRUE,fishing,none,ph,total,ph_units,1,1,1,1,0,0,none
1004-0053,TRUE,fishing,none,total_dissolved_solids,dissolved,mg/l,1,1,0,0,0,0,none
1004-0053,TRUE,secondary_contact_recreation,none,total_dissolved_solids,dissolved,mg/l,1,1,0,0,0,0,none
1004-0053,TRUE,primary_contact_recreation,none,total_dissolved_solids,dissolved,mg/l,1,1,0,0,0,0,none
1004-0053,TRUE,source_of_water_supply,none,total_dissolved_solids,dissolved,mg/l,1,1,0,0,0,0,none
1004-0053,TRUE,secondary_contact_recreation,recreation,phosphorus,total,ug/l,1,1,1,1,0,0,none
1004-0053,TRUE,primary_contact_recreation,recreation,phosphorus,total,ug/l,1,1,1,1,0,0,none
1004-0053,TRUE,source_of_water_supply,aesthetic_water-supply,iron,total,ug/l,1,1,0,0,0,0,none
1004-0053,TRUE,source_of_water_supply,aesthetic_water-supply,manganese,total,ug/l,1,1,0,0,0,0,none
1004-0053,TRUE,source_of_water_supply,health_water-source,ammonia,total,ug/l,1,1,0,0,0,0,none
1004-0053,TRUE,source_of_water_supply,health_water-source,arsenic,total,ug/l,1,1,0,0,0,0,none
1004-0053,TRUE,source_of_water_supply,health_water-source,chloride,total,ug/l,1,1,0,0,0,0,none
1004-0053,TRUE,source_of_water_supply,health_water-source,copper,total,ug/l,1,1,0,0,0,0,none
1004-0053,TRUE,source_of_water_supply,health_water-source,magnesium,total,ug/l,1,1,0,0,0,0,none
1004-0053,TRUE,source_of_water_supply,health_water-source,nickel,total,ug/l,1,1,0,0,0,0,none
1004-0053,TRUE,source_of_water_supply,health_water-source,nitrate,total,ug/l,2,1,0,0,0,0,none
1004-0053,TRUE,source_of_water_supply,health_water-source,nitrite,total,ug/l,1,1,0,0,0,0,none
1004-0053,TRUE,source_of_water_supply,health_water-source,sulfate,total,ug/l,1,1,0,0,0,0,none
1004-0060,TRUE,fishing,aquatic_chronic,ammonia,total,ug/l,2,2,0,0,0,1,none
1004-0060,TRUE,fishing,aquatic_chronic,nitrite,total,ug/l,1,1,0,0,0,0,none
1004-0060,TRUE,fishing,none,dissolved_oxygen,dissolved,mg/l,2,2,0,0,0,0,n_exceedances may not be intiutive for this parameter because there are multiple components to the WQS. n_exceedances may be greater than n_samples_collected if a single sample was marked as an exceedance for multiple components of the WQS.
1004-0060,TRUE,fishing,none,ph,total,ph_units,2,2,0,0,0,0,none
1004-0063,FALSE,fishing,aquatic_chronic,ammonia,total,ug/l,10,1,0,0,0,10,none
1004-0064,FALSE,fishing,aquatic_chronic,ammonia,total,ug/l,1,1,0,0,0,1,none
1004-0067,FALSE,fishing,aquatic_chronic,ammonia,total,ug/l,86,9,0,0,0,86,none
1004-0067,FALSE,fishing,aquatic_chronic,nitrite,total,ug/l,16,2,1,1,0,0,none
1004-0067,FALSE,secondary_contact_recreation,recreation,phosphorus,total,ug/l,69,13,0,0,0,0,none
1004-0067,FALSE,primary_contact_recreation,recreation,phosphorus,total,ug/l,69,13,0,0,0,0,none
1004-0067,TRUE,fishing,aquatic_chronic,ammonia,total,ug/l,137,10,0,0,0,137,none
1004-0067,TRUE,secondary_contact_recreation,recreation,phosphorus,total,ug/l,62,9,0,0,0,0,none
1004-0067,TRUE,primary_contact_recreation,recreation,phosphorus,total,ug/l,62,9,0,0,0,0,none
1004-0068,FALSE,fishing,aquatic_chronic,ammonia,total,ug/l,135,11,0,0,0,135,none
1004-0068,FALSE,fishing,aquatic_chronic,nitrite,total,ug/l,28,2,0,0,0,0,none
1004-0068,FALSE,secondary_contact_recreation,recreation,phosphorus,total,ug/l,180,22,0,0,0,0,none
1004-0068,FALSE,primary_contact_recreation,recreation,phosphorus,total,ug/l,180,22,0,0,0,0,none
1004-0068,FALSE,source_of_water_supply,aesthetic_water-supply,iron,total,ug/l,1,1,0,0,0,0,none
1004-0068,FALSE,source_of_water_supply,health_water-source,ammonia,total,ug/l,135,11,0,0,0,0,none
1004-0068,FALSE,source_of_water_supply,health_water-source,arsenic,total,ug/l,2,1,0,0,0,0,none
1004-0068,FALSE,source_of_water_supply,health_water-source,nitrate_nitrite,total,ug/l,195,22,0,0,0,0,none
1004-0068,FALSE,source_of_water_supply,health_water-source,nitrite,total,ug/l,28,2,0,0,0,0,none
1004-0068,TRUE,fishing,aquatic_chronic,ammonia,total,ug/l,116,10,0,0,0,116,none
1004-0068,TRUE,secondary_contact_recreation,recreation,phosphorus,total,ug/l,63,9,0,0,0,0,none
1004-0068,TRUE,primary_contact_recreation,recreation,phosphorus,total,ug/l,63,9,0,0,0,0,none
1004-0068,TRUE,source_of_water_supply,health_water-source,ammonia,total,ug/l,116,10,0,0,0,0,none
1004-0068,TRUE,source_of_water_supply,health_water-source,chloride,total,ug/l,21,7,0,0,0,0,none
1004-0068,TRUE,source_of_water_supply,health_water-source,nitrate_nitrite,total,ug/l,53,9,0,0,0,0,none
1004-0070,FALSE,fishing,aquatic_chronic,ammonia,total,ug/l,10,1,0,0,0,10,none
1004-0075,FALSE,fishing,aquatic_chronic,ammonia,total,ug/l,22,2,0,0,0,22,none
1004-0075,FALSE,secondary_contact_recreation,recreation,phosphorus,total,ug/l,8,2,0,0,0,0,none
1004-0075,FALSE,primary_contact_recreation,recreation,phosphorus,total,ug/l,8,2,0,0,0,0,none
1004-0075,FALSE,source_of_water_supply,aesthetic_water-supply,iron,total,ug/l,12,1,4,1,0,0,none
1004-0075,FALSE,source_of_water_supply,aesthetic_water-supply,manganese,total,ug/l,12,1,0,0,0,0,none
1004-0075,FALSE,source_of_water_supply,health_water-source,ammonia,total,ug/l,22,2,0,0,0,0,none
1004-0075,FALSE,source_of_water_supply,health_water-source,arsenic,total,ug/l,4,1,0,0,0,0,none
1004-0075,FALSE,source_of_water_supply,health_water-source,chloride,total,ug/l,22,2,0,0,0,0,none
1004-0075,FALSE,source_of_water_supply,health_water-source,magnesium,total,ug/l,12,1,0,0,0,0,none
1004-0075,FALSE,source_of_water_supply,health_water-source,nitrate,total,ug/l,10,1,0,0,0,0,none
1004-0075,FALSE,source_of_water_supply,health_water-source,nitrate_nitrite,total,ug/l,12,1,0,0,0,0,none
1004-0075,FALSE,source_of_water_supply,health_water-source,sulfate,total,ug/l,12,1,0,0,0,0,none
1004-0075,TRUE,fishing,aquatic_chronic,ammonia,total,ug/l,15,1,0,0,0,15,none
1004-0075,TRUE,fishing,none,dissolved_oxygen,dissolved,mg/l,8,1,5,1,0,0,n_exceedances may not be intiutive for this parameter because there are multiple components to the WQS. n_exceedances may be greater than n_samples_collected if a single sample was marked as an exceedance for multiple components of the WQS.
1004-0075,TRUE,fishing,none,ph,total,ph_units,8,1,0,0,0,0,none
1004-0075,TRUE,secondary_contact_recreation,recreation,phosphorus,total,ug/l,8,1,0,0,0,0,none
1004-0075,TRUE,primary_contact_recreation,recreation,phosphorus,total,ug/l,8,1,0,0,0,0,none
1004-0075,TRUE,source_of_water_supply,aesthetic_water-supply,iron,total,ug/l,16,1,6,1,0,0,none
1004-0075,TRUE,source_of_water_supply,aesthetic_water-supply,manganese,total,ug/l,16,1,4,1,0,0,none
1004-0075,TRUE,source_of_water_supply,health_water-source,ammonia,total,ug/l,15,1,0,0,0,0,none
1004-0075,TRUE,source_of_water_supply,health_water-source,arsenic,total,ug/l,8,1,0,0,0,0,none
1004-0075,TRUE,source_of_water_supply,health_water-source,chloride,total,ug/l,16,1,0,0,0,0,none
1004-0075,TRUE,source_of_water_supply,health_water-source,nitrate_nitrite,total,ug/l,16,1,0,0,0,0,none
1004-0075,TRUE,source_of_water_supply,health_water-source,sulfate,total,ug/l,16,1,0,0,0,0,none
1004-0089,TRUE,fishing,aquatic_chronic,ammonia,total,ug/l,2,1,0,0,0,2,none
1004-0089,TRUE,fishing,aquatic_chronic,nitrite,total,ug/l,2,1,0,0,0,0,none
1004-0089,TRUE,fishing,none,dissolved_oxygen,dissolved,mg/l,1,1,2,1,0,0,n_exceedances may not be intiutive for this parameter because there are multiple components to the WQS. n_exceedances may be greater than n_samples_collected if a single sample was marked as an exceedance for multiple components of the WQS.
1004-0089,TRUE,fishing,none,ph,total,ph_units,1,1,0,0,0,0,none
1004-0090,FALSE,fishing,aquatic_chronic,ammonia,total,ug/l,46,5,0,0,0,46,none
1004-0090,FALSE,fishing,aquatic_chronic,nitrite,total,ug/l,8,1,0,0,0,0,none
1004-0090,FALSE,secondary_contact_recreation,recreation,phosphorus,total,ug/l,70,10,0,0,0,0,none
1004-0090,FALSE,primary_contact_recreation,recreation,phosphorus,total,ug/l,70,10,0,0,0,0,none
1004-0090,TRUE,fishing,aquatic_chronic,ammonia,total,ug/l,117,9,0,0,0,117,none
1004-0090,TRUE,secondary_contact_recreation,recreation,phosphorus,total,ug/l,58,8,0,0,0,0,none
1004-0090,TRUE,primary_contact_recreation,recreation,phosphorus,total,ug/l,58,8,0,0,0,0,none
1004-0091,TRUE,fishing,aquatic_chronic,ammonia,total,ug/l,4,1,0,0,0,3,none
1004-0091,TRUE,fishing,none,dissolved_oxygen,dissolved,mg/l,2,1,3,1,0,0,n_exceedances may not be intiutive for this parameter because there are multiple components to the WQS. n_exceedances may be greater than n_samples_collected if a single sample was marked as an exceedance for multiple components of the WQS.
1004-0091,TRUE,fishing,none,ph,total,ph_units,2,1,0,0,0,0,none
1005-0009,FALSE,fishing,aquatic_chronic,ammonia,total,ug/l,89,11,0,0,0,89,none
1005-0009,FALSE,fishing,aquatic_chronic,nitrite,total,ug/l,12,2,0,0,0,0,none
1005-0009,FALSE,secondary_contact_recreation,recreation,phosphorus,total,ug/l,122,24,0,0,0,0,none
1005-0009,FALSE,primary_contact_recreation,recreation,phosphorus,total,ug/l,122,24,0,0,0,0,none
1005-0009,TRUE,fishing,aquatic_chronic,ammonia,total,ug/l,141,10,0,0,0,141,none
1005-0009,TRUE,secondary_contact_recreation,recreation,phosphorus,total,ug/l,65,8,0,0,0,0,none
1005-0009,TRUE,primary_contact_recreation,recreation,phosphorus,total,ug/l,65,8,0,0,0,0,none
1005-0016,FALSE,fishing,aquatic_chronic,ammonia,total,ug/l,1,1,0,0,0,1,none
1005-0018,FALSE,fishing,aquatic_chronic,ammonia,total,ug/l,8,2,0,0,0,8,none
1005-0025,TRUE,fishing,aquatic_acute,arsenic,dissolved,ug/l,1,1,0,0,0,0,none
1005-0025,TRUE,fishing,aquatic_acute,copper,dissolved,ug/l,2,1,0,0,0,0,none
1005-0025,TRUE,fishing,aquatic_acute,nickel,dissolved,ug/l,2,1,0,0,0,0,none
1005-0025,TRUE,fishing,aquatic_acute,zinc,dissolved,ug/l,2,1,0,0,0,0,none
1005-0025,TRUE,fishing,aquatic_chronic,aluminum,dissolved,ug/l,2,1,0,0,0,0,none
1005-0025,TRUE,fishing,aquatic_chronic,ammonia,total,ug/l,2,1,0,0,0,2,none
1005-0025,TRUE,fishing,aquatic_chronic,arsenic,dissolved,ug/l,1,1,0,0,0,0,none
1005-0025,TRUE,fishing,aquatic_chronic,copper,dissolved,ug/l,2,1,0,0,0,0,none
1005-0025,TRUE,fishing,aquatic_chronic,nickel,dissolved,ug/l,2,1,0,0,0,0,none
1005-0025,TRUE,fishing,aquatic_chronic,nitrite,total,ug/l,2,1,0,0,0,0,none
1005-0025,TRUE,fishing,aquatic_chronic,zinc,dissolved,ug/l,2,1,0,0,0,0,none
1005-0025,TRUE,fishing,none,dissolved_oxygen,dissolved,mg/l,1,1,0,0,0,0,n_exceedances may not be intiutive for this parameter because there are multiple components to the WQS. n_exceedances may be greater than n_samples_collected if a single sample was marked as an exceedance for multiple components of the WQS.
1005-0025,TRUE,fishing,none,ph,total,ph_units,1,1,0,0,0,0,none
1005-0025,TRUE,fishing,none,total_dissolved_solids,dissolved,mg/l,2,1,0,0,0,0,none
1005-0025,TRUE,secondary_contact_recreation,none,total_dissolved_solids,dissolved,mg/l,2,1,0,0,0,0,none
1005-0025,TRUE,primary_contact_recreation,none,total_dissolved_solids,dissolved,mg/l,2,1,0,0,0,0,none
1005-0025,TRUE,source_of_water_supply,none,total_dissolved_solids,dissolved,mg/l,2,1,0,0,0,0,none
1005-0025,TRUE,secondary_contact_recreation,recreation,phosphorus,total,ug/l,1,1,0,0,0,0,none
1005-0025,TRUE,primary_contact_recreation,recreation,phosphorus,total,ug/l,1,1,0,0,0,0,none
1005-0025,TRUE,source_of_water_supply,aesthetic_water-supply,iron,total,ug/l,2,1,0,0,0,0,none
1005-0025,TRUE,source_of_water_supply,aesthetic_water-supply,manganese,total,ug/l,2,1,0,0,0,0,none
1005-0025,TRUE,source_of_water_supply,health_water-source,ammonia,total,ug/l,2,1,0,0,0,0,none
1005-0025,TRUE,source_of_water_supply,health_water-source,arsenic,total,ug/l,1,1,0,0,0,0,none
1005-0025,TRUE,source_of_water_supply,health_water-source,chloride,total,ug/l,2,1,0,0,0,0,none
1005-0025,TRUE,source_of_water_supply,health_water-source,copper,total,ug/l,2,1,0,0,0,0,none
1005-0025,TRUE,source_of_water_supply,health_water-source,magnesium,total,ug/l,2,1,0,0,0,0,none
1005-0025,TRUE,source_of_water_supply,health_water-source,nickel,total,ug/l,2,1,0,0,0,0,none
1005-0025,TRUE,source_of_water_supply,health_water-source,nitrate,total,ug/l,4,1,0,0,0,0,none
1005-0025,TRUE,source_of_water_supply,health_water-source,nitrite,total,ug/l,2,1,0,0,0,0,none
1005-0025,TRUE,source_of_water_supply,health_water-source,sulfate,total,ug/l,2,1,0,0,0,0,none
1005-0040,FALSE,fishing,aquatic_chronic,ammonia,total,ug/l,25,3,0,0,0,25,none
1005-0040,FALSE,secondary_contact_recreation,recreation,phosphorus,total,ug/l,36,8,0,0,0,0,none
1005-0040,FALSE,primary_contact_recreation,recreation,phosphorus,total,ug/l,36,8,0,0,0,0,none
1005-0040,FALSE,source_of_water_supply,aesthetic_water-supply,iron,total,ug/l,4,1,2,1,0,0,none
1005-0040,FALSE,source_of_water_supply,aesthetic_water-supply,manganese,total,ug/l,4,1,1,1,0,0,none
1005-0040,FALSE,source_of_water_supply,health_water-source,ammonia,total,ug/l,25,3,0,0,0,0,none
1005-0040,FALSE,source_of_water_supply,health_water-source,chloride,total,ug/l,4,1,0,0,0,0,none
1005-0040,FALSE,source_of_water_supply,health_water-source,magnesium,total,ug/l,4,1,0,0,0,0,none
1005-0040,FALSE,source_of_water_supply,health_water-source,nitrate_nitrite,total,ug/l,38,8,0,0,0,0,none
1005-0040,FALSE,source_of_water_supply,health_water-source,sulfate,total,ug/l,4,1,0,0,0,0,none
1005-0040,TRUE,fishing,aquatic_chronic,ammonia,total,ug/l,113,9,0,0,0,113,none
1005-0040,TRUE,secondary_contact_recreation,recreation,phosphorus,total,ug/l,60,8,0,0,0,0,none
1005-0040,TRUE,primary_contact_recreation,recreation,phosphorus,total,ug/l,60,8,0,0,0,0,none
1005-0040,TRUE,source_of_water_supply,health_water-source,ammonia,total,ug/l,113,9,0,0,0,0,none
1005-0040,TRUE,source_of_water_supply,health_water-source,chloride,total,ug/l,27,7,0,0,0,0,none
1005-0040,TRUE,source_of_water_supply,health_water-source,nitrate_nitrite,total,ug/l,50,8,0,0,0,0,none
1005-0047,FALSE,fishing,aquatic_chronic,ammonia,total,ug/l,55,4,0,0,0,55,none
1005-0047,FALSE,secondary_contact_recreation,recreation,phosphorus,total,ug/l,50,7,0,0,0,0,none
1005-0047,FALSE,primary_contact_recreation,recreation,phosphorus,total,ug/l,50,7,0,0,0,0,none
1005-0047,TRUE,fishing,aquatic_chronic,ammonia,total,ug/l,124,9,0,0,0,124,none
1005-0047,TRUE,fishing,aquatic_chronic,nitrite,total,ug/l,3,2,0,0,0,0,none
1005-0047,TRUE,fishing,none,dissolved_oxygen,dissolved,mg/l,1,1,0,0,0,0,n_exceedances may not be intiutive for this parameter because there are multiple components to the WQS. n_exceedances may be greater than n_samples_collected if a single sample was marked as an exceedance for multiple components of the WQS.
1005-0047,TRUE,fishing,none,ph,total,ph_units,1,1,0,0,0,0,none
1005-0047,TRUE,secondary_contact_recreation,recreation,phosphorus,total,ug/l,62,8,0,0,0,0,none
1005-0047,TRUE,primary_contact_recreation,recreation,phosphorus,total,ug/l,62,8,0,0,0,0,none
1005-0049,TRUE,fishing,aquatic_chronic,ammonia,total,ug/l,7,2,0,0,0,7,none
1005-0049,TRUE,fishing,aquatic_chronic,nitrite,total,ug/l,4,1,0,0,0,0,none
1005-0049,TRUE,fishing,none,dissolved_oxygen,dissolved,mg/l,4,2,4,2,0,0,n_exceedances may not be intiutive for this parameter because there are multiple components to the WQS. n_exceedances may be greater than n_samples_collected if a single sample was marked as an exceedance for multiple components of the WQS.
1005-0049,TRUE,fishing,none,ph,total,ph_units,4,2,2,2,0,0,none
1005-0049,TRUE,secondary_contact_recreation,recreation,phosphorus,total,ug/l,4,2,0,0,0,0,none
1005-0049,TRUE,primary_contact_recreation,recreation,phosphorus,total,ug/l,4,2,0,0,0,0,none
1005-0049,TRUE,source_of_water_supply,aesthetic_water-supply,iron,total,ug/l,8,2,3,2,0,0,none
1005-0049,TRUE,source_of_water_supply,aesthetic_water-supply,manganese,total,ug/l,7,2,1,1,0,0,none
1005-0049,TRUE,source_of_water_supply,health_water-source,ammonia,total,ug/l,7,2,0,0,0,0,none
1005-0049,TRUE,source_of_water_supply,health_water-source,arsenic,total,ug/l,6,2,0,0,0,0,none
1005-0049,TRUE,source_of_water_supply,health_water-source,chloride,total,ug/l,6,2,0,0,0,0,none
1005-0049,TRUE,source_of_water_supply,health_water-source,magnesium,total,ug/l,6,1,0,0,0,0,none
1005-0049,TRUE,source_of_water_supply,health_water-source,nitrate,total,ug/l,4,1,0,0,0,0,none
1005-0049,TRUE,source_of_water_supply,health_water-source,nitrate_nitrite,total,ug/l,7,2,0,0,0,0,none
1005-0049,TRUE,source_of_water_supply,health_water-source,nitrite,total,ug/l,4,1,0,0,0,0,none
1005-0049,TRUE,source_of_water_supply,health_water-source,sulfate,total,ug/l,8,2,0,0,0,0,none
1005-0050,TRUE,fishing,aquatic_chronic,ammonia,total,ug/l,4,2,0,0,0,4,none
1005-0050,TRUE,fishing,aquatic_chronic,nitrite,total,ug/l,2,1,0,0,0,0,none
1005-0050,TRUE,fishing,none,dissolved_oxygen,dissolved,mg/l,4,2,0,0,0,0,n_exceedances may not be intiutive for this parameter because there are multiple components to the WQS. n_exceedances may be greater than n_samples_collected if a single sample was marked as an exceedance for multiple components of the WQS.
1005-0050,TRUE,fishing,none,ph,total,ph_units,4,2,0,0,0,0,none
1005-0050,TRUE,secondary_contact_recreation,recreation,phosphorus,total,ug/l,4,2,0,0,0,0,none
1005-0050,TRUE,primary_contact_recreation,recreation,phosphorus,total,ug/l,4,2,0,0,0,0,none
1005-0050,TRUE,source_of_water_supply,aesthetic_water-supply,iron,total,ug/l,4,2,1,1,0,0,none
1005-0050,TRUE,source_of_water_supply,aesthetic_water-supply,manganese,total,ug/l,4,2,0,0,0,0,none
1005-0050,TRUE,source_of_water_supply,health_water-source,ammonia,total,ug/l,4,2,0,0,0,0,none
1005-0050,TRUE,source_of_water_supply,health_water-source,arsenic,total,ug/l,3,2,0,0,0,0,none
1005-0050,TRUE,source_of_water_supply,health_water-source,chloride,total,ug/l,3,2,0,0,0,0,none
1005-0050,TRUE,source_of_water_supply,health_water-source,magnesium,total,ug/l,3,1,0,0,0,0,none
1005-0050,TRUE,source_of_water_supply,health_water-source,nitrate,total,ug/l,2,1,0,0,0,0,none
1005-0050,TRUE,source_of_water_supply,health_water-source,nitrate_nitrite,total,ug/l,3,1,0,0,0,0,none
1005-0050,TRUE,source_of_water_supply,health_water-source,nitrite,total,ug/l,2,1,0,0,0,0,none
1005-0050,TRUE,source_of_water_supply,health_water-source,sulfate,total,ug/l,4,2,0,0,0,0,none
1005-0051,TRUE,fishing,aquatic_chronic,ammonia,total,ug/l,4,2,0,0,0,4,none
1005-0051,TRUE,fishing,aquatic_chronic,nitrite,total,ug/l,3,2,2,2,0,0,none
1005-0051,TRUE,fishing,none,dissolved_oxygen,dissolved,mg/l,4,2,2,1,0,0,n_exceedances may not be intiutive for this parameter because there are multiple components to the WQS. n_exceedances may be greater than n_samples_collected if a single sample was marked as an exceedance for multiple components of the WQS.
1005-0051,TRUE,fishing,none,ph,total,ph_units,4,2,0,0,0,0,none
1005-0051,TRUE,secondary_contact_recreation,recreation,phosphorus,total,ug/l,4,2,0,0,0,0,none
1005-0051,TRUE,primary_contact_recreation,recreation,phosphorus,total,ug/l,4,2,0,0,0,0,none
1005-0051,TRUE,source_of_water_supply,aesthetic_water-supply,iron,total,ug/l,4,2,0,0,0,0,none
1005-0051,TRUE,source_of_water_supply,aesthetic_water-supply,manganese,total,ug/l,4,2,0,0,0,0,none
1005-0051,TRUE,source_of_water_supply,health_water-source,ammonia,total,ug/l,4,2,0,0,0,0,none
1005-0051,TRUE,source_of_water_supply,health_water-source,arsenic,total,ug/l,3,2,0,0,0,0,none
1005-0051,TRUE,source_of_water_supply,health_water-source,chloride,total,ug/l,3,2,0,0,0,0,none
1005-0051,TRUE,source_of_water_supply,health_water-source,magnesium,total,ug/l,3,1,0,0,0,0,none
1005-0051,TRUE,source_of_water_supply,health_water-source,nitrate,total,ug/l,2,1,0,0,0,0,none
1005-0051,TRUE,source_of_water_supply,health_water-source,nitrate_nitrite,total,ug/l,3,1,0,0,0,0,none
1005-0051,TRUE,source_of_water_supply,health_water-source,nitrite,total,ug/l,3,2,0,0,0,0,none
1005-0051,TRUE,source_of_water_supply,health_water-source,sulfate,total,ug/l,3,1,0,0,0,0,none
1005-0052,TRUE,fishing,aquatic_chronic,ammonia,total,ug/l,5,2,0,0,0,5,none
1005-0052,TRUE,fishing,aquatic_chronic,nitrite,total,ug/l,4,2,0,0,0,0,none
1005-0052,TRUE,fishing,none,dissolved_oxygen,dissolved,mg/l,4,2,0,0,0,0,n_exceedances may not be intiutive for this parameter because there are multiple components to the WQS. n_exceedances may be greater than n_samples_collected if a single sample was marked as an exceedance for multiple components of the WQS.
1005-0052,TRUE,fishing,none,ph,total,ph_units,4,2,0,0,0,0,none
1005-0052,TRUE,secondary_contact_recreation,recreation,phosphorus,total,ug/l,5,2,0,0,0,0,none
1005-0052,TRUE,primary_contact_recreation,recreation,phosphorus,total,ug/l,5,2,0,0,0,0,none
1005-0052,TRUE,source_of_water_supply,aesthetic_water-supply,iron,total,ug/l,5,2,0,0,0,0,none
1005-0052,TRUE,source_of_water_supply,aesthetic_water-supply,manganese,total,ug/l,5,2,0,0,0,0,none
1005-0052,TRUE,source_of_water_supply,health_water-source,ammonia,total,ug/l,5,2,0,0,0,0,none
1005-0052,TRUE,source_of_water_supply,health_water-source,arsenic,total,ug/l,4,2,0,0,0,0,none
1005-0052,TRUE,source_of_water_supply,health_water-source,chloride,total,ug/l,4,2,0,0,0,0,none
1005-0052,TRUE,source_of_water_supply,health_water-source,magnesium,total,ug/l,4,1,0,0,0,0,none
1005-0052,TRUE,source_of_water_supply,health_water-source,nitrate,total,ug/l,3,1,0,0,0,0,none
1005-0052,TRUE,source_of_water_supply,health_water-source,nitrate_nitrite,total,ug/l,4,1,0,0,0,0,none
1005-0052,TRUE,source_of_water_supply,health_water-source,nitrite,total,ug/l,4,2,0,0,0,0,none
1005-0052,TRUE,source_of_water_supply,health_water-source,sulfate,total,ug/l,4,1,0,0,0,0,none
1005-0060,TRUE,fishing,aquatic_chronic,ammonia,total,ug/l,1,1,0,0,0,0,none
1005-0060,TRUE,fishing,none,dissolved_oxygen,dissolved,mg/l,1,1,2,1,0,0,n_exceedances may not be intiutive for this parameter because there are multiple components to the WQS. n_exceedances may be greater than n_samples_collected if a single sample was marked as an exceedance for multiple components of the WQS.
1005-0060,TRUE,fishing,none,ph,total,ph_units,1,1,0,0,0,0,none
1006-0016,FALSE,fishing,aquatic_chronic,ammonia,total,ug/l,510,9,0,0,0,510,none
1006-0016,FALSE,fishing,aquatic_chronic,nitrite,total,ug/l,130,2,0,0,0,0,none
1006-0016,FALSE,secondary_contact_recreation,recreation,phosphorus,total,ug/l,380,10,0,0,0,0,none
1006-0016,FALSE,primary_contact_recreation,recreation,phosphorus,total,ug/l,380,10,0,0,0,0,none
1006-0016,FALSE,source_of_water_supply,aesthetic_water-supply,iron,total,ug/l,13,2,0,0,0,0,none
1006-0016,FALSE,source_of_water_supply,aesthetic_water-supply,manganese,total,ug/l,7,1,0,0,0,0,none
1006-0016,FALSE,source_of_water_supply,health_water-source,ammonia,total,ug/l,510,9,0,0,0,0,none
1006-0016,FALSE,source_of_water_supply,health_water-source,arsenic,total,ug/l,28,3,0,0,0,0,none
1006-0016,FALSE,source_of_water_supply,health_water-source,nitrate_nitrite,total,ug/l,423,10,0,0,0,0,none
1006-0016,FALSE,source_of_water_supply,health_water-source,nitrite,total,ug/l,130,2,0,0,0,0,none
1006-0016,TRUE,fishing,aquatic_chronic,ammonia,total,ug/l,340,8,0,0,0,340,none
1006-0016,TRUE,secondary_contact_recreation,recreation,phosphorus,total,ug/l,162,7,0,0,0,0,none
1006-0016,TRUE,primary_contact_recreation,recreation,phosphorus,total,ug/l,162,7,0,0,0,0,none
1006-0016,TRUE,source_of_water_supply,health_water-source,ammonia,total,ug/l,340,8,0,0,0,0,none
1006-0016,TRUE,source_of_water_supply,health_water-source,chloride,total,ug/l,66,6,0,0,0,0,none
1006-0016,TRUE,source_of_water_supply,health_water-source,nitrate_nitrite,total,ug/l,140,7,0,0,0,0,none
1006-0028,TRUE,fishing,aquatic_acute,arsenic,dissolved,ug/l,1,1,0,0,0,0,none
1006-0028,TRUE,fishing,aquatic_acute,copper,dissolved,ug/l,2,1,2,1,0,0,none
1006-0028,TRUE,fishing,aquatic_acute,nickel,dissolved,ug/l,2,1,0,0,0,0,none
1006-0028,TRUE,fishing,aquatic_acute,zinc,dissolved,ug/l,1,1,0,0,0,0,none
1006-0028,TRUE,fishing,aquatic_chronic,ammonia,total,ug/l,2,1,0,0,0,2,none
1006-0028,TRUE,fishing,aquatic_chronic,arsenic,dissolved,ug/l,1,1,0,0,0,0,none
1006-0028,TRUE,fishing,aquatic_chronic,copper,dissolved,ug/l,2,1,2,1,0,0,none
1006-0028,TRUE,fishing,aquatic_chronic,nickel,dissolved,ug/l,2,1,0,0,0,0,none
1006-0028,TRUE,fishing,aquatic_chronic,nitrite,total,ug/l,2,1,0,0,0,0,none
1006-0028,TRUE,fishing,aquatic_chronic,zinc,dissolved,ug/l,1,1,0,0,0,0,none
1006-0028,TRUE,fishing,none,dissolved_oxygen,dissolved,mg/l,1,1,1,1,0,0,n_exceedances may not be intiutive for this parameter because there are multiple components to the WQS. n_exceedances may be greater than n_samples_collected if a single sample was marked as an exceedance for multiple components of the WQS.
1006-0028,TRUE,fishing,none,ph,total,ph_units,1,1,1,1,0,0,none
1006-0028,TRUE,fishing,none,total_dissolved_solids,dissolved,mg/l,2,1,0,0,0,0,none
1006-0028,TRUE,secondary_contact_recreation,none,total_dissolved_solids,dissolved,mg/l,2,1,0,0,0,0,none
1006-0028,TRUE,primary_contact_recreation,none,total_dissolved_solids,dissolved,mg/l,2,1,0,0,0,0,none
1006-0028,TRUE,source_of_water_supply,none,total_dissolved_solids,dissolved,mg/l,2,1,0,0,0,0,none
1006-0028,TRUE,secondary_contact_recreation,recreation,phosphorus,total,ug/l,1,1,0,0,0,0,none
1006-0028,TRUE,primary_contact_recreation,recreation,phosphorus,total,ug/l,1,1,0,0,0,0,none
1006-0028,TRUE,source_of_water_supply,aesthetic_water-supply,iron,total,ug/l,1,1,0,0,0,0,none
1006-0028,TRUE,source_of_water_supply,aesthetic_water-supply,manganese,total,ug/l,1,1,0,0,0,0,none
1006-0028,TRUE,source_of_water_supply,health_water-source,ammonia,total,ug/l,2,1,0,0,0,0,none
1006-0028,TRUE,source_of_water_supply,health_water-source,arsenic,total,ug/l,1,1,0,0,0,0,none
1006-0028,TRUE,source_of_water_supply,health_water-source,chloride,total,ug/l,2,1,0,0,0,0,none
1006-0028,TRUE,source_of_water_supply,health_water-source,copper,total,ug/l,2,1,0,0,0,0,none
1006-0028,TRUE,source_of_water_supply,health_water-source,magnesium,total,ug/l,2,1,0,0,0,0,none
1006-0028,TRUE,source_of_water_supply,health_water-source,nickel,total,ug/l,2,1,0,0,0,0,none
1006-0028,TRUE,source_of_water_supply,health_water-source,nitrate,total,ug/l,4,1,0,0,0,0,none
1006-0028,TRUE,source_of_water_supply,health_water-source,nitrite,total,ug/l,2,1,0,0,0,0,none
1006-0028,TRUE,source_of_water_supply,health_water-source,sulfate,total,ug/l,1,1,0,0,0,0,none
1006-0030,TRUE,fishing,aquatic_chronic,ammonia,total,ug/l,3,2,0,0,0,3,none
1006-0030,TRUE,fishing,aquatic_chronic,nitrite,total,ug/l,2,1,0,0,0,0,none
1006-0030,TRUE,fishing,none,dissolved_oxygen,dissolved,mg/l,2,2,0,0,0,0,n_exceedances may not be intiutive for this parameter because there are multiple components to the WQS. n_exceedances may be greater than n_samples_collected if a single sample was marked as an exceedance for multiple components of the WQS.
1006-0030,TRUE,fishing,none,ph,total,ph_units,2,2,0,0,0,0,none
1006-0030,TRUE,secondary_contact_recreation,recreation,phosphorus,total,ug/l,2,2,0,0,0,0,none
1006-0030,TRUE,primary_contact_recreation,recreation,phosphorus,total,ug/l,2,2,0,0,0,0,none
1006-0030,TRUE,source_of_water_supply,aesthetic_water-supply,iron,total,ug/l,4,2,0,0,0,0,none
1006-0030,TRUE,source_of_water_supply,aesthetic_water-supply,manganese,total,ug/l,3,2,0,0,0,0,none
1006-0030,TRUE,source_of_water_supply,health_water-source,ammonia,total,ug/l,3,2,0,0,0,0,none
1006-0030,TRUE,source_of_water_supply,health_water-source,arsenic,total,ug/l,3,2,0,0,0,0,none
1006-0030,TRUE,source_of_water_supply,health_water-source,chloride,total,ug/l,2,1,0,0,0,0,none
1006-0030,TRUE,source_of_water_supply,health_water-source,magnesium,total,ug/l,2,1,0,0,0,0,none
1006-0030,TRUE,source_of_water_supply,health_water-source,nitrate,total,ug/l,2,1,0,0,0,0,none
1006-0030,TRUE,source_of_water_supply,health_water-source,nitrate_nitrite,total,ug/l,3,2,0,0,0,0,none
1006-0030,TRUE,source_of_water_supply,health_water-source,nitrite,total,ug/l,2,1,0,0,0,0,none
1006-0030,TRUE,source_of_water_supply,health_water-source,sulfate,total,ug/l,4,2,0,0,0,0,none
1101-0012,FALSE,fishing,aquatic_chronic,ammonia,total,ug/l,65,7,0,0,0,65,none
1101-0012,FALSE,fishing,aquatic_chronic,nitrite,total,ug/l,17,2,0,0,0,0,none
1101-0012,FALSE,secondary_contact_recreation,recreation,phosphorus,total,ug/l,87,12,4,4,0,0,none
1101-0012,FALSE,primary_contact_recreation,recreation,phosphorus,total,ug/l,87,12,4,4,0,0,none
1101-0012,FALSE,source_of_water_supply,aesthetic_water-supply,iron,total,ug/l,2,2,1,1,0,0,none
1101-0012,FALSE,source_of_water_supply,aesthetic_water-supply,manganese,total,ug/l,2,2,0,0,0,0,none
1101-0012,FALSE,source_of_water_supply,health_water-source,ammonia,total,ug/l,65,7,0,0,0,0,none
1101-0012,FALSE,source_of_water_supply,health_water-source,arsenic,total,ug/l,4,3,0,0,0,0,none
1101-0012,FALSE,source_of_water_supply,health_water-source,nitrate_nitrite,total,ug/l,92,12,0,0,0,0,none
1101-0012,FALSE,source_of_water_supply,health_water-source,nitrite,total,ug/l,17,2,0,0,0,0,none
1101-0012,TRUE,fishing,aquatic_chronic,ammonia,total,ug/l,121,9,0,0,0,121,none
1101-0012,TRUE,fishing,none,dissolved_oxygen,dissolved,mg/l,1,1,2,1,0,0,n_exceedances may not be intiutive for this parameter because there are multiple components to the WQS. n_exceedances may be greater than n_samples_collected if a single sample was marked as an exceedance for multiple components of the WQS.
1101-0012,TRUE,fishing,none,ph,total,ph_units,1,1,0,0,0,0,none
1101-0012,TRUE,secondary_contact_recreation,recreation,phosphorus,total,ug/l,64,8,2,2,0,0,none
1101-0012,TRUE,primary_contact_recreation,recreation,phosphorus,total,ug/l,64,8,2,2,0,0,none
1101-0012,TRUE,source_of_water_supply,health_water-source,ammonia,total,ug/l,121,9,0,0,0,0,none
1101-0012,TRUE,source_of_water_supply,health_water-source,chloride,total,ug/l,28,8,0,0,0,0,none
1101-0012,TRUE,source_of_water_supply,health_water-source,nitrate_nitrite,total,ug/l,51,8,0,0,0,0,none
1101-0034,FALSE,fishing,aquatic_chronic,ammonia,total,ug/l,10,1,0,0,0,6,none
1101-0034,FALSE,fishing,none,dissolved_oxygen,dissolved,mg/l,4,1,8,1,0,0,n_exceedances may not be intiutive for this parameter because there are multiple components to the WQS. n_exceedances may be greater than n_samples_collected if a single sample was marked as an exceedance for multiple components of the WQS.
1101-0034,FALSE,fishing,none,ph,total,ph_units,4,1,0,0,0,0,none
1101-0034,FALSE,secondary_contact_recreation,recreation,phosphorus,total,ug/l,1,1,0,0,0,0,none
1101-0034,FALSE,primary_contact_recreation,recreation,phosphorus,total,ug/l,1,1,0,0,0,0,none
1101-0036,FALSE,fishing,aquatic_chronic,ammonia,total,ug/l,92,9,0,0,0,92,none
1101-0036,FALSE,fishing,aquatic_chronic,nitrite,total,ug/l,32,2,0,0,0,0,none
1101-0036,FALSE,secondary_contact_recreation,recreation,phosphorus,total,ug/l,155,20,20,20,0,0,none
1101-0036,FALSE,primary_contact_recreation,recreation,phosphorus,total,ug/l,155,20,20,20,0,0,none
1101-0036,FALSE,source_of_water_supply,health_water-source,ammonia,total,ug/l,92,9,1,1,0,0,none
1101-0036,FALSE,source_of_water_supply,health_water-source,nitrate_nitrite,total,ug/l,129,17,0,0,0,0,none
1101-0036,FALSE,source_of_water_supply,health_water-source,nitrite,total,ug/l,32,2,0,0,0,0,none
1101-0036,TRUE,fishing,aquatic_chronic,ammonia,total,ug/l,123,10,0,0,0,123,none
1101-0036,TRUE,secondary_contact_recreation,recreation,phosphorus,total,ug/l,133,9,9,9,0,0,none
1101-0036,TRUE,primary_contact_recreation,recreation,phosphorus,total,ug/l,133,9,9,9,0,0,none
1101-0036,TRUE,source_of_water_supply,health_water-source,ammonia,total,ug/l,123,10,0,0,0,0,none
1101-0036,TRUE,source_of_water_supply,health_water-source,chloride,total,ug/l,39,8,0,0,0,0,none
1101-0036,TRUE,source_of_water_supply,health_water-source,nitrate_nitrite,total,ug/l,106,9,0,0,0,0,none
1101-0059,TRUE,fishing,aquatic_acute,arsenic,dissolved,ug/l,1,1,0,0,0,0,none
1101-0059,TRUE,fishing,aquatic_acute,copper,dissolved,ug/l,2,1,0,0,0,0,none
1101-0059,TRUE,fishing,aquatic_acute,nickel,dissolved,ug/l,2,1,0,0,0,0,none
1101-0059,TRUE,fishing,aquatic_acute,zinc,dissolved,ug/l,1,1,0,0,0,0,none
1101-0059,TRUE,fishing,aquatic_chronic,ammonia,total,ug/l,1,1,0,0,0,1,none
1101-0059,TRUE,fishing,aquatic_chronic,arsenic,dissolved,ug/l,1,1,0,0,0,0,none
1101-0059,TRUE,fishing,aquatic_chronic,copper,dissolved,ug/l,2,1,0,0,0,0,none
1101-0059,TRUE,fishing,aquatic_chronic,nickel,dissolved,ug/l,2,1,0,0,0,0,none
1101-0059,TRUE,fishing,aquatic_chronic,nitrite,total,ug/l,2,1,0,0,0,0,none
1101-0059,TRUE,fishing,aquatic_chronic,zinc,dissolved,ug/l,1,1,0,0,0,0,none
1101-0059,TRUE,fishing,none,dissolved_oxygen,dissolved,mg/l,1,1,2,1,0,0,n_exceedances may not be intiutive for this parameter because there are multiple components to the WQS. n_exceedances may be greater than n_samples_collected if a single sample was marked as an exceedance for multiple components of the WQS.
1101-0059,TRUE,fishing,none,ph,total,ph_units,1,1,0,0,0,0,none
1101-0059,TRUE,fishing,none,total_dissolved_solids,dissolved,mg/l,2,1,0,0,0,0,none
1101-0059,TRUE,secondary_contact_recreation,none,total_dissolved_solids,dissolved,mg/l,2,1,0,0,0,0,none
1101-0059,TRUE,primary_contact_recreation,none,total_dissolved_solids,dissolved,mg/l,2,1,0,0,0,0,none
1101-0059,TRUE,source_of_water_supply,none,total_dissolved_solids,dissolved,mg/l,2,1,0,0,0,0,none
1101-0059,TRUE,secondary_contact_recreation,recreation,phosphorus,total,ug/l,1,1,0,0,0,0,none
1101-0059,TRUE,primary_contact_recreation,recreation,phosphorus,total,ug/l,1,1,0,0,0,0,none
1101-0059,TRUE,source_of_water_supply,aesthetic_water-supply,iron,total,ug/l,1,1,0,0,0,0,none
1101-0059,TRUE,source_of_water_supply,aesthetic_water-supply,manganese,total,ug/l,1,1,0,0,0,0,none
1101-0059,TRUE,source_of_water_supply,health_water-source,ammonia,total,ug/l,1,1,0,0,0,0,none
1101-0059,TRUE,source_of_water_supply,health_water-source,arsenic,total,ug/l,1,1,0,0,0,0,none
1101-0059,TRUE,source_of_water_supply,health_water-source,chloride,total,ug/l,2,1,0,0,0,0,none
1101-0059,TRUE,source_of_water_supply,health_water-source,copper,total,ug/l,2,1,0,0,0,0,none
1101-0059,TRUE,source_of_water_supply,health_water-source,magnesium,total,ug/l,2,1,0,0,0,0,none
1101-0059,TRUE,source_of_water_supply,health_water-source,nickel,total,ug/l,2,1,0,0,0,0,none
1101-0059,TRUE,source_of_water_supply,health_water-source,nitrate,total,ug/l,4,1,0,0,0,0,none
1101-0059,TRUE,source_of_water_supply,health_water-source,nitrite,total,ug/l,2,1,0,0,0,0,none
1101-0059,TRUE,source_of_water_supply,health_water-source,sulfate,total,ug/l,1,1,0,0,0,0,none
1101-0060,FALSE,fishing,aquatic_chronic,ammonia,total,ug/l,13,3,0,0,0,13,none
1101-0060,FALSE,fishing,none,dissolved_oxygen,dissolved,mg/l,4,1,8,1,0,0,n_exceedances may not be intiutive for this parameter because there are multiple components to the WQS. n_exceedances may be greater than n_samples_collected if a single sample was marked as an exceedance for multiple components of the WQS.
1101-0060,FALSE,fishing,none,ph,total,ph_units,4,1,1,1,0,0,none
1101-0060,FALSE,secondary_contact_recreation,recreation,phosphorus,total,ug/l,4,3,3,3,0,0,none
1101-0060,FALSE,primary_contact_recreation,recreation,phosphorus,total,ug/l,4,3,3,3,0,0,none
1101-0060,TRUE,fishing,aquatic_chronic,ammonia,total,ug/l,17,2,0,0,0,17,none
1101-0060,TRUE,secondary_contact_recreation,recreation,phosphorus,total,ug/l,9,2,2,2,0,0,none
1101-0060,TRUE,primary_contact_recreation,recreation,phosphorus,total,ug/l,9,2,2,2,0,0,none
1101-0068,TRUE,fishing,aquatic_acute,arsenic,dissolved,ug/l,1,1,0,0,0,0,none
1101-0068,TRUE,fishing,aquatic_acute,copper,dissolved,ug/l,2,1,1,1,0,0,none
1101-0068,TRUE,fishing,aquatic_acute,nickel,dissolved,ug/l,2,1,0,0,0,0,none
1101-0068,TRUE,fishing,aquatic_chronic,ammonia,total,ug/l,1,1,0,0,0,1,none
1101-0068,TRUE,fishing,aquatic_chronic,arsenic,dissolved,ug/l,1,1,0,0,0,0,none
1101-0068,TRUE,fishing,aquatic_chronic,copper,dissolved,ug/l,2,1,2,1,0,0,none
1101-0068,TRUE,fishing,aquatic_chronic,nickel,dissolved,ug/l,2,1,0,0,0,0,none
1101-0068,TRUE,fishing,aquatic_chronic,nitrite,total,ug/l,2,1,0,0,0,0,none
1101-0068,TRUE,fishing,none,dissolved_oxygen,dissolved,mg/l,1,1,2,1,0,0,n_exceedances may not be intiutive for this parameter because there are multiple components to the WQS. n_exceedances may be greater than n_samples_collected if a single sample was marked as an exceedance for multiple components of the WQS.
1101-0068,TRUE,fishing,none,ph,total,ph_units,1,1,0,0,0,0,none
1101-0068,TRUE,fishing,none,total_dissolved_solids,dissolved,mg/l,2,1,0,0,0,0,none
1101-0068,TRUE,secondary_contact_recreation,none,total_dissolved_solids,dissolved,mg/l,2,1,0,0,0,0,none
1101-0068,TRUE,primary_contact_recreation,none,total_dissolved_solids,dissolved,mg/l,2,1,0,0,0,0,none
1101-0068,TRUE,source_of_water_supply,none,total_dissolved_solids,dissolved,mg/l,2,1,0,0,0,0,none
1101-0068,TRUE,secondary_contact_recreation,recreation,phosphorus,total,ug/l,1,1,1,1,0,0,none
1101-0068,TRUE,primary_contact_recreation,recreation,phosphorus,total,ug/l,1,1,1,1,0,0,none
1101-0068,TRUE,source_of_water_supply,aesthetic_water-supply,iron,total,ug/l,1,1,0,0,0,0,none
1101-0068,TRUE,source_of_water_supply,aesthetic_water-supply,manganese,total,ug/l,1,1,0,0,0,0,none
1101-0068,TRUE,source_of_water_supply,health_water-source,ammonia,total,ug/l,1,1,0,0,0,0,none
1101-0068,TRUE,source_of_water_supply,health_water-source,arsenic,total,ug/l,1,1,0,0,0,0,none
1101-0068,TRUE,source_of_water_supply,health_water-source,chloride,total,ug/l,2,1,0,0,0,0,none
1101-0068,TRUE,source_of_water_supply,health_water-source,copper,total,ug/l,2,1,0,0,0,0,none
1101-0068,TRUE,source_of_water_supply,health_water-source,magnesium,total,ug/l,2,1,0,0,0,0,none
1101-0068,TRUE,source_of_water_supply,health_water-source,nickel,total,ug/l,2,1,0,0,0,0,none
1101-0068,TRUE,source_of_water_supply,health_water-source,nitrate,total,ug/l,4,1,0,0,0,0,none
1101-0068,TRUE,source_of_water_supply,health_water-source,nitrite,total,ug/l,2,1,0,0,0,0,none
1101-0068,TRUE,source_of_water_supply,health_water-source,sulfate,total,ug/l,1,1,0,0,0,0,none
1101-0084,FALSE,secondary_contact_recreation,recreation,phosphorus,total,ug/l,43,8,0,0,0,0,none
1101-0084,FALSE,primary_contact_recreation,recreation,phosphorus,total,ug/l,43,8,0,0,0,0,none
1101-0084,FALSE,source_of_water_supply,health_water-source,nitrate_nitrite,total,ug/l,56,8,0,0,0,0,none
1101-0084,TRUE,fishing,aquatic_chronic,ammonia,total,ug/l,18,2,0,0,0,18,none
1101-0084,TRUE,fishing,aquatic_chronic,nitrite,total,ug/l,3,1,0,0,0,0,none
1101-0084,TRUE,fishing,none,dissolved_oxygen,dissolved,mg/l,9,3,6,2,0,0,n_exceedances may not be intiutive for this parameter because there are multiple components to the WQS. n_exceedances may be greater than n_samples_collected if a single sample was marked as an exceedance for multiple components of the WQS.
1101-0084,TRUE,fishing,none,ph,total,ph_units,9,3,0,0,0,0,none
1101-0084,TRUE,secondary_contact_recreation,recreation,phosphorus,total,ug/l,9,2,0,0,0,0,none
1101-0084,TRUE,primary_contact_recreation,recreation,phosphorus,total,ug/l,9,2,0,0,0,0,none
1101-0084,TRUE,source_of_water_supply,aesthetic_water-supply,iron,total,ug/l,19,2,2,2,0,0,none
1101-0084,TRUE,source_of_water_supply,aesthetic_water-supply,manganese,total,ug/l,19,2,0,0,0,0,none
1101-0084,TRUE,source_of_water_supply,health_water-source,ammonia,total,ug/l,18,2,0,0,0,0,none
1101-0084,TRUE,source_of_water_supply,health_water-source,arsenic,total,ug/l,14,2,0,0,0,0,none
1101-0084,TRUE,source_of_water_supply,health_water-source,chloride,total,ug/l,18,2,0,0,0,0,none
1101-0084,TRUE,source_of_water_supply,health_water-source,nitrate,total,ug/l,3,1,0,0,0,0,none
1101-0084,TRUE,source_of_water_supply,health_water-source,nitrate_nitrite,total,ug/l,18,2,0,0,0,0,none
1101-0084,TRUE,source_of_water_supply,health_water-source,nitrite,total,ug/l,3,1,0,0,0,0,none
1101-0084,TRUE,source_of_water_supply,health_water-source,sulfate,total,ug/l,19,2,0,0,0,0,none
1101-0089,TRUE,fishing,aquatic_chronic,ammonia,total,ug/l,1,1,0,0,0,0,none
1101-0089,TRUE,fishing,none,dissolved_oxygen,dissolved,mg/l,1,1,0,0,0,0,n_exceedances may not be intiutive for this parameter because there are multiple components to the WQS. n_exceedances may be greater than n_samples_collected if a single sample was marked as an exceedance for multiple components of the WQS.
1101-0089,TRUE,fishing,none,ph,total,ph_units,1,1,0,0,0,0,none
1101-0089,TRUE,source_of_water_supply,aesthetic_water-supply,iron,total,ug/l,1,1,1,1,0,0,none
1101-0089,TRUE,source_of_water_supply,aesthetic_water-supply,manganese,total,ug/l,1,1,0,0,0,0,none
1101-0089,TRUE,source_of_water_supply,health_water-source,ammonia,total,ug/l,1,1,0,0,0,0,none
1101-0089,TRUE,source_of_water_supply,health_water-source,copper,total,ug/l,1,1,0,0,0,0,none
1101-0089,TRUE,source_of_water_supply,health_water-source,nitrate_nitrite,total,ug/l,1,1,0,0,0,0,none
1101-0089,TRUE,source_of_water_supply,health_water-source,sulfate,total,ug/l,1,1,0,0,0,0,none
1101-0092,FALSE,secondary_contact_recreation,recreation,phosphorus,total,ug/l,1,1,0,0,0,0,none
1101-0092,FALSE,primary_contact_recreation,recreation,phosphorus,total,ug/l,1,1,0,0,0,0,none
1102-0006,FALSE,fishing,aquatic_chronic,ammonia,total,ug/l,7,2,0,0,0,6,none
1102-0006,FALSE,fishing,none,dissolved_oxygen,dissolved,mg/l,4,1,8,1,0,0,n_exceedances may not be intiutive for this parameter because there are multiple components to the WQS. n_exceedances may be greater than n_samples_collected if a single sample was marked as an exceedance for multiple components of the WQS.
1102-0006,FALSE,fishing,none,ph,total,ph_units,4,1,0,0,0,0,none
1102-0006,FALSE,secondary_contact_recreation,recreation,phosphorus,total,ug/l,1,1,0,0,0,0,none
1102-0006,FALSE,primary_contact_recreation,recreation,phosphorus,total,ug/l,1,1,0,0,0,0,none
1102-0006,FALSE,source_of_water_supply,aesthetic_water-supply,iron,total,ug/l,9,2,3,2,0,0,none
1102-0006,FALSE,source_of_water_supply,aesthetic_water-supply,manganese,total,ug/l,9,2,5,2,0,0,none
1102-0006,FALSE,source_of_water_supply,health_water-source,ammonia,total,ug/l,7,2,0,0,0,0,none
1102-0006,FALSE,source_of_water_supply,health_water-source,chloride,total,ug/l,9,2,0,0,0,0,none
1102-0006,FALSE,source_of_water_supply,health_water-source,magnesium,total,ug/l,9,2,0,0,0,0,none
1102-0006,FALSE,source_of_water_supply,health_water-source,nitrate_nitrite,total,ug/l,9,2,0,0,0,0,none
1102-0006,FALSE,source_of_water_supply,health_water-source,sulfate,total,ug/l,9,2,0,0,0,0,none
1102-0011,FALSE,fishing,aquatic_chronic,ammonia,total,ug/l,4,1,0,0,0,4,none
1102-0011,FALSE,fishing,none,dissolved_oxygen,dissolved,mg/l,4,1,8,1,0,0,n_exceedances may not be intiutive for this parameter because there are multiple components to the WQS. n_exceedances may be greater than n_samples_collected if a single sample was marked as an exceedance for multiple components of the WQS.
1102-0011,FALSE,fishing,none,ph,total,ph_units,4,1,0,0,0,0,none
1102-0011,FALSE,secondary_contact_recreation,recreation,phosphorus,total,ug/l,36,5,0,0,0,0,none
1102-0011,FALSE,primary_contact_recreation,recreation,phosphorus,total,ug/l,36,5,0,0,0,0,none
1102-0011,TRUE,fishing,aquatic_chronic,ammonia,total,ug/l,2,1,0,0,0,2,none
1102-0011,TRUE,fishing,none,dissolved_oxygen,dissolved,mg/l,1,1,2,1,0,0,n_exceedances may not be intiutive for this parameter because there are multiple components to the WQS. n_exceedances may be greater than n_samples_collected if a single sample was marked as an exceedance for multiple components of the WQS.
1102-0011,TRUE,fishing,none,ph,total,ph_units,1,1,0,0,0,0,none
1102-0011,TRUE,secondary_contact_recreation,recreation,phosphorus,total,ug/l,1,1,0,0,0,0,none
1102-0011,TRUE,primary_contact_recreation,recreation,phosphorus,total,ug/l,1,1,0,0,0,0,none
1102-0014,FALSE,fishing,aquatic_chronic,ammonia,total,ug/l,129,11,0,0,0,129,none
1102-0014,FALSE,fishing,aquatic_chronic,nitrite,total,ug/l,30,6,0,0,0,0,none
1102-0014,FALSE,secondary_contact_recreation,recreation,phosphorus,total,ug/l,174,26,0,0,0,0,none
1102-0014,FALSE,primary_contact_recreation,recreation,phosphorus,total,ug/l,174,26,0,0,0,0,none
1102-0014,FALSE,source_of_water_supply,health_water-source,ammonia,total,ug/l,129,11,0,0,0,0,none
1102-0014,FALSE,source_of_water_supply,health_water-source,arsenic,total,ug/l,6,4,0,0,0,0,none
1102-0014,FALSE,source_of_water_supply,health_water-source,nitrate_nitrite,total,ug/l,163,23,0,0,0,0,none
1102-0014,FALSE,source_of_water_supply,health_water-source,nitrite,total,ug/l,30,6,0,0,0,0,none
1102-0014,TRUE,fishing,aquatic_chronic,ammonia,total,ug/l,138,10,0,0,0,138,none
1102-0014,TRUE,secondary_contact_recreation,recreation,phosphorus,total,ug/l,67,9,0,0,0,0,none
1102-0014,TRUE,primary_contact_recreation,recreation,phosphorus,total,ug/l,67,9,0,0,0,0,none
1102-0014,TRUE,source_of_water_supply,health_water-source,ammonia,total,ug/l,138,10,0,0,0,0,none
1102-0014,TRUE,source_of_water_supply,health_water-source,chloride,total,ug/l,27,8,0,0,0,0,none
1102-0014,TRUE,source_of_water_supply,health_water-source,nitrate_nitrite,total,ug/l,55,9,0,0,0,0,none
1102-0015,FALSE,fishing,aquatic_chronic,ammonia,total,ug/l,3,1,0,0,0,0,none
1102-0015,FALSE,fishing,none,dissolved_oxygen,dissolved,mg/l,4,1,1,1,0,0,n_exceedances may not be intiutive for this parameter because there are multiple components to the WQS. n_exceedances may be greater than n_samples_collected if a single sample was marked as an exceedance for multiple components of the WQS.
1102-0015,FALSE,fishing,none,ph,total,ph_units,4,1,0,0,0,0,none
1102-0029,FALSE,fishing,aquatic_chronic,ammonia,total,ug/l,33,7,0,0,0,33,none
1102-0029,FALSE,fishing,aquatic_chronic,nitrite,total,ug/l,3,1,0,0,0,0,none
1102-0029,TRUE,fishing,aquatic_chronic,ammonia,total,ug/l,50,10,0,0,0,50,none
1103-0002,FALSE,fishing,aquatic_chronic,ammonia,total,ug/l,118,10,0,0,0,118,none
1103-0002,FALSE,fishing,aquatic_chronic,nitrite,total,ug/l,18,3,0,0,0,0,none
1103-0002,FALSE,secondary_contact_recreation,recreation,phosphorus,total,ug/l,139,19,19,19,0,0,none
1103-0002,FALSE,primary_contact_recreation,recreation,phosphorus,total,ug/l,139,19,19,19,0,0,none
1103-0002,FALSE,source_of_water_supply,aesthetic_water-supply,iron,total,ug/l,4,2,2,1,0,0,none
1103-0002,FALSE,source_of_water_supply,aesthetic_water-supply,manganese,total,ug/l,3,1,1,1,0,0,none
1103-0002,FALSE,source_of_water_supply,health_water-source,ammonia,total,ug/l,118,10,0,0,0,0,none
1103-0002,FALSE,source_of_water_supply,health_water-source,arsenic,total,ug/l,4,2,0,0,0,0,none
1103-0002,FALSE,source_of_water_supply,health_water-source,nitrate_nitrite,total,ug/l,155,19,0,0,0,0,none
1103-0002,FALSE,source_of_water_supply,health_water-source,nitrite,total,ug/l,18,3,0,0,0,0,none
1103-0002,TRUE,fishing,aquatic_chronic,ammonia,total,ug/l,144,10,0,0,0,144,none
1103-0002,TRUE,fishing,aquatic_chronic,nitrite,total,ug/l,4,1,0,0,0,0,none
1103-0002,TRUE,secondary_contact_recreation,recreation,phosphorus,total,ug/l,64,9,6,6,0,0,none
1103-0002,TRUE,primary_contact_recreation,recreation,phosphorus,total,ug/l,64,9,6,6,0,0,none
1103-0002,TRUE,source_of_water_supply,health_water-source,ammonia,total,ug/l,144,10,0,0,0,0,none
1103-0002,TRUE,source_of_water_supply,health_water-source,chloride,total,ug/l,27,8,0,0,0,0,none
1103-0002,TRUE,source_of_water_supply,health_water-source,nitrate_nitrite,total,ug/l,56,9,0,0,0,0,none
1103-0002,TRUE,source_of_water_supply,health_water-source,nitrite,total,ug/l,4,1,0,0,0,0,none
1103-0015,FALSE,fishing,aquatic_chronic,ammonia,total,ug/l,40,3,0,0,0,40,none
1103-0015,FALSE,fishing,aquatic_chronic,nitrite,total,ug/l,8,1,0,0,0,0,none
1103-0015,FALSE,secondary_contact_recreation,recreation,phosphorus,total,ug/l,61,8,0,0,0,0,none
1103-0015,FALSE,primary_contact_recreation,recreation,phosphorus,total,ug/l,61,8,0,0,0,0,none
1103-0015,FALSE,source_of_water_supply,health_water-source,ammonia,total,ug/l,40,3,0,0,0,0,none
1103-0015,FALSE,source_of_water_supply,health_water-source,nitrate_nitrite,total,ug/l,66,8,0,0,0,0,none
1103-0015,FALSE,source_of_water_supply,health_water-source,nitrite,total,ug/l,8,1,0,0,0,0,none
1103-0015,TRUE,fishing,aquatic_chronic,ammonia,total,ug/l,72,5,0,0,0,72,none
1103-0015,TRUE,secondary_contact_recreation,recreation,phosphorus,total,ug/l,30,4,0,0,0,0,none
1103-0015,TRUE,primary_contact_recreation,recreation,phosphorus,total,ug/l,30,4,0,0,0,0,none
1103-0015,TRUE,source_of_water_supply,health_water-source,ammonia,total,ug/l,72,5,0,0,0,0,none
1103-0015,TRUE,source_of_water_supply,health_water-source,chloride,total,ug/l,16,5,0,0,0,0,none
1103-0015,TRUE,source_of_water_supply,health_water-source,nitrate_nitrite,total,ug/l,32,5,0,0,0,0,none
1103-0023,FALSE,secondary_contact_recreation,recreation,phosphorus,total,ug/l,37,5,0,0,0,0,none
1103-0023,FALSE,primary_contact_recreation,recreation,phosphorus,total,ug/l,37,5,0,0,0,0,none
1104-0002,FALSE,fishing,aquatic_chronic,ammonia,total,ug/l,200,10,0,0,0,200,none
1104-0002,FALSE,fishing,aquatic_chronic,nitrite,total,ug/l,16,2,0,0,0,0,none
1104-0002,FALSE,secondary_contact_recreation,recreation,phosphorus,total,ug/l,185,16,0,0,0,0,none
1104-0002,FALSE,primary_contact_recreation,recreation,phosphorus,total,ug/l,185,16,0,0,0,0,none
1104-0002,FALSE,source_of_water_supply,health_water-source,ammonia,total,ug/l,200,10,0,0,0,0,none
1104-0002,FALSE,source_of_water_supply,health_water-source,arsenic,total,ug/l,5,2,0,0,0,0,none
1104-0002,FALSE,source_of_water_supply,health_water-source,nitrate_nitrite,total,ug/l,226,16,0,0,0,0,none
1104-0002,FALSE,source_of_water_supply,health_water-source,nitrite,total,ug/l,16,2,0,0,0,0,none
1104-0002,TRUE,fishing,aquatic_chronic,ammonia,total,ug/l,244,10,0,0,0,244,none
1104-0002,TRUE,secondary_contact_recreation,recreation,phosphorus,total,ug/l,115,9,1,1,0,0,none
1104-0002,TRUE,primary_contact_recreation,recreation,phosphorus,total,ug/l,115,9,1,1,0,0,none
1104-0002,TRUE,source_of_water_supply,health_water-source,ammonia,total,ug/l,244,10,0,0,0,0,none
1104-0002,TRUE,source_of_water_supply,health_water-source,chloride,total,ug/l,56,8,0,0,0,0,none
1104-0002,TRUE,source_of_water_supply,health_water-source,nitrate_nitrite,total,ug/l,104,9,0,0,0,0,none
1104-0003,TRUE,fishing,aquatic_chronic,ammonia,total,ug/l,3,2,0,0,0,2,none
1104-0003,TRUE,fishing,none,dissolved_oxygen,dissolved,mg/l,2,2,0,0,0,0,n_exceedances may not be intiutive for this parameter because there are multiple components to the WQS. n_exceedances may be greater than n_samples_collected if a single sample was marked as an exceedance for multiple components of the WQS.
1104-0003,TRUE,fishing,none,ph,total,ph_units,2,2,0,0,0,0,none
1104-0008,TRUE,fishing,aquatic_chronic,ammonia,total,ug/l,2,1,0,0,0,2,none
1104-0008,TRUE,fishing,none,dissolved_oxygen,dissolved,mg/l,1,1,2,1,0,0,n_exceedances may not be intiutive for this parameter because there are multiple components to the WQS. n_exceedances may be greater than n_samples_collected if a single sample was marked as an exceedance for multiple components of the WQS.
1104-0008,TRUE,fishing,none,ph,total,ph_units,1,1,1,1,0,0,none
1104-0015,TRUE,fishing,aquatic_chronic,ammonia,total,ug/l,1,1,0,0,0,1,none
1104-0015,TRUE,fishing,none,dissolved_oxygen,dissolved,mg/l,1,1,0,0,0,0,n_exceedances may not be intiutive for this parameter because there are multiple components to the WQS. n_exceedances may be greater than n_samples_collected if a single sample was marked as an exceedance for multiple components of the WQS.
1104-0015,TRUE,fishing,none,ph,total,ph_units,1,1,1,1,0,0,none
1104-0015,TRUE,source_of_water_supply,aesthetic_water-supply,iron,total,ug/l,1,1,0,0,0,0,none
1104-0015,TRUE,source_of_water_supply,aesthetic_water-supply,manganese,total,ug/l,1,1,0,0,0,0,none
1104-0015,TRUE,source_of_water_supply,health_water-source,ammonia,total,ug/l,1,1,0,0,0,0,none
1104-0015,TRUE,source_of_water_supply,health_water-source,magnesium,total,ug/l,1,1,0,0,0,0,none
1104-0021,FALSE,fishing,aquatic_chronic,ammonia,total,ug/l,12,2,0,0,0,8,none
1104-0021,FALSE,fishing,none,dissolved_oxygen,dissolved,mg/l,4,1,2,1,0,0,n_exceedances may not be intiutive for this parameter because there are multiple components to the WQS. n_exceedances may be greater than n_samples_collected if a single sample was marked as an exceedance for multiple components of the WQS.
1104-0021,FALSE,fishing,none,ph,total,ph_units,4,1,3,1,0,0,none
1104-0021,FALSE,secondary_contact_recreation,recreation,phosphorus,total,ug/l,3,1,0,0,0,0,none
1104-0021,FALSE,primary_contact_recreation,recreation,phosphorus,total,ug/l,3,1,0,0,0,0,none
1104-0021,FALSE,source_of_water_supply,aesthetic_water-supply,iron,total,ug/l,12,2,3,2,0,0,none
1104-0021,FALSE,source_of_water_supply,aesthetic_water-supply,manganese,total,ug/l,12,2,0,0,0,0,none
1104-0021,FALSE,source_of_water_supply,health_water-source,ammonia,total,ug/l,12,2,0,0,0,0,none
1104-0021,FALSE,source_of_water_supply,health_water-source,arsenic,total,ug/l,3,1,0,0,0,0,none
1104-0021,FALSE,source_of_water_supply,health_water-source,chloride,total,ug/l,12,2,0,0,0,0,none
1104-0021,FALSE,source_of_water_supply,health_water-source,magnesium,total,ug/l,12,2,0,0,0,0,none
1104-0021,FALSE,source_of_water_supply,health_water-source,nitrate_nitrite,total,ug/l,12,2,0,0,0,0,none
1104-0021,FALSE,source_of_water_supply,health_water-source,sulfate,total,ug/l,12,2,0,0,0,0,none
1104-0021,TRUE,fishing,aquatic_chronic,ammonia,total,ug/l,2,1,0,0,0,2,none
1104-0021,TRUE,fishing,none,dissolved_oxygen,dissolved,mg/l,1,1,2,1,0,0,n_exceedances may not be intiutive for this parameter because there are multiple components to the WQS. n_exceedances may be greater than n_samples_collected if a single sample was marked as an exceedance for multiple components of the WQS.
1104-0021,TRUE,fishing,none,ph,total,ph_units,1,1,1,1,0,0,none
1104-0021,TRUE,secondary_contact_recreation,recreation,phosphorus,total,ug/l,1,1,0,0,0,0,none
1104-0021,TRUE,primary_contact_recreation,recreation,phosphorus,total,ug/l,1,1,0,0,0,0,none
1104-0021,TRUE,source_of_water_supply,aesthetic_water-supply,iron,total,ug/l,2,1,1,1,0,0,none
1104-0021,TRUE,source_of_water_supply,aesthetic_water-supply,manganese,total,ug/l,2,1,1,1,0,0,none
1104-0021,TRUE,source_of_water_supply,health_water-source,ammonia,total,ug/l,2,1,0,0,0,0,none
1104-0021,TRUE,source_of_water_supply,health_water-source,arsenic,total,ug/l,2,1,0,0,0,0,none
1104-0021,TRUE,source_of_water_supply,health_water-source,chloride,total,ug/l,2,1,0,0,0,0,none
1104-0021,TRUE,source_of_water_supply,health_water-source,magnesium,total,ug/l,2,1,0,0,0,0,none
1104-0021,TRUE,source_of_water_supply,health_water-source,nitrate_nitrite,total,ug/l,2,1,0,0,0,0,none
1104-0021,TRUE,source_of_water_supply,health_water-source,sulfate,total,ug/l,2,1,0,0,0,0,none
1104-0024,FALSE,fishing,aquatic_chronic,ammonia,total,ug/l,19,4,0,0,0,19,none
1104-0024,FALSE,fishing,none,dissolved_oxygen,dissolved,mg/l,4,1,3,1,0,0,n_exceedances may not be intiutive for this parameter because there are multiple components to the WQS. n_exceedances may be greater than n_samples_collected if a single sample was marked as an exceedance for multiple components of the WQS.
1104-0024,FALSE,fishing,none,ph,total,ph_units,4,1,0,0,0,0,none
1104-0024,FALSE,secondary_contact_recreation,recreation,phosphorus,total,ug/l,26,5,0,0,0,0,none
1104-0024,FALSE,primary_contact_recreation,recreation,phosphorus,total,ug/l,26,5,0,0,0,0,none
1104-0024,TRUE,fishing,aquatic_chronic,ammonia,total,ug/l,2,1,0,0,0,2,none
1104-0024,TRUE,fishing,none,dissolved_oxygen,dissolved,mg/l,1,1,2,1,0,0,n_exceedances may not be intiutive for this parameter because there are multiple components to the WQS. n_exceedances may be greater than n_samples_collected if a single sample was marked as an exceedance for multiple components of the WQS.
1104-0024,TRUE,fishing,none,ph,total,ph_units,1,1,1,1,0,0,none
1104-0024,TRUE,secondary_contact_recreation,recreation,phosphorus,total,ug/l,1,1,0,0,0,0,none
1104-0024,TRUE,primary_contact_recreation,recreation,phosphorus,total,ug/l,1,1,0,0,0,0,none
1104-0026,TRUE,fishing,aquatic_chronic,ammonia,total,ug/l,8,1,0,0,0,6,none
1104-0026,TRUE,fishing,none,dissolved_oxygen,dissolved,mg/l,4,1,3,1,0,0,n_exceedances may not be intiutive for this parameter because there are multiple components to the WQS. n_exceedances may be greater than n_samples_collected if a single sample was marked as an exceedance for multiple components of the WQS.
1104-0026,TRUE,fishing,none,ph,total,ph_units,4,1,3,1,0,0,none
1104-0027,TRUE,fishing,aquatic_chronic,ammonia,total,ug/l,1,1,0,0,0,1,none
1104-0027,TRUE,fishing,aquatic_chronic,nitrite,total,ug/l,1,1,0,0,0,0,none
1104-0027,TRUE,fishing,none,dissolved_oxygen,dissolved,mg/l,1,1,0,0,0,0,n_exceedances may not be intiutive for this parameter because there are multiple components to the WQS. n_exceedances may be greater than n_samples_collected if a single sample was marked as an exceedance for multiple components of the WQS.
1104-0027,TRUE,fishing,none,ph,total,ph_units,1,1,0,0,0,0,none
1104-0027,TRUE,secondary_contact_recreation,recreation,phosphorus,total,ug/l,1,1,0,0,0,0,none
1104-0027,TRUE,primary_contact_recreation,recreation,phosphorus,total,ug/l,1,1,0,0,0,0,none
1104-0031,FALSE,secondary_contact_recreation,recreation,phosphorus,total,ug/l,42,5,0,0,0,0,none
1104-0031,FALSE,primary_contact_recreation,recreation,phosphorus,total,ug/l,42,5,0,0,0,0,none
1104-0031,FALSE,source_of_water_supply,health_water-source,nitrate_nitrite,total,ug/l,31,5,0,0,0,0,none
1104-0031,TRUE,fishing,aquatic_chronic,ammonia,total,ug/l,9,2,0,0,0,7,none
1104-0031,TRUE,fishing,none,dissolved_oxygen,dissolved,mg/l,5,2,8,2,0,0,n_exceedances may not be intiutive for this parameter because there are multiple components to the WQS. n_exceedances may be greater than n_samples_collected if a single sample was marked as an exceedance for multiple components of the WQS.
1104-0031,TRUE,fishing,none,ph,total,ph_units,5,2,2,1,0,0,none
1104-0031,TRUE,secondary_contact_recreation,recreation,phosphorus,total,ug/l,2,2,0,0,0,0,none
1104-0031,TRUE,primary_contact_recreation,recreation,phosphorus,total,ug/l,2,2,0,0,0,0,none
1104-0031,TRUE,source_of_water_supply,aesthetic_water-supply,iron,total,ug/l,5,2,3,1,0,0,none
1104-0031,TRUE,source_of_water_supply,aesthetic_water-supply,manganese,total,ug/l,5,2,3,1,0,0,none
1104-0031,TRUE,source_of_water_supply,health_water-source,ammonia,total,ug/l,9,2,0,0,0,0,none
1104-0031,TRUE,source_of_water_supply,health_water-source,arsenic,total,ug/l,6,2,0,0,0,0,none
1104-0031,TRUE,source_of_water_supply,health_water-source,chloride,total,ug/l,2,1,0,0,0,0,none
1104-0031,TRUE,source_of_water_supply,health_water-source,magnesium,total,ug/l,2,1,0,0,0,0,none
1104-0031,TRUE,source_of_water_supply,health_water-source,nitrate_nitrite,total,ug/l,7,2,0,0,0,0,none
1104-0031,TRUE,source_of_water_supply,health_water-source,sulfate,total,ug/l,9,2,0,0,0,0,none
1104-0037,FALSE,fishing,aquatic_chronic,ammonia,total,ug/l,37,3,0,0,0,36,none
1104-0037,FALSE,fishing,none,dissolved_oxygen,dissolved,mg/l,4,1,2,1,0,0,n_exceedances may not be intiutive for this parameter because there are multiple components to the WQS. n_exceedances may be greater than n_samples_collected if a single sample was marked as an exceedance for multiple components of the WQS.
1104-0037,FALSE,fishing,none,ph,total,ph_units,4,1,0,0,0,0,none
1104-0037,FALSE,secondary_contact_recreation,recreation,phosphorus,total,ug/l,74,10,0,0,0,0,none
1104-0037,FALSE,primary_contact_recreation,recreation,phosphorus,total,ug/l,74,10,0,0,0,0,none
1104-0037,FALSE,source_of_water_supply,aesthetic_water-supply,iron,total,ug/l,8,1,2,1,0,0,none
1104-0037,FALSE,source_of_water_supply,aesthetic_water-supply,manganese,total,ug/l,8,1,3,1,0,0,none
1104-0037,FALSE,source_of_water_supply,health_water-source,ammonia,total,ug/l,37,3,0,0,0,0,none
1104-0037,FALSE,source_of_water_supply,health_water-source,chloride,total,ug/l,8,1,0,0,0,0,none
1104-0037,FALSE,source_of_water_supply,health_water-source,magnesium,total,ug/l,8,1,0,0,0,0,none
1104-0037,FALSE,source_of_water_supply,health_water-source,nitrate_nitrite,total,ug/l,87,11,0,0,0,0,none
1104-0037,FALSE,source_of_water_supply,health_water-source,sulfate,total,ug/l,8,1,0,0,0,0,none
1104-0037,TRUE,fishing,aquatic_chronic,ammonia,total,ug/l,44,4,0,0,0,44,none
1104-0037,TRUE,fishing,none,dissolved_oxygen,dissolved,mg/l,2,2,3,2,0,0,n_exceedances may not be intiutive for this parameter because there are multiple components to the WQS. n_exceedances may be greater than n_samples_collected if a single sample was marked as an exceedance for multiple components of the WQS.
1104-0037,TRUE,fishing,none,ph,total,ph_units,2,2,0,0,0,0,none
1104-0037,TRUE,secondary_contact_recreation,recreation,phosphorus,total,ug/l,20,3,0,0,0,0,none
1104-0037,TRUE,primary_contact_recreation,recreation,phosphorus,total,ug/l,20,3,0,0,0,0,none
1104-0037,TRUE,source_of_water_supply,aesthetic_water-supply,iron,total,ug/l,2,1,0,0,0,0,none
1104-0037,TRUE,source_of_water_supply,aesthetic_water-supply,manganese,total,ug/l,2,1,0,0,0,0,none
1104-0037,TRUE,source_of_water_supply,health_water-source,ammonia,total,ug/l,44,4,0,0,0,0,none
1104-0037,TRUE,source_of_water_supply,health_water-source,arsenic,total,ug/l,2,1,0,0,0,0,none
1104-0037,TRUE,source_of_water_supply,health_water-source,chloride,total,ug/l,14,4,0,0,0,0,none
1104-0037,TRUE,source_of_water_supply,health_water-source,nitrate_nitrite,total,ug/l,20,3,0,0,0,0,none
1104-0037,TRUE,source_of_water_supply,health_water-source,sulfate,total,ug/l,2,1,0,0,0,0,none
1104-0043,FALSE,secondary_contact_recreation,recreation,phosphorus,total,ug/l,1,1,0,0,0,0,none
1104-0043,FALSE,primary_contact_recreation,recreation,phosphorus,total,ug/l,1,1,0,0,0,0,none
1104-0047,FALSE,fishing,aquatic_chronic,ammonia,total,ug/l,26,2,0,0,0,26,none
1104-0047,FALSE,secondary_contact_recreation,recreation,phosphorus,total,ug/l,37,5,0,0,0,0,none
1104-0047,FALSE,primary_contact_recreation,recreation,phosphorus,total,ug/l,37,5,0,0,0,0,none
1104-0047,FALSE,source_of_water_supply,health_water-source,ammonia,total,ug/l,26,2,0,0,0,0,none
1104-0047,FALSE,source_of_water_supply,health_water-source,nitrate_nitrite,total,ug/l,38,4,0,0,0,0,none
1104-0047,TRUE,fishing,aquatic_chronic,ammonia,total,ug/l,1,1,0,0,0,1,none
1104-0047,TRUE,fishing,none,dissolved_oxygen,dissolved,mg/l,1,1,0,0,0,0,n_exceedances may not be intiutive for this parameter because there are multiple components to the WQS. n_exceedances may be greater than n_samples_collected if a single sample was marked as an exceedance for multiple components of the WQS.
1104-0047,TRUE,fishing,none,ph,total,ph_units,1,1,0,0,0,0,none
1104-0047,TRUE,source_of_water_supply,aesthetic_water-supply,iron,total,ug/l,2,1,0,0,0,0,none
1104-0047,TRUE,source_of_water_supply,aesthetic_water-supply,manganese,total,ug/l,1,1,0,0,0,0,none
1104-0047,TRUE,source_of_water_supply,health_water-source,ammonia,total,ug/l,1,1,0,0,0,0,none
1104-0047,TRUE,source_of_water_supply,health_water-source,arsenic,total,ug/l,2,1,0,0,0,0,none
1104-0047,TRUE,source_of_water_supply,health_water-source,chloride,total,ug/l,2,1,0,0,0,0,none
1104-0047,TRUE,source_of_water_supply,health_water-source,magnesium,total,ug/l,2,1,0,0,0,0,none
1104-0047,TRUE,source_of_water_supply,health_water-source,nitrate_nitrite,total,ug/l,2,1,0,0,0,0,none
1104-0047,TRUE,source_of_water_supply,health_water-source,sulfate,total,ug/l,2,1,0,0,0,0,none
1104-0049,TRUE,fishing,aquatic_chronic,ammonia,total,ug/l,1,1,0,0,0,1,none
1104-0049,TRUE,fishing,aquatic_chronic,nitrite,total,ug/l,1,1,0,0,0,0,none
1104-0049,TRUE,fishing,none,dissolved_oxygen,dissolved,mg/l,1,1,0,0,0,0,n_exceedances may not be intiutive for this parameter because there are multiple components to the WQS. n_exceedances may be greater than n_samples_collected if a single sample was marked as an exceedance for multiple components of the WQS.
1104-0049,TRUE,fishing,none,ph,total,ph_units,1,1,0,0,0,0,none
1104-0049,TRUE,secondary_contact_recreation,recreation,phosphorus,total,ug/l,1,1,0,0,0,0,none
1104-0049,TRUE,primary_contact_recreation,recreation,phosphorus,total,ug/l,1,1,0,0,0,0,none
1104-0050,FALSE,fishing,aquatic_chronic,ammonia,total,ug/l,41,4,0,0,0,41,none
1104-0050,FALSE,fishing,aquatic_chronic,nitrite,total,ug/l,5,2,0,0,0,0,none
1104-0050,FALSE,secondary_contact_recreation,recreation,phosphorus,total,ug/l,113,14,0,0,0,0,none
1104-0050,FALSE,primary_contact_recreation,recreation,phosphorus,total,ug/l,113,14,0,0,0,0,none
1104-0050,FALSE,source_of_water_supply,aesthetic_water-supply,iron,total,ug/l,2,1,0,0,0,0,none
1104-0050,FALSE,source_of_water_supply,health_water-source,ammonia,total,ug/l,41,4,0,0,0,0,none
1104-0050,FALSE,source_of_water_supply,health_water-source,arsenic,total,ug/l,2,2,0,0,0,0,none
1104-0050,FALSE,source_of_water_supply,health_water-source,nitrate_nitrite,total,ug/l,111,14,0,0,0,0,none
1104-0050,FALSE,source_of_water_supply,health_water-source,nitrite,total,ug/l,5,2,0,0,0,0,none
1104-0050,TRUE,fishing,aquatic_chronic,ammonia,total,ug/l,58,5,0,0,0,58,none
1104-0050,TRUE,fishing,none,dissolved_oxygen,dissolved,mg/l,1,1,0,0,0,0,n_exceedances may not be intiutive for this parameter because there are multiple components to the WQS. n_exceedances may be greater than n_samples_collected if a single sample was marked as an exceedance for multiple components of the WQS.
1104-0050,TRUE,fishing,none,ph,total,ph_units,1,1,0,0,0,0,none
1104-0050,TRUE,secondary_contact_recreation,recreation,phosphorus,total,ug/l,24,3,0,0,0,0,none
1104-0050,TRUE,primary_contact_recreation,recreation,phosphorus,total,ug/l,24,3,0,0,0,0,none
1104-0050,TRUE,source_of_water_supply,aesthetic_water-supply,iron,total,ug/l,2,1,0,0,0,0,none
1104-0050,TRUE,source_of_water_supply,aesthetic_water-supply,manganese,total,ug/l,1,1,0,0,0,0,none
1104-0050,TRUE,source_of_water_supply,health_water-source,ammonia,total,ug/l,58,5,0,0,0,0,none
1104-0050,TRUE,source_of_water_supply,health_water-source,arsenic,total,ug/l,2,1,0,0,0,0,none
1104-0050,TRUE,source_of_water_supply,health_water-source,chloride,total,ug/l,13,4,0,0,0,0,none
1104-0050,TRUE,source_of_water_supply,health_water-source,magnesium,total,ug/l,2,1,0,0,0,0,none
1104-0050,TRUE,source_of_water_supply,health_water-source,nitrate_nitrite,total,ug/l,30,5,0,0,0,0,none
1104-0050,TRUE,source_of_water_supply,health_water-source,sulfate,total,ug/l,2,1,0,0,0,0,none
1104-0051,TRUE,fishing,aquatic_chronic,ammonia,total,ug/l,71,6,0,0,0,71,none
1104-0051,TRUE,fishing,none,dissolved_oxygen,dissolved,mg/l,1,1,0,0,0,0,n_exceedances may not be intiutive for this parameter because there are multiple components to the WQS. n_exceedances may be greater than n_samples_collected if a single sample was marked as an exceedance for multiple components of the WQS.
1104-0051,TRUE,fishing,none,ph,total,ph_units,1,1,1,1,0,0,none
1104-0051,TRUE,secondary_contact_recreation,recreation,phosphorus,total,ug/l,43,6,0,0,0,0,none
1104-0051,TRUE,primary_contact_recreation,recreation,phosphorus,total,ug/l,43,6,0,0,0,0,none
1104-0051,TRUE,source_of_water_supply,health_water-source,ammonia,total,ug/l,71,6,0,0,0,0,none
1104-0051,TRUE,source_of_water_supply,health_water-source,chloride,total,ug/l,16,5,0,0,0,0,none
1104-0051,TRUE,source_of_water_supply,health_water-source,nitrate_nitrite,total,ug/l,27,5,0,0,0,0,none
1104-0059,TRUE,fishing,aquatic_chronic,ammonia,total,ug/l,4,2,0,0,0,3,none
1104-0059,TRUE,fishing,none,dissolved_oxygen,dissolved,mg/l,5,2,0,0,0,0,n_exceedances may not be intiutive for this parameter because there are multiple components to the WQS. n_exceedances may be greater than n_samples_collected if a single sample was marked as an exceedance for multiple components of the WQS.
1104-0059,TRUE,fishing,none,ph,total,ph_units,5,2,2,1,0,0,none
1104-0061,FALSE,secondary_contact_recreation,recreation,phosphorus,total,ug/l,1,1,0,0,0,0,none
1104-0061,FALSE,primary_contact_recreation,recreation,phosphorus,total,ug/l,1,1,0,0,0,0,none
1104-0074,FALSE,fishing,aquatic_chronic,ammonia,total,ug/l,1,1,0,0,0,1,none
1104-0074,FALSE,secondary_contact_recreation,recreation,phosphorus,total,ug/l,34,5,0,0,0,0,none
1104-0074,FALSE,primary_contact_recreation,recreation,phosphorus,total,ug/l,34,5,0,0,0,0,none
1104-0075,FALSE,fishing,aquatic_chronic,ammonia,total,ug/l,51,4,0,0,0,49,none
1104-0075,FALSE,fishing,none,dissolved_oxygen,dissolved,mg/l,4,1,0,0,0,0,n_exceedances may not be intiutive for this parameter because there are multiple components to the WQS. n_exceedances may be greater than n_samples_collected if a single sample was marked as an exceedance for multiple components of the WQS.
1104-0075,FALSE,fishing,none,ph,total,ph_units,4,1,0,0,0,0,none
1104-0075,FALSE,secondary_contact_recreation,recreation,phosphorus,total,ug/l,39,7,0,0,0,0,none
1104-0075,FALSE,primary_contact_recreation,recreation,phosphorus,total,ug/l,39,7,0,0,0,0,none
1104-0075,TRUE,fishing,aquatic_chronic,ammonia,total,ug/l,36,3,0,0,0,36,none
1104-0075,TRUE,secondary_contact_recreation,recreation,phosphorus,total,ug/l,23,3,0,0,0,0,none
1104-0075,TRUE,primary_contact_recreation,recreation,phosphorus,total,ug/l,23,3,0,0,0,0,none
1104-0105,FALSE,fishing,aquatic_chronic,ammonia,total,ug/l,208,11,0,0,0,208,none
1104-0105,FALSE,fishing,aquatic_chronic,nitrite,total,ug/l,19,3,0,0,0,0,none
1104-0105,FALSE,secondary_contact_recreation,recreation,phosphorus,total,ug/l,215,19,0,0,0,0,none
1104-0105,FALSE,primary_contact_recreation,recreation,phosphorus,total,ug/l,215,19,0,0,0,0,none
1104-0105,TRUE,fishing,aquatic_chronic,ammonia,total,ug/l,286,10,0,0,0,286,none
1104-0105,TRUE,secondary_contact_recreation,recreation,phosphorus,total,ug/l,142,9,0,0,0,0,none
1104-0105,TRUE,primary_contact_recreation,recreation,phosphorus,total,ug/l,142,9,0,0,0,0,none
1104-0111,FALSE,fishing,aquatic_chronic,ammonia,total,ug/l,2,1,0,0,0,2,none
1104-0111,FALSE,secondary_contact_recreation,recreation,phosphorus,total,ug/l,1,1,0,0,0,0,none
1104-0111,FALSE,primary_contact_recreation,recreation,phosphorus,total,ug/l,1,1,0,0,0,0,none
1104-0111,FALSE,source_of_water_supply,aesthetic_water-supply,iron,total,ug/l,2,1,1,1,0,0,none
1104-0111,FALSE,source_of_water_supply,aesthetic_water-supply,manganese,total,ug/l,2,1,0,0,0,0,none
1104-0111,FALSE,source_of_water_supply,health_water-source,ammonia,total,ug/l,2,1,0,0,0,0,none
1104-0111,FALSE,source_of_water_supply,health_water-source,arsenic,total,ug/l,1,1,0,0,0,0,none
1104-0111,FALSE,source_of_water_supply,health_water-source,chloride,total,ug/l,2,1,0,0,0,0,none
1104-0111,FALSE,source_of_water_supply,health_water-source,magnesium,total,ug/l,2,1,0,0,0,0,none
1104-0111,FALSE,source_of_water_supply,health_water-source,nitrate_nitrite,total,ug/l,2,1,0,0,0,0,none
1104-0111,FALSE,source_of_water_supply,health_water-source,sulfate,total,ug/l,2,1,0,0,0,0,none
1104-0111,TRUE,fishing,aquatic_chronic,ammonia,total,ug/l,2,1,0,0,0,2,none
1104-0111,TRUE,fishing,none,dissolved_oxygen,dissolved,mg/l,1,1,2,1,0,0,n_exceedances may not be intiutive for this parameter because there are multiple components to the WQS. n_exceedances may be greater than n_samples_collected if a single sample was marked as an exceedance for multiple components of the WQS.
1104-0111,TRUE,fishing,none,ph,total,ph_units,1,1,1,1,0,0,none
1104-0111,TRUE,source_of_water_supply,aesthetic_water-supply,iron,total,ug/l,2,1,1,1,0,0,none
1104-0111,TRUE,source_of_water_supply,aesthetic_water-supply,manganese,total,ug/l,2,1,0,0,0,0,none
1104-0111,TRUE,source_of_water_supply,health_water-source,ammonia,total,ug/l,2,1,0,0,0,0,none
1104-0111,TRUE,source_of_water_supply,health_water-source,copper,total,ug/l,1,1,0,0,0,0,none
1104-0111,TRUE,source_of_water_supply,health_water-source,nitrate_nitrite,total,ug/l,2,1,0,0,0,0,none
1104-0111,TRUE,source_of_water_supply,health_water-source,sulfate,total,ug/l,1,1,0,0,0,0,none
1104-0113,FALSE,secondary_contact_recreation,recreation,phosphorus,total,ug/l,1,1,1,1,0,0,none
1104-0113,FALSE,primary_contact_recreation,recreation,phosphorus,total,ug/l,1,1,1,1,0,0,none
1104-0113,FALSE,source_of_water_supply,health_water-source,chloride,total,ug/l,1,1,0,0,0,0,none
1104-0113,FALSE,source_of_water_supply,health_water-source,magnesium,total,ug/l,1,1,0,0,0,0,none
1104-0113,FALSE,source_of_water_supply,health_water-source,nitrate_nitrite,total,ug/l,1,1,0,0,0,0,none
1104-0113,FALSE,source_of_water_supply,health_water-source,sulfate,total,ug/l,1,1,0,0,0,0,none
1104-0113,TRUE,fishing,aquatic_chronic,ammonia,total,ug/l,6,2,0,0,0,6,none
1104-0113,TRUE,fishing,aquatic_chronic,nitrite,total,ug/l,2,1,0,0,0,0,none
1104-0113,TRUE,fishing,none,dissolved_oxygen,dissolved,mg/l,3,2,6,2,0,0,n_exceedances may not be intiutive for this parameter because there are multiple components to the WQS. n_exceedances may be greater than n_samples_collected if a single sample was marked as an exceedance for multiple components of the WQS.
1104-0113,TRUE,fishing,none,ph,total,ph_units,3,2,3,2,0,0,none
1104-0113,TRUE,secondary_contact_recreation,recreation,phosphorus,total,ug/l,1,1,0,0,0,0,none
1104-0113,TRUE,primary_contact_recreation,recreation,phosphorus,total,ug/l,1,1,0,0,0,0,none
1104-0113,TRUE,source_of_water_supply,aesthetic_water-supply,iron,total,ug/l,5,2,4,2,0,0,none
1104-0113,TRUE,source_of_water_supply,aesthetic_water-supply,manganese,total,ug/l,5,2,0,0,0,0,none
1104-0113,TRUE,source_of_water_supply,health_water-source,ammonia,total,ug/l,6,2,0,0,0,0,none
1104-0113,TRUE,source_of_water_supply,health_water-source,arsenic,total,ug/l,4,2,0,0,0,0,none
1104-0113,TRUE,source_of_water_supply,health_water-source,chloride,total,ug/l,2,1,0,0,0,0,none
1104-0113,TRUE,source_of_water_supply,health_water-source,magnesium,total,ug/l,4,2,0,0,0,0,none
1104-0113,TRUE,source_of_water_supply,health_water-source,nitrate,total,ug/l,2,1,0,0,0,0,none
1104-0113,TRUE,source_of_water_supply,health_water-source,nitrate_nitrite,total,ug/l,5,2,0,0,0,0,none
1104-0113,TRUE,source_of_water_supply,health_water-source,nitrite,total,ug/l,2,1,0,0,0,0,none
1104-0113,TRUE,source_of_water_supply,health_water-source,sulfate,total,ug/l,6,2,0,0,0,0,none
1104-0114,FALSE,fishing,aquatic_chronic,ammonia,total,ug/l,1,1,0,0,0,1,none
1104-0114,FALSE,secondary_contact_recreation,recreation,phosphorus,total,ug/l,1,1,0,0,0,0,none
1104-0114,FALSE,primary_contact_recreation,recreation,phosphorus,total,ug/l,1,1,0,0,0,0,none
1104-0114,FALSE,source_of_water_supply,aesthetic_water-supply,iron,total,ug/l,1,1,1,1,0,0,none
1104-0114,FALSE,source_of_water_supply,aesthetic_water-supply,manganese,total,ug/l,1,1,0,0,0,0,none
1104-0114,FALSE,source_of_water_supply,health_water-source,ammonia,total,ug/l,1,1,0,0,0,0,none
1104-0114,FALSE,source_of_water_supply,health_water-source,chloride,total,ug/l,1,1,0,0,0,0,none
1104-0114,FALSE,source_of_water_supply,health_water-source,magnesium,total,ug/l,1,1,0,0,0,0,none
1104-0114,FALSE,source_of_water_supply,health_water-source,nitrate_nitrite,total,ug/l,1,1,0,0,0,0,none
1104-0114,FALSE,source_of_water_supply,health_water-source,sulfate,total,ug/l,1,1,0,0,0,0,none
1104-0115,TRUE,fishing,aquatic_acute,arsenic,dissolved,ug/l,1,1,0,0,0,0,none
1104-0115,TRUE,fishing,aquatic_acute,copper,dissolved,ug/l,2,1,0,0,0,0,none
1104-0115,TRUE,fishing,aquatic_acute,nickel,dissolved,ug/l,2,1,0,0,0,0,none
1104-0115,TRUE,fishing,aquatic_chronic,ammonia,total,ug/l,1,1,0,0,0,1,none
1104-0115,TRUE,fishing,aquatic_chronic,arsenic,dissolved,ug/l,1,1,0,0,0,0,none
1104-0115,TRUE,fishing,aquatic_chronic,copper,dissolved,ug/l,2,1,0,0,0,0,none
1104-0115,TRUE,fishing,aquatic_chronic,nickel,dissolved,ug/l,2,1,0,0,0,0,none
1104-0115,TRUE,fishing,aquatic_chronic,nitrite,total,ug/l,2,1,0,0,0,0,none
1104-0115,TRUE,fishing,none,dissolved_oxygen,dissolved,mg/l,1,1,2,1,0,0,n_exceedances may not be intiutive for this parameter because there are multiple components to the WQS. n_exceedances may be greater than n_samples_collected if a single sample was marked as an exceedance for multiple components of the WQS.
1104-0115,TRUE,fishing,none,ph,total,ph_units,1,1,0,0,0,0,none
1104-0115,TRUE,fishing,none,total_dissolved_solids,dissolved,mg/l,2,1,0,0,0,0,none
1104-0115,TRUE,secondary_contact_recreation,none,total_dissolved_solids,dissolved,mg/l,2,1,0,0,0,0,none
1104-0115,TRUE,primary_contact_recreation,none,total_dissolved_solids,dissolved,mg/l,2,1,0,0,0,0,none
1104-0115,TRUE,source_of_water_supply,none,total_dissolved_solids,dissolved,mg/l,2,1,0,0,0,0,none
1104-0115,TRUE,secondary_contact_recreation,recreation,phosphorus,total,ug/l,1,1,1,1,0,0,none
1104-0115,TRUE,primary_contact_recreation,recreation,phosphorus,total,ug/l,1,1,1,1,0,0,none
1104-0115,TRUE,source_of_water_supply,aesthetic_water-supply,iron,total,ug/l,1,1,0,0,0,0,none
1104-0115,TRUE,source_of_water_supply,aesthetic_water-supply,manganese,total,ug/l,1,1,0,0,0,0,none
1104-0115,TRUE,source_of_water_supply,health_water-source,ammonia,total,ug/l,1,1,0,0,0,0,none
1104-0115,TRUE,source_of_water_supply,health_water-source,arsenic,total,ug/l,1,1,0,0,0,0,none
1104-0115,TRUE,source_of_water_supply,health_water-source,chloride,total,ug/l,2,1,0,0,0,0,none
1104-0115,TRUE,source_of_water_supply,health_water-source,copper,total,ug/l,2,1,0,0,0,0,none
1104-0115,TRUE,source_of_water_supply,health_water-source,magnesium,total,ug/l,2,1,0,0,0,0,none
1104-0115,TRUE,source_of_water_supply,health_water-source,nickel,total,ug/l,2,1,0,0,0,0,none
1104-0115,TRUE,source_of_water_supply,health_water-source,nitrate,total,ug/l,4,1,0,0,0,0,none
1104-0115,TRUE,source_of_water_supply,health_water-source,nitrite,total,ug/l,2,1,0,0,0,0,none
1104-0115,TRUE,source_of_water_supply,health_water-source,sulfate,total,ug/l,1,1,0,0,0,0,none
1104-0119,FALSE,secondary_contact_recreation,recreation,phosphorus,total,ug/l,1,1,1,1,0,0,none
1104-0119,FALSE,primary_contact_recreation,recreation,phosphorus,total,ug/l,1,1,1,1,0,0,none
1104-0121,FALSE,fishing,aquatic_chronic,ammonia,total,ug/l,7,1,0,0,0,7,none
1104-0121,FALSE,secondary_contact_recreation,recreation,phosphorus,total,ug/l,8,1,1,1,0,0,none
1104-0121,FALSE,primary_contact_recreation,recreation,phosphorus,total,ug/l,8,1,1,1,0,0,none
1104-0125,FALSE,fishing,aquatic_chronic,ammonia,total,ug/l,1,1,0,0,0,1,none
1104-0125,FALSE,secondary_contact_recreation,recreation,phosphorus,total,ug/l,1,1,0,0,0,0,none
1104-0125,FALSE,primary_contact_recreation,recreation,phosphorus,total,ug/l,1,1,0,0,0,0,none
1104-0125,FALSE,source_of_water_supply,aesthetic_water-supply,iron,total,ug/l,1,1,1,1,0,0,none
1104-0125,FALSE,source_of_water_supply,aesthetic_water-supply,manganese,total,ug/l,1,1,0,0,0,0,none
1104-0125,FALSE,source_of_water_supply,health_water-source,ammonia,total,ug/l,1,1,0,0,0,0,none
1104-0125,FALSE,source_of_water_supply,health_water-source,chloride,total,ug/l,1,1,0,0,0,0,none
1104-0125,FALSE,source_of_water_supply,health_water-source,magnesium,total,ug/l,1,1,0,0,0,0,none
1104-0125,FALSE,source_of_water_supply,health_water-source,nitrate_nitrite,total,ug/l,1,1,0,0,0,0,none
1104-0125,FALSE,source_of_water_supply,health_water-source,sulfate,total,ug/l,1,1,0,0,0,0,none
1104-0127,TRUE,fishing,aquatic_chronic,ammonia,total,ug/l,2,1,0,0,0,2,none
1104-0127,TRUE,fishing,aquatic_chronic,nitrite,total,ug/l,2,1,0,0,0,0,none
1104-0127,TRUE,fishing,none,dissolved_oxygen,dissolved,mg/l,1,1,0,0,0,0,n_exceedances may not be intiutive for this parameter because there are multiple components to the WQS. n_exceedances may be greater than n_samples_collected if a single sample was marked as an exceedance for multiple components of the WQS.
1104-0127,TRUE,fishing,none,ph,total,ph_units,1,1,0,0,0,0,none
1104-0127,TRUE,secondary_contact_recreation,recreation,phosphorus,total,ug/l,1,1,0,0,0,0,none
1104-0127,TRUE,primary_contact_recreation,recreation,phosphorus,total,ug/l,1,1,0,0,0,0,none
1104-0127,TRUE,source_of_water_supply,aesthetic_water-supply,iron,total,ug/l,2,1,2,1,0,0,none
1104-0127,TRUE,source_of_water_supply,aesthetic_water-supply,manganese,total,ug/l,2,1,1,1,0,0,none
1104-0127,TRUE,source_of_water_supply,health_water-source,ammonia,total,ug/l,2,1,0,0,0,0,none
1104-0127,TRUE,source_of_water_supply,health_water-source,arsenic,total,ug/l,2,1,0,0,0,0,none
1104-0127,TRUE,source_of_water_supply,health_water-source,chloride,total,ug/l,2,1,0,0,0,0,none
1104-0127,TRUE,source_of_water_supply,health_water-source,magnesium,total,ug/l,2,1,0,0,0,0,none
1104-0127,TRUE,source_of_water_supply,health_water-source,nitrate,total,ug/l,1,1,0,0,0,0,none
1104-0127,TRUE,source_of_water_supply,health_water-source,nitrate_nitrite,total,ug/l,1,1,0,0,0,0,none
1104-0127,TRUE,source_of_water_supply,health_water-source,nitrite,total,ug/l,2,1,0,0,0,0,none
1104-0127,TRUE,source_of_water_supply,health_water-source,sulfate,total,ug/l,2,1,0,0,0,0,none
1104-0140,TRUE,fishing,aquatic_chronic,ammonia,total,ug/l,2,1,0,0,0,2,none
1104-0140,TRUE,fishing,none,dissolved_oxygen,dissolved,mg/l,1,1,2,1,0,0,n_exceedances may not be intiutive for this parameter because there are multiple components to the WQS. n_exceedances may be greater than n_samples_collected if a single sample was marked as an exceedance for multiple components of the WQS.
1104-0140,TRUE,fishing,none,ph,total,ph_units,1,1,0,0,0,0,none
1104-0140,TRUE,secondary_contact_recreation,recreation,phosphorus,total,ug/l,1,1,0,0,0,0,none
1104-0140,TRUE,primary_contact_recreation,recreation,phosphorus,total,ug/l,1,1,0,0,0,0,none
1104-0162,FALSE,fishing,aquatic_chronic,ammonia,total,ug/l,2,1,0,0,0,2,none
1104-0162,FALSE,secondary_contact_recreation,recreation,phosphorus,total,ug/l,1,1,0,0,0,0,none
1104-0162,FALSE,primary_contact_recreation,recreation,phosphorus,total,ug/l,1,1,0,0,0,0,none
1104-0162,FALSE,source_of_water_supply,aesthetic_water-supply,iron,total,ug/l,2,1,1,1,0,0,none
1104-0162,FALSE,source_of_water_supply,aesthetic_water-supply,manganese,total,ug/l,2,1,1,1,0,0,none
1104-0162,FALSE,source_of_water_supply,health_water-source,ammonia,total,ug/l,2,1,0,0,0,0,none
1104-0162,FALSE,source_of_water_supply,health_water-source,chloride,total,ug/l,2,1,0,0,0,0,none
1104-0162,FALSE,source_of_water_supply,health_water-source,magnesium,total,ug/l,2,1,0,0,0,0,none
1104-0162,FALSE,source_of_water_supply,health_water-source,nitrate_nitrite,total,ug/l,2,1,0,0,0,0,none
1104-0162,FALSE,source_of_water_supply,health_water-source,sulfate,total,ug/l,2,1,0,0,0,0,none
1104-0167,FALSE,fishing,aquatic_chronic,ammonia,total,ug/l,4,2,0,0,0,4,none
1104-0173,TRUE,fishing,aquatic_chronic,ammonia,total,ug/l,8,2,0,0,0,7,none
1104-0173,TRUE,fishing,aquatic_chronic,nitrite,total,ug/l,2,1,0,0,0,0,none
1104-0173,TRUE,fishing,none,dissolved_oxygen,dissolved,mg/l,5,2,3,2,0,0,n_exceedances may not be intiutive for this parameter because there are multiple components to the WQS. n_exceedances may be greater than n_samples_collected if a single sample was marked as an exceedance for multiple components of the WQS.
1104-0173,TRUE,fishing,none,ph,total,ph_units,5,2,3,1,0,0,none
1104-0173,TRUE,secondary_contact_recreation,recreation,phosphorus,total,ug/l,2,2,0,0,0,0,none
1104-0173,TRUE,primary_contact_recreation,recreation,phosphorus,total,ug/l,2,2,0,0,0,0,none
1104-0173,TRUE,source_of_water_supply,aesthetic_water-supply,iron,total,ug/l,4,2,3,2,0,0,none
1104-0173,TRUE,source_of_water_supply,aesthetic_water-supply,manganese,total,ug/l,4,2,0,0,0,0,none
1104-0173,TRUE,source_of_water_supply,health_water-source,ammonia,total,ug/l,8,2,0,0,0,0,none
1104-0173,TRUE,source_of_water_supply,health_water-source,arsenic,total,ug/l,4,2,0,0,0,0,none
1104-0173,TRUE,source_of_water_supply,health_water-source,chloride,total,ug/l,2,1,0,0,0,0,none
1104-0173,TRUE,source_of_water_supply,health_water-source,nitrate,total,ug/l,2,1,0,0,0,0,none
1104-0173,TRUE,source_of_water_supply,health_water-source,nitrate_nitrite,total,ug/l,8,2,0,0,0,0,none
1104-0173,TRUE,source_of_water_supply,health_water-source,nitrite,total,ug/l,2,1,0,0,0,0,none
1104-0173,TRUE,source_of_water_supply,health_water-source,sulfate,total,ug/l,7,2,0,0,0,0,none
1104-0182,TRUE,fishing,aquatic_chronic,ammonia,total,ug/l,2,1,0,0,0,2,none
1104-0182,TRUE,fishing,aquatic_chronic,nitrite,total,ug/l,2,1,0,0,0,0,none
1104-0182,TRUE,fishing,none,dissolved_oxygen,dissolved,mg/l,1,1,0,0,0,0,n_exceedances may not be intiutive for this parameter because there are multiple components to the WQS. n_exceedances may be greater than n_samples_collected if a single sample was marked as an exceedance for multiple components of the WQS.
1104-0182,TRUE,fishing,none,ph,total,ph_units,1,1,0,0,0,0,none
1104-0182,TRUE,secondary_contact_recreation,recreation,phosphorus,total,ug/l,1,1,0,0,0,0,none
1104-0182,TRUE,primary_contact_recreation,recreation,phosphorus,total,ug/l,1,1,0,0,0,0,none
1104-0187,FALSE,fishing,aquatic_chronic,ammonia,total,ug/l,2,1,0,0,0,2,none
1104-0193,FALSE,fishing,aquatic_chronic,ammonia,total,ug/l,56,10,0,0,0,56,none
1104-0193,FALSE,fishing,aquatic_chronic,nitrite,total,ug/l,13,2,0,0,0,0,none
1104-0193,FALSE,secondary_contact_recreation,recreation,phosphorus,total,ug/l,59,11,1,1,0,0,none
1104-0193,FALSE,primary_contact_recreation,recreation,phosphorus,total,ug/l,59,11,1,1,0,0,none
1104-0193,FALSE,source_of_water_supply,health_water-source,ammonia,total,ug/l,56,10,0,0,0,0,none
1104-0193,FALSE,source_of_water_supply,health_water-source,nitrate_nitrite,total,ug/l,64,11,0,0,0,0,none
1104-0193,FALSE,source_of_water_supply,health_water-source,nitrite,total,ug/l,13,2,0,0,0,0,none
1104-0193,TRUE,fishing,aquatic_chronic,ammonia,total,ug/l,56,10,0,0,0,56,none
1104-0193,TRUE,secondary_contact_recreation,recreation,phosphorus,total,ug/l,49,9,0,0,0,0,none
1104-0193,TRUE,primary_contact_recreation,recreation,phosphorus,total,ug/l,49,9,0,0,0,0,none
1104-0193,TRUE,source_of_water_supply,health_water-source,ammonia,total,ug/l,56,10,0,0,0,0,none
1104-0193,TRUE,source_of_water_supply,health_water-source,chloride,total,ug/l,16,8,0,0,0,0,none
1104-0193,TRUE,source_of_water_supply,health_water-source,nitrate_nitrite,total,ug/l,45,9,0,0,0,0,none
1104-0200,FALSE,secondary_contact_recreation,recreation,phosphorus,total,ug/l,1,1,0,0,0,0,none
1104-0200,FALSE,primary_contact_recreation,recreation,phosphorus,total,ug/l,1,1,0,0,0,0,none
1104-0200,FALSE,source_of_water_supply,health_water-source,magnesium,total,ug/l,1,1,0,0,0,0,none
1104-0200,TRUE,fishing,aquatic_chronic,ammonia,total,ug/l,1,1,0,0,0,1,none
1104-0200,TRUE,fishing,none,dissolved_oxygen,dissolved,mg/l,1,1,1,1,0,0,n_exceedances may not be intiutive for this parameter because there are multiple components to the WQS. n_exceedances may be greater than n_samples_collected if a single sample was marked as an exceedance for multiple components of the WQS.
1104-0200,TRUE,fishing,none,ph,total,ph_units,1,1,0,0,0,0,none
1104-0200,TRUE,secondary_contact_recreation,recreation,phosphorus,total,ug/l,1,1,0,0,0,0,none
1104-0200,TRUE,primary_contact_recreation,recreation,phosphorus,total,ug/l,1,1,0,0,0,0,none
1104-0200,TRUE,source_of_water_supply,aesthetic_water-supply,iron,total,ug/l,1,1,0,0,0,0,none
1104-0200,TRUE,source_of_water_supply,aesthetic_water-supply,manganese,total,ug/l,1,1,0,0,0,0,none
1104-0200,TRUE,source_of_water_supply,health_water-source,ammonia,total,ug/l,1,1,0,0,0,0,none
1104-0200,TRUE,source_of_water_supply,health_water-source,arsenic,total,ug/l,1,1,0,0,0,0,none
1104-0200,TRUE,source_of_water_supply,health_water-source,chloride,total,ug/l,1,1,0,0,0,0,none
1104-0200,TRUE,source_of_water_supply,health_water-source,magnesium,total,ug/l,1,1,0,0,0,0,none
1104-0200,TRUE,source_of_water_supply,health_water-source,nitrate_nitrite,total,ug/l,1,1,0,0,0,0,none
1104-0200,TRUE,source_of_water_supply,health_water-source,sulfate,total,ug/l,1,1,0,0,0,0,none
1104-0203,FALSE,fishing,aquatic_chronic,ammonia,total,ug/l,2,1,0,0,0,2,none
1104-0203,FALSE,secondary_contact_recreation,recreation,phosphorus,total,ug/l,1,1,0,0,0,0,none
1104-0203,FALSE,primary_contact_recreation,recreation,phosphorus,total,ug/l,1,1,0,0,0,0,none
1104-0203,FALSE,source_of_water_supply,health_water-source,ammonia,total,ug/l,2,1,0,0,0,0,none
1104-0203,FALSE,source_of_water_supply,health_water-source,magnesium,total,ug/l,2,1,0,0,0,0,none
1104-0203,FALSE,source_of_water_supply,health_water-source,nitrate_nitrite,total,ug/l,2,1,0,0,0,0,none
1104-0205,FALSE,fishing,aquatic_chronic,ammonia,total,ug/l,107,10,0,0,0,107,none
1104-0205,FALSE,fishing,aquatic_chronic,nitrite,total,ug/l,12,2,0,0,0,0,none
1104-0205,FALSE,secondary_contact_recreation,recreation,phosphorus,total,ug/l,116,16,2,2,0,0,none
1104-0205,FALSE,primary_contact_recreation,recreation,phosphorus,total,ug/l,116,16,2,2,0,0,none
1104-0205,FALSE,source_of_water_supply,aesthetic_water-supply,iron,total,ug/l,3,2,0,0,0,0,none
1104-0205,FALSE,source_of_water_supply,aesthetic_water-supply,manganese,total,ug/l,1,1,0,0,0,0,none
1104-0205,FALSE,source_of_water_supply,health_water-source,ammonia,total,ug/l,107,10,0,0,0,0,none
1104-0205,FALSE,source_of_water_supply,health_water-source,arsenic,total,ug/l,3,2,0,0,0,0,none
1104-0205,FALSE,source_of_water_supply,health_water-source,chloride,total,ug/l,1,1,0,0,0,0,none
1104-0205,FALSE,source_of_water_supply,health_water-source,magnesium,total,ug/l,1,1,0,0,0,0,none
1104-0205,FALSE,source_of_water_supply,health_water-source,nitrate_nitrite,total,ug/l,124,16,0,0,0,0,none
1104-0205,FALSE,source_of_water_supply,health_water-source,nitrite,total,ug/l,12,2,0,0,0,0,none
1104-0205,FALSE,source_of_water_supply,health_water-source,sulfate,total,ug/l,1,1,0,0,0,0,none
1104-0205,TRUE,fishing,aquatic_chronic,ammonia,total,ug/l,70,8,0,0,0,70,none
1104-0205,TRUE,secondary_contact_recreation,recreation,phosphorus,total,ug/l,57,8,0,0,0,0,none
1104-0205,TRUE,primary_contact_recreation,recreation,phosphorus,total,ug/l,57,8,0,0,0,0,none
1104-0205,TRUE,source_of_water_supply,health_water-source,ammonia,total,ug/l,70,8,0,0,0,0,none
1104-0205,TRUE,source_of_water_supply,health_water-source,chloride,total,ug/l,14,6,0,0,0,0,none
1104-0205,TRUE,source_of_water_supply,health_water-source,nitrate_nitrite,total,ug/l,44,7,0,0,0,0,none
1104-0207,FALSE,secondary_contact_recreation,recreation,phosphorus,total,ug/l,1,1,0,0,0,0,none
1104-0207,FALSE,primary_contact_recreation,recreation,phosphorus,total,ug/l,1,1,0,0,0,0,none
1104-0207,FALSE,source_of_water_supply,health_water-source,magnesium,total,ug/l,2,1,0,0,0,0,none
1104-0207,FALSE,source_of_water_supply,health_water-source,nitrate_nitrite,total,ug/l,2,1,0,0,0,0,none
1104-0212,FALSE,fishing,aquatic_chronic,ammonia,total,ug/l,1,1,0,0,0,1,none
1104-0212,FALSE,secondary_contact_recreation,recreation,phosphorus,total,ug/l,1,1,0,0,0,0,none
1104-0212,FALSE,primary_contact_recreation,recreation,phosphorus,total,ug/l,1,1,0,0,0,0,none
1104-0219,FALSE,fishing,aquatic_chronic,ammonia,total,ug/l,1,1,0,0,0,1,none
1104-0219,FALSE,source_of_water_supply,health_water-source,ammonia,total,ug/l,1,1,0,0,0,0,none
1104-0219,FALSE,source_of_water_supply,health_water-source,magnesium,total,ug/l,2,1,0,0,0,0,none
1104-0219,FALSE,source_of_water_supply,health_water-source,nitrate_nitrite,total,ug/l,1,1,0,0,0,0,none
1104-0230,TRUE,fishing,aquatic_chronic,ammonia,total,ug/l,2,1,0,0,0,2,none
1104-0230,TRUE,fishing,aquatic_chronic,nitrite,total,ug/l,2,1,0,0,0,0,none
1104-0230,TRUE,fishing,none,dissolved_oxygen,dissolved,mg/l,2,2,0,0,0,0,n_exceedances may not be intiutive for this parameter because there are multiple components to the WQS. n_exceedances may be greater than n_samples_collected if a single sample was marked as an exceedance for multiple components of the WQS.
1104-0230,TRUE,fishing,none,ph,total,ph_units,2,2,0,0,0,0,none
1104-0230,TRUE,secondary_contact_recreation,recreation,phosphorus,total,ug/l,1,1,0,0,0,0,none
1104-0230,TRUE,primary_contact_recreation,recreation,phosphorus,total,ug/l,1,1,0,0,0,0,none
1104-0230,TRUE,source_of_water_supply,aesthetic_water-supply,iron,total,ug/l,1,1,0,0,0,0,none
1104-0230,TRUE,source_of_water_supply,aesthetic_water-supply,manganese,total,ug/l,1,1,0,0,0,0,none
1104-0230,TRUE,source_of_water_supply,health_water-source,ammonia,total,ug/l,2,1,0,0,0,0,none
1104-0230,TRUE,source_of_water_supply,health_water-source,arsenic,total,ug/l,2,1,0,0,0,0,none
1104-0230,TRUE,source_of_water_supply,health_water-source,chloride,total,ug/l,2,1,0,0,0,0,none
1104-0230,TRUE,source_of_water_supply,health_water-source,magnesium,total,ug/l,2,1,0,0,0,0,none
1104-0230,TRUE,source_of_water_supply,health_water-source,nitrate,total,ug/l,2,1,0,0,0,0,none
1104-0230,TRUE,source_of_water_supply,health_water-source,nitrate_nitrite,total,ug/l,2,1,0,0,0,0,none
1104-0230,TRUE,source_of_water_supply,health_water-source,nitrite,total,ug/l,2,1,0,0,0,0,none
1104-0230,TRUE,source_of_water_supply,health_water-source,sulfate,total,ug/l,2,1,0,0,0,0,none
1104-0232,FALSE,fishing,aquatic_chronic,ammonia,total,ug/l,174,9,0,0,0,174,none
1104-0232,FALSE,fishing,aquatic_chronic,nitrite,total,ug/l,32,2,0,0,0,0,none
1104-0232,FALSE,secondary_contact_recreation,recreation,phosphorus,total,ug/l,125,9,1,1,0,0,none
1104-0232,FALSE,primary_contact_recreation,recreation,phosphorus,total,ug/l,125,9,1,1,0,0,none
1104-0232,FALSE,source_of_water_supply,aesthetic_water-supply,iron,total,ug/l,4,2,4,2,0,0,none
1104-0232,FALSE,source_of_water_supply,aesthetic_water-supply,manganese,total,ug/l,4,2,4,2,0,0,none
1104-0232,FALSE,source_of_water_supply,health_water-source,ammonia,total,ug/l,174,9,0,0,0,0,none
1104-0232,FALSE,source_of_water_supply,health_water-source,arsenic,total,ug/l,9,3,0,0,0,0,none
1104-0232,FALSE,source_of_water_supply,health_water-source,nitrate_nitrite,total,ug/l,153,9,0,0,0,0,none
1104-0232,FALSE,source_of_water_supply,health_water-source,nitrite,total,ug/l,32,2,0,0,0,0,none
1104-0232,TRUE,fishing,aquatic_chronic,ammonia,total,ug/l,8,2,0,0,0,8,none
1104-0232,TRUE,fishing,none,dissolved_oxygen,dissolved,mg/l,1,1,2,1,0,0,n_exceedances may not be intiutive for this parameter because there are multiple components to the WQS. n_exceedances may be greater than n_samples_collected if a single sample was marked as an exceedance for multiple components of the WQS.
1104-0232,TRUE,fishing,none,ph,total,ph_units,1,1,0,0,0,0,none
1104-0232,TRUE,secondary_contact_recreation,recreation,phosphorus,total,ug/l,7,2,0,0,0,0,none
1104-0232,TRUE,primary_contact_recreation,recreation,phosphorus,total,ug/l,7,2,0,0,0,0,none
1104-0232,TRUE,source_of_water_supply,aesthetic_water-supply,iron,total,ug/l,1,1,0,0,0,0,none
1104-0232,TRUE,source_of_water_supply,aesthetic_water-supply,manganese,total,ug/l,1,1,0,0,0,0,none
1104-0232,TRUE,source_of_water_supply,health_water-source,ammonia,total,ug/l,8,2,0,0,0,0,none
1104-0232,TRUE,source_of_water_supply,health_water-source,arsenic,total,ug/l,2,1,0,0,0,0,none
1104-0232,TRUE,source_of_water_supply,health_water-source,chloride,total,ug/l,2,1,0,0,0,0,none
1104-0232,TRUE,source_of_water_supply,health_water-source,magnesium,total,ug/l,2,1,0,0,0,0,none
1104-0232,TRUE,source_of_water_supply,health_water-source,nitrate_nitrite,total,ug/l,5,2,0,0,0,0,none
1104-0232,TRUE,source_of_water_supply,health_water-source,sulfate,total,ug/l,2,1,0,0,0,0,none
1104-0233,TRUE,fishing,aquatic_chronic,ammonia,total,ug/l,2,1,0,0,0,2,none
1104-0233,TRUE,fishing,aquatic_chronic,nitrite,total,ug/l,2,1,0,0,0,0,none
1104-0233,TRUE,fishing,none,dissolved_oxygen,dissolved,mg/l,1,1,2,1,0,0,n_exceedances may not be intiutive for this parameter because there are multiple components to the WQS. n_exceedances may be greater than n_samples_collected if a single sample was marked as an exceedance for multiple components of the WQS.
1104-0233,TRUE,fishing,none,ph,total,ph_units,1,1,0,0,0,0,none
1104-0234,FALSE,source_of_water_supply,health_water-source,magnesium,total,ug/l,2,1,0,0,0,0,none
1104-0235,FALSE,fishing,aquatic_chronic,ammonia,total,ug/l,128,12,0,0,0,128,none
1104-0235,FALSE,fishing,aquatic_chronic,nitrite,total,ug/l,16,2,0,0,0,0,none
1104-0235,FALSE,secondary_contact_recreation,recreation,phosphorus,total,ug/l,99,14,0,0,0,0,none
1104-0235,FALSE,primary_contact_recreation,recreation,phosphorus,total,ug/l,99,14,0,0,0,0,none
1104-0235,TRUE,fishing,aquatic_chronic,ammonia,total,ug/l,133,10,0,0,0,133,none
1104-0235,TRUE,fishing,none,dissolved_oxygen,dissolved,mg/l,1,1,0,0,0,0,n_exceedances may not be intiutive for this parameter because there are multiple components to the WQS. n_exceedances may be greater than n_samples_collected if a single sample was marked as an exceedance for multiple components of the WQS.
1104-0235,TRUE,fishing,none,ph,total,ph_units,1,1,0,0,0,0,none
1104-0235,TRUE,secondary_contact_recreation,recreation,phosphorus,total,ug/l,61,9,0,0,0,0,none
1104-0235,TRUE,primary_contact_recreation,recreation,phosphorus,total,ug/l,61,9,0,0,0,0,none
1104-0236,TRUE,fishing,aquatic_acute,arsenic,dissolved,ug/l,1,1,0,0,0,0,none
1104-0236,TRUE,fishing,aquatic_acute,copper,dissolved,ug/l,2,1,0,0,0,0,none
1104-0236,TRUE,fishing,aquatic_acute,nickel,dissolved,ug/l,2,1,0,0,0,0,none
1104-0236,TRUE,fishing,aquatic_acute,zinc,dissolved,ug/l,2,1,0,0,0,0,none
1104-0236,TRUE,fishing,aquatic_chronic,aluminum,dissolved,ug/l,2,1,0,0,0,0,none
1104-0236,TRUE,fishing,aquatic_chronic,ammonia,total,ug/l,2,1,0,0,0,2,none
1104-0236,TRUE,fishing,aquatic_chronic,arsenic,dissolved,ug/l,1,1,0,0,0,0,none
1104-0236,TRUE,fishing,aquatic_chronic,copper,dissolved,ug/l,2,1,0,0,0,0,none
1104-0236,TRUE,fishing,aquatic_chronic,nickel,dissolved,ug/l,2,1,0,0,0,0,none
1104-0236,TRUE,fishing,aquatic_chronic,nitrite,total,ug/l,2,1,0,0,0,0,none
1104-0236,TRUE,fishing,aquatic_chronic,zinc,dissolved,ug/l,2,1,0,0,0,0,none
1104-0236,TRUE,fishing,none,dissolved_oxygen,dissolved,mg/l,1,1,0,0,0,0,n_exceedances may not be intiutive for this parameter because there are multiple components to the WQS. n_exceedances may be greater than n_samples_collected if a single sample was marked as an exceedance for multiple components of the WQS.
1104-0236,TRUE,fishing,none,ph,total,ph_units,1,1,0,0,0,0,none
1104-0236,TRUE,fishing,none,total_dissolved_solids,dissolved,mg/l,2,1,0,0,0,0,none
1104-0236,TRUE,secondary_contact_recreation,none,total_dissolved_solids,dissolved,mg/l,2,1,0,0,0,0,none
1104-0236,TRUE,primary_contact_recreation,none,total_dissolved_solids,dissolved,mg/l,2,1,0,0,0,0,none
1104-0236,TRUE,source_of_water_supply,none,total_dissolved_solids,dissolved,mg/l,2,1,0,0,0,0,none
1104-0236,TRUE,secondary_contact_recreation,recreation,phosphorus,total,ug/l,1,1,0,0,0,0,none
1104-0236,TRUE,primary_contact_recreation,recreation,phosphorus,total,ug/l,1,1,0,0,0,0,none
1104-0236,TRUE,source_of_water_supply,aesthetic_water-supply,iron,total,ug/l,2,1,0,0,0,0,none
1104-0236,TRUE,source_of_water_supply,aesthetic_water-supply,manganese,total,ug/l,2,1,0,0,0,0,none
1104-0236,TRUE,source_of_water_supply,health_water-source,ammonia,total,ug/l,2,1,0,0,0,0,none
1104-0236,TRUE,source_of_water_supply,health_water-source,arsenic,total,ug/l,1,1,0,0,0,0,none
1104-0236,TRUE,source_of_water_supply,health_water-source,chloride,total,ug/l,2,1,0,0,0,0,none
1104-0236,TRUE,source_of_water_supply,health_water-source,copper,total,ug/l,2,1,0,0,0,0,none
1104-0236,TRUE,source_of_water_supply,health_water-source,magnesium,total,ug/l,2,1,0,0,0,0,none
1104-0236,TRUE,source_of_water_supply,health_water-source,nickel,total,ug/l,2,1,0,0,0,0,none
1104-0236,TRUE,source_of_water_supply,health_water-source,nitrate,total,ug/l,4,1,0,0,0,0,none
1104-0236,TRUE,source_of_water_supply,health_water-source,nitrite,total,ug/l,2,1,0,0,0,0,none
1104-0236,TRUE,source_of_water_supply,health_water-source,sulfate,total,ug/l,2,1,0,0,0,0,none
1104-0238,TRUE,fishing,aquatic_chronic,ammonia,total,ug/l,1,1,0,0,0,1,none
1104-0238,TRUE,fishing,none,dissolved_oxygen,dissolved,mg/l,1,1,0,0,0,0,n_exceedances may not be intiutive for this parameter because there are multiple components to the WQS. n_exceedances may be greater than n_samples_collected if a single sample was marked as an exceedance for multiple components of the WQS.
1104-0238,TRUE,fishing,none,ph,total,ph_units,1,1,0,0,0,0,none
1104-0238,TRUE,secondary_contact_recreation,recreation,phosphorus,total,ug/l,1,1,0,0,0,0,none
1104-0238,TRUE,primary_contact_recreation,recreation,phosphorus,total,ug/l,1,1,0,0,0,0,none
1104-0240,TRUE,fishing,aquatic_chronic,ammonia,total,ug/l,1,1,0,0,0,1,none
1104-0240,TRUE,fishing,none,dissolved_oxygen,dissolved,mg/l,1,1,2,1,0,0,n_exceedances may not be intiutive for this parameter because there are multiple components to the WQS. n_exceedances may be greater than n_samples_collected if a single sample was marked as an exceedance for multiple components of the WQS.
1104-0240,TRUE,fishing,none,ph,total,ph_units,1,1,0,0,0,0,none
1104-0252,TRUE,fishing,none,dissolved_oxygen,dissolved,mg/l,1,1,2,1,0,0,n_exceedances may not be intiutive for this parameter because there are multiple components to the WQS. n_exceedances may be greater than n_samples_collected if a single sample was marked as an exceedance for multiple components of the WQS.
1104-0252,TRUE,fishing,none,ph,total,ph_units,1,1,1,1,0,0,none
1104-0255,FALSE,secondary_contact_recreation,recreation,phosphorus,total,ug/l,31,7,0,0,0,0,none
1104-0255,FALSE,primary_contact_recreation,recreation,phosphorus,total,ug/l,31,7,0,0,0,0,none
1104-0255,FALSE,source_of_water_supply,health_water-source,nitrate_nitrite,total,ug/l,31,7,0,0,0,0,none
1104-0255,TRUE,fishing,aquatic_chronic,ammonia,total,ug/l,6,1,0,0,0,6,none
1104-0255,TRUE,fishing,none,dissolved_oxygen,dissolved,mg/l,4,1,4,1,0,0,n_exceedances may not be intiutive for this parameter because there are multiple components to the WQS. n_exceedances may be greater than n_samples_collected if a single sample was marked as an exceedance for multiple components of the WQS.
1104-0255,TRUE,fishing,none,ph,total,ph_units,4,1,2,1,0,0,none
1104-0255,TRUE,secondary_contact_recreation,recreation,phosphorus,total,ug/l,1,1,0,0,0,0,none
1104-0255,TRUE,primary_contact_recreation,recreation,phosphorus,total,ug/l,1,1,0,0,0,0,none
1104-0255,TRUE,source_of_water_supply,aesthetic_water-supply,iron,total,ug/l,4,1,1,1,0,0,none
1104-0255,TRUE,source_of_water_supply,aesthetic_water-supply,manganese,total,ug/l,4,1,1,1,0,0,none
1104-0255,TRUE,source_of_water_supply,health_water-source,ammonia,total,ug/l,6,1,0,0,0,0,none
1104-0255,TRUE,source_of_water_supply,health_water-source,arsenic,total,ug/l,4,1,0,0,0,0,none
1104-0255,TRUE,source_of_water_supply,health_water-source,nitrate_nitrite,total,ug/l,5,1,0,0,0,0,none
1104-0255,TRUE,source_of_water_supply,health_water-source,sulfate,total,ug/l,7,1,0,0,0,0,none
1104-0258,FALSE,fishing,aquatic_chronic,ammonia,total,ug/l,16,2,0,0,0,16,none
1104-0258,FALSE,secondary_contact_recreation,recreation,phosphorus,total,ug/l,40,5,0,0,0,0,none
1104-0258,FALSE,primary_contact_recreation,recreation,phosphorus,total,ug/l,40,5,0,0,0,0,none
1104-0258,FALSE,source_of_water_supply,health_water-source,ammonia,total,ug/l,16,2,0,0,0,0,none
1104-0258,FALSE,source_of_water_supply,health_water-source,nitrate_nitrite,total,ug/l,40,5,0,0,0,0,none
1104-0260,TRUE,fishing,aquatic_chronic,ammonia,total,ug/l,10,2,0,0,0,10,none
1104-0260,TRUE,fishing,none,dissolved_oxygen,dissolved,mg/l,5,2,7,2,0,0,n_exceedances may not be intiutive for this parameter because there are multiple components to the WQS. n_exceedances may be greater than n_samples_collected if a single sample was marked as an exceedance for multiple components of the WQS.
1104-0260,TRUE,fishing,none,ph,total,ph_units,5,2,5,2,0,0,none
1104-0260,TRUE,secondary_contact_recreation,recreation,phosphorus,total,ug/l,2,2,0,0,0,0,none
1104-0260,TRUE,primary_contact_recreation,recreation,phosphorus,total,ug/l,2,2,0,0,0,0,none
1104-0260,TRUE,source_of_water_supply,aesthetic_water-supply,iron,total,ug/l,6,2,3,2,0,0,none
1104-0260,TRUE,source_of_water_supply,aesthetic_water-supply,manganese,total,ug/l,6,2,3,2,0,0,none
1104-0260,TRUE,source_of_water_supply,health_water-source,ammonia,total,ug/l,10,2,0,0,0,0,none
1104-0260,TRUE,source_of_water_supply,health_water-source,arsenic,total,ug/l,6,2,0,0,0,0,none
1104-0260,TRUE,source_of_water_supply,health_water-source,chloride,total,ug/l,2,1,0,0,0,0,none
1104-0260,TRUE,source_of_water_supply,health_water-source,magnesium,total,ug/l,2,1,0,0,0,0,none
1104-0260,TRUE,source_of_water_supply,health_water-source,nitrate_nitrite,total,ug/l,8,2,0,0,0,0,none
1104-0260,TRUE,source_of_water_supply,health_water-source,sulfate,total,ug/l,10,2,0,0,0,0,none
1104-0271,TRUE,fishing,aquatic_chronic,ammonia,total,ug/l,1,1,0,0,0,0,none
1104-0271,TRUE,fishing,none,dissolved_oxygen,dissolved,mg/l,1,1,0,0,0,0,n_exceedances may not be intiutive for this parameter because there are multiple components to the WQS. n_exceedances may be greater than n_samples_collected if a single sample was marked as an exceedance for multiple components of the WQS.
1104-0271,TRUE,fishing,none,ph,total,ph_units,1,1,0,0,0,0,none
1104-0274,FALSE,fishing,aquatic_chronic,ammonia,total,ug/l,1,1,0,0,0,1,none
1104-0274,FALSE,secondary_contact_recreation,recreation,phosphorus,total,ug/l,1,1,0,0,0,0,none
1104-0274,FALSE,primary_contact_recreation,recreation,phosphorus,total,ug/l,1,1,0,0,0,0,none
1104-0274,TRUE,fishing,aquatic_chronic,ammonia,total,ug/l,1,1,0,0,0,1,none
1104-0274,TRUE,fishing,none,dissolved_oxygen,dissolved,mg/l,1,1,0,0,0,0,n_exceedances may not be intiutive for this parameter because there are multiple components to the WQS. n_exceedances may be greater than n_samples_collected if a single sample was marked as an exceedance for multiple components of the WQS.
1104-0274,TRUE,fishing,none,ph,total,ph_units,1,1,0,0,0,0,none
1104-0274,TRUE,secondary_contact_recreation,recreation,phosphorus,total,ug/l,1,1,0,0,0,0,none
1104-0274,TRUE,primary_contact_recreation,recreation,phosphorus,total,ug/l,1,1,0,0,0,0,none
1104-0275,FALSE,fishing,aquatic_chronic,ammonia,total,ug/l,2,1,0,0,0,2,none
1104-0275,FALSE,secondary_contact_recreation,recreation,phosphorus,total,ug/l,1,1,0,0,0,0,none
1104-0275,FALSE,primary_contact_recreation,recreation,phosphorus,total,ug/l,1,1,0,0,0,0,none
1104-0275,FALSE,source_of_water_supply,aesthetic_water-supply,iron,total,ug/l,2,1,0,0,0,0,none
1104-0275,FALSE,source_of_water_supply,aesthetic_water-supply,manganese,total,ug/l,2,1,0,0,0,0,none
1104-0275,FALSE,source_of_water_supply,health_water-source,ammonia,total,ug/l,2,1,0,0,0,0,none
1104-0275,FALSE,source_of_water_supply,health_water-source,arsenic,total,ug/l,1,1,0,0,0,0,none
1104-0275,FALSE,source_of_water_supply,health_water-source,chloride,total,ug/l,2,1,0,0,0,0,none
1104-0275,FALSE,source_of_water_supply,health_water-source,magnesium,total,ug/l,2,1,0,0,0,0,none
1104-0275,FALSE,source_of_water_supply,health_water-source,nitrate_nitrite,total,ug/l,2,1,0,0,0,0,none
1104-0275,FALSE,source_of_water_supply,health_water-source,sulfate,total,ug/l,2,1,0,0,0,0,none
1104-0280,TRUE,fishing,aquatic_chronic,ammonia,total,ug/l,4,2,0,0,0,4,none
1104-0280,TRUE,fishing,none,dissolved_oxygen,dissolved,mg/l,2,2,4,2,0,0,n_exceedances may not be intiutive for this parameter because there are multiple components to the WQS. n_exceedances may be greater than n_samples_collected if a single sample was marked as an exceedance for multiple components of the WQS.
1104-0280,TRUE,fishing,none,ph,total,ph_units,2,2,0,0,0,0,none
1104-0281,TRUE,fishing,aquatic_chronic,ammonia,total,ug/l,3,2,0,0,0,2,none
1104-0281,TRUE,fishing,none,dissolved_oxygen,dissolved,mg/l,2,2,2,1,0,0,n_exceedances may not be intiutive for this parameter because there are multiple components to the WQS. n_exceedances may be greater than n_samples_collected if a single sample was marked as an exceedance for multiple components of the WQS.
1104-0281,TRUE,fishing,none,ph,total,ph_units,2,2,1,1,0,0,none
1104-0284,TRUE,fishing,aquatic_chronic,nitrite,total,ug/l,1,1,0,0,0,0,none
1104-0284,TRUE,fishing,none,dissolved_oxygen,dissolved,mg/l,1,1,2,1,0,0,n_exceedances may not be intiutive for this parameter because there are multiple components to the WQS. n_exceedances may be greater than n_samples_collected if a single sample was marked as an exceedance for multiple components of the WQS.
1104-0284,TRUE,fishing,none,ph,total,ph_units,1,1,0,0,0,0,none
1104-0284,TRUE,secondary_contact_recreation,recreation,phosphorus,total,ug/l,1,1,0,0,0,0,none
1104-0284,TRUE,primary_contact_recreation,recreation,phosphorus,total,ug/l,1,1,0,0,0,0,none
1104-0284,TRUE,source_of_water_supply,aesthetic_water-supply,iron,total,ug/l,1,1,1,1,0,0,none
1104-0284,TRUE,source_of_water_supply,aesthetic_water-supply,manganese,total,ug/l,1,1,0,0,0,0,none
1104-0284,TRUE,source_of_water_supply,health_water-source,arsenic,total,ug/l,1,1,0,0,0,0,none
1104-0284,TRUE,source_of_water_supply,health_water-source,chloride,total,ug/l,1,1,0,0,0,0,none
1104-0284,TRUE,source_of_water_supply,health_water-source,magnesium,total,ug/l,1,1,0,0,0,0,none
1104-0284,TRUE,source_of_water_supply,health_water-source,nitrate,total,ug/l,1,1,0,0,0,0,none
1104-0284,TRUE,source_of_water_supply,health_water-source,nitrate_nitrite,total,ug/l,1,1,0,0,0,0,none
1104-0284,TRUE,source_of_water_supply,health_water-source,nitrite,total,ug/l,1,1,0,0,0,0,none
1104-0284,TRUE,source_of_water_supply,health_water-source,sulfate,total,ug/l,1,1,0,0,0,0,none
1104-0285,TRUE,fishing,aquatic_chronic,ammonia,total,ug/l,2,1,0,0,0,2,none
1104-0285,TRUE,fishing,none,dissolved_oxygen,dissolved,mg/l,2,1,2,1,0,0,n_exceedances may not be intiutive for this parameter because there are multiple components to the WQS. n_exceedances may be greater than n_samples_collected if a single sample was marked as an exceedance for multiple components of the WQS.
1104-0285,TRUE,fishing,none,ph,total,ph_units,2,1,2,1,0,0,none
1104-0286,TRUE,fishing,aquatic_chronic,ammonia,total,ug/l,2,1,0,0,0,1,none
1104-0286,TRUE,fishing,none,dissolved_oxygen,dissolved,mg/l,1,1,0,0,0,0,n_exceedances may not be intiutive for this parameter because there are multiple components to the WQS. n_exceedances may be greater than n_samples_collected if a single sample was marked as an exceedance for multiple components of the WQS.
1104-0286,TRUE,fishing,none,ph,total,ph_units,1,1,0,0,0,0,none
1104-0293,FALSE,fishing,aquatic_chronic,ammonia,total,ug/l,46,7,0,0,0,46,none
1104-0293,FALSE,fishing,aquatic_chronic,nitrite,total,ug/l,14,2,0,0,0,0,none
1104-0293,TRUE,fishing,aquatic_chronic,ammonia,total,ug/l,26,5,0,0,0,26,none
1104-0294,TRUE,fishing,aquatic_chronic,ammonia,total,ug/l,3,2,0,0,0,3,none
1104-0294,TRUE,fishing,none,dissolved_oxygen,dissolved,mg/l,2,2,4,2,0,0,n_exceedances may not be intiutive for this parameter because there are multiple components to the WQS. n_exceedances may be greater than n_samples_collected if a single sample was marked as an exceedance for multiple components of the WQS.
1104-0294,TRUE,fishing,none,ph,total,ph_units,2,2,2,2,0,0,none
1104-0294,TRUE,secondary_contact_recreation,recreation,phosphorus,total,ug/l,1,1,0,0,0,0,none
1104-0294,TRUE,primary_contact_recreation,recreation,phosphorus,total,ug/l,1,1,0,0,0,0,none
1104-0297,TRUE,fishing,aquatic_chronic,ammonia,total,ug/l,1,1,0,0,0,1,none
1104-0297,TRUE,fishing,aquatic_chronic,nitrite,total,ug/l,2,1,0,0,0,0,none
1104-0297,TRUE,fishing,none,dissolved_oxygen,dissolved,mg/l,1,1,2,1,0,0,n_exceedances may not be intiutive for this parameter because there are multiple components to the WQS. n_exceedances may be greater than n_samples_collected if a single sample was marked as an exceedance for multiple components of the WQS.
1104-0297,TRUE,fishing,none,ph,total,ph_units,1,1,1,1,0,0,none
1104-0298,TRUE,fishing,aquatic_chronic,ammonia,total,ug/l,2,1,0,0,0,2,none
1104-0298,TRUE,fishing,aquatic_chronic,nitrite,total,ug/l,2,1,0,0,0,0,none
1104-0298,TRUE,fishing,none,dissolved_oxygen,dissolved,mg/l,1,1,2,1,0,0,n_exceedances may not be intiutive for this parameter because there are multiple components to the WQS. n_exceedances may be greater than n_samples_collected if a single sample was marked as an exceedance for multiple components of the WQS.
1104-0298,TRUE,fishing,none,ph,total,ph_units,1,1,1,1,0,0,none
1104-0304,TRUE,fishing,aquatic_chronic,ammonia,total,ug/l,1,1,0,0,0,1,none
1104-0304,TRUE,fishing,none,dissolved_oxygen,dissolved,mg/l,1,1,0,0,0,0,n_exceedances may not be intiutive for this parameter because there are multiple components to the WQS. n_exceedances may be greater than n_samples_collected if a single sample was marked as an exceedance for multiple components of the WQS.
1104-0304,TRUE,fishing,none,ph,total,ph_units,1,1,1,1,0,0,none
1104-0312,TRUE,fishing,aquatic_chronic,ammonia,total,ug/l,4,2,0,0,0,4,none
1104-0312,TRUE,fishing,none,dissolved_oxygen,dissolved,mg/l,2,2,0,0,0,0,n_exceedances may not be intiutive for this parameter because there are multiple components to the WQS. n_exceedances may be greater than n_samples_collected if a single sample was marked as an exceedance for multiple components of the WQS.
1104-0312,TRUE,fishing,none,ph,total,ph_units,2,2,2,2,0,0,none
1104-0312,TRUE,secondary_contact_recreation,recreation,phosphorus,total,ug/l,1,1,0,0,0,0,none
1104-0312,TRUE,primary_contact_recreation,recreation,phosphorus,total,ug/l,1,1,0,0,0,0,none
1104-0312,TRUE,source_of_water_supply,aesthetic_water-supply,iron,total,ug/l,4,2,0,0,0,0,none
1104-0312,TRUE,source_of_water_supply,aesthetic_water-supply,manganese,total,ug/l,4,2,0,0,0,0,none
1104-0312,TRUE,source_of_water_supply,health_water-source,ammonia,total,ug/l,4,2,0,0,0,0,none
1104-0312,TRUE,source_of_water_supply,health_water-source,arsenic,total,ug/l,2,1,0,0,0,0,none
1104-0312,TRUE,source_of_water_supply,health_water-source,chloride,total,ug/l,2,1,0,0,0,0,none
1104-0312,TRUE,source_of_water_supply,health_water-source,magnesium,total,ug/l,2,1,0,0,0,0,none
1104-0312,TRUE,source_of_water_supply,health_water-source,nitrate_nitrite,total,ug/l,4,2,0,0,0,0,none
1104-0312,TRUE,source_of_water_supply,health_water-source,sulfate,total,ug/l,4,2,0,0,0,0,none
1201-0016,FALSE,fishing,aquatic_chronic,ammonia,total,ug/l,48,5,0,0,0,48,none
1201-0016,FALSE,fishing,aquatic_chronic,nitrite,total,ug/l,10,2,0,0,0,0,none
1201-0016,TRUE,fishing,aquatic_chronic,ammonia,total,ug/l,108,9,0,0,0,108,none
1201-0019,FALSE,secondary_contact_recreation,recreation,phosphorus,total,ug/l,8,3,0,0,0,0,none
1201-0019,FALSE,primary_contact_recreation,recreation,phosphorus,total,ug/l,8,3,0,0,0,0,none
1201-0019,FALSE,source_of_water_supply,health_water-source,nitrate_nitrite,total,ug/l,8,3,0,0,0,0,none
1201-0046,FALSE,fishing,aquatic_chronic,ammonia,total,ug/l,102,10,0,0,0,102,none
1201-0046,FALSE,fishing,aquatic_chronic,nitrite,total,ug/l,13,2,0,0,0,0,none
1201-0046,FALSE,secondary_contact_recreation,recreation,phosphorus,total,ug/l,124,17,0,0,0,0,none
1201-0046,FALSE,primary_contact_recreation,recreation,phosphorus,total,ug/l,124,17,0,0,0,0,none
1201-0046,TRUE,fishing,aquatic_chronic,ammonia,total,ug/l,129,10,0,0,0,129,none
1201-0046,TRUE,secondary_contact_recreation,recreation,phosphorus,total,ug/l,61,9,1,1,0,0,none
1201-0046,TRUE,primary_contact_recreation,recreation,phosphorus,total,ug/l,61,9,1,1,0,0,none
1201-0050,FALSE,fishing,aquatic_chronic,ammonia,total,ug/l,95,10,0,0,0,95,none
1201-0050,FALSE,fishing,aquatic_chronic,nitrite,total,ug/l,16,2,0,0,0,0,none
1201-0050,FALSE,secondary_contact_recreation,recreation,phosphorus,total,ug/l,108,15,1,1,0,0,none
1201-0050,FALSE,primary_contact_recreation,recreation,phosphorus,total,ug/l,108,15,1,1,0,0,none
1201-0050,TRUE,fishing,aquatic_chronic,ammonia,total,ug/l,117,10,0,0,0,117,none
1201-0050,TRUE,secondary_contact_recreation,recreation,phosphorus,total,ug/l,65,9,0,0,0,0,none
1201-0050,TRUE,primary_contact_recreation,recreation,phosphorus,total,ug/l,65,9,0,0,0,0,none
1201-0077,FALSE,fishing,aquatic_chronic,ammonia,total,ug/l,15,3,0,0,0,15,none
1201-0077,FALSE,secondary_contact_recreation,recreation,phosphorus,total,ug/l,9,2,2,2,0,0,none
1201-0077,FALSE,primary_contact_recreation,recreation,phosphorus,total,ug/l,9,2,2,2,0,0,none
1201-0096,FALSE,fishing,aquatic_chronic,ammonia,total,ug/l,5,1,0,0,0,5,none
1201-0096,TRUE,fishing,aquatic_chronic,ammonia,total,ug/l,6,1,0,0,0,6,none
1201-0098,TRUE,fishing,aquatic_chronic,ammonia,total,ug/l,5,1,0,0,0,3,none
1201-0098,TRUE,fishing,none,dissolved_oxygen,dissolved,mg/l,3,1,6,1,0,0,n_exceedances may not be intiutive for this parameter because there are multiple components to the WQS. n_exceedances may be greater than n_samples_collected if a single sample was marked as an exceedance for multiple components of the WQS.
1201-0098,TRUE,fishing,none,ph,total,ph_units,3,1,0,0,0,0,none
1201-0098,TRUE,source_of_water_supply,aesthetic_water-supply,iron,total,ug/l,6,1,1,1,0,0,none
1201-0098,TRUE,source_of_water_supply,aesthetic_water-supply,manganese,total,ug/l,6,1,3,1,0,0,none
1201-0098,TRUE,source_of_water_supply,health_water-source,ammonia,total,ug/l,5,1,1,1,0,0,none
1201-0098,TRUE,source_of_water_supply,health_water-source,arsenic,total,ug/l,1,1,0,0,0,0,none
1201-0098,TRUE,source_of_water_supply,health_water-source,nitrate_nitrite,total,ug/l,2,1,0,0,0,0,none
1201-0098,TRUE,source_of_water_supply,health_water-source,sulfate,total,ug/l,6,1,0,0,0,0,none
1201-0110,FALSE,fishing,aquatic_chronic,ammonia,total,ug/l,109,10,0,0,0,109,none
1201-0110,FALSE,fishing,aquatic_chronic,nitrite,total,ug/l,18,3,0,0,0,0,none
1201-0110,FALSE,secondary_contact_recreation,recreation,phosphorus,total,ug/l,131,20,3,3,0,0,none
1201-0110,FALSE,primary_contact_recreation,recreation,phosphorus,total,ug/l,131,20,3,3,0,0,none
1201-0110,TRUE,fishing,aquatic_chronic,ammonia,total,ug/l,130,10,0,0,0,130,none
1201-0110,TRUE,secondary_contact_recreation,recreation,phosphorus,total,ug/l,65,9,1,1,0,0,none
1201-0110,TRUE,primary_contact_recreation,recreation,phosphorus,total,ug/l,65,9,1,1,0,0,none
1201-0113,FALSE,fishing,aquatic_chronic,ammonia,total,ug/l,90,11,0,0,0,90,none
1201-0113,FALSE,fishing,aquatic_chronic,nitrite,total,ug/l,29,2,0,0,0,0,none
1201-0113,FALSE,secondary_contact_recreation,recreation,phosphorus,total,ug/l,109,14,14,14,0,0,none
1201-0113,FALSE,primary_contact_recreation,recreation,phosphorus,total,ug/l,109,14,14,14,0,0,none
1201-0113,TRUE,fishing,aquatic_chronic,ammonia,total,ug/l,44,6,0,0,0,44,none
1201-0113,TRUE,secondary_contact_recreation,recreation,phosphorus,total,ug/l,47,6,6,6,0,0,none
1201-0113,TRUE,primary_contact_recreation,recreation,phosphorus,total,ug/l,47,6,6,6,0,0,none
1201-0114,TRUE,fishing,aquatic_chronic,ammonia,total,ug/l,1,1,0,0,0,1,none
1201-0114,TRUE,fishing,aquatic_chronic,nitrite,total,ug/l,1,1,0,0,0,0,none
1201-0114,TRUE,fishing,none,dissolved_oxygen,dissolved,mg/l,1,1,0,0,0,0,n_exceedances may not be intiutive for this parameter because there are multiple components to the WQS. n_exceedances may be greater than n_samples_collected if a single sample was marked as an exceedance for multiple components of the WQS.
1201-0114,TRUE,fishing,none,ph,total,ph_units,1,1,0,0,0,0,none
1201-0120,FALSE,fishing,aquatic_chronic,ammonia,total,ug/l,2,1,0,0,0,2,none
1201-0120,FALSE,secondary_contact_recreation,recreation,phosphorus,total,ug/l,1,1,0,0,0,0,none
1201-0120,FALSE,primary_contact_recreation,recreation,phosphorus,total,ug/l,1,1,0,0,0,0,none
1201-0120,FALSE,source_of_water_supply,aesthetic_water-supply,iron,total,ug/l,2,1,0,0,0,0,none
1201-0120,FALSE,source_of_water_supply,aesthetic_water-supply,manganese,total,ug/l,2,1,0,0,0,0,none
1201-0120,FALSE,source_of_water_supply,health_water-source,ammonia,total,ug/l,2,1,0,0,0,0,none
1201-0120,FALSE,source_of_water_supply,health_water-source,chloride,total,ug/l,2,1,0,0,0,0,none
1201-0120,FALSE,source_of_water_supply,health_water-source,magnesium,total,ug/l,2,1,0,0,0,0,none
1201-0120,FALSE,source_of_water_supply,health_water-source,nitrate_nitrite,total,ug/l,2,1,0,0,0,0,none
1201-0120,FALSE,source_of_water_supply,health_water-source,sulfate,total,ug/l,2,1,0,0,0,0,none
1201-0120,TRUE,fishing,aquatic_chronic,ammonia,total,ug/l,4,1,0,0,0,4,none
1201-0120,TRUE,fishing,aquatic_chronic,nitrite,total,ug/l,4,1,0,0,0,0,none
1201-0120,TRUE,fishing,none,dissolved_oxygen,dissolved,mg/l,3,1,3,1,0,0,n_exceedances may not be intiutive for this parameter because there are multiple components to the WQS. n_exceedances may be greater than n_samples_collected if a single sample was marked as an exceedance for multiple components of the WQS.
1201-0120,TRUE,fishing,none,ph,total,ph_units,3,1,0,0,0,0,none
1201-0120,TRUE,secondary_contact_recreation,recreation,phosphorus,total,ug/l,3,1,0,0,0,0,none
1201-0120,TRUE,primary_contact_recreation,recreation,phosphorus,total,ug/l,3,1,0,0,0,0,none
1201-0120,TRUE,source_of_water_supply,aesthetic_water-supply,iron,total,ug/l,6,1,0,0,0,0,none
1201-0120,TRUE,source_of_water_supply,aesthetic_water-supply,manganese,total,ug/l,5,1,0,0,0,0,none
1201-0120,TRUE,source_of_water_supply,health_water-source,ammonia,total,ug/l,4,1,0,0,0,0,none
1201-0120,TRUE,source_of_water_supply,health_water-source,arsenic,total,ug/l,6,1,0,0,0,0,none
1201-0120,TRUE,source_of_water_supply,health_water-source,chloride,total,ug/l,6,1,0,0,0,0,none
1201-0120,TRUE,source_of_water_supply,health_water-source,magnesium,total,ug/l,6,1,0,0,0,0,none
1201-0120,TRUE,source_of_water_supply,health_water-source,nitrate,total,ug/l,2,1,0,0,0,0,none
1201-0120,TRUE,source_of_water_supply,health_water-source,nitrate_nitrite,total,ug/l,4,1,0,0,0,0,none
1201-0120,TRUE,source_of_water_supply,health_water-source,nitrite,total,ug/l,4,1,0,0,0,0,none
1201-0120,TRUE,source_of_water_supply,health_water-source,sulfate,total,ug/l,6,1,0,0,0,0,none
1201-0139,TRUE,fishing,aquatic_chronic,ammonia,total,ug/l,1,1,0,0,0,1,none
1201-0139,TRUE,fishing,aquatic_chronic,nitrite,total,ug/l,1,1,0,0,0,0,none
1201-0139,TRUE,fishing,none,dissolved_oxygen,dissolved,mg/l,1,1,0,0,0,0,n_exceedances may not be intiutive for this parameter because there are multiple components to the WQS. n_exceedances may be greater than n_samples_collected if a single sample was marked as an exceedance for multiple components of the WQS.
1201-0139,TRUE,fishing,none,ph,total,ph_units,1,1,0,0,0,0,none
1201-0140,FALSE,fishing,aquatic_chronic,ammonia,total,ug/l,2,1,0,0,0,2,none
1201-0141,FALSE,fishing,aquatic_chronic,ammonia,total,ug/l,1,1,0,0,0,1,none
1201-0144,FALSE,fishing,aquatic_chronic,ammonia,total,ug/l,6,1,0,0,0,6,none
1201-0144,FALSE,fishing,aquatic_chronic,nitrite,total,ug/l,6,1,0,0,0,0,none
1201-0144,FALSE,secondary_contact_recreation,recreation,phosphorus,total,ug/l,27,6,0,0,0,0,none
1201-0144,FALSE,primary_contact_recreation,recreation,phosphorus,total,ug/l,27,6,0,0,0,0,none
1201-0144,TRUE,fishing,aquatic_chronic,ammonia,total,ug/l,48,4,0,0,0,48,none
1201-0144,TRUE,secondary_contact_recreation,recreation,phosphorus,total,ug/l,23,3,0,0,0,0,none
1201-0144,TRUE,primary_contact_recreation,recreation,phosphorus,total,ug/l,23,3,0,0,0,0,none
1201-0150,TRUE,fishing,aquatic_chronic,ammonia,total,ug/l,4,2,0,0,0,4,none
1201-0150,TRUE,fishing,none,dissolved_oxygen,dissolved,mg/l,2,2,3,2,0,0,n_exceedances may not be intiutive for this parameter because there are multiple components to the WQS. n_exceedances may be greater than n_samples_collected if a single sample was marked as an exceedance for multiple components of the WQS.
1201-0150,TRUE,fishing,none,ph,total,ph_units,2,2,0,0,0,0,none
1201-0151,FALSE,fishing,aquatic_chronic,ammonia,total,ug/l,10,2,0,0,0,10,none
1201-0151,FALSE,secondary_contact_recreation,recreation,phosphorus,total,ug/l,5,2,0,0,0,0,none
1201-0151,FALSE,primary_contact_recreation,recreation,phosphorus,total,ug/l,5,2,0,0,0,0,none
1201-0160,TRUE,fishing,aquatic_chronic,ammonia,total,ug/l,3,2,0,0,0,3,none
1201-0160,TRUE,fishing,none,dissolved_oxygen,dissolved,mg/l,1,1,2,1,0,0,n_exceedances may not be intiutive for this parameter because there are multiple components to the WQS. n_exceedances may be greater than n_samples_collected if a single sample was marked as an exceedance for multiple components of the WQS.
1201-0160,TRUE,fishing,none,ph,total,ph_units,1,1,1,1,0,0,none
1201-0161,TRUE,fishing,aquatic_chronic,ammonia,total,ug/l,2,1,0,0,0,2,none
1201-0161,TRUE,fishing,aquatic_chronic,nitrite,total,ug/l,2,1,0,0,0,0,none
1201-0161,TRUE,fishing,none,dissolved_oxygen,dissolved,mg/l,3,1,0,0,0,0,n_exceedances may not be intiutive for this parameter because there are multiple components to the WQS. n_exceedances may be greater than n_samples_collected if a single sample was marked as an exceedance for multiple components of the WQS.
1201-0161,TRUE,fishing,none,ph,total,ph_units,3,1,0,0,0,0,none
1201-0161,TRUE,secondary_contact_recreation,recreation,phosphorus,total,ug/l,2,1,0,0,0,0,none
1201-0161,TRUE,primary_contact_recreation,recreation,phosphorus,total,ug/l,2,1,0,0,0,0,none
1201-0161,TRUE,source_of_water_supply,aesthetic_water-supply,iron,total,ug/l,3,1,0,0,0,0,none
1201-0161,TRUE,source_of_water_supply,aesthetic_water-supply,manganese,total,ug/l,3,1,0,0,0,0,none
1201-0161,TRUE,source_of_water_supply,health_water-source,ammonia,total,ug/l,2,1,0,0,0,0,none
1201-0161,TRUE,source_of_water_supply,health_water-source,arsenic,total,ug/l,3,1,0,0,0,0,none
1201-0161,TRUE,source_of_water_supply,health_water-source,chloride,total,ug/l,3,1,0,0,0,0,none
1201-0161,TRUE,source_of_water_supply,health_water-source,magnesium,total,ug/l,3,1,0,0,0,0,none
1201-0161,TRUE,source_of_water_supply,health_water-source,nitrate,total,ug/l,1,1,0,0,0,0,none
1201-0161,TRUE,source_of_water_supply,health_water-source,nitrate_nitrite,total,ug/l,2,1,0,0,0,0,none
1201-0161,TRUE,source_of_water_supply,health_water-source,nitrite,total,ug/l,2,1,0,0,0,0,none
1201-0161,TRUE,source_of_water_supply,health_water-source,sulfate,total,ug/l,3,1,0,0,0,0,none
1201-0167,TRUE,secondary_contact_recreation,recreation,phosphorus,total,ug/l,1,1,0,0,0,0,none
1201-0167,TRUE,primary_contact_recreation,recreation,phosphorus,total,ug/l,1,1,0,0,0,0,none
1201-0167,TRUE,source_of_water_supply,aesthetic_water-supply,iron,total,ug/l,1,1,0,0,0,0,none
1201-0167,TRUE,source_of_water_supply,aesthetic_water-supply,manganese,total,ug/l,1,1,0,0,0,0,none
1201-0167,TRUE,source_of_water_supply,health_water-source,copper,total,ug/l,1,1,0,0,0,0,none
1201-0167,TRUE,source_of_water_supply,health_water-source,nitrate_nitrite,total,ug/l,1,1,0,0,0,0,none
1201-0167,TRUE,source_of_water_supply,health_water-source,sulfate,total,ug/l,1,1,0,0,0,0,none
1201-0168,TRUE,source_of_water_supply,aesthetic_water-supply,iron,total,ug/l,1,1,0,0,0,0,none
1201-0168,TRUE,source_of_water_supply,aesthetic_water-supply,manganese,total,ug/l,1,1,0,0,0,0,none
1201-0168,TRUE,source_of_water_supply,health_water-source,copper,total,ug/l,1,1,0,0,0,0,none
1201-0168,TRUE,source_of_water_supply,health_water-source,sulfate,total,ug/l,1,1,0,0,0,0,none
1201-0169,FALSE,fishing,aquatic_chronic,ammonia,total,ug/l,4,1,0,0,0,4,none
1201-0169,FALSE,secondary_contact_recreation,recreation,phosphorus,total,ug/l,2,1,0,0,0,0,none
1201-0169,FALSE,primary_contact_recreation,recreation,phosphorus,total,ug/l,2,1,0,0,0,0,none
1201-0169,FALSE,source_of_water_supply,aesthetic_water-supply,iron,total,ug/l,4,1,2,1,0,0,none
1201-0169,FALSE,source_of_water_supply,aesthetic_water-supply,manganese,total,ug/l,4,1,1,1,0,0,none
1201-0169,FALSE,source_of_water_supply,health_water-source,ammonia,total,ug/l,4,1,0,0,0,0,none
1201-0169,FALSE,source_of_water_supply,health_water-source,chloride,total,ug/l,4,1,0,0,0,0,none
1201-0169,FALSE,source_of_water_supply,health_water-source,magnesium,total,ug/l,4,1,0,0,0,0,none
1201-0169,FALSE,source_of_water_supply,health_water-source,nitrate_nitrite,total,ug/l,4,1,0,0,0,0,none
1201-0169,FALSE,source_of_water_supply,health_water-source,sulfate,total,ug/l,4,1,0,0,0,0,none
1201-0170,FALSE,secondary_contact_recreation,recreation,phosphorus,total,ug/l,1,1,0,0,0,0,none
1201-0170,FALSE,primary_contact_recreation,recreation,phosphorus,total,ug/l,1,1,0,0,0,0,none
1201-0175,FALSE,fishing,aquatic_chronic,ammonia,total,ug/l,81,9,0,0,0,81,none
1201-0175,FALSE,fishing,aquatic_chronic,nitrite,total,ug/l,8,1,0,0,0,0,none
1201-0175,FALSE,secondary_contact_recreation,recreation,phosphorus,total,ug/l,62,11,0,0,0,0,none
1201-0175,FALSE,primary_contact_recreation,recreation,phosphorus,total,ug/l,62,11,0,0,0,0,none
1201-0175,TRUE,fishing,aquatic_chronic,ammonia,total,ug/l,106,9,0,0,0,106,none
1201-0175,TRUE,secondary_contact_recreation,recreation,phosphorus,total,ug/l,61,9,0,0,0,0,none
1201-0175,TRUE,primary_contact_recreation,recreation,phosphorus,total,ug/l,61,9,0,0,0,0,none
1201-0181,TRUE,fishing,aquatic_chronic,ammonia,total,ug/l,2,1,0,0,0,2,none
1201-0181,TRUE,fishing,none,dissolved_oxygen,dissolved,mg/l,1,1,0,0,0,0,n_exceedances may not be intiutive for this parameter because there are multiple components to the WQS. n_exceedances may be greater than n_samples_collected if a single sample was marked as an exceedance for multiple components of the WQS.
1201-0181,TRUE,fishing,none,ph,total,ph_units,1,1,0,0,0,0,none
1201-0181,TRUE,secondary_contact_recreation,recreation,phosphorus,total,ug/l,1,1,0,0,0,0,none
1201-0181,TRUE,primary_contact_recreation,recreation,phosphorus,total,ug/l,1,1,0,0,0,0,none
1201-0181,TRUE,source_of_water_supply,aesthetic_water-supply,iron,total,ug/l,2,1,1,1,0,0,none
1201-0181,TRUE,source_of_water_supply,aesthetic_water-supply,manganese,total,ug/l,2,1,0,0,0,0,none
1201-0181,TRUE,source_of_water_supply,health_water-source,ammonia,total,ug/l,2,1,0,0,0,0,none
1201-0181,TRUE,source_of_water_supply,health_water-source,arsenic,total,ug/l,2,1,0,0,0,0,none
1201-0181,TRUE,source_of_water_supply,health_water-source,chloride,total,ug/l,2,1,0,0,0,0,none
1201-0181,TRUE,source_of_water_supply,health_water-source,nitrate_nitrite,total,ug/l,2,1,0,0,0,0,none
1201-0181,TRUE,source_of_water_supply,health_water-source,sulfate,total,ug/l,2,1,0,0,0,0,none
1201-0186,TRUE,fishing,aquatic_chronic,ammonia,total,ug/l,1,1,0,0,0,1,none
1201-0186,TRUE,secondary_contact_recreation,recreation,phosphorus,total,ug/l,1,1,0,0,0,0,none
1201-0186,TRUE,primary_contact_recreation,recreation,phosphorus,total,ug/l,1,1,0,0,0,0,none
1201-0186,TRUE,source_of_water_supply,aesthetic_water-supply,iron,total,ug/l,2,1,0,0,0,0,none
1201-0186,TRUE,source_of_water_supply,aesthetic_water-supply,manganese,total,ug/l,2,1,0,0,0,0,none
1201-0186,TRUE,source_of_water_supply,health_water-source,ammonia,total,ug/l,1,1,0,0,0,0,none
1201-0186,TRUE,source_of_water_supply,health_water-source,copper,total,ug/l,2,1,0,0,0,0,none
1201-0186,TRUE,source_of_water_supply,health_water-source,nitrate_nitrite,total,ug/l,1,1,0,0,0,0,none
1201-0186,TRUE,source_of_water_supply,health_water-source,sulfate,total,ug/l,2,1,0,0,0,0,none
1201-0196,FALSE,fishing,aquatic_chronic,ammonia,total,ug/l,1,1,0,0,0,1,none
1201-0196,TRUE,fishing,aquatic_chronic,ammonia,total,ug/l,1,1,0,0,0,1,none
1201-0196,TRUE,fishing,none,dissolved_oxygen,dissolved,mg/l,1,1,2,1,0,0,n_exceedances may not be intiutive for this parameter because there are multiple components to the WQS. n_exceedances may be greater than n_samples_collected if a single sample was marked as an exceedance for multiple components of the WQS.
1201-0196,TRUE,fishing,none,ph,total,ph_units,1,1,0,0,0,0,none
1201-0198,FALSE,fishing,aquatic_chronic,ammonia,total,ug/l,8,1,0,0,0,8,none
1201-0198,FALSE,secondary_contact_recreation,recreation,phosphorus,total,ug/l,4,1,0,0,0,0,none
1201-0198,FALSE,primary_contact_recreation,recreation,phosphorus,total,ug/l,4,1,0,0,0,0,none
1201-0198,FALSE,source_of_water_supply,aesthetic_water-supply,iron,total,ug/l,8,1,2,1,0,0,none
1201-0198,FALSE,source_of_water_supply,aesthetic_water-supply,manganese,total,ug/l,8,1,1,1,0,0,none
1201-0198,FALSE,source_of_water_supply,health_water-source,ammonia,total,ug/l,8,1,0,0,0,0,none
1201-0198,FALSE,source_of_water_supply,health_water-source,arsenic,total,ug/l,3,1,0,0,0,0,none
1201-0198,FALSE,source_of_water_supply,health_water-source,chloride,total,ug/l,8,1,0,0,0,0,none
1201-0198,FALSE,source_of_water_supply,health_water-source,magnesium,total,ug/l,8,1,0,0,0,0,none
1201-0198,FALSE,source_of_water_supply,health_water-source,nitrate_nitrite,total,ug/l,8,1,0,0,0,0,none
1201-0198,FALSE,source_of_water_supply,health_water-source,sulfate,total,ug/l,6,1,0,0,0,0,none
1201-0198,TRUE,fishing,aquatic_chronic,ammonia,total,ug/l,8,1,0,0,0,8,none
1201-0198,TRUE,fishing,aquatic_chronic,nitrite,total,ug/l,6,1,0,0,0,0,none
1201-0198,TRUE,fishing,none,dissolved_oxygen,dissolved,mg/l,3,1,6,1,0,0,n_exceedances may not be intiutive for this parameter because there are multiple components to the WQS. n_exceedances may be greater than n_samples_collected if a single sample was marked as an exceedance for multiple components of the WQS.
1201-0198,TRUE,fishing,none,ph,total,ph_units,3,1,0,0,0,0,none
1201-0198,TRUE,secondary_contact_recreation,recreation,phosphorus,total,ug/l,3,1,0,0,0,0,none
1201-0198,TRUE,primary_contact_recreation,recreation,phosphorus,total,ug/l,3,1,0,0,0,0,none
1201-0198,TRUE,source_of_water_supply,aesthetic_water-supply,iron,total,ug/l,10,1,4,1,0,0,none
1201-0198,TRUE,source_of_water_supply,aesthetic_water-supply,manganese,total,ug/l,8,1,3,1,0,0,none
1201-0198,TRUE,source_of_water_supply,health_water-source,ammonia,total,ug/l,8,1,0,0,0,0,none
1201-0198,TRUE,source_of_water_supply,health_water-source,arsenic,total,ug/l,10,1,0,0,0,0,none
1201-0198,TRUE,source_of_water_supply,health_water-source,chloride,total,ug/l,10,1,0,0,0,0,none
1201-0198,TRUE,source_of_water_supply,health_water-source,magnesium,total,ug/l,10,1,0,0,0,0,none
1201-0198,TRUE,source_of_water_supply,health_water-source,nitrate,total,ug/l,2,1,0,0,0,0,none
1201-0198,TRUE,source_of_water_supply,health_water-source,nitrate_nitrite,total,ug/l,6,1,0,0,0,0,none
1201-0198,TRUE,source_of_water_supply,health_water-source,nitrite,total,ug/l,6,1,0,0,0,0,none
1201-0198,TRUE,source_of_water_supply,health_water-source,sulfate,total,ug/l,10,1,0,0,0,0,none
1202-0005,FALSE,fishing,aquatic_chronic,ammonia,total,ug/l,4,2,0,0,0,4,none
1202-0005,FALSE,secondary_contact_recreation,recreation,phosphorus,total,ug/l,6,3,2,2,0,0,none
1202-0005,FALSE,primary_contact_recreation,recreation,phosphorus,total,ug/l,6,3,2,2,0,0,none
1202-0006,FALSE,fishing,aquatic_chronic,ammonia,total,ug/l,11,2,0,0,0,11,none
1202-0009,TRUE,fishing,aquatic_chronic,ammonia,total,ug/l,3,1,0,0,0,1,none
1202-0009,TRUE,fishing,none,dissolved_oxygen,dissolved,mg/l,6,2,6,1,0,0,n_exceedances may not be intiutive for this parameter because there are multiple components to the WQS. n_exceedances may be greater than n_samples_collected if a single sample was marked as an exceedance for multiple components of the WQS.
1202-0009,TRUE,fishing,none,ph,total,ph_units,6,2,0,0,0,0,none
1202-0009,TRUE,secondary_contact_recreation,recreation,phosphorus,total,ug/l,2,2,2,2,0,0,none
1202-0009,TRUE,primary_contact_recreation,recreation,phosphorus,total,ug/l,2,2,2,2,0,0,none
1202-0009,TRUE,source_of_water_supply,aesthetic_water-supply,iron,total,ug/l,6,2,3,2,0,0,none
1202-0009,TRUE,source_of_water_supply,aesthetic_water-supply,manganese,total,ug/l,6,2,0,0,0,0,none
1202-0009,TRUE,source_of_water_supply,health_water-source,ammonia,total,ug/l,3,1,0,0,0,0,none
1202-0009,TRUE,source_of_water_supply,health_water-source,arsenic,total,ug/l,1,1,0,0,0,0,none
1202-0009,TRUE,source_of_water_supply,health_water-source,chloride,total,ug/l,1,1,0,0,0,0,none
1202-0009,TRUE,source_of_water_supply,health_water-source,copper,total,ug/l,1,1,0,0,0,0,none
1202-0009,TRUE,source_of_water_supply,health_water-source,nitrate_nitrite,total,ug/l,6,2,0,0,0,0,none
1202-0009,TRUE,source_of_water_supply,health_water-source,sulfate,total,ug/l,6,2,0,0,0,0,none
1202-0011,FALSE,fishing,aquatic_chronic,ammonia,total,ug/l,2,1,0,0,0,2,none
1202-0011,FALSE,secondary_contact_recreation,recreation,phosphorus,total,ug/l,2,2,0,0,0,0,none
1202-0011,FALSE,primary_contact_recreation,recreation,phosphorus,total,ug/l,2,2,0,0,0,0,none
1202-0014,FALSE,fishing,aquatic_chronic,ammonia,total,ug/l,5,2,0,0,0,5,none
1202-0014,FALSE,secondary_contact_recreation,recreation,phosphorus,total,ug/l,40,8,6,6,0,0,none
1202-0014,FALSE,primary_contact_recreation,recreation,phosphorus,total,ug/l,40,8,6,6,0,0,none
1202-0015,TRUE,fishing,aquatic_chronic,ammonia,total,ug/l,4,2,0,0,0,4,none
1202-0015,TRUE,fishing,aquatic_chronic,nitrite,total,ug/l,2,1,0,0,0,0,none
1202-0015,TRUE,fishing,none,dissolved_oxygen,dissolved,mg/l,2,2,4,2,0,0,n_exceedances may not be intiutive for this parameter because there are multiple components to the WQS. n_exceedances may be greater than n_samples_collected if a single sample was marked as an exceedance for multiple components of the WQS.
1202-0015,TRUE,fishing,none,ph,total,ph_units,2,2,0,0,0,0,none
1202-0015,TRUE,secondary_contact_recreation,recreation,phosphorus,total,ug/l,2,2,2,2,0,0,none
1202-0015,TRUE,primary_contact_recreation,recreation,phosphorus,total,ug/l,2,2,2,2,0,0,none
1202-0015,TRUE,source_of_water_supply,aesthetic_water-supply,iron,total,ug/l,4,2,2,1,0,0,none
1202-0015,TRUE,source_of_water_supply,aesthetic_water-supply,manganese,total,ug/l,3,2,1,1,0,0,none
1202-0015,TRUE,source_of_water_supply,health_water-source,ammonia,total,ug/l,4,2,0,0,0,0,none
1202-0015,TRUE,source_of_water_supply,health_water-source,arsenic,total,ug/l,4,2,0,0,0,0,none
1202-0015,TRUE,source_of_water_supply,health_water-source,chloride,total,ug/l,4,2,0,0,0,0,none
1202-0015,TRUE,source_of_water_supply,health_water-source,magnesium,total,ug/l,2,1,0,0,0,0,none
1202-0015,TRUE,source_of_water_supply,health_water-source,nitrate_nitrite,total,ug/l,2,1,0,0,0,0,none
1202-0015,TRUE,source_of_water_supply,health_water-source,nitrite,total,ug/l,2,1,0,0,0,0,none
1202-0015,TRUE,source_of_water_supply,health_water-source,sulfate,total,ug/l,4,2,0,0,0,0,none
1202-0016,TRUE,fishing,aquatic_chronic,ammonia,total,ug/l,11,1,0,0,0,6,none
1202-0016,TRUE,fishing,none,dissolved_oxygen,dissolved,mg/l,6,1,8,1,0,0,n_exceedances may not be intiutive for this parameter because there are multiple components to the WQS. n_exceedances may be greater than n_samples_collected if a single sample was marked as an exceedance for multiple components of the WQS.
1202-0016,TRUE,fishing,none,ph,total,ph_units,6,1,0,0,0,0,none
1202-0016,TRUE,source_of_water_supply,aesthetic_water-supply,iron,total,ug/l,12,1,8,1,0,0,none
1202-0016,TRUE,source_of_water_supply,aesthetic_water-supply,manganese,total,ug/l,12,1,5,1,0,0,none
1202-0016,TRUE,source_of_water_supply,health_water-source,ammonia,total,ug/l,11,1,0,0,0,0,none
1202-0016,TRUE,source_of_water_supply,health_water-source,arsenic,total,ug/l,12,1,0,0,0,0,none
1202-0016,TRUE,source_of_water_supply,health_water-source,copper,total,ug/l,12,1,0,0,0,0,none
1202-0016,TRUE,source_of_water_supply,health_water-source,nitrate_nitrite,total,ug/l,10,1,0,0,0,0,none
1202-0016,TRUE,source_of_water_supply,health_water-source,sulfate,total,ug/l,3,1,0,0,0,0,none
1202-0036,TRUE,fishing,aquatic_chronic,ammonia,total,ug/l,2,1,0,0,0,2,none
1202-0036,TRUE,fishing,none,dissolved_oxygen,dissolved,mg/l,2,2,1,1,0,0,n_exceedances may not be intiutive for this parameter because there are multiple components to the WQS. n_exceedances may be greater than n_samples_collected if a single sample was marked as an exceedance for multiple components of the WQS.
1202-0036,TRUE,fishing,none,ph,total,ph_units,2,2,0,0,0,0,none
1202-0037,FALSE,fishing,aquatic_chronic,ammonia,total,ug/l,5,2,0,0,0,5,none
1202-0037,FALSE,secondary_contact_recreation,recreation,phosphorus,total,ug/l,5,2,2,2,0,0,none
1202-0037,FALSE,primary_contact_recreation,recreation,phosphorus,total,ug/l,5,2,2,2,0,0,none
1202-0042,TRUE,fishing,aquatic_chronic,ammonia,total,ug/l,1,1,0,0,0,1,none
1202-0042,TRUE,fishing,none,dissolved_oxygen,dissolved,mg/l,1,1,1,1,0,0,n_exceedances may not be intiutive for this parameter because there are multiple components to the WQS. n_exceedances may be greater than n_samples_collected if a single sample was marked as an exceedance for multiple components of the WQS.
1202-0042,TRUE,fishing,none,ph,total,ph_units,1,1,0,0,0,0,none
1202-0044,FALSE,secondary_contact_recreation,recreation,phosphorus,total,ug/l,2,1,0,0,0,0,none
1202-0044,FALSE,primary_contact_recreation,recreation,phosphorus,total,ug/l,2,1,0,0,0,0,none
1202-0044,TRUE,fishing,aquatic_chronic,ammonia,total,ug/l,8,1,0,0,0,4,none
1202-0044,TRUE,fishing,none,dissolved_oxygen,dissolved,mg/l,4,1,4,1,0,0,n_exceedances may not be intiutive for this parameter because there are multiple components to the WQS. n_exceedances may be greater than n_samples_collected if a single sample was marked as an exceedance for multiple components of the WQS.
1202-0044,TRUE,fishing,none,ph,total,ph_units,4,1,0,0,0,0,none
1202-0049,FALSE,fishing,aquatic_chronic,ammonia,total,ug/l,5,2,0,0,0,5,none
1202-0055,FALSE,fishing,aquatic_chronic,ammonia,total,ug/l,5,2,0,0,0,5,none
1202-0060,FALSE,fishing,aquatic_chronic,ammonia,total,ug/l,1,1,0,0,0,1,none
1202-0060,FALSE,secondary_contact_recreation,recreation,phosphorus,total,ug/l,1,1,0,0,0,0,none
1202-0060,FALSE,primary_contact_recreation,recreation,phosphorus,total,ug/l,1,1,0,0,0,0,none
1202-0061,FALSE,fishing,aquatic_chronic,ammonia,total,ug/l,1,1,0,0,0,1,none
1202-0061,FALSE,secondary_contact_recreation,recreation,phosphorus,total,ug/l,1,1,0,0,0,0,none
1202-0061,FALSE,primary_contact_recreation,recreation,phosphorus,total,ug/l,1,1,0,0,0,0,none
1202-0064,FALSE,fishing,aquatic_chronic,ammonia,total,ug/l,1,1,0,0,0,1,none
1202-0064,TRUE,fishing,aquatic_chronic,ammonia,total,ug/l,1,1,0,0,0,1,none
1202-0064,TRUE,fishing,none,dissolved_oxygen,dissolved,mg/l,1,1,2,1,0,0,n_exceedances may not be intiutive for this parameter because there are multiple components to the WQS. n_exceedances may be greater than n_samples_collected if a single sample was marked as an exceedance for multiple components of the WQS.
1202-0064,TRUE,fishing,none,ph,total,ph_units,1,1,0,0,0,0,none
1202-0070,FALSE,fishing,aquatic_chronic,ammonia,total,ug/l,1,1,0,0,0,1,none
1202-0070,FALSE,secondary_contact_recreation,recreation,phosphorus,total,ug/l,1,1,0,0,0,0,none
1202-0070,FALSE,primary_contact_recreation,recreation,phosphorus,total,ug/l,1,1,0,0,0,0,none
1202-0070,TRUE,fishing,aquatic_chronic,ammonia,total,ug/l,1,1,0,0,0,1,none
1202-0070,TRUE,fishing,none,dissolved_oxygen,dissolved,mg/l,1,1,0,0,0,0,n_exceedances may not be intiutive for this parameter because there are multiple components to the WQS. n_exceedances may be greater than n_samples_collected if a single sample was marked as an exceedance for multiple components of the WQS.
1202-0070,TRUE,fishing,none,ph,total,ph_units,1,1,0,0,0,0,none
1202-0070,TRUE,secondary_contact_recreation,recreation,phosphorus,total,ug/l,1,1,0,0,0,0,none
1202-0070,TRUE,primary_contact_recreation,recreation,phosphorus,total,ug/l,1,1,0,0,0,0,none
1202-0071,FALSE,fishing,aquatic_chronic,ammonia,total,ug/l,2,1,0,0,0,2,none
1202-0071,FALSE,secondary_contact_recreation,recreation,phosphorus,total,ug/l,2,2,0,0,0,0,none
1202-0071,FALSE,primary_contact_recreation,recreation,phosphorus,total,ug/l,2,2,0,0,0,0,none
1203-0002,FALSE,fishing,aquatic_chronic,ammonia,total,ug/l,1,1,0,0,0,1,none
1203-0002,TRUE,fishing,aquatic_chronic,ammonia,total,ug/l,1,1,0,0,0,1,none
1203-0002,TRUE,fishing,none,dissolved_oxygen,dissolved,mg/l,1,1,0,0,0,0,n_exceedances may not be intiutive for this parameter because there are multiple components to the WQS. n_exceedances may be greater than n_samples_collected if a single sample was marked as an exceedance for multiple components of the WQS.
1203-0002,TRUE,fishing,none,ph,total,ph_units,1,1,1,1,0,0,none
1203-0022,FALSE,fishing,aquatic_chronic,ammonia,total,ug/l,7,1,0,0,0,7,none
1203-0022,FALSE,secondary_contact_recreation,recreation,phosphorus,total,ug/l,4,1,0,0,0,0,none
1203-0022,FALSE,primary_contact_recreation,recreation,phosphorus,total,ug/l,4,1,0,0,0,0,none
1203-0022,FALSE,source_of_water_supply,aesthetic_water-supply,iron,total,ug/l,7,1,2,1,0,0,none
1203-0022,FALSE,source_of_water_supply,aesthetic_water-supply,manganese,total,ug/l,7,1,0,0,0,0,none
1203-0022,FALSE,source_of_water_supply,health_water-source,ammonia,total,ug/l,7,1,0,0,0,0,none
1203-0022,FALSE,source_of_water_supply,health_water-source,arsenic,total,ug/l,2,1,0,0,0,0,none
1203-0022,FALSE,source_of_water_supply,health_water-source,chloride,total,ug/l,7,1,0,0,0,0,none
1203-0022,FALSE,source_of_water_supply,health_water-source,magnesium,total,ug/l,7,1,0,0,0,0,none
1203-0022,FALSE,source_of_water_supply,health_water-source,nitrate_nitrite,total,ug/l,7,1,0,0,0,0,none
1203-0022,FALSE,source_of_water_supply,health_water-source,sulfate,total,ug/l,5,1,0,0,0,0,none
1203-0022,TRUE,fishing,aquatic_chronic,ammonia,total,ug/l,5,2,0,0,0,5,none
1203-0022,TRUE,fishing,aquatic_chronic,nitrite,total,ug/l,6,2,0,0,0,0,none
1203-0022,TRUE,fishing,none,dissolved_oxygen,dissolved,mg/l,4,2,1,1,0,0,n_exceedances may not be intiutive for this parameter because there are multiple components to the WQS. n_exceedances may be greater than n_samples_collected if a single sample was marked as an exceedance for multiple components of the WQS.
1203-0022,TRUE,fishing,none,ph,total,ph_units,4,2,1,1,0,0,none
1203-0022,TRUE,secondary_contact_recreation,recreation,phosphorus,total,ug/l,3,2,0,0,0,0,none
1203-0022,TRUE,primary_contact_recreation,recreation,phosphorus,total,ug/l,3,2,0,0,0,0,none
1203-0022,TRUE,source_of_water_supply,aesthetic_water-supply,iron,total,ug/l,8,2,4,2,0,0,none
1203-0022,TRUE,source_of_water_supply,aesthetic_water-supply,manganese,total,ug/l,7,2,0,0,0,0,none
1203-0022,TRUE,source_of_water_supply,health_water-source,ammonia,total,ug/l,5,2,0,0,0,0,none
1203-0022,TRUE,source_of_water_supply,health_water-source,arsenic,total,ug/l,8,2,0,0,0,0,none
1203-0022,TRUE,source_of_water_supply,health_water-source,chloride,total,ug/l,8,2,0,0,0,0,none
1203-0022,TRUE,source_of_water_supply,health_water-source,magnesium,total,ug/l,6,1,0,0,0,0,none
1203-0022,TRUE,source_of_water_supply,health_water-source,nitrate,total,ug/l,4,2,0,0,0,0,none
1203-0022,TRUE,source_of_water_supply,health_water-source,nitrate_nitrite,total,ug/l,6,2,0,0,0,0,none
1203-0022,TRUE,source_of_water_supply,health_water-source,nitrite,total,ug/l,6,2,0,0,0,0,none
1203-0022,TRUE,source_of_water_supply,health_water-source,sulfate,total,ug/l,8,2,0,0,0,0,none
1203-0048,FALSE,fishing,aquatic_chronic,ammonia,total,ug/l,2,1,0,0,0,2,none
1203-0062,TRUE,fishing,aquatic_chronic,ammonia,total,ug/l,4,2,0,0,0,4,none
1203-0062,TRUE,fishing,none,dissolved_oxygen,dissolved,mg/l,2,2,0,0,0,0,n_exceedances may not be intiutive for this parameter because there are multiple components to the WQS. n_exceedances may be greater than n_samples_collected if a single sample was marked as an exceedance for multiple components of the WQS.
1203-0062,TRUE,fishing,none,ph,total,ph_units,2,2,2,2,0,0,none
1203-0074,TRUE,fishing,aquatic_chronic,ammonia,total,ug/l,1,1,0,0,0,1,none
1203-0074,TRUE,fishing,aquatic_chronic,nitrite,total,ug/l,1,1,0,0,0,0,none
1203-0074,TRUE,fishing,none,dissolved_oxygen,dissolved,mg/l,1,1,0,0,0,0,n_exceedances may not be intiutive for this parameter because there are multiple components to the WQS. n_exceedances may be greater than n_samples_collected if a single sample was marked as an exceedance for multiple components of the WQS.
1203-0074,TRUE,fishing,none,ph,total,ph_units,1,1,0,0,0,0,none
1204-0006,FALSE,fishing,aquatic_chronic,ammonia,total,ug/l,85,8,0,0,0,85,none
1204-0006,FALSE,fishing,aquatic_chronic,nitrite,total,ug/l,29,5,0,0,0,0,none
1301-0008,FALSE,fishing,aquatic_chronic,ammonia,total,ug/l,28,4,0,0,0,28,none
1301-0008,FALSE,secondary_contact_recreation,recreation,phosphorus,total,ug/l,59,9,9,9,0,0,none
1301-0008,FALSE,primary_contact_recreation,recreation,phosphorus,total,ug/l,59,9,9,9,0,0,none
1301-0008,TRUE,fishing,aquatic_chronic,ammonia,total,ug/l,56,9,0,0,0,56,none
1301-0008,TRUE,secondary_contact_recreation,recreation,phosphorus,total,ug/l,53,8,8,8,0,0,none
1301-0008,TRUE,primary_contact_recreation,recreation,phosphorus,total,ug/l,53,8,8,8,0,0,none
1301-0025,FALSE,fishing,aquatic_chronic,ammonia,total,ug/l,108,9,0,0,0,108,none
1301-0025,FALSE,fishing,aquatic_chronic,fluoride,total,ug/l,19,1,0,0,0,19,none
1301-0025,FALSE,fishing,aquatic_chronic,nitrite,total,ug/l,32,5,0,0,0,0,none
1301-0025,FALSE,secondary_contact_recreation,recreation,phosphorus,total,ug/l,83,12,1,1,0,0,none
1301-0025,FALSE,primary_contact_recreation,recreation,phosphorus,total,ug/l,83,12,1,1,0,0,none
1301-0025,TRUE,fishing,aquatic_chronic,ammonia,total,ug/l,113,9,0,0,0,113,none
1301-0025,TRUE,secondary_contact_recreation,recreation,phosphorus,total,ug/l,60,8,0,0,0,0,none
1301-0025,TRUE,primary_contact_recreation,recreation,phosphorus,total,ug/l,60,8,0,0,0,0,none
1301-0029,FALSE,fishing,aquatic_chronic,ammonia,total,ug/l,1,1,0,0,0,1,none
1301-0029,FALSE,secondary_contact_recreation,recreation,phosphorus,total,ug/l,1,1,1,1,0,0,none
1301-0029,FALSE,primary_contact_recreation,recreation,phosphorus,total,ug/l,1,1,1,1,0,0,none
1301-0034,FALSE,secondary_contact_recreation,recreation,phosphorus,total,ug/l,19,3,3,3,0,0,none
1301-0034,FALSE,primary_contact_recreation,recreation,phosphorus,total,ug/l,19,3,3,3,0,0,none
1301-0034,TRUE,fishing,aquatic_chronic,ammonia,total,ug/l,18,3,0,0,0,18,none
1301-0034,TRUE,secondary_contact_recreation,recreation,phosphorus,total,ug/l,21,3,3,3,0,0,none
1301-0034,TRUE,primary_contact_recreation,recreation,phosphorus,total,ug/l,21,3,3,3,0,0,none
1301-0035,FALSE,secondary_contact_recreation,recreation,phosphorus,total,ug/l,27,5,1,1,0,0,none
1301-0035,FALSE,primary_contact_recreation,recreation,phosphorus,total,ug/l,27,5,1,1,0,0,none
1301-0035,FALSE,source_of_water_supply,health_water-source,nitrate_nitrite,total,ug/l,20,5,0,0,0,0,none
1301-0037,FALSE,fishing,aquatic_chronic,ammonia,total,ug/l,37,5,0,0,0,37,none
1301-0037,FALSE,fishing,aquatic_chronic,fluoride,total,ug/l,5,1,0,0,0,5,none
1301-0037,FALSE,secondary_contact_recreation,recreation,phosphorus,total,ug/l,31,5,0,0,0,0,none
1301-0037,FALSE,primary_contact_recreation,recreation,phosphorus,total,ug/l,31,5,0,0,0,0,none
1301-0037,TRUE,fishing,aquatic_acute,arsenic,dissolved,ug/l,1,1,0,0,0,0,none
1301-0037,TRUE,fishing,aquatic_acute,copper,dissolved,ug/l,1,1,0,0,0,0,none
1301-0037,TRUE,fishing,aquatic_acute,nickel,dissolved,ug/l,1,1,0,0,0,0,none
1301-0037,TRUE,fishing,aquatic_acute,zinc,dissolved,ug/l,1,1,0,0,0,0,none
1301-0037,TRUE,fishing,aquatic_chronic,aluminum,dissolved,ug/l,1,1,0,0,0,0,none
1301-0037,TRUE,fishing,aquatic_chronic,ammonia,total,ug/l,76,9,0,0,0,76,none
1301-0037,TRUE,fishing,aquatic_chronic,arsenic,dissolved,ug/l,1,1,0,0,0,0,none
1301-0037,TRUE,fishing,aquatic_chronic,copper,dissolved,ug/l,1,1,0,0,0,0,none
1301-0037,TRUE,fishing,aquatic_chronic,nickel,dissolved,ug/l,1,1,0,0,0,0,none
1301-0037,TRUE,fishing,aquatic_chronic,zinc,dissolved,ug/l,1,1,0,0,0,0,none
1301-0037,TRUE,fishing,none,dissolved_oxygen,dissolved,mg/l,1,1,0,0,0,0,n_exceedances may not be intiutive for this parameter because there are multiple components to the WQS. n_exceedances may be greater than n_samples_collected if a single sample was marked as an exceedance for multiple components of the WQS.
1301-0037,TRUE,fishing,none,ph,total,ph_units,1,1,0,0,0,0,none
1301-0037,TRUE,fishing,none,total_dissolved_solids,dissolved,mg/l,1,1,0,0,0,0,none
1301-0037,TRUE,secondary_contact_recreation,none,total_dissolved_solids,dissolved,mg/l,1,1,0,0,0,0,none
1301-0037,TRUE,primary_contact_recreation,none,total_dissolved_solids,dissolved,mg/l,1,1,0,0,0,0,none
1301-0037,TRUE,secondary_contact_recreation,recreation,phosphorus,total,ug/l,59,8,0,0,0,0,none
1301-0037,TRUE,primary_contact_recreation,recreation,phosphorus,total,ug/l,59,8,0,0,0,0,none
1301-0041,FALSE,fishing,aquatic_chronic,ammonia,total,ug/l,11,2,0,0,0,11,none
1301-0041,FALSE,fishing,aquatic_chronic,fluoride,total,ug/l,2,1,0,0,0,2,none
1301-0041,FALSE,secondary_contact_recreation,recreation,phosphorus,total,ug/l,8,2,1,1,0,0,none
1301-0041,FALSE,primary_contact_recreation,recreation,phosphorus,total,ug/l,8,2,1,1,0,0,none
1301-0042,TRUE,fishing,aquatic_chronic,ammonia,total,ug/l,44,3,0,0,0,44,none
1301-0042,TRUE,secondary_contact_recreation,recreation,phosphorus,total,ug/l,15,2,0,0,0,0,none
1301-0042,TRUE,primary_contact_recreation,recreation,phosphorus,total,ug/l,15,2,0,0,0,0,none
1301-0043,FALSE,fishing,aquatic_chronic,ammonia,total,ug/l,29,3,0,0,0,29,none
1301-0043,FALSE,fishing,aquatic_chronic,nitrite,total,ug/l,5,1,0,0,0,0,none
1301-0043,FALSE,secondary_contact_recreation,recreation,phosphorus,total,ug/l,44,8,4,4,0,0,none
1301-0043,FALSE,primary_contact_recreation,recreation,phosphorus,total,ug/l,44,8,4,4,0,0,none
1301-0056,FALSE,fishing,aquatic_chronic,ammonia,total,ug/l,7,1,0,0,0,7,none
1301-0056,FALSE,secondary_contact_recreation,recreation,phosphorus,total,ug/l,6,2,1,1,0,0,none
1301-0056,FALSE,primary_contact_recreation,recreation,phosphorus,total,ug/l,6,2,1,1,0,0,none
1301-0056,FALSE,source_of_water_supply,aesthetic_water-supply,iron,total,ug/l,7,1,3,1,0,0,none
1301-0056,FALSE,source_of_water_supply,aesthetic_water-supply,manganese,total,ug/l,7,1,3,1,0,0,none
1301-0056,FALSE,source_of_water_supply,health_water-source,ammonia,total,ug/l,7,1,0,0,0,0,none
1301-0056,FALSE,source_of_water_supply,health_water-source,chloride,total,ug/l,7,1,0,0,0,0,none
1301-0056,FALSE,source_of_water_supply,health_water-source,magnesium,total,ug/l,7,1,0,0,0,0,none
1301-0056,FALSE,source_of_water_supply,health_water-source,nitrate_nitrite,total,ug/l,7,1,0,0,0,0,none
1301-0056,FALSE,source_of_water_supply,health_water-source,sulfate,total,ug/l,7,1,0,0,0,0,none
1301-0056,TRUE,fishing,aquatic_acute,arsenic,dissolved,ug/l,2,1,0,0,0,0,none
1301-0056,TRUE,fishing,aquatic_acute,copper,dissolved,ug/l,2,1,0,0,0,0,none
1301-0056,TRUE,fishing,aquatic_acute,nickel,dissolved,ug/l,2,1,0,0,0,0,none
1301-0056,TRUE,fishing,aquatic_acute,zinc,dissolved,ug/l,2,1,0,0,0,0,none
1301-0056,TRUE,fishing,aquatic_chronic,aluminum,dissolved,ug/l,2,1,0,0,0,0,none
1301-0056,TRUE,fishing,aquatic_chronic,ammonia,total,ug/l,2,1,0,0,0,2,none
1301-0056,TRUE,fishing,aquatic_chronic,arsenic,dissolved,ug/l,2,1,0,0,0,0,none
1301-0056,TRUE,fishing,aquatic_chronic,copper,dissolved,ug/l,2,1,0,0,0,0,none
1301-0056,TRUE,fishing,aquatic_chronic,nickel,dissolved,ug/l,2,1,0,0,0,0,none
1301-0056,TRUE,fishing,aquatic_chronic,zinc,dissolved,ug/l,2,1,0,0,0,0,none
1301-0056,TRUE,fishing,none,dissolved_oxygen,dissolved,mg/l,1,1,2,1,0,0,n_exceedances may not be intiutive for this parameter because there are multiple components to the WQS. n_exceedances may be greater than n_samples_collected if a single sample was marked as an exceedance for multiple components of the WQS.
1301-0056,TRUE,fishing,none,ph,total,ph_units,1,1,0,0,0,0,none
1301-0056,TRUE,fishing,none,total_dissolved_solids,dissolved,mg/l,2,1,0,0,0,0,none
1301-0056,TRUE,secondary_contact_recreation,none,total_dissolved_solids,dissolved,mg/l,2,1,0,0,0,0,none
1301-0056,TRUE,primary_contact_recreation,none,total_dissolved_solids,dissolved,mg/l,2,1,0,0,0,0,none
1301-0056,TRUE,source_of_water_supply,none,total_dissolved_solids,dissolved,mg/l,2,1,0,0,0,0,none
1301-0056,TRUE,secondary_contact_recreation,recreation,phosphorus,total,ug/l,1,1,0,0,0,0,none
1301-0056,TRUE,primary_contact_recreation,recreation,phosphorus,total,ug/l,1,1,0,0,0,0,none
1301-0056,TRUE,source_of_water_supply,aesthetic_water-supply,iron,total,ug/l,2,1,1,1,0,0,none
1301-0056,TRUE,source_of_water_supply,aesthetic_water-supply,manganese,total,ug/l,2,1,1,1,0,0,none
1301-0056,TRUE,source_of_water_supply,health_water-source,ammonia,total,ug/l,2,1,0,0,0,0,none
1301-0056,TRUE,source_of_water_supply,health_water-source,arsenic,total,ug/l,2,1,0,0,0,0,none
1301-0056,TRUE,source_of_water_supply,health_water-source,chloride,total,ug/l,2,1,0,0,0,0,none
1301-0056,TRUE,source_of_water_supply,health_water-source,copper,total,ug/l,2,1,0,0,0,0,none
1301-0056,TRUE,source_of_water_supply,health_water-source,magnesium,total,ug/l,2,1,0,0,0,0,none
1301-0056,TRUE,source_of_water_supply,health_water-source,nickel,total,ug/l,2,1,0,0,0,0,none
1301-0056,TRUE,source_of_water_supply,health_water-source,nitrate,total,ug/l,2,1,0,0,0,0,none
1301-0056,TRUE,source_of_water_supply,health_water-source,sulfate,total,ug/l,2,1,0,0,0,0,none
1301-0059,FALSE,fishing,aquatic_chronic,ammonia,total,ug/l,58,5,0,0,0,58,none
1301-0059,FALSE,fishing,aquatic_chronic,fluoride,total,ug/l,2,1,0,0,0,2,none
1301-0059,FALSE,fishing,aquatic_chronic,nitrite,total,ug/l,1,1,0,0,0,0,none
1301-0059,FALSE,secondary_contact_recreation,recreation,phosphorus,total,ug/l,31,5,3,3,0,0,none
1301-0059,FALSE,primary_contact_recreation,recreation,phosphorus,total,ug/l,31,5,3,3,0,0,none
1301-0059,FALSE,source_of_water_supply,aesthetic_water-supply,iron,total,ug/l,2,1,2,1,0,0,none
1301-0059,FALSE,source_of_water_supply,aesthetic_water-supply,manganese,total,ug/l,2,1,2,1,0,0,none
1301-0059,FALSE,source_of_water_supply,health_water-source,ammonia,total,ug/l,58,5,0,0,0,0,none
1301-0059,FALSE,source_of_water_supply,health_water-source,arsenic,total,ug/l,8,4,0,0,0,0,none
1301-0059,FALSE,source_of_water_supply,health_water-source,chloride,total,ug/l,2,1,2,1,0,0,none
1301-0059,FALSE,source_of_water_supply,health_water-source,fluoride,total,ug/l,2,1,2,1,0,0,none
1301-0059,FALSE,source_of_water_supply,health_water-source,nitrate_nitrite,total,ug/l,42,6,0,0,0,0,none
1301-0059,FALSE,source_of_water_supply,health_water-source,nitrite,total,ug/l,1,1,0,0,0,0,none
1301-0059,FALSE,source_of_water_supply,health_water-source,sulfate,total,ug/l,2,1,2,1,0,0,none
1301-0059,TRUE,fishing,aquatic_chronic,ammonia,total,ug/l,118,9,0,0,0,118,none
1301-0059,TRUE,fishing,aquatic_chronic,nitrite,total,ug/l,4,1,0,0,0,0,none
1301-0059,TRUE,secondary_contact_recreation,recreation,phosphorus,total,ug/l,63,8,4,4,0,0,none
1301-0059,TRUE,primary_contact_recreation,recreation,phosphorus,total,ug/l,63,8,4,4,0,0,none
1301-0059,TRUE,source_of_water_supply,health_water-source,ammonia,total,ug/l,118,9,0,0,0,0,none
1301-0059,TRUE,source_of_water_supply,health_water-source,chloride,total,ug/l,28,8,0,0,0,0,none
1301-0059,TRUE,source_of_water_supply,health_water-source,nitrate_nitrite,total,ug/l,53,8,0,0,0,0,none
1301-0059,TRUE,source_of_water_supply,health_water-source,nitrite,total,ug/l,4,1,0,0,0,0,none
1301-0077,TRUE,fishing,aquatic_chronic,ammonia,total,ug/l,4,1,0,0,0,0,none
1301-0077,TRUE,fishing,none,dissolved_oxygen,dissolved,mg/l,3,1,4,1,0,0,n_exceedances may not be intiutive for this parameter because there are multiple components to the WQS. n_exceedances may be greater than n_samples_collected if a single sample was marked as an exceedance for multiple components of the WQS.
1301-0077,TRUE,fishing,none,ph,total,ph_units,3,1,1,1,0,0,none
1301-0091,FALSE,fishing,aquatic_chronic,ammonia,total,ug/l,4,1,0,0,0,4,none
1301-0091,FALSE,fishing,aquatic_chronic,fluoride,total,ug/l,5,1,0,0,0,5,none
1301-0091,FALSE,secondary_contact_recreation,recreation,phosphorus,total,ug/l,2,1,1,1,0,0,none
1301-0091,FALSE,primary_contact_recreation,recreation,phosphorus,total,ug/l,2,1,1,1,0,0,none
1301-0091,TRUE,fishing,aquatic_chronic,ammonia,total,ug/l,35,5,0,0,0,35,none
1301-0091,TRUE,secondary_contact_recreation,recreation,phosphorus,total,ug/l,30,4,4,4,0,0,none
1301-0091,TRUE,primary_contact_recreation,recreation,phosphorus,total,ug/l,30,4,4,4,0,0,none
1301-0102,FALSE,fishing,aquatic_chronic,ammonia,total,ug/l,2,1,0,0,0,1,none
1301-0102,FALSE,fishing,none,dissolved_oxygen,dissolved,mg/l,1,1,2,1,0,0,n_exceedances may not be intiutive for this parameter because there are multiple components to the WQS. n_exceedances may be greater than n_samples_collected if a single sample was marked as an exceedance for multiple components of the WQS.
1301-0102,FALSE,fishing,none,ph,total,ph_units,1,1,0,0,0,0,none
1301-0102,FALSE,source_of_water_supply,aesthetic_water-supply,iron,total,ug/l,2,1,0,0,0,0,none
1301-0102,FALSE,source_of_water_supply,aesthetic_water-supply,manganese,total,ug/l,2,1,1,1,0,0,none
1301-0102,FALSE,source_of_water_supply,health_water-source,ammonia,total,ug/l,2,1,0,0,0,0,none
1301-0102,FALSE,source_of_water_supply,health_water-source,chloride,total,ug/l,2,1,0,0,0,0,none
1301-0102,FALSE,source_of_water_supply,health_water-source,magnesium,total,ug/l,2,1,0,0,0,0,none
1301-0102,FALSE,source_of_water_supply,health_water-source,nitrate_nitrite,total,ug/l,2,1,0,0,0,0,none
1301-0102,FALSE,source_of_water_supply,health_water-source,sulfate,total,ug/l,2,1,0,0,0,0,none
1301-0114,TRUE,fishing,aquatic_chronic,ammonia,total,ug/l,8,2,0,0,0,5,none
1301-0114,TRUE,fishing,none,dissolved_oxygen,dissolved,mg/l,5,2,8,2,0,0,n_exceedances may not be intiutive for this parameter because there are multiple components to the WQS. n_exceedances may be greater than n_samples_collected if a single sample was marked as an exceedance for multiple components of the WQS.
1301-0114,TRUE,fishing,none,ph,total,ph_units,5,2,0,0,0,0,none
1301-0114,TRUE,secondary_contact_recreation,recreation,phosphorus,total,ug/l,3,1,1,1,0,0,none
1301-0114,TRUE,primary_contact_recreation,recreation,phosphorus,total,ug/l,3,1,1,1,0,0,none
1301-0114,TRUE,source_of_water_supply,aesthetic_water-supply,iron,total,ug/l,3,2,3,2,0,0,none
1301-0114,TRUE,source_of_water_supply,aesthetic_water-supply,manganese,total,ug/l,3,2,1,1,0,0,none
1301-0114,TRUE,source_of_water_supply,health_water-source,ammonia,total,ug/l,8,2,0,0,0,0,none
1301-0114,TRUE,source_of_water_supply,health_water-source,arsenic,total,ug/l,3,2,0,0,0,0,none
1301-0114,TRUE,source_of_water_supply,health_water-source,nitrate_nitrite,total,ug/l,6,2,0,0,0,0,none
1301-0114,TRUE,source_of_water_supply,health_water-source,sulfate,total,ug/l,6,1,0,0,0,0,none
1301-0123,FALSE,fishing,aquatic_chronic,ammonia,total,ug/l,1,1,0,0,0,1,none
1301-0123,FALSE,secondary_contact_recreation,recreation,phosphorus,total,ug/l,1,1,0,0,0,0,none
1301-0123,FALSE,primary_contact_recreation,recreation,phosphorus,total,ug/l,1,1,0,0,0,0,none
1301-0123,FALSE,source_of_water_supply,health_water-source,ammonia,total,ug/l,1,1,0,0,0,0,none
1301-0123,FALSE,source_of_water_supply,health_water-source,nitrate_nitrite,total,ug/l,1,1,0,0,0,0,none
1301-0124,FALSE,fishing,aquatic_chronic,ammonia,total,ug/l,7,1,0,0,0,7,none
1301-0124,FALSE,secondary_contact_recreation,recreation,phosphorus,total,ug/l,5,3,2,2,0,0,none
1301-0124,FALSE,primary_contact_recreation,recreation,phosphorus,total,ug/l,5,3,2,2,0,0,none
1301-0124,FALSE,source_of_water_supply,aesthetic_water-supply,iron,total,ug/l,7,1,3,1,0,0,none
1301-0124,FALSE,source_of_water_supply,aesthetic_water-supply,manganese,total,ug/l,7,1,2,1,0,0,none
1301-0124,FALSE,source_of_water_supply,health_water-source,ammonia,total,ug/l,7,1,0,0,0,0,none
1301-0124,FALSE,source_of_water_supply,health_water-source,chloride,total,ug/l,7,1,0,0,0,0,none
1301-0124,FALSE,source_of_water_supply,health_water-source,magnesium,total,ug/l,7,1,0,0,0,0,none
1301-0124,FALSE,source_of_water_supply,health_water-source,nitrate_nitrite,total,ug/l,8,2,0,0,0,0,none
1301-0124,FALSE,source_of_water_supply,health_water-source,sulfate,total,ug/l,7,1,0,0,0,0,none
1301-0124,TRUE,fishing,aquatic_acute,arsenic,dissolved,ug/l,5,1,0,0,0,0,none
1301-0124,TRUE,fishing,aquatic_acute,copper,dissolved,ug/l,6,1,0,0,0,0,none
1301-0124,TRUE,fishing,aquatic_acute,nickel,dissolved,ug/l,6,1,0,0,0,0,none
1301-0124,TRUE,fishing,aquatic_acute,zinc,dissolved,ug/l,6,1,0,0,0,0,none
1301-0124,TRUE,fishing,aquatic_chronic,aluminum,dissolved,ug/l,6,1,0,0,0,0,none
1301-0124,TRUE,fishing,aquatic_chronic,ammonia,total,ug/l,5,1,0,0,0,5,none
1301-0124,TRUE,fishing,aquatic_chronic,arsenic,dissolved,ug/l,5,1,0,0,0,0,none
1301-0124,TRUE,fishing,aquatic_chronic,copper,dissolved,ug/l,6,1,0,0,0,0,none
1301-0124,TRUE,fishing,aquatic_chronic,nickel,dissolved,ug/l,6,1,0,0,0,0,none
1301-0124,TRUE,fishing,aquatic_chronic,nitrite,total,ug/l,6,1,0,0,0,0,none
1301-0124,TRUE,fishing,aquatic_chronic,zinc,dissolved,ug/l,6,1,0,0,0,0,none
1301-0124,TRUE,fishing,none,dissolved_oxygen,dissolved,mg/l,2,1,4,1,0,0,n_exceedances may not be intiutive for this parameter because there are multiple components to the WQS. n_exceedances may be greater than n_samples_collected if a single sample was marked as an exceedance for multiple components of the WQS.
1301-0124,TRUE,fishing,none,ph,total,ph_units,2,1,2,1,0,0,none
1301-0124,TRUE,fishing,none,total_dissolved_solids,dissolved,mg/l,6,1,0,0,0,0,none
1301-0124,TRUE,secondary_contact_recreation,none,total_dissolved_solids,dissolved,mg/l,6,1,0,0,0,0,none
1301-0124,TRUE,primary_contact_recreation,none,total_dissolved_solids,dissolved,mg/l,6,1,0,0,0,0,none
1301-0124,TRUE,source_of_water_supply,none,total_dissolved_solids,dissolved,mg/l,6,1,0,0,0,0,none
1301-0124,TRUE,secondary_contact_recreation,recreation,phosphorus,total,ug/l,3,1,0,0,0,0,none
1301-0124,TRUE,primary_contact_recreation,recreation,phosphorus,total,ug/l,3,1,0,0,0,0,none
1301-0124,TRUE,source_of_water_supply,aesthetic_water-supply,iron,total,ug/l,6,1,3,1,0,0,none
1301-0124,TRUE,source_of_water_supply,aesthetic_water-supply,manganese,total,ug/l,6,1,3,1,0,0,none
1301-0124,TRUE,source_of_water_supply,health_water-source,ammonia,total,ug/l,5,1,0,0,0,0,none
1301-0124,TRUE,source_of_water_supply,health_water-source,arsenic,total,ug/l,5,1,0,0,0,0,none
1301-0124,TRUE,source_of_water_supply,health_water-source,chloride,total,ug/l,5,1,0,0,0,0,none
1301-0124,TRUE,source_of_water_supply,health_water-source,copper,total,ug/l,6,1,0,0,0,0,none
1301-0124,TRUE,source_of_water_supply,health_water-source,magnesium,total,ug/l,6,1,0,0,0,0,none
1301-0124,TRUE,source_of_water_supply,health_water-source,nickel,total,ug/l,5,1,0,0,0,0,none
1301-0124,TRUE,source_of_water_supply,health_water-source,nitrate,total,ug/l,12,1,0,0,0,0,none
1301-0124,TRUE,source_of_water_supply,health_water-source,nitrite,total,ug/l,6,1,0,0,0,0,none
1301-0124,TRUE,source_of_water_supply,health_water-source,sulfate,total,ug/l,6,1,0,0,0,0,none
1301-0126,FALSE,secondary_contact_recreation,recreation,phosphorus,total,ug/l,6,1,0,0,0,0,none
1301-0126,FALSE,primary_contact_recreation,recreation,phosphorus,total,ug/l,6,1,0,0,0,0,none
1301-0126,TRUE,fishing,aquatic_chronic,ammonia,total,ug/l,15,3,0,0,0,15,none
1301-0126,TRUE,secondary_contact_recreation,recreation,phosphorus,total,ug/l,20,3,3,3,0,0,none
1301-0126,TRUE,primary_contact_recreation,recreation,phosphorus,total,ug/l,20,3,3,3,0,0,none
1301-0128,FALSE,fishing,aquatic_chronic,ammonia,total,ug/l,3,1,0,0,0,3,none
1301-0128,FALSE,secondary_contact_recreation,recreation,phosphorus,total,ug/l,2,1,0,0,0,0,none
1301-0128,FALSE,primary_contact_recreation,recreation,phosphorus,total,ug/l,2,1,0,0,0,0,none
1301-0128,FALSE,source_of_water_supply,health_water-source,ammonia,total,ug/l,3,1,0,0,0,0,none
1301-0128,FALSE,source_of_water_supply,health_water-source,nitrate_nitrite,total,ug/l,3,1,0,0,0,0,none
1301-0140,FALSE,fishing,aquatic_chronic,ammonia,total,ug/l,29,5,0,0,0,29,none
1301-0140,FALSE,fishing,aquatic_chronic,nitrite,total,ug/l,13,2,0,0,0,0,none
1301-0140,FALSE,secondary_contact_recreation,recreation,phosphorus,total,ug/l,28,5,5,5,0,0,none
1301-0140,FALSE,primary_contact_recreation,recreation,phosphorus,total,ug/l,28,5,5,5,0,0,none
1301-0142,FALSE,secondary_contact_recreation,recreation,phosphorus,total,ug/l,24,5,5,5,0,0,none
1301-0142,FALSE,primary_contact_recreation,recreation,phosphorus,total,ug/l,24,5,5,5,0,0,none
1301-0143,FALSE,fishing,aquatic_chronic,ammonia,total,ug/l,96,9,0,0,0,96,none
1301-0143,FALSE,fishing,aquatic_chronic,nitrite,total,ug/l,18,3,0,0,0,0,none
1301-0143,FALSE,secondary_contact_recreation,recreation,phosphorus,total,ug/l,90,16,2,2,0,0,none
1301-0143,FALSE,primary_contact_recreation,recreation,phosphorus,total,ug/l,90,16,2,2,0,0,none
1301-0143,FALSE,source_of_water_supply,aesthetic_water-supply,iron,total,ug/l,5,2,1,1,0,0,none
1301-0143,FALSE,source_of_water_supply,aesthetic_water-supply,manganese,total,ug/l,4,2,0,0,0,0,none
1301-0143,FALSE,source_of_water_supply,health_water-source,ammonia,total,ug/l,96,9,0,0,0,0,none
1301-0143,FALSE,source_of_water_supply,health_water-source,arsenic,total,ug/l,5,3,0,0,0,0,none
1301-0143,FALSE,source_of_water_supply,health_water-source,nitrate_nitrite,total,ug/l,99,15,0,0,0,0,none
1301-0143,FALSE,source_of_water_supply,health_water-source,nitrite,total,ug/l,18,3,0,0,0,0,none
1301-0143,TRUE,fishing,aquatic_chronic,ammonia,total,ug/l,132,10,0,0,0,132,none
1301-0143,TRUE,secondary_contact_recreation,recreation,phosphorus,total,ug/l,65,9,1,1,0,0,none
1301-0143,TRUE,primary_contact_recreation,recreation,phosphorus,total,ug/l,65,9,1,1,0,0,none
1301-0143,TRUE,source_of_water_supply,health_water-source,ammonia,total,ug/l,132,10,1,1,0,0,none
1301-0143,TRUE,source_of_water_supply,health_water-source,chloride,total,ug/l,27,8,0,0,0,0,none
1301-0143,TRUE,source_of_water_supply,health_water-source,nitrate_nitrite,total,ug/l,53,9,0,0,0,0,none
1301-0145,FALSE,fishing,aquatic_chronic,ammonia,total,ug/l,4,1,0,0,0,4,none
1301-0145,FALSE,secondary_contact_recreation,recreation,phosphorus,total,ug/l,5,2,0,0,0,0,none
1301-0145,FALSE,primary_contact_recreation,recreation,phosphorus,total,ug/l,5,2,0,0,0,0,none
1301-0145,FALSE,source_of_water_supply,aesthetic_water-supply,iron,total,ug/l,4,1,0,0,0,0,none
1301-0145,FALSE,source_of_water_supply,aesthetic_water-supply,manganese,total,ug/l,4,1,0,0,0,0,none
1301-0145,FALSE,source_of_water_supply,health_water-source,ammonia,total,ug/l,4,1,0,0,0,0,none
1301-0145,FALSE,source_of_water_supply,health_water-source,chloride,total,ug/l,4,1,0,0,0,0,none
1301-0145,FALSE,source_of_water_supply,health_water-source,magnesium,total,ug/l,4,1,0,0,0,0,none
1301-0145,FALSE,source_of_water_supply,health_water-source,nitrate_nitrite,total,ug/l,4,1,0,0,0,0,none
1301-0145,FALSE,source_of_water_supply,health_water-source,sulfate,total,ug/l,4,1,0,0,0,0,none
1301-0145,TRUE,fishing,aquatic_chronic,nitrite,total,ug/l,1,1,0,0,0,0,none
1301-0145,TRUE,fishing,none,dissolved_oxygen,dissolved,mg/l,1,1,0,0,0,0,n_exceedances may not be intiutive for this parameter because there are multiple components to the WQS. n_exceedances may be greater than n_samples_collected if a single sample was marked as an exceedance for multiple components of the WQS.
1301-0145,TRUE,fishing,none,ph,total,ph_units,1,1,0,0,0,0,none
1301-0145,TRUE,secondary_contact_recreation,recreation,phosphorus,total,ug/l,6,4,0,0,0,0,none
1301-0145,TRUE,primary_contact_recreation,recreation,phosphorus,total,ug/l,6,4,0,0,0,0,none
1301-0145,TRUE,source_of_water_supply,aesthetic_water-supply,iron,total,ug/l,1,1,0,0,0,0,none
1301-0145,TRUE,source_of_water_supply,aesthetic_water-supply,manganese,total,ug/l,1,1,0,0,0,0,none
1301-0145,TRUE,source_of_water_supply,health_water-source,arsenic,total,ug/l,1,1,0,0,0,0,none
1301-0145,TRUE,source_of_water_supply,health_water-source,chloride,total,ug/l,1,1,0,0,0,0,none
1301-0145,TRUE,source_of_water_supply,health_water-source,magnesium,total,ug/l,1,1,0,0,0,0,none
1301-0145,TRUE,source_of_water_supply,health_water-source,nitrate,total,ug/l,1,1,0,0,0,0,none
1301-0145,TRUE,source_of_water_supply,health_water-source,nitrate_nitrite,total,ug/l,1,1,0,0,0,0,none
1301-0145,TRUE,source_of_water_supply,health_water-source,nitrite,total,ug/l,1,1,0,0,0,0,none
1301-0145,TRUE,source_of_water_supply,health_water-source,sulfate,total,ug/l,1,1,0,0,0,0,none
1301-0147,FALSE,fishing,aquatic_chronic,ammonia,total,ug/l,58,10,0,0,0,58,none
1301-0147,FALSE,fishing,aquatic_chronic,nitrite,total,ug/l,9,2,0,0,0,0,none
1301-0147,FALSE,secondary_contact_recreation,recreation,phosphorus,total,ug/l,96,19,15,15,0,0,none
1301-0147,FALSE,primary_contact_recreation,recreation,phosphorus,total,ug/l,96,19,15,15,0,0,none
1301-0147,TRUE,fishing,aquatic_chronic,ammonia,total,ug/l,57,9,0,0,0,57,none
1301-0147,TRUE,secondary_contact_recreation,recreation,phosphorus,total,ug/l,51,8,8,8,0,0,none
1301-0147,TRUE,primary_contact_recreation,recreation,phosphorus,total,ug/l,51,8,8,8,0,0,none
1301-0149,FALSE,fishing,aquatic_chronic,ammonia,total,ug/l,78,11,0,0,0,78,none
1301-0149,FALSE,fishing,aquatic_chronic,nitrite,total,ug/l,13,2,0,0,0,0,none
1301-0149,FALSE,secondary_contact_recreation,recreation,phosphorus,total,ug/l,90,15,15,15,0,0,none
1301-0149,FALSE,primary_contact_recreation,recreation,phosphorus,total,ug/l,90,15,15,15,0,0,none
1301-0149,TRUE,fishing,aquatic_chronic,ammonia,total,ug/l,49,9,0,0,0,49,none
1301-0149,TRUE,secondary_contact_recreation,recreation,phosphorus,total,ug/l,51,8,8,8,0,0,none
1301-0149,TRUE,primary_contact_recreation,recreation,phosphorus,total,ug/l,51,8,8,8,0,0,none
1301-0153,TRUE,fishing,aquatic_chronic,ammonia,total,ug/l,5,1,0,0,0,5,none
1301-0153,TRUE,fishing,aquatic_chronic,nitrite,total,ug/l,6,2,0,0,0,0,none
1301-0153,TRUE,fishing,none,dissolved_oxygen,dissolved,mg/l,4,2,3,1,0,0,n_exceedances may not be intiutive for this parameter because there are multiple components to the WQS. n_exceedances may be greater than n_samples_collected if a single sample was marked as an exceedance for multiple components of the WQS.
1301-0153,TRUE,fishing,none,ph,total,ph_units,4,2,1,1,0,0,none
1301-0153,TRUE,secondary_contact_recreation,recreation,phosphorus,total,ug/l,4,2,0,0,0,0,none
1301-0153,TRUE,primary_contact_recreation,recreation,phosphorus,total,ug/l,4,2,0,0,0,0,none
1301-0153,TRUE,source_of_water_supply,aesthetic_water-supply,iron,total,ug/l,7,2,2,2,0,0,none
1301-0153,TRUE,source_of_water_supply,aesthetic_water-supply,manganese,total,ug/l,7,2,1,1,0,0,none
1301-0153,TRUE,source_of_water_supply,health_water-source,ammonia,total,ug/l,5,1,0,0,0,0,none
1301-0153,TRUE,source_of_water_supply,health_water-source,arsenic,total,ug/l,6,2,0,0,0,0,none
1301-0153,TRUE,source_of_water_supply,health_water-source,chloride,total,ug/l,6,2,0,0,0,0,none
1301-0153,TRUE,source_of_water_supply,health_water-source,magnesium,total,ug/l,5,1,0,0,0,0,none
1301-0153,TRUE,source_of_water_supply,health_water-source,nitrate,total,ug/l,4,1,0,0,0,0,none
1301-0153,TRUE,source_of_water_supply,health_water-source,nitrate_nitrite,total,ug/l,8,2,0,0,0,0,none
1301-0153,TRUE,source_of_water_supply,health_water-source,nitrite,total,ug/l,6,2,0,0,0,0,none
1301-0153,TRUE,source_of_water_supply,health_water-source,sulfate,total,ug/l,8,2,0,0,0,0,none
1301-0155,FALSE,secondary_contact_recreation,recreation,phosphorus,total,ug/l,1,1,0,0,0,0,none
1301-0155,FALSE,primary_contact_recreation,recreation,phosphorus,total,ug/l,1,1,0,0,0,0,none
1301-0156,FALSE,secondary_contact_recreation,recreation,phosphorus,total,ug/l,27,5,3,3,0,0,none
1301-0156,FALSE,primary_contact_recreation,recreation,phosphorus,total,ug/l,27,5,3,3,0,0,none
1301-0159,FALSE,secondary_contact_recreation,recreation,phosphorus,total,ug/l,1,1,0,0,0,0,none
1301-0159,FALSE,primary_contact_recreation,recreation,phosphorus,total,ug/l,1,1,0,0,0,0,none
1301-0164,FALSE,fishing,aquatic_chronic,ammonia,total,ug/l,1,1,0,0,0,1,none
1301-0164,FALSE,fishing,none,dissolved_oxygen,dissolved,mg/l,1,1,2,1,0,0,n_exceedances may not be intiutive for this parameter because there are multiple components to the WQS. n_exceedances may be greater than n_samples_collected if a single sample was marked as an exceedance for multiple components of the WQS.
1301-0164,FALSE,fishing,none,ph,total,ph_units,1,1,0,0,0,0,none
1301-0164,FALSE,source_of_water_supply,aesthetic_water-supply,iron,total,ug/l,2,1,0,0,0,0,none
1301-0164,FALSE,source_of_water_supply,aesthetic_water-supply,manganese,total,ug/l,2,1,1,1,0,0,none
1301-0164,FALSE,source_of_water_supply,health_water-source,ammonia,total,ug/l,1,1,0,0,0,0,none
1301-0164,FALSE,source_of_water_supply,health_water-source,chloride,total,ug/l,2,1,0,0,0,0,none
1301-0164,FALSE,source_of_water_supply,health_water-source,magnesium,total,ug/l,2,1,0,0,0,0,none
1301-0164,FALSE,source_of_water_supply,health_water-source,nitrate_nitrite,total,ug/l,2,1,0,0,0,0,none
1301-0164,FALSE,source_of_water_supply,health_water-source,sulfate,total,ug/l,2,1,0,0,0,0,none
1301-0165,FALSE,fishing,aquatic_chronic,ammonia,total,ug/l,6,1,0,0,0,6,none
1301-0165,FALSE,secondary_contact_recreation,recreation,phosphorus,total,ug/l,5,1,1,1,0,0,none
1301-0165,FALSE,primary_contact_recreation,recreation,phosphorus,total,ug/l,5,1,1,1,0,0,none
1301-0165,FALSE,source_of_water_supply,health_water-source,ammonia,total,ug/l,6,1,0,0,0,0,none
1301-0165,FALSE,source_of_water_supply,health_water-source,nitrate_nitrite,total,ug/l,6,1,0,0,0,0,none
1301-0166,FALSE,fishing,aquatic_chronic,ammonia,total,ug/l,1,1,0,0,0,1,none
1301-0166,FALSE,fishing,none,dissolved_oxygen,dissolved,mg/l,1,1,2,1,0,0,n_exceedances may not be intiutive for this parameter because there are multiple components to the WQS. n_exceedances may be greater than n_samples_collected if a single sample was marked as an exceedance for multiple components of the WQS.
1301-0166,FALSE,fishing,none,ph,total,ph_units,1,1,0,0,0,0,none
1301-0166,FALSE,source_of_water_supply,aesthetic_water-supply,iron,total,ug/l,2,1,1,1,0,0,none
1301-0166,FALSE,source_of_water_supply,aesthetic_water-supply,manganese,total,ug/l,2,1,1,1,0,0,none
1301-0166,FALSE,source_of_water_supply,health_water-source,ammonia,total,ug/l,1,1,0,0,0,0,none
1301-0166,FALSE,source_of_water_supply,health_water-source,chloride,total,ug/l,2,1,0,0,0,0,none
1301-0166,FALSE,source_of_water_supply,health_water-source,magnesium,total,ug/l,2,1,0,0,0,0,none
1301-0166,FALSE,source_of_water_supply,health_water-source,nitrate_nitrite,total,ug/l,2,1,0,0,0,0,none
1301-0166,FALSE,source_of_water_supply,health_water-source,sulfate,total,ug/l,2,1,0,0,0,0,none
1301-0167,FALSE,fishing,aquatic_chronic,ammonia,total,ug/l,8,2,0,0,0,8,none
1301-0167,FALSE,secondary_contact_recreation,recreation,phosphorus,total,ug/l,5,1,1,1,0,0,none
1301-0167,FALSE,primary_contact_recreation,recreation,phosphorus,total,ug/l,5,1,1,1,0,0,none
1301-0167,FALSE,source_of_water_supply,health_water-source,ammonia,total,ug/l,8,2,0,0,0,0,none
1301-0167,FALSE,source_of_water_supply,health_water-source,arsenic,total,ug/l,2,1,0,0,0,0,none
1301-0167,FALSE,source_of_water_supply,health_water-source,nitrate_nitrite,total,ug/l,8,2,0,0,0,0,none
1301-0170,FALSE,fishing,aquatic_chronic,ammonia,total,ug/l,1,1,0,0,0,1,none
1301-0170,FALSE,secondary_contact_recreation,recreation,phosphorus,total,ug/l,1,1,1,1,0,0,none
1301-0170,FALSE,primary_contact_recreation,recreation,phosphorus,total,ug/l,1,1,1,1,0,0,none
1301-0170,TRUE,fishing,aquatic_acute,arsenic,dissolved,ug/l,1,1,0,0,0,0,none
1301-0170,TRUE,fishing,aquatic_acute,copper,dissolved,ug/l,1,1,0,0,0,0,none
1301-0170,TRUE,fishing,aquatic_acute,nickel,dissolved,ug/l,1,1,0,0,0,0,none
1301-0170,TRUE,fishing,aquatic_acute,zinc,dissolved,ug/l,1,1,0,0,0,0,none
1301-0170,TRUE,fishing,aquatic_chronic,aluminum,dissolved,ug/l,1,1,0,0,0,0,none
1301-0170,TRUE,fishing,aquatic_chronic,arsenic,dissolved,ug/l,1,1,0,0,0,0,none
1301-0170,TRUE,fishing,aquatic_chronic,copper,dissolved,ug/l,1,1,0,0,0,0,none
1301-0170,TRUE,fishing,aquatic_chronic,nickel,dissolved,ug/l,1,1,0,0,0,0,none
1301-0170,TRUE,fishing,aquatic_chronic,zinc,dissolved,ug/l,1,1,0,0,0,0,none
1301-0170,TRUE,fishing,none,dissolved_oxygen,dissolved,mg/l,1,1,1,1,0,0,n_exceedances may not be intiutive for this parameter because there are multiple components to the WQS. n_exceedances may be greater than n_samples_collected if a single sample was marked as an exceedance for multiple components of the WQS.
1301-0170,TRUE,fishing,none,ph,total,ph_units,1,1,0,0,0,0,none
1301-0170,TRUE,fishing,none,total_dissolved_solids,dissolved,mg/l,1,1,0,0,0,0,none
1301-0170,TRUE,secondary_contact_recreation,none,total_dissolved_solids,dissolved,mg/l,1,1,0,0,0,0,none
1301-0170,TRUE,primary_contact_recreation,none,total_dissolved_solids,dissolved,mg/l,1,1,0,0,0,0,none
1301-0170,TRUE,secondary_contact_recreation,recreation,phosphorus,total,ug/l,1,1,1,1,0,0,none
1301-0170,TRUE,primary_contact_recreation,recreation,phosphorus,total,ug/l,1,1,1,1,0,0,none
1301-0173,TRUE,fishing,aquatic_chronic,ammonia,total,ug/l,2,1,0,0,0,1,none
1301-0173,TRUE,fishing,none,dissolved_oxygen,dissolved,mg/l,1,1,2,1,0,0,n_exceedances may not be intiutive for this parameter because there are multiple components to the WQS. n_exceedances may be greater than n_samples_collected if a single sample was marked as an exceedance for multiple components of the WQS.
1301-0173,TRUE,fishing,none,ph,total,ph_units,1,1,1,1,0,0,none
1301-0173,TRUE,source_of_water_supply,aesthetic_water-supply,iron,total,ug/l,2,1,1,1,0,0,none
1301-0173,TRUE,source_of_water_supply,aesthetic_water-supply,manganese,total,ug/l,2,1,1,1,0,0,none
1301-0173,TRUE,source_of_water_supply,health_water-source,ammonia,total,ug/l,2,1,0,0,0,0,none
1301-0173,TRUE,source_of_water_supply,health_water-source,arsenic,total,ug/l,1,1,0,0,0,0,none
1301-0173,TRUE,source_of_water_supply,health_water-source,copper,total,ug/l,2,1,0,0,0,0,none
1301-0173,TRUE,source_of_water_supply,health_water-source,nitrate_nitrite,total,ug/l,2,1,0,0,0,0,none
1301-0173,TRUE,source_of_water_supply,health_water-source,sulfate,total,ug/l,2,1,0,0,0,0,none
1301-0176,FALSE,secondary_contact_recreation,recreation,phosphorus,total,ug/l,1,1,0,0,0,0,none
1301-0176,FALSE,primary_contact_recreation,recreation,phosphorus,total,ug/l,1,1,0,0,0,0,none
1301-0183,TRUE,fishing,aquatic_chronic,ammonia,total,ug/l,8,2,0,0,0,8,none
1301-0183,TRUE,fishing,aquatic_chronic,nitrite,total,ug/l,6,1,0,0,0,0,none
1301-0183,TRUE,fishing,none,dissolved_oxygen,dissolved,mg/l,2,1,2,1,0,0,n_exceedances may not be intiutive for this parameter because there are multiple components to the WQS. n_exceedances may be greater than n_samples_collected if a single sample was marked as an exceedance for multiple components of the WQS.
1301-0183,TRUE,fishing,none,ph,total,ph_units,2,1,0,0,0,0,none
1301-0183,TRUE,secondary_contact_recreation,recreation,phosphorus,total,ug/l,5,2,1,1,0,0,none
1301-0183,TRUE,primary_contact_recreation,recreation,phosphorus,total,ug/l,5,2,1,1,0,0,none
1301-0183,TRUE,source_of_water_supply,aesthetic_water-supply,iron,total,ug/l,10,2,7,2,0,0,none
1301-0183,TRUE,source_of_water_supply,aesthetic_water-supply,manganese,total,ug/l,9,2,1,1,0,0,none
1301-0183,TRUE,source_of_water_supply,health_water-source,ammonia,total,ug/l,8,2,0,0,0,0,none
1301-0183,TRUE,source_of_water_supply,health_water-source,arsenic,total,ug/l,8,2,0,0,0,0,none
1301-0183,TRUE,source_of_water_supply,health_water-source,chloride,total,ug/l,8,2,0,0,0,0,none
1301-0183,TRUE,source_of_water_supply,health_water-source,magnesium,total,ug/l,8,1,0,0,0,0,none
1301-0183,TRUE,source_of_water_supply,health_water-source,nitrate,total,ug/l,6,1,0,0,0,0,none
1301-0183,TRUE,source_of_water_supply,health_water-source,nitrate_nitrite,total,ug/l,10,2,0,0,0,0,none
1301-0183,TRUE,source_of_water_supply,health_water-source,nitrite,total,ug/l,6,1,0,0,0,0,none
1301-0183,TRUE,source_of_water_supply,health_water-source,sulfate,total,ug/l,10,2,0,0,0,0,none
1301-0190,FALSE,fishing,aquatic_chronic,ammonia,total,ug/l,9,1,0,0,0,9,none
1301-0190,FALSE,secondary_contact_recreation,recreation,phosphorus,total,ug/l,5,2,2,2,0,0,none
1301-0190,FALSE,primary_contact_recreation,recreation,phosphorus,total,ug/l,5,2,2,2,0,0,none
1301-0190,FALSE,source_of_water_supply,health_water-source,ammonia,total,ug/l,9,1,0,0,0,0,none
1301-0190,FALSE,source_of_water_supply,health_water-source,arsenic,total,ug/l,3,1,0,0,0,0,none
1301-0190,FALSE,source_of_water_supply,health_water-source,magnesium,total,ug/l,2,1,0,0,0,0,none
1301-0190,FALSE,source_of_water_supply,health_water-source,nitrate_nitrite,total,ug/l,10,2,0,0,0,0,none
1301-0190,TRUE,fishing,aquatic_chronic,ammonia,total,ug/l,11,2,0,0,0,8,none
1301-0190,TRUE,fishing,aquatic_chronic,nitrite,total,ug/l,4,1,0,0,0,0,none
1301-0190,TRUE,fishing,none,dissolved_oxygen,dissolved,mg/l,8,2,16,2,0,0,n_exceedances may not be intiutive for this parameter because there are multiple components to the WQS. n_exceedances may be greater than n_samples_collected if a single sample was marked as an exceedance for multiple components of the WQS.
1301-0190,TRUE,fishing,none,ph,total,ph_units,8,2,0,0,0,0,none
1301-0190,TRUE,secondary_contact_recreation,recreation,phosphorus,total,ug/l,6,2,1,1,0,0,none
1301-0190,TRUE,primary_contact_recreation,recreation,phosphorus,total,ug/l,6,2,1,1,0,0,none
1301-0190,TRUE,source_of_water_supply,aesthetic_water-supply,iron,total,ug/l,6,2,2,2,0,0,none
1301-0190,TRUE,source_of_water_supply,aesthetic_water-supply,manganese,total,ug/l,6,2,3,2,0,0,none
1301-0190,TRUE,source_of_water_supply,health_water-source,ammonia,total,ug/l,11,2,0,0,0,0,none
1301-0190,TRUE,source_of_water_supply,health_water-source,arsenic,total,ug/l,7,2,0,0,0,0,none
1301-0190,TRUE,source_of_water_supply,health_water-source,chloride,total,ug/l,6,1,0,0,0,0,none
1301-0190,TRUE,source_of_water_supply,health_water-source,magnesium,total,ug/l,6,1,0,0,0,0,none
1301-0190,TRUE,source_of_water_supply,health_water-source,nitrate,total,ug/l,4,1,0,0,0,0,none
1301-0190,TRUE,source_of_water_supply,health_water-source,nitrate_nitrite,total,ug/l,11,2,0,0,0,0,none
1301-0190,TRUE,source_of_water_supply,health_water-source,nitrite,total,ug/l,4,1,0,0,0,0,none
1301-0190,TRUE,source_of_water_supply,health_water-source,sulfate,total,ug/l,13,2,0,0,0,0,none
1301-0205,FALSE,fishing,aquatic_chronic,ammonia,total,ug/l,4,1,0,0,0,2,none
1301-0205,FALSE,fishing,none,dissolved_oxygen,dissolved,mg/l,2,1,3,1,0,0,n_exceedances may not be intiutive for this parameter because there are multiple components to the WQS. n_exceedances may be greater than n_samples_collected if a single sample was marked as an exceedance for multiple components of the WQS.
1301-0205,FALSE,fishing,none,ph,total,ph_units,2,1,2,1,0,0,none
1301-0208,TRUE,fishing,aquatic_chronic,ammonia,total,ug/l,9,2,0,0,0,5,none
1301-0208,TRUE,fishing,none,dissolved_oxygen,dissolved,mg/l,4,2,8,2,0,0,n_exceedances may not be intiutive for this parameter because there are multiple components to the WQS. n_exceedances may be greater than n_samples_collected if a single sample was marked as an exceedance for multiple components of the WQS.
1301-0208,TRUE,fishing,none,ph,total,ph_units,4,2,0,0,0,0,none
1301-0208,TRUE,secondary_contact_recreation,recreation,phosphorus,total,ug/l,3,1,1,1,0,0,none
1301-0208,TRUE,primary_contact_recreation,recreation,phosphorus,total,ug/l,3,1,1,1,0,0,none
1301-0208,TRUE,source_of_water_supply,aesthetic_water-supply,iron,total,ug/l,3,2,3,2,0,0,none
1301-0208,TRUE,source_of_water_supply,aesthetic_water-supply,manganese,total,ug/l,3,2,3,2,0,0,none
1301-0208,TRUE,source_of_water_supply,health_water-source,ammonia,total,ug/l,9,2,0,0,0,0,none
1301-0208,TRUE,source_of_water_supply,health_water-source,arsenic,total,ug/l,3,2,0,0,0,0,none
1301-0208,TRUE,source_of_water_supply,health_water-source,copper,total,ug/l,1,1,0,0,0,0,none
1301-0208,TRUE,source_of_water_supply,health_water-source,nitrate_nitrite,total,ug/l,5,2,0,0,0,0,none
1301-0208,TRUE,source_of_water_supply,health_water-source,sulfate,total,ug/l,8,2,0,0,0,0,none
1301-0214,FALSE,fishing,aquatic_chronic,ammonia,total,ug/l,100,9,0,0,0,100,none
1301-0214,FALSE,fishing,aquatic_chronic,nitrite,total,ug/l,29,5,0,0,0,0,none
1301-0214,FALSE,secondary_contact_recreation,recreation,phosphorus,total,ug/l,80,14,5,5,0,0,none
1301-0214,FALSE,primary_contact_recreation,recreation,phosphorus,total,ug/l,80,14,5,5,0,0,none
1301-0214,TRUE,fishing,aquatic_chronic,ammonia,total,ug/l,117,10,0,0,0,117,none
1301-0214,TRUE,fishing,aquatic_chronic,nitrite,total,ug/l,1,1,0,0,0,0,none
1301-0214,TRUE,secondary_contact_recreation,recreation,phosphorus,total,ug/l,55,9,3,3,0,0,none
1301-0214,TRUE,primary_contact_recreation,recreation,phosphorus,total,ug/l,55,9,3,3,0,0,none
1301-0232,FALSE,fishing,aquatic_chronic,ammonia,total,ug/l,9,1,0,0,0,9,none
1301-0232,FALSE,secondary_contact_recreation,recreation,phosphorus,total,ug/l,4,1,0,0,0,0,none
1301-0232,FALSE,primary_contact_recreation,recreation,phosphorus,total,ug/l,4,1,0,0,0,0,none
1301-0232,FALSE,source_of_water_supply,health_water-source,ammonia,total,ug/l,9,1,0,0,0,0,none
1301-0232,FALSE,source_of_water_supply,health_water-source,nitrate_nitrite,total,ug/l,9,1,0,0,0,0,none
1301-0234,TRUE,fishing,aquatic_chronic,ammonia,total,ug/l,11,2,0,0,0,8,none
1301-0234,TRUE,fishing,aquatic_chronic,nitrite,total,ug/l,7,1,0,0,0,0,none
1301-0234,TRUE,fishing,none,dissolved_oxygen,dissolved,mg/l,7,2,13,2,0,0,n_exceedances may not be intiutive for this parameter because there are multiple components to the WQS. n_exceedances may be greater than n_samples_collected if a single sample was marked as an exceedance for multiple components of the WQS.
1301-0234,TRUE,fishing,none,ph,total,ph_units,7,2,0,0,0,0,none
1301-0234,TRUE,secondary_contact_recreation,recreation,phosphorus,total,ug/l,2,1,0,0,0,0,none
1301-0234,TRUE,primary_contact_recreation,recreation,phosphorus,total,ug/l,2,1,0,0,0,0,none
1301-0234,TRUE,source_of_water_supply,aesthetic_water-supply,iron,total,ug/l,16,2,4,1,0,0,none
1301-0234,TRUE,source_of_water_supply,aesthetic_water-supply,manganese,total,ug/l,15,2,5,2,0,0,none
1301-0234,TRUE,source_of_water_supply,health_water-source,ammonia,total,ug/l,11,2,0,0,0,0,none
1301-0234,TRUE,source_of_water_supply,health_water-source,arsenic,total,ug/l,14,2,0,0,0,0,none
1301-0234,TRUE,source_of_water_supply,health_water-source,chloride,total,ug/l,8,1,0,0,0,0,none
1301-0234,TRUE,source_of_water_supply,health_water-source,copper,total,ug/l,8,1,0,0,0,0,none
1301-0234,TRUE,source_of_water_supply,health_water-source,magnesium,total,ug/l,8,1,0,0,0,0,none
1301-0234,TRUE,source_of_water_supply,health_water-source,nitrate,total,ug/l,5,1,0,0,0,0,none
1301-0234,TRUE,source_of_water_supply,health_water-source,nitrate_nitrite,total,ug/l,14,2,0,0,0,0,none
1301-0234,TRUE,source_of_water_supply,health_water-source,nitrite,total,ug/l,7,1,0,0,0,0,none
1301-0234,TRUE,source_of_water_supply,health_water-source,sulfate,total,ug/l,13,2,0,0,0,0,none
1301-0235,TRUE,fishing,aquatic_chronic,ammonia,total,ug/l,9,2,0,0,0,6,none
1301-0235,TRUE,fishing,none,dissolved_oxygen,dissolved,mg/l,6,2,6,2,0,0,n_exceedances may not be intiutive for this parameter because there are multiple components to the WQS. n_exceedances may be greater than n_samples_collected if a single sample was marked as an exceedance for multiple components of the WQS.
1301-0235,TRUE,fishing,none,ph,total,ph_units,7,2,0,0,0,0,none
1301-0235,TRUE,secondary_contact_recreation,recreation,phosphorus,total,ug/l,1,1,1,1,0,0,none
1301-0235,TRUE,primary_contact_recreation,recreation,phosphorus,total,ug/l,1,1,1,1,0,0,none
1301-0247,TRUE,fishing,aquatic_chronic,ammonia,total,ug/l,10,2,0,0,0,5,none
1301-0247,TRUE,fishing,none,dissolved_oxygen,dissolved,mg/l,5,2,10,2,0,0,n_exceedances may not be intiutive for this parameter because there are multiple components to the WQS. n_exceedances may be greater than n_samples_collected if a single sample was marked as an exceedance for multiple components of the WQS.
1301-0247,TRUE,fishing,none,ph,total,ph_units,5,2,0,0,0,0,none
1301-0247,TRUE,secondary_contact_recreation,recreation,phosphorus,total,ug/l,4,1,1,1,0,0,none
1301-0247,TRUE,primary_contact_recreation,recreation,phosphorus,total,ug/l,4,1,1,1,0,0,none
1301-0248,FALSE,fishing,aquatic_chronic,ammonia,total,ug/l,1,1,0,0,0,1,none
1301-0248,FALSE,secondary_contact_recreation,recreation,phosphorus,total,ug/l,1,1,1,1,0,0,none
1301-0248,FALSE,primary_contact_recreation,recreation,phosphorus,total,ug/l,1,1,1,1,0,0,none
1301-0248,TRUE,fishing,aquatic_acute,arsenic,dissolved,ug/l,1,1,0,0,0,0,none
1301-0248,TRUE,fishing,aquatic_acute,copper,dissolved,ug/l,1,1,0,0,0,0,none
1301-0248,TRUE,fishing,aquatic_acute,nickel,dissolved,ug/l,1,1,0,0,0,0,none
1301-0248,TRUE,fishing,aquatic_acute,zinc,dissolved,ug/l,1,1,0,0,0,0,none
1301-0248,TRUE,fishing,aquatic_chronic,aluminum,dissolved,ug/l,1,1,0,0,0,0,none
1301-0248,TRUE,fishing,aquatic_chronic,ammonia,total,ug/l,1,1,0,0,0,1,none
1301-0248,TRUE,fishing,aquatic_chronic,arsenic,dissolved,ug/l,1,1,0,0,0,0,none
1301-0248,TRUE,fishing,aquatic_chronic,copper,dissolved,ug/l,1,1,0,0,0,0,none
1301-0248,TRUE,fishing,aquatic_chronic,nickel,dissolved,ug/l,1,1,0,0,0,0,none
1301-0248,TRUE,fishing,aquatic_chronic,nitrite,total,ug/l,1,1,0,0,0,0,none
1301-0248,TRUE,fishing,aquatic_chronic,zinc,dissolved,ug/l,1,1,0,0,0,0,none
1301-0248,TRUE,fishing,none,dissolved_oxygen,dissolved,mg/l,2,1,0,0,0,0,n_exceedances may not be intiutive for this parameter because there are multiple components to the WQS. n_exceedances may be greater than n_samples_collected if a single sample was marked as an exceedance for multiple components of the WQS.
1301-0248,TRUE,fishing,none,ph,total,ph_units,2,1,0,0,0,0,none
1301-0248,TRUE,fishing,none,total_dissolved_solids,dissolved,mg/l,1,1,0,0,0,0,none
1301-0248,TRUE,secondary_contact_recreation,none,total_dissolved_solids,dissolved,mg/l,1,1,0,0,0,0,none
1301-0248,TRUE,primary_contact_recreation,none,total_dissolved_solids,dissolved,mg/l,1,1,0,0,0,0,none
1301-0248,TRUE,secondary_contact_recreation,recreation,phosphorus,total,ug/l,1,1,1,1,0,0,none
1301-0248,TRUE,primary_contact_recreation,recreation,phosphorus,total,ug/l,1,1,1,1,0,0,none
1301-0251,FALSE,fishing,aquatic_chronic,ammonia,total,ug/l,2,1,0,0,0,2,none
1301-0251,FALSE,secondary_contact_recreation,recreation,phosphorus,total,ug/l,1,1,1,1,0,0,none
1301-0251,FALSE,primary_contact_recreation,recreation,phosphorus,total,ug/l,1,1,1,1,0,0,none
1301-0254,FALSE,fishing,aquatic_chronic,ammonia,total,ug/l,7,1,0,0,0,7,none
1301-0254,FALSE,secondary_contact_recreation,recreation,phosphorus,total,ug/l,8,1,1,1,0,0,none
1301-0254,FALSE,primary_contact_recreation,recreation,phosphorus,total,ug/l,8,1,1,1,0,0,none
1301-0258,FALSE,fishing,aquatic_chronic,ammonia,total,ug/l,17,3,0,0,0,17,none
1301-0258,FALSE,secondary_contact_recreation,recreation,phosphorus,total,ug/l,62,11,0,0,0,0,none
1301-0258,FALSE,primary_contact_recreation,recreation,phosphorus,total,ug/l,62,11,0,0,0,0,none
1301-0258,FALSE,source_of_water_supply,aesthetic_water-supply,iron,total,ug/l,3,1,1,1,0,0,none
1301-0258,FALSE,source_of_water_supply,aesthetic_water-supply,manganese,total,ug/l,3,1,1,1,0,0,none
1301-0258,FALSE,source_of_water_supply,health_water-source,ammonia,total,ug/l,17,3,0,0,0,0,none
1301-0258,FALSE,source_of_water_supply,health_water-source,chloride,total,ug/l,4,2,0,0,0,0,none
1301-0258,FALSE,source_of_water_supply,health_water-source,magnesium,total,ug/l,4,2,0,0,0,0,none
1301-0258,FALSE,source_of_water_supply,health_water-source,nitrate_nitrite,total,ug/l,79,12,0,0,0,0,none
1301-0258,FALSE,source_of_water_supply,health_water-source,sulfate,total,ug/l,4,2,0,0,0,0,none
1301-0259,FALSE,fishing,aquatic_chronic,ammonia,total,ug/l,3,1,0,0,0,3,none
1301-0259,FALSE,secondary_contact_recreation,recreation,phosphorus,total,ug/l,4,2,0,0,0,0,none
1301-0259,FALSE,primary_contact_recreation,recreation,phosphorus,total,ug/l,4,2,0,0,0,0,none
1301-0259,FALSE,source_of_water_supply,health_water-source,ammonia,total,ug/l,3,1,0,0,0,0,none
1301-0259,FALSE,source_of_water_supply,health_water-source,nitrate_nitrite,total,ug/l,3,1,0,0,0,0,none
1301-0261,FALSE,fishing,aquatic_chronic,ammonia,total,ug/l,17,3,0,0,0,17,none
1301-0261,FALSE,secondary_contact_recreation,recreation,phosphorus,total,ug/l,55,10,0,0,0,0,none
1301-0261,FALSE,primary_contact_recreation,recreation,phosphorus,total,ug/l,55,10,0,0,0,0,none
1301-0261,FALSE,source_of_water_supply,aesthetic_water-supply,iron,total,ug/l,5,2,2,1,0,0,none
1301-0261,FALSE,source_of_water_supply,aesthetic_water-supply,manganese,total,ug/l,5,2,2,1,0,0,none
1301-0261,FALSE,source_of_water_supply,health_water-source,ammonia,total,ug/l,17,3,0,0,0,0,none
1301-0261,FALSE,source_of_water_supply,health_water-source,chloride,total,ug/l,4,1,0,0,0,0,none
1301-0261,FALSE,source_of_water_supply,health_water-source,magnesium,total,ug/l,5,2,0,0,0,0,none
1301-0261,FALSE,source_of_water_supply,health_water-source,nitrate_nitrite,total,ug/l,78,11,0,0,0,0,none
1301-0261,FALSE,source_of_water_supply,health_water-source,sulfate,total,ug/l,4,1,0,0,0,0,none
1301-0261,TRUE,secondary_contact_recreation,recreation,phosphorus,total,ug/l,1,1,0,0,0,0,none
1301-0261,TRUE,primary_contact_recreation,recreation,phosphorus,total,ug/l,1,1,0,0,0,0,none
1301-0262,FALSE,fishing,aquatic_chronic,ammonia,total,ug/l,1,1,0,0,0,1,none
1301-0262,FALSE,secondary_contact_recreation,recreation,phosphorus,total,ug/l,3,2,0,0,0,0,none
1301-0262,FALSE,primary_contact_recreation,recreation,phosphorus,total,ug/l,3,2,0,0,0,0,none
1301-0262,FALSE,source_of_water_supply,aesthetic_water-supply,iron,total,ug/l,1,1,0,0,0,0,none
1301-0262,FALSE,source_of_water_supply,aesthetic_water-supply,manganese,total,ug/l,1,1,0,0,0,0,none
1301-0262,FALSE,source_of_water_supply,health_water-source,ammonia,total,ug/l,1,1,0,0,0,0,none
1301-0262,FALSE,source_of_water_supply,health_water-source,magnesium,total,ug/l,1,1,0,0,0,0,none
1301-0262,FALSE,source_of_water_supply,health_water-source,nitrate_nitrite,total,ug/l,1,1,0,0,0,0,none
1301-0263,TRUE,fishing,aquatic_chronic,ammonia,total,ug/l,13,2,0,0,0,13,none
1301-0267,FALSE,fishing,aquatic_chronic,ammonia,total,ug/l,62,8,0,0,0,62,none
1301-0267,FALSE,fishing,aquatic_chronic,nitrite,total,ug/l,8,1,0,0,0,0,none
1301-0267,FALSE,secondary_contact_recreation,recreation,phosphorus,total,ug/l,49,8,0,0,0,0,none
1301-0267,FALSE,primary_contact_recreation,recreation,phosphorus,total,ug/l,49,8,0,0,0,0,none
1301-0267,FALSE,source_of_water_supply,health_water-source,ammonia,total,ug/l,62,8,0,0,0,0,none
1301-0267,FALSE,source_of_water_supply,health_water-source,nitrate_nitrite,total,ug/l,63,8,0,0,0,0,none
1301-0267,FALSE,source_of_water_supply,health_water-source,nitrite,total,ug/l,8,1,0,0,0,0,none
1301-0267,TRUE,fishing,aquatic_chronic,ammonia,total,ug/l,70,10,0,0,0,70,none
1301-0267,TRUE,secondary_contact_recreation,recreation,phosphorus,total,ug/l,66,9,1,1,0,0,none
1301-0267,TRUE,primary_contact_recreation,recreation,phosphorus,total,ug/l,66,9,1,1,0,0,none
1301-0267,TRUE,source_of_water_supply,health_water-source,ammonia,total,ug/l,70,10,0,0,0,0,none
1301-0267,TRUE,source_of_water_supply,health_water-source,chloride,total,ug/l,16,7,0,0,0,0,none
1301-0267,TRUE,source_of_water_supply,health_water-source,nitrate_nitrite,total,ug/l,54,9,0,0,0,0,none
1301-0270,TRUE,fishing,aquatic_chronic,ammonia,total,ug/l,64,9,0,0,0,64,none
1301-0270,TRUE,secondary_contact_recreation,recreation,phosphorus,total,ug/l,63,8,0,0,0,0,none
1301-0270,TRUE,primary_contact_recreation,recreation,phosphorus,total,ug/l,63,8,0,0,0,0,none
1301-0271,TRUE,fishing,aquatic_acute,arsenic,dissolved,ug/l,2,1,0,0,0,0,none
1301-0271,TRUE,fishing,aquatic_acute,copper,dissolved,ug/l,2,1,2,1,0,0,none
1301-0271,TRUE,fishing,aquatic_acute,nickel,dissolved,ug/l,2,1,0,0,0,0,none
1301-0271,TRUE,fishing,aquatic_acute,zinc,dissolved,ug/l,2,1,0,0,0,0,none
1301-0271,TRUE,fishing,aquatic_chronic,aluminum,dissolved,ug/l,2,1,1,1,0,0,none
1301-0271,TRUE,fishing,aquatic_chronic,ammonia,total,ug/l,4,2,0,0,0,4,none
1301-0271,TRUE,fishing,aquatic_chronic,arsenic,dissolved,ug/l,2,1,0,0,0,0,none
1301-0271,TRUE,fishing,aquatic_chronic,copper,dissolved,ug/l,2,1,2,1,0,0,none
1301-0271,TRUE,fishing,aquatic_chronic,nickel,dissolved,ug/l,2,1,0,0,0,0,none
1301-0271,TRUE,fishing,aquatic_chronic,nitrite,total,ug/l,2,1,0,0,0,0,none
1301-0271,TRUE,fishing,aquatic_chronic,zinc,dissolved,ug/l,2,1,1,1,0,0,none
1301-0271,TRUE,fishing,none,dissolved_oxygen,dissolved,mg/l,2,2,3,2,0,0,n_exceedances may not be intiutive for this parameter because there are multiple components to the WQS. n_exceedances may be greater than n_samples_collected if a single sample was marked as an exceedance for multiple components of the WQS.
1301-0271,TRUE,fishing,none,ph,total,ph_units,2,2,2,2,0,0,none
1301-0271,TRUE,fishing,none,total_dissolved_solids,dissolved,mg/l,2,1,0,0,0,0,none
1301-0271,TRUE,secondary_contact_recreation,none,total_dissolved_solids,dissolved,mg/l,2,1,0,0,0,0,none
1301-0271,TRUE,primary_contact_recreation,none,total_dissolved_solids,dissolved,mg/l,2,1,0,0,0,0,none
1301-0271,TRUE,secondary_contact_recreation,recreation,phosphorus,total,ug/l,1,1,0,0,0,0,none
1301-0271,TRUE,primary_contact_recreation,recreation,phosphorus,total,ug/l,1,1,0,0,0,0,none
1301-0274,TRUE,fishing,aquatic_chronic,ammonia,total,ug/l,6,2,0,0,0,5,none
1301-0274,TRUE,fishing,none,dissolved_oxygen,dissolved,mg/l,4,2,6,2,0,0,n_exceedances may not be intiutive for this parameter because there are multiple components to the WQS. n_exceedances may be greater than n_samples_collected if a single sample was marked as an exceedance for multiple components of the WQS.
1301-0274,TRUE,fishing,none,ph,total,ph_units,4,2,1,1,0,0,none
1301-0274,TRUE,secondary_contact_recreation,recreation,phosphorus,total,ug/l,4,1,1,1,0,0,none
1301-0274,TRUE,primary_contact_recreation,recreation,phosphorus,total,ug/l,4,1,1,1,0,0,none
1301-0274,TRUE,source_of_water_supply,aesthetic_water-supply,iron,total,ug/l,1,1,1,1,0,0,none
1301-0274,TRUE,source_of_water_supply,aesthetic_water-supply,manganese,total,ug/l,1,1,1,1,0,0,none
1301-0274,TRUE,source_of_water_supply,health_water-source,ammonia,total,ug/l,6,2,0,0,0,0,none
1301-0274,TRUE,source_of_water_supply,health_water-source,arsenic,total,ug/l,1,1,0,0,0,0,none
1301-0274,TRUE,source_of_water_supply,health_water-source,nitrate_nitrite,total,ug/l,5,2,0,0,0,0,none
1301-0274,TRUE,source_of_water_supply,health_water-source,sulfate,total,ug/l,7,2,0,0,0,0,none
1302-0002,FALSE,fishing,aquatic_chronic,ammonia,total,ug/l,1,1,0,0,0,1,none
1302-0002,FALSE,fishing,aquatic_chronic,nitrite,total,ug/l,1,1,0,0,0,0,none
1302-0002,FALSE,secondary_contact_recreation,recreation,phosphorus,total,ug/l,1,1,1,1,0,0,none
1302-0002,FALSE,primary_contact_recreation,recreation,phosphorus,total,ug/l,1,1,1,1,0,0,none
1302-0004,FALSE,fishing,aquatic_chronic,ammonia,total,ug/l,101,9,0,0,0,101,none
1302-0004,FALSE,fishing,aquatic_chronic,nitrite,total,ug/l,25,5,1,1,0,0,none
1302-0004,FALSE,secondary_contact_recreation,recreation,phosphorus,total,ug/l,76,12,12,12,0,0,none
1302-0004,FALSE,primary_contact_recreation,recreation,phosphorus,total,ug/l,76,12,12,12,0,0,none
1302-0004,TRUE,fishing,aquatic_chronic,ammonia,total,ug/l,133,10,0,0,0,133,none
1302-0004,TRUE,fishing,aquatic_chronic,nitrite,total,ug/l,3,1,0,0,0,0,none
1302-0004,TRUE,secondary_contact_recreation,recreation,phosphorus,total,ug/l,67,9,8,8,0,0,none
1302-0004,TRUE,primary_contact_recreation,recreation,phosphorus,total,ug/l,67,9,8,8,0,0,none
1302-0006,FALSE,secondary_contact_recreation,recreation,phosphorus,total,ug/l,57,5,5,5,0,0,none
1302-0006,FALSE,primary_contact_recreation,recreation,phosphorus,total,ug/l,57,5,5,5,0,0,none
1302-0006,TRUE,fishing,aquatic_acute,arsenic,dissolved,ug/l,1,1,0,0,0,0,none
1302-0006,TRUE,fishing,aquatic_acute,copper,dissolved,ug/l,1,1,0,0,0,0,none
1302-0006,TRUE,fishing,aquatic_acute,nickel,dissolved,ug/l,1,1,0,0,0,0,none
1302-0006,TRUE,fishing,aquatic_acute,zinc,dissolved,ug/l,1,1,0,0,0,0,none
1302-0006,TRUE,fishing,aquatic_chronic,aluminum,dissolved,ug/l,1,1,0,0,0,0,none
1302-0006,TRUE,fishing,aquatic_chronic,ammonia,total,ug/l,51,8,0,0,0,48,none
1302-0006,TRUE,fishing,aquatic_chronic,arsenic,dissolved,ug/l,1,1,0,0,0,0,none
1302-0006,TRUE,fishing,aquatic_chronic,copper,dissolved,ug/l,1,1,0,0,0,0,none
1302-0006,TRUE,fishing,aquatic_chronic,nickel,dissolved,ug/l,1,1,0,0,0,0,none
1302-0006,TRUE,fishing,aquatic_chronic,zinc,dissolved,ug/l,1,1,0,0,0,0,none
1302-0006,TRUE,fishing,none,dissolved_oxygen,dissolved,mg/l,6,3,3,1,0,0,n_exceedances may not be intiutive for this parameter because there are multiple components to the WQS. n_exceedances may be greater than n_samples_collected if a single sample was marked as an exceedance for multiple components of the WQS.
1302-0006,TRUE,fishing,none,ph,total,ph_units,6,3,0,0,0,0,none
1302-0006,TRUE,fishing,none,total_dissolved_solids,dissolved,mg/l,1,1,0,0,0,0,none
1302-0006,TRUE,secondary_contact_recreation,none,total_dissolved_solids,dissolved,mg/l,1,1,0,0,0,0,none
1302-0006,TRUE,primary_contact_recreation,none,total_dissolved_solids,dissolved,mg/l,1,1,0,0,0,0,none
1302-0006,TRUE,secondary_contact_recreation,recreation,phosphorus,total,ug/l,48,6,6,6,0,0,none
1302-0006,TRUE,primary_contact_recreation,recreation,phosphorus,total,ug/l,48,6,6,6,0,0,none
1302-0007,FALSE,fishing,aquatic_chronic,ammonia,total,ug/l,4,1,0,0,0,4,none
1302-0007,FALSE,secondary_contact_recreation,recreation,phosphorus,total,ug/l,70,13,7,7,0,0,none
1302-0007,FALSE,primary_contact_recreation,recreation,phosphorus,total,ug/l,70,13,7,7,0,0,none
1302-0007,FALSE,source_of_water_supply,health_water-source,ammonia,total,ug/l,4,1,0,0,0,0,none
1302-0007,FALSE,source_of_water_supply,health_water-source,nitrate_nitrite,total,ug/l,59,13,0,0,0,0,none
1302-0014,TRUE,fishing,aquatic_chronic,ammonia,total,ug/l,2,1,0,0,0,1,none
1302-0014,TRUE,fishing,none,dissolved_oxygen,dissolved,mg/l,1,1,0,0,0,0,n_exceedances may not be intiutive for this parameter because there are multiple components to the WQS. n_exceedances may be greater than n_samples_collected if a single sample was marked as an exceedance for multiple components of the WQS.
1302-0014,TRUE,fishing,none,ph,total,ph_units,1,1,0,0,0,0,none
1302-0053,FALSE,fishing,aquatic_chronic,ammonia,total,ug/l,1,1,0,0,0,1,none
1302-0053,FALSE,fishing,aquatic_chronic,fluoride,total,ug/l,3,1,0,0,0,3,none
1302-0053,FALSE,fishing,none,dissolved_oxygen,dissolved,mg/l,3,1,2,1,0,0,n_exceedances may not be intiutive for this parameter because there are multiple components to the WQS. n_exceedances may be greater than n_samples_collected if a single sample was marked as an exceedance for multiple components of the WQS.
1302-0053,FALSE,secondary_contact_recreation,recreation,phosphorus,total,ug/l,1,1,1,1,0,0,none
1302-0053,FALSE,primary_contact_recreation,recreation,phosphorus,total,ug/l,1,1,1,1,0,0,none
1302-0053,TRUE,fishing,aquatic_chronic,ammonia,total,ug/l,44,7,0,0,0,44,none
1302-0053,TRUE,secondary_contact_recreation,recreation,phosphorus,total,ug/l,42,6,6,6,0,0,none
1302-0053,TRUE,primary_contact_recreation,recreation,phosphorus,total,ug/l,42,6,6,6,0,0,none
1302-0054,FALSE,fishing,aquatic_chronic,ammonia,total,ug/l,87,11,0,0,0,87,none
1302-0054,FALSE,fishing,aquatic_chronic,nitrite,total,ug/l,16,2,0,0,0,0,none
1302-0054,FALSE,secondary_contact_recreation,recreation,phosphorus,total,ug/l,106,14,14,14,0,0,none
1302-0054,FALSE,primary_contact_recreation,recreation,phosphorus,total,ug/l,106,14,14,14,0,0,none
1302-0054,TRUE,fishing,aquatic_chronic,ammonia,total,ug/l,8,1,0,0,0,8,none
1302-0054,TRUE,secondary_contact_recreation,recreation,phosphorus,total,ug/l,6,1,1,1,0,0,none
1302-0054,TRUE,primary_contact_recreation,recreation,phosphorus,total,ug/l,6,1,1,1,0,0,none
1302-0080,FALSE,fishing,aquatic_chronic,ammonia,total,ug/l,16,2,0,0,0,16,none
1302-0080,FALSE,secondary_contact_recreation,recreation,phosphorus,total,ug/l,16,2,2,2,0,0,none
1302-0080,FALSE,primary_contact_recreation,recreation,phosphorus,total,ug/l,16,2,2,2,0,0,none
1302-0080,TRUE,fishing,aquatic_acute,arsenic,dissolved,ug/l,2,1,0,0,0,0,none
1302-0080,TRUE,fishing,aquatic_acute,copper,dissolved,ug/l,2,1,0,0,0,0,none
1302-0080,TRUE,fishing,aquatic_acute,nickel,dissolved,ug/l,2,1,0,0,0,0,none
1302-0080,TRUE,fishing,aquatic_acute,zinc,dissolved,ug/l,2,1,0,0,0,0,none
1302-0080,TRUE,fishing,aquatic_chronic,aluminum,dissolved,ug/l,2,1,0,0,0,0,none
1302-0080,TRUE,fishing,aquatic_chronic,ammonia,total,ug/l,65,9,0,0,0,65,none
1302-0080,TRUE,fishing,aquatic_chronic,arsenic,dissolved,ug/l,2,1,0,0,0,0,none
1302-0080,TRUE,fishing,aquatic_chronic,copper,dissolved,ug/l,2,1,0,0,0,0,none
1302-0080,TRUE,fishing,aquatic_chronic,nickel,dissolved,ug/l,2,1,0,0,0,0,none
1302-0080,TRUE,fishing,aquatic_chronic,zinc,dissolved,ug/l,2,1,0,0,0,0,none
1302-0080,TRUE,fishing,none,dissolved_oxygen,dissolved,mg/l,1,1,2,1,0,0,n_exceedances may not be intiutive for this parameter because there are multiple components to the WQS. n_exceedances may be greater than n_samples_collected if a single sample was marked as an exceedance for multiple components of the WQS.
1302-0080,TRUE,fishing,none,ph,total,ph_units,1,1,0,0,0,0,none
1302-0080,TRUE,fishing,none,total_dissolved_solids,dissolved,mg/l,2,1,0,0,0,0,none
1302-0080,TRUE,secondary_contact_recreation,none,total_dissolved_solids,dissolved,mg/l,2,1,0,0,0,0,none
1302-0080,TRUE,primary_contact_recreation,none,total_dissolved_solids,dissolved,mg/l,2,1,0,0,0,0,none
1302-0080,TRUE,secondary_contact_recreation,recreation,phosphorus,total,ug/l,61,8,8,8,0,0,none
1302-0080,TRUE,primary_contact_recreation,recreation,phosphorus,total,ug/l,61,8,8,8,0,0,none
1302-0083,FALSE,fishing,aquatic_chronic,ammonia,total,ug/l,54,7,0,0,0,54,none
1302-0083,FALSE,fishing,aquatic_chronic,nitrite,total,ug/l,16,2,0,0,0,0,none
1302-0083,FALSE,secondary_contact_recreation,recreation,phosphorus,total,ug/l,50,7,7,7,0,0,none
1302-0083,FALSE,primary_contact_recreation,recreation,phosphorus,total,ug/l,50,7,7,7,0,0,none
1302-0089,FALSE,fishing,aquatic_chronic,ammonia,total,ug/l,77,7,0,0,0,77,none
1302-0089,FALSE,fishing,aquatic_chronic,nitrite,total,ug/l,19,2,0,0,0,0,none
1302-0089,FALSE,secondary_contact_recreation,recreation,phosphorus,total,ug/l,131,16,16,16,0,0,none
1302-0089,FALSE,primary_contact_recreation,recreation,phosphorus,total,ug/l,131,16,16,16,0,0,none
1302-0089,TRUE,fishing,aquatic_chronic,ammonia,total,ug/l,73,10,0,0,0,73,none
1302-0089,TRUE,secondary_contact_recreation,recreation,phosphorus,total,ug/l,68,9,9,9,0,0,none
1302-0089,TRUE,primary_contact_recreation,recreation,phosphorus,total,ug/l,68,9,9,9,0,0,none
1302-0096,FALSE,secondary_contact_recreation,recreation,phosphorus,total,ug/l,27,4,0,0,0,0,none
1302-0096,FALSE,primary_contact_recreation,recreation,phosphorus,total,ug/l,27,4,0,0,0,0,none
1302-0096,TRUE,fishing,aquatic_chronic,ammonia,total,ug/l,21,3,0,0,0,21,none
1302-0096,TRUE,secondary_contact_recreation,recreation,phosphorus,total,ug/l,24,3,1,1,0,0,none
1302-0096,TRUE,primary_contact_recreation,recreation,phosphorus,total,ug/l,24,3,1,1,0,0,none
1302-0100,TRUE,fishing,aquatic_chronic,ammonia,total,ug/l,6,1,0,0,0,4,none
1302-0100,TRUE,fishing,none,dissolved_oxygen,dissolved,mg/l,4,1,4,1,0,0,n_exceedances may not be intiutive for this parameter because there are multiple components to the WQS. n_exceedances may be greater than n_samples_collected if a single sample was marked as an exceedance for multiple components of the WQS.
1302-0100,TRUE,fishing,none,ph,total,ph_units,4,1,1,1,0,0,none
1302-0100,TRUE,secondary_contact_recreation,recreation,phosphorus,total,ug/l,3,1,1,1,0,0,none
1302-0100,TRUE,primary_contact_recreation,recreation,phosphorus,total,ug/l,3,1,1,1,0,0,none
1302-0103,TRUE,fishing,aquatic_chronic,ammonia,total,ug/l,56,8,0,0,0,52,none
1302-0103,TRUE,fishing,none,dissolved_oxygen,dissolved,mg/l,4,1,1,1,0,0,n_exceedances may not be intiutive for this parameter because there are multiple components to the WQS. n_exceedances may be greater than n_samples_collected if a single sample was marked as an exceedance for multiple components of the WQS.
1302-0103,TRUE,fishing,none,ph,total,ph_units,4,1,0,0,0,0,none
1302-0103,TRUE,secondary_contact_recreation,recreation,phosphorus,total,ug/l,53,7,7,7,0,0,none
1302-0103,TRUE,primary_contact_recreation,recreation,phosphorus,total,ug/l,53,7,7,7,0,0,none
1302-0115,FALSE,fishing,aquatic_chronic,ammonia,total,ug/l,28,2,0,0,0,28,none
1302-0115,FALSE,secondary_contact_recreation,recreation,phosphorus,total,ug/l,15,2,0,0,0,0,none
1302-0115,FALSE,primary_contact_recreation,recreation,phosphorus,total,ug/l,15,2,0,0,0,0,none
1302-0115,TRUE,fishing,aquatic_chronic,ammonia,total,ug/l,135,9,0,0,0,135,none
1302-0115,TRUE,fishing,aquatic_chronic,nitrite,total,ug/l,4,1,0,0,0,0,none
1302-0115,TRUE,secondary_contact_recreation,recreation,phosphorus,total,ug/l,63,8,0,0,0,0,none
1302-0115,TRUE,primary_contact_recreation,recreation,phosphorus,total,ug/l,63,8,0,0,0,0,none
1302-0118,FALSE,fishing,aquatic_chronic,ammonia,total,ug/l,27,2,0,0,0,27,none
1302-0118,FALSE,secondary_contact_recreation,recreation,phosphorus,total,ug/l,15,2,1,1,0,0,none
1302-0118,FALSE,primary_contact_recreation,recreation,phosphorus,total,ug/l,15,2,1,1,0,0,none
1302-0118,TRUE,fishing,aquatic_chronic,ammonia,total,ug/l,94,9,0,0,0,94,none
1302-0118,TRUE,secondary_contact_recreation,recreation,phosphorus,total,ug/l,52,7,0,0,0,0,none
1302-0118,TRUE,primary_contact_recreation,recreation,phosphorus,total,ug/l,52,7,0,0,0,0,none
1302-0120,FALSE,secondary_contact_recreation,recreation,phosphorus,total,ug/l,38,5,0,0,0,0,none
1302-0120,FALSE,primary_contact_recreation,recreation,phosphorus,total,ug/l,38,5,0,0,0,0,none
1302-0121,TRUE,fishing,aquatic_chronic,ammonia,total,ug/l,21,4,0,0,0,21,none
1302-0121,TRUE,secondary_contact_recreation,recreation,phosphorus,total,ug/l,20,3,3,3,0,0,none
1302-0121,TRUE,primary_contact_recreation,recreation,phosphorus,total,ug/l,20,3,3,3,0,0,none
1302-0122,FALSE,fishing,aquatic_chronic,ammonia,total,ug/l,1,1,0,0,0,0,none
1302-0122,FALSE,fishing,none,dissolved_oxygen,dissolved,mg/l,1,1,0,0,0,0,n_exceedances may not be intiutive for this parameter because there are multiple components to the WQS. n_exceedances may be greater than n_samples_collected if a single sample was marked as an exceedance for multiple components of the WQS.
1302-0122,FALSE,fishing,none,ph,total,ph_units,1,1,0,0,0,0,none
1302-0122,FALSE,source_of_water_supply,aesthetic_water-supply,iron,total,ug/l,1,1,0,0,0,0,none
1302-0122,FALSE,source_of_water_supply,aesthetic_water-supply,manganese,total,ug/l,1,1,0,0,0,0,none
1302-0122,FALSE,source_of_water_supply,health_water-source,ammonia,total,ug/l,1,1,0,0,0,0,none
1302-0122,FALSE,source_of_water_supply,health_water-source,chloride,total,ug/l,1,1,0,0,0,0,none
1302-0122,FALSE,source_of_water_supply,health_water-source,magnesium,total,ug/l,1,1,0,0,0,0,none
1302-0122,FALSE,source_of_water_supply,health_water-source,nitrate_nitrite,total,ug/l,1,1,0,0,0,0,none
1302-0122,FALSE,source_of_water_supply,health_water-source,sulfate,total,ug/l,1,1,0,0,0,0,none
1302-0122,TRUE,fishing,aquatic_chronic,ammonia,total,ug/l,3,1,0,0,0,0,none
1302-0122,TRUE,fishing,none,dissolved_oxygen,dissolved,mg/l,4,1,2,1,0,0,n_exceedances may not be intiutive for this parameter because there are multiple components to the WQS. n_exceedances may be greater than n_samples_collected if a single sample was marked as an exceedance for multiple components of the WQS.
1302-0122,TRUE,fishing,none,ph,total,ph_units,4,1,0,0,0,0,none
1302-0122,TRUE,source_of_water_supply,aesthetic_water-supply,iron,total,ug/l,4,1,0,0,0,0,none
1302-0122,TRUE,source_of_water_supply,aesthetic_water-supply,manganese,total,ug/l,4,1,0,0,0,0,none
1302-0122,TRUE,source_of_water_supply,health_water-source,ammonia,total,ug/l,3,1,0,0,0,0,none
1302-0122,TRUE,source_of_water_supply,health_water-source,chloride,total,ug/l,4,1,0,0,0,0,none
1302-0122,TRUE,source_of_water_supply,health_water-source,nitrate_nitrite,total,ug/l,4,1,0,0,0,0,none
1302-0122,TRUE,source_of_water_supply,health_water-source,sulfate,total,ug/l,4,1,0,0,0,0,none
1302-0136,FALSE,fishing,aquatic_chronic,ammonia,total,ug/l,46,6,0,0,0,46,none
1302-0136,FALSE,fishing,aquatic_chronic,nitrite,total,ug/l,16,2,0,0,0,0,none
1302-0136,FALSE,secondary_contact_recreation,recreation,phosphorus,total,ug/l,41,6,6,6,0,0,none
1302-0136,FALSE,primary_contact_recreation,recreation,phosphorus,total,ug/l,41,6,6,6,0,0,none
1302-0136,TRUE,fishing,aquatic_chronic,ammonia,total,ug/l,40,6,0,0,0,40,none
1302-0136,TRUE,secondary_contact_recreation,recreation,phosphorus,total,ug/l,30,5,5,5,0,0,none
1302-0136,TRUE,primary_contact_recreation,recreation,phosphorus,total,ug/l,30,5,5,5,0,0,none
1302-0140,FALSE,fishing,aquatic_chronic,ammonia,total,ug/l,88,7,0,0,0,88,none
1302-0140,FALSE,fishing,aquatic_chronic,nitrite,total,ug/l,34,6,0,0,0,0,none
1302-0140,FALSE,secondary_contact_recreation,recreation,phosphorus,total,ug/l,123,16,6,6,0,0,none
1302-0140,FALSE,primary_contact_recreation,recreation,phosphorus,total,ug/l,123,16,6,6,0,0,none
1302-0140,FALSE,source_of_water_supply,aesthetic_water-supply,iron,total,ug/l,3,1,3,1,0,0,none
1302-0140,FALSE,source_of_water_supply,aesthetic_water-supply,manganese,total,ug/l,3,1,3,1,0,0,none
1302-0140,FALSE,source_of_water_supply,health_water-source,ammonia,total,ug/l,88,7,18,4,0,0,none
1302-0140,FALSE,source_of_water_supply,health_water-source,arsenic,total,ug/l,8,4,0,0,0,0,none
1302-0140,FALSE,source_of_water_supply,health_water-source,nitrate_nitrite,total,ug/l,94,13,0,0,0,0,none
1302-0140,FALSE,source_of_water_supply,health_water-source,nitrite,total,ug/l,34,6,0,0,0,0,none
1302-0140,TRUE,fishing,aquatic_chronic,ammonia,total,ug/l,139,10,0,0,0,139,none
1302-0140,TRUE,fishing,aquatic_chronic,nitrite,total,ug/l,2,1,0,0,0,0,none
1302-0140,TRUE,secondary_contact_recreation,recreation,phosphorus,total,ug/l,77,9,9,9,0,0,none
1302-0140,TRUE,primary_contact_recreation,recreation,phosphorus,total,ug/l,77,9,9,9,0,0,none
1302-0140,TRUE,source_of_water_supply,health_water-source,ammonia,total,ug/l,139,10,40,10,0,0,none
1302-0140,TRUE,source_of_water_supply,health_water-source,chloride,total,ug/l,28,8,0,0,0,0,none
1302-0140,TRUE,source_of_water_supply,health_water-source,nitrate_nitrite,total,ug/l,56,9,0,0,0,0,none
1302-0140,TRUE,source_of_water_supply,health_water-source,nitrite,total,ug/l,2,1,0,0,0,0,none
1302-0141,FALSE,fishing,aquatic_chronic,ammonia,total,ug/l,135,6,0,0,0,135,none
1302-0141,FALSE,fishing,aquatic_chronic,nitrite,total,ug/l,27,3,0,0,0,0,none
1302-0141,FALSE,secondary_contact_recreation,recreation,phosphorus,total,ug/l,80,6,2,2,0,0,none
1302-0141,FALSE,primary_contact_recreation,recreation,phosphorus,total,ug/l,80,6,2,2,0,0,none
1302-0141,TRUE,fishing,aquatic_chronic,ammonia,total,ug/l,267,10,0,0,0,267,none
1302-0141,TRUE,secondary_contact_recreation,recreation,phosphorus,total,ug/l,141,9,5,5,0,0,none
1302-0141,TRUE,primary_contact_recreation,recreation,phosphorus,total,ug/l,141,9,5,5,0,0,none
1302-0147,FALSE,fishing,aquatic_chronic,ammonia,total,ug/l,8,1,0,0,0,8,none
1302-0147,FALSE,secondary_contact_recreation,recreation,phosphorus,total,ug/l,8,1,1,1,0,0,none
1302-0147,FALSE,primary_contact_recreation,recreation,phosphorus,total,ug/l,8,1,1,1,0,0,none
1302-0147,TRUE,fishing,aquatic_chronic,ammonia,total,ug/l,68,10,0,0,0,68,none
1302-0147,TRUE,secondary_contact_recreation,recreation,phosphorus,total,ug/l,66,9,9,9,0,0,none
1302-0147,TRUE,primary_contact_recreation,recreation,phosphorus,total,ug/l,66,9,9,9,0,0,none
1302-0150,FALSE,fishing,aquatic_chronic,ammonia,total,ug/l,51,8,0,0,0,51,none
1302-0150,FALSE,fishing,aquatic_chronic,nitrite,total,ug/l,16,2,0,0,0,0,none
1302-0150,FALSE,secondary_contact_recreation,recreation,phosphorus,total,ug/l,76,13,13,13,0,0,none
1302-0150,FALSE,primary_contact_recreation,recreation,phosphorus,total,ug/l,76,13,13,13,0,0,none
1302-0151,FALSE,fishing,aquatic_chronic,ammonia,total,ug/l,14,3,0,0,0,14,none
1302-0151,FALSE,fishing,aquatic_chronic,nitrite,total,ug/l,8,1,0,0,0,0,none
1302-0151,FALSE,secondary_contact_recreation,recreation,phosphorus,total,ug/l,13,3,3,3,0,0,none
1302-0151,FALSE,primary_contact_recreation,recreation,phosphorus,total,ug/l,13,3,3,3,0,0,none
1303-0004,FALSE,fishing,aquatic_chronic,ammonia,total,ug/l,4,1,0,0,0,4,none
1303-0004,FALSE,fishing,aquatic_chronic,fluoride,total,ug/l,7,1,0,0,0,7,none
1303-0004,FALSE,secondary_contact_recreation,recreation,phosphorus,total,ug/l,2,1,0,0,0,0,none
1303-0004,FALSE,primary_contact_recreation,recreation,phosphorus,total,ug/l,2,1,0,0,0,0,none
1303-0004,FALSE,source_of_water_supply,health_water-source,ammonia,total,ug/l,4,1,0,0,0,0,none
1303-0004,FALSE,source_of_water_supply,health_water-source,chloride,total,ug/l,7,1,7,1,0,0,none
1303-0004,FALSE,source_of_water_supply,health_water-source,fluoride,total,ug/l,7,1,7,1,0,0,none
1303-0004,FALSE,source_of_water_supply,health_water-source,nitrate_nitrite,total,ug/l,6,1,0,0,0,0,none
1303-0004,FALSE,source_of_water_supply,health_water-source,sulfate,total,ug/l,7,1,0,0,0,0,none
1303-0012,FALSE,fishing,aquatic_chronic,ammonia,total,ug/l,1,1,0,0,0,1,none
1303-0012,FALSE,fishing,none,dissolved_oxygen,dissolved,mg/l,1,1,2,1,0,0,n_exceedances may not be intiutive for this parameter because there are multiple components to the WQS. n_exceedances may be greater than n_samples_collected if a single sample was marked as an exceedance for multiple components of the WQS.
1303-0012,FALSE,fishing,none,ph,total,ph_units,1,1,1,1,0,0,none
1303-0012,FALSE,source_of_water_supply,aesthetic_water-supply,iron,total,ug/l,2,1,0,0,0,0,none
1303-0012,FALSE,source_of_water_supply,aesthetic_water-supply,manganese,total,ug/l,2,1,1,1,0,0,none
1303-0012,FALSE,source_of_water_supply,health_water-source,ammonia,total,ug/l,1,1,0,0,0,0,none
1303-0012,FALSE,source_of_water_supply,health_water-source,chloride,total,ug/l,2,1,0,0,0,0,none
1303-0012,FALSE,source_of_water_supply,health_water-source,magnesium,total,ug/l,2,1,0,0,0,0,none
1303-0012,FALSE,source_of_water_supply,health_water-source,nitrate_nitrite,total,ug/l,2,1,0,0,0,0,none
1303-0012,FALSE,source_of_water_supply,health_water-source,sulfate,total,ug/l,2,1,0,0,0,0,none
1303-0012,TRUE,fishing,aquatic_chronic,ammonia,total,ug/l,6,1,0,0,0,4,none
1303-0012,TRUE,fishing,none,dissolved_oxygen,dissolved,mg/l,4,1,8,1,0,0,n_exceedances may not be intiutive for this parameter because there are multiple components to the WQS. n_exceedances may be greater than n_samples_collected if a single sample was marked as an exceedance for multiple components of the WQS.
1303-0012,TRUE,fishing,none,ph,total,ph_units,4,1,0,0,0,0,none
1303-0012,TRUE,source_of_water_supply,aesthetic_water-supply,iron,total,ug/l,8,1,0,0,0,0,none
1303-0012,TRUE,source_of_water_supply,aesthetic_water-supply,manganese,total,ug/l,8,1,4,1,0,0,none
1303-0012,TRUE,source_of_water_supply,health_water-source,ammonia,total,ug/l,6,1,0,0,0,0,none
1303-0012,TRUE,source_of_water_supply,health_water-source,arsenic,total,ug/l,4,1,0,0,0,0,none
1303-0012,TRUE,source_of_water_supply,health_water-source,chloride,total,ug/l,8,1,0,0,0,0,none
1303-0012,TRUE,source_of_water_supply,health_water-source,nitrate_nitrite,total,ug/l,8,1,0,0,0,0,none
1303-0012,TRUE,source_of_water_supply,health_water-source,sulfate,total,ug/l,8,1,0,0,0,0,none
1303-0013,FALSE,fishing,aquatic_chronic,ammonia,total,ug/l,1,1,0,0,0,1,none
1303-0013,FALSE,fishing,none,dissolved_oxygen,dissolved,mg/l,1,1,2,1,0,0,n_exceedances may not be intiutive for this parameter because there are multiple components to the WQS. n_exceedances may be greater than n_samples_collected if a single sample was marked as an exceedance for multiple components of the WQS.
1303-0013,FALSE,fishing,none,ph,total,ph_units,1,1,1,1,0,0,none
1303-0013,FALSE,source_of_water_supply,aesthetic_water-supply,iron,total,ug/l,1,1,0,0,0,0,none
1303-0013,FALSE,source_of_water_supply,aesthetic_water-supply,manganese,total,ug/l,1,1,0,0,0,0,none
1303-0013,FALSE,source_of_water_supply,health_water-source,ammonia,total,ug/l,1,1,0,0,0,0,none
1303-0013,FALSE,source_of_water_supply,health_water-source,chloride,total,ug/l,1,1,0,0,0,0,none
1303-0013,FALSE,source_of_water_supply,health_water-source,magnesium,total,ug/l,1,1,0,0,0,0,none
1303-0013,FALSE,source_of_water_supply,health_water-source,nitrate_nitrite,total,ug/l,1,1,0,0,0,0,none
1303-0013,FALSE,source_of_water_supply,health_water-source,sulfate,total,ug/l,1,1,0,0,0,0,none
1303-0013,TRUE,fishing,aquatic_chronic,ammonia,total,ug/l,3,1,0,0,0,0,none
1303-0013,TRUE,fishing,none,dissolved_oxygen,dissolved,mg/l,4,1,8,1,0,0,n_exceedances may not be intiutive for this parameter because there are multiple components to the WQS. n_exceedances may be greater than n_samples_collected if a single sample was marked as an exceedance for multiple components of the WQS.
1303-0013,TRUE,fishing,none,ph,total,ph_units,4,1,0,0,0,0,none
1303-0013,TRUE,source_of_water_supply,aesthetic_water-supply,iron,total,ug/l,4,1,0,0,0,0,none
1303-0013,TRUE,source_of_water_supply,aesthetic_water-supply,manganese,total,ug/l,4,1,0,0,0,0,none
1303-0013,TRUE,source_of_water_supply,health_water-source,ammonia,total,ug/l,3,1,0,0,0,0,none
1303-0013,TRUE,source_of_water_supply,health_water-source,arsenic,total,ug/l,3,1,0,0,0,0,none
1303-0013,TRUE,source_of_water_supply,health_water-source,chloride,total,ug/l,4,1,0,0,0,0,none
1303-0013,TRUE,source_of_water_supply,health_water-source,nitrate_nitrite,total,ug/l,4,1,0,0,0,0,none
1303-0013,TRUE,source_of_water_supply,health_water-source,sulfate,total,ug/l,4,1,0,0,0,0,none
1303-0021,FALSE,fishing,aquatic_chronic,ammonia,total,ug/l,50,5,0,0,0,50,none
1303-0021,FALSE,fishing,aquatic_chronic,nitrite,total,ug/l,10,1,0,0,0,0,none
1303-0021,FALSE,secondary_contact_recreation,recreation,phosphorus,total,ug/l,33,5,5,5,0,0,none
1303-0021,FALSE,primary_contact_recreation,recreation,phosphorus,total,ug/l,33,5,5,5,0,0,none
1303-0021,TRUE,fishing,aquatic_chronic,ammonia,total,ug/l,92,7,0,0,0,92,none
1303-0021,TRUE,secondary_contact_recreation,recreation,phosphorus,total,ug/l,53,7,7,7,0,0,none
1303-0021,TRUE,primary_contact_recreation,recreation,phosphorus,total,ug/l,53,7,7,7,0,0,none
1303-0023,FALSE,fishing,aquatic_chronic,ammonia,total,ug/l,1,1,0,0,0,0,none
1303-0023,FALSE,fishing,none,dissolved_oxygen,dissolved,mg/l,1,1,0,0,0,0,n_exceedances may not be intiutive for this parameter because there are multiple components to the WQS. n_exceedances may be greater than n_samples_collected if a single sample was marked as an exceedance for multiple components of the WQS.
1303-0023,FALSE,fishing,none,ph,total,ph_units,1,1,0,0,0,0,none
1303-0023,TRUE,fishing,aquatic_chronic,nitrite,total,ug/l,1,1,0,0,0,0,none
1303-0023,TRUE,fishing,none,dissolved_oxygen,dissolved,mg/l,1,1,2,1,0,0,n_exceedances may not be intiutive for this parameter because there are multiple components to the WQS. n_exceedances may be greater than n_samples_collected if a single sample was marked as an exceedance for multiple components of the WQS.
1303-0023,TRUE,fishing,none,ph,total,ph_units,1,1,0,0,0,0,none
1303-0023,TRUE,secondary_contact_recreation,recreation,phosphorus,total,ug/l,1,1,1,1,0,0,none
1303-0023,TRUE,primary_contact_recreation,recreation,phosphorus,total,ug/l,1,1,1,1,0,0,none
1303-0024,FALSE,fishing,aquatic_chronic,ammonia,total,ug/l,1,1,0,0,0,0,none
1303-0024,FALSE,fishing,none,dissolved_oxygen,dissolved,mg/l,1,1,2,1,0,0,n_exceedances may not be intiutive for this parameter because there are multiple components to the WQS. n_exceedances may be greater than n_samples_collected if a single sample was marked as an exceedance for multiple components of the WQS.
1303-0024,FALSE,fishing,none,ph,total,ph_units,1,1,0,0,0,0,none
1303-0024,TRUE,fishing,aquatic_chronic,ammonia,total,ug/l,4,1,0,0,0,0,none
1303-0024,TRUE,fishing,none,dissolved_oxygen,dissolved,mg/l,4,1,7,1,0,0,n_exceedances may not be intiutive for this parameter because there are multiple components to the WQS. n_exceedances may be greater than n_samples_collected if a single sample was marked as an exceedance for multiple components of the WQS.
1303-0024,TRUE,fishing,none,ph,total,ph_units,4,1,0,0,0,0,none
1303-0027,TRUE,fishing,none,dissolved_oxygen,dissolved,mg/l,1,1,2,1,0,0,n_exceedances may not be intiutive for this parameter because there are multiple components to the WQS. n_exceedances may be greater than n_samples_collected if a single sample was marked as an exceedance for multiple components of the WQS.
1303-0027,TRUE,fishing,none,ph,total,ph_units,1,1,0,0,0,0,none
1304-0001,FALSE,secondary_contact_recreation,recreation,phosphorus,total,ug/l,11,4,4,4,0,0,none
1304-0001,FALSE,primary_contact_recreation,recreation,phosphorus,total,ug/l,11,4,4,4,0,0,none
1304-0017,TRUE,fishing,aquatic_chronic,ammonia,total,ug/l,12,3,0,0,0,11,none
1304-0017,TRUE,fishing,aquatic_chronic,nitrite,total,ug/l,6,1,0,0,0,0,none
1304-0017,TRUE,fishing,none,dissolved_oxygen,dissolved,mg/l,8,3,8,3,0,0,n_exceedances may not be intiutive for this parameter because there are multiple components to the WQS. n_exceedances may be greater than n_samples_collected if a single sample was marked as an exceedance for multiple components of the WQS.
1304-0017,TRUE,fishing,none,ph,total,ph_units,8,3,5,3,0,0,none
1304-0017,TRUE,secondary_contact_recreation,recreation,phosphorus,total,ug/l,5,2,0,0,0,0,none
1304-0017,TRUE,primary_contact_recreation,recreation,phosphorus,total,ug/l,5,2,0,0,0,0,none
1304-0017,TRUE,source_of_water_supply,aesthetic_water-supply,iron,total,ug/l,7,2,4,2,0,0,none
1304-0017,TRUE,source_of_water_supply,aesthetic_water-supply,manganese,total,ug/l,7,2,1,1,0,0,none
1304-0017,TRUE,source_of_water_supply,health_water-source,ammonia,total,ug/l,12,3,0,0,0,0,none
1304-0017,TRUE,source_of_water_supply,health_water-source,arsenic,total,ug/l,7,2,0,0,0,0,none
1304-0017,TRUE,source_of_water_supply,health_water-source,chloride,total,ug/l,6,1,0,0,0,0,none
1304-0017,TRUE,source_of_water_supply,health_water-source,copper,total,ug/l,1,1,0,0,0,0,none
1304-0017,TRUE,source_of_water_supply,health_water-source,magnesium,total,ug/l,6,1,0,0,0,0,none
1304-0017,TRUE,source_of_water_supply,health_water-source,nitrate,total,ug/l,6,1,0,0,0,0,none
1304-0017,TRUE,source_of_water_supply,health_water-source,nitrate_nitrite,total,ug/l,11,3,0,0,0,0,none
1304-0017,TRUE,source_of_water_supply,health_water-source,nitrite,total,ug/l,6,1,0,0,0,0,none
1304-0017,TRUE,source_of_water_supply,health_water-source,sulfate,total,ug/l,14,3,0,0,0,0,none
1304-0029,FALSE,fishing,aquatic_chronic,ammonia,total,ug/l,8,1,0,0,0,8,none
1304-0029,FALSE,secondary_contact_recreation,recreation,phosphorus,total,ug/l,4,1,0,0,0,0,none
1304-0029,FALSE,primary_contact_recreation,recreation,phosphorus,total,ug/l,4,1,0,0,0,0,none
1304-0032,TRUE,fishing,none,dissolved_oxygen,dissolved,mg/l,1,1,1,1,0,0,n_exceedances may not be intiutive for this parameter because there are multiple components to the WQS. n_exceedances may be greater than n_samples_collected if a single sample was marked as an exceedance for multiple components of the WQS.
1304-0032,TRUE,fishing,none,ph,total,ph_units,1,1,0,0,0,0,none
1304-0033,FALSE,secondary_contact_recreation,recreation,phosphorus,total,ug/l,23,4,0,0,0,0,none
1304-0033,FALSE,primary_contact_recreation,recreation,phosphorus,total,ug/l,23,4,0,0,0,0,none
1304-0034,TRUE,fishing,aquatic_chronic,ammonia,total,ug/l,2,1,0,0,0,1,none
1304-0034,TRUE,fishing,none,dissolved_oxygen,dissolved,mg/l,1,1,2,1,0,0,n_exceedances may not be intiutive for this parameter because there are multiple components to the WQS. n_exceedances may be greater than n_samples_collected if a single sample was marked as an exceedance for multiple components of the WQS.
1304-0034,TRUE,fishing,none,ph,total,ph_units,1,1,0,0,0,0,none
1305-0001,FALSE,fishing,aquatic_chronic,ammonia,total,ug/l,3,1,0,0,0,3,none
1305-0001,FALSE,fishing,aquatic_chronic,fluoride,total,ug/l,4,1,0,0,0,4,none
1305-0001,FALSE,secondary_contact_recreation,recreation,phosphorus,total,ug/l,2,1,1,1,0,0,none
1305-0001,FALSE,primary_contact_recreation,recreation,phosphorus,total,ug/l,2,1,1,1,0,0,none
1305-0001,TRUE,fishing,aquatic_chronic,ammonia,total,ug/l,8,2,0,0,0,3,none
1305-0001,TRUE,fishing,none,dissolved_oxygen,dissolved,mg/l,8,2,4,1,0,0,n_exceedances may not be intiutive for this parameter because there are multiple components to the WQS. n_exceedances may be greater than n_samples_collected if a single sample was marked as an exceedance for multiple components of the WQS.
1305-0001,TRUE,fishing,none,ph,total,ph_units,8,2,1,1,0,0,none
1305-0001,TRUE,secondary_contact_recreation,recreation,phosphorus,total,ug/l,2,1,1,1,0,0,none
1305-0001,TRUE,primary_contact_recreation,recreation,phosphorus,total,ug/l,2,1,1,1,0,0,none
1305-0002,TRUE,fishing,aquatic_chronic,ammonia,total,ug/l,1,1,0,0,0,1,none
1305-0002,TRUE,fishing,none,dissolved_oxygen,dissolved,mg/l,1,1,2,1,0,0,n_exceedances may not be intiutive for this parameter because there are multiple components to the WQS. n_exceedances may be greater than n_samples_collected if a single sample was marked as an exceedance for multiple components of the WQS.
1305-0002,TRUE,fishing,none,ph,total,ph_units,1,1,0,0,0,0,none
1305-0002,TRUE,secondary_contact_recreation,recreation,phosphorus,total,ug/l,1,1,0,0,0,0,none
1305-0002,TRUE,primary_contact_recreation,recreation,phosphorus,total,ug/l,1,1,0,0,0,0,none
1305-0002,TRUE,source_of_water_supply,aesthetic_water-supply,iron,total,ug/l,2,1,0,0,0,0,none
1305-0002,TRUE,source_of_water_supply,aesthetic_water-supply,manganese,total,ug/l,2,1,0,0,0,0,none
1305-0002,TRUE,source_of_water_supply,health_water-source,ammonia,total,ug/l,1,1,0,0,0,0,none
1305-0002,TRUE,source_of_water_supply,health_water-source,arsenic,total,ug/l,2,1,0,0,0,0,none
1305-0002,TRUE,source_of_water_supply,health_water-source,chloride,total,ug/l,2,1,0,0,0,0,none
1305-0002,TRUE,source_of_water_supply,health_water-source,nitrate_nitrite,total,ug/l,2,1,0,0,0,0,none
1305-0002,TRUE,source_of_water_supply,health_water-source,sulfate,total,ug/l,2,1,0,0,0,0,none
1305-0004,FALSE,fishing,aquatic_chronic,ammonia,total,ug/l,4,1,0,0,0,4,none
1305-0004,FALSE,fishing,aquatic_chronic,fluoride,total,ug/l,8,1,0,0,0,8,none
1305-0004,FALSE,secondary_contact_recreation,recreation,phosphorus,total,ug/l,2,1,0,0,0,0,none
1305-0004,FALSE,primary_contact_recreation,recreation,phosphorus,total,ug/l,2,1,0,0,0,0,none
1305-0004,TRUE,fishing,aquatic_acute,copper,dissolved,ug/l,1,1,0,0,0,0,none
1305-0004,TRUE,fishing,aquatic_acute,nickel,dissolved,ug/l,1,1,0,0,0,0,none
1305-0004,TRUE,fishing,aquatic_acute,zinc,dissolved,ug/l,1,1,0,0,0,0,none
1305-0004,TRUE,fishing,aquatic_chronic,aluminum,dissolved,ug/l,1,1,1,1,0,0,none
1305-0004,TRUE,fishing,aquatic_chronic,ammonia,total,ug/l,1,1,0,0,0,1,none
1305-0004,TRUE,fishing,aquatic_chronic,copper,dissolved,ug/l,1,1,0,0,0,0,none
1305-0004,TRUE,fishing,aquatic_chronic,nickel,dissolved,ug/l,1,1,0,0,0,0,none
1305-0004,TRUE,fishing,aquatic_chronic,zinc,dissolved,ug/l,1,1,0,0,0,0,none
1305-0004,TRUE,fishing,none,dissolved_oxygen,dissolved,mg/l,1,1,2,1,0,0,n_exceedances may not be intiutive for this parameter because there are multiple components to the WQS. n_exceedances may be greater than n_samples_collected if a single sample was marked as an exceedance for multiple components of the WQS.
1305-0004,TRUE,fishing,none,ph,total,ph_units,1,1,0,0,0,0,none
1305-0004,TRUE,fishing,none,total_dissolved_solids,dissolved,mg/l,1,1,0,0,0,0,none
1305-0004,TRUE,secondary_contact_recreation,none,total_dissolved_solids,dissolved,mg/l,1,1,0,0,0,0,none
1305-0004,TRUE,primary_contact_recreation,none,total_dissolved_solids,dissolved,mg/l,1,1,0,0,0,0,none
1305-0004,TRUE,secondary_contact_recreation,recreation,phosphorus,total,ug/l,1,1,1,1,0,0,none
1305-0004,TRUE,primary_contact_recreation,recreation,phosphorus,total,ug/l,1,1,1,1,0,0,none
1305-0005,FALSE,fishing,aquatic_chronic,ammonia,total,ug/l,4,1,0,0,0,4,none
1305-0005,FALSE,fishing,aquatic_chronic,fluoride,total,ug/l,8,1,0,0,0,8,none
1305-0005,FALSE,secondary_contact_recreation,recreation,phosphorus,total,ug/l,2,1,0,0,0,0,none
1305-0005,FALSE,primary_contact_recreation,recreation,phosphorus,total,ug/l,2,1,0,0,0,0,none
1305-0010,FALSE,fishing,aquatic_chronic,ammonia,total,ug/l,58,7,0,0,0,58,none
1305-0010,FALSE,fishing,aquatic_chronic,fluoride,total,ug/l,4,1,0,0,0,4,none
1305-0010,FALSE,fishing,aquatic_chronic,nitrite,total,ug/l,16,2,0,0,0,0,none
1305-0010,FALSE,secondary_contact_recreation,recreation,phosphorus,total,ug/l,40,7,2,2,0,0,none
1305-0010,FALSE,primary_contact_recreation,recreation,phosphorus,total,ug/l,40,7,2,2,0,0,none
1305-0010,TRUE,fishing,aquatic_chronic,ammonia,total,ug/l,49,7,0,0,0,49,none
1305-0010,TRUE,secondary_contact_recreation,recreation,phosphorus,total,ug/l,43,6,4,4,0,0,none
1305-0010,TRUE,primary_contact_recreation,recreation,phosphorus,total,ug/l,43,6,4,4,0,0,none
1306-0037,FALSE,fishing,aquatic_chronic,ammonia,total,ug/l,2,1,0,0,0,1,none
1306-0037,FALSE,fishing,none,dissolved_oxygen,dissolved,mg/l,1,1,2,1,0,0,n_exceedances may not be intiutive for this parameter because there are multiple components to the WQS. n_exceedances may be greater than n_samples_collected if a single sample was marked as an exceedance for multiple components of the WQS.
1306-0037,FALSE,fishing,none,ph,total,ph_units,1,1,0,0,0,0,none
1306-0037,TRUE,fishing,aquatic_acute,arsenic,dissolved,ug/l,1,1,0,0,0,0,none
1306-0037,TRUE,fishing,aquatic_acute,copper,dissolved,ug/l,1,1,0,0,0,0,none
1306-0037,TRUE,fishing,aquatic_acute,nickel,dissolved,ug/l,1,1,0,0,0,0,none
1306-0037,TRUE,fishing,aquatic_acute,zinc,dissolved,ug/l,1,1,0,0,0,0,none
1306-0037,TRUE,fishing,aquatic_chronic,aluminum,dissolved,ug/l,1,1,0,0,0,0,none
1306-0037,TRUE,fishing,aquatic_chronic,ammonia,total,ug/l,29,4,0,0,0,25,none
1306-0037,TRUE,fishing,aquatic_chronic,arsenic,dissolved,ug/l,1,1,0,0,0,0,none
1306-0037,TRUE,fishing,aquatic_chronic,copper,dissolved,ug/l,1,1,0,0,0,0,none
1306-0037,TRUE,fishing,aquatic_chronic,nickel,dissolved,ug/l,1,1,0,0,0,0,none
1306-0037,TRUE,fishing,aquatic_chronic,nitrite,total,ug/l,2,2,0,0,0,0,none
1306-0037,TRUE,fishing,aquatic_chronic,zinc,dissolved,ug/l,1,1,0,0,0,0,none
1306-0037,TRUE,fishing,none,dissolved_oxygen,dissolved,mg/l,13,4,21,4,0,0,n_exceedances may not be intiutive for this parameter because there are multiple components to the WQS. n_exceedances may be greater than n_samples_collected if a single sample was marked as an exceedance for multiple components of the WQS.
1306-0037,TRUE,fishing,none,ph,total,ph_units,13,4,0,0,0,0,none
1306-0037,TRUE,fishing,none,total_dissolved_solids,dissolved,mg/l,1,1,0,0,0,0,none
1306-0037,TRUE,secondary_contact_recreation,none,total_dissolved_solids,dissolved,mg/l,1,1,0,0,0,0,none
1306-0037,TRUE,primary_contact_recreation,none,total_dissolved_solids,dissolved,mg/l,1,1,0,0,0,0,none
1306-0037,TRUE,secondary_contact_recreation,recreation,phosphorus,total,ug/l,10,3,3,3,0,0,none
1306-0037,TRUE,primary_contact_recreation,recreation,phosphorus,total,ug/l,10,3,3,3,0,0,none
1306-0051,FALSE,fishing,aquatic_chronic,ammonia,total,ug/l,2,2,0,0,0,2,none
1306-0051,FALSE,secondary_contact_recreation,recreation,phosphorus,total,ug/l,3,3,2,2,0,0,none
1306-0051,FALSE,primary_contact_recreation,recreation,phosphorus,total,ug/l,3,3,2,2,0,0,none
1306-0051,TRUE,secondary_contact_recreation,recreation,phosphorus,total,ug/l,2,1,0,0,0,0,none
1306-0051,TRUE,primary_contact_recreation,recreation,phosphorus,total,ug/l,2,1,0,0,0,0,none
1306-0060,FALSE,fishing,aquatic_chronic,ammonia,total,ug/l,80,5,0,0,0,80,none
1306-0060,FALSE,fishing,aquatic_chronic,nitrite,total,ug/l,18,2,0,0,0,0,none
1306-0060,FALSE,secondary_contact_recreation,recreation,phosphorus,total,ug/l,60,5,5,5,0,0,none
1306-0060,FALSE,primary_contact_recreation,recreation,phosphorus,total,ug/l,60,5,5,5,0,0,none
1306-0060,FALSE,source_of_water_supply,aesthetic_water-supply,iron,total,ug/l,2,1,1,1,0,0,none
1306-0060,FALSE,source_of_water_supply,aesthetic_water-supply,manganese,total,ug/l,2,1,0,0,0,0,none
1306-0060,FALSE,source_of_water_supply,health_water-source,ammonia,total,ug/l,80,5,0,0,0,0,none
1306-0060,FALSE,source_of_water_supply,health_water-source,arsenic,total,ug/l,1,1,0,0,0,0,none
1306-0060,FALSE,source_of_water_supply,health_water-source,nitrate_nitrite,total,ug/l,72,5,0,0,0,0,none
1306-0060,FALSE,source_of_water_supply,health_water-source,nitrite,total,ug/l,18,2,0,0,0,0,none
1306-0060,TRUE,fishing,aquatic_chronic,ammonia,total,ug/l,8,1,0,0,0,6,none
1306-0060,TRUE,fishing,none,dissolved_oxygen,dissolved,mg/l,7,1,9,1,0,0,n_exceedances may not be intiutive for this parameter because there are multiple components to the WQS. n_exceedances may be greater than n_samples_collected if a single sample was marked as an exceedance for multiple components of the WQS.
1306-0060,TRUE,fishing,none,ph,total,ph_units,7,1,0,0,0,0,none
1306-0060,TRUE,secondary_contact_recreation,recreation,phosphorus,total,ug/l,6,1,0,0,0,0,none
1306-0060,TRUE,primary_contact_recreation,recreation,phosphorus,total,ug/l,6,1,0,0,0,0,none
1306-0060,TRUE,source_of_water_supply,aesthetic_water-supply,iron,total,ug/l,2,1,2,1,0,0,none
1306-0060,TRUE,source_of_water_supply,aesthetic_water-supply,manganese,total,ug/l,2,1,1,1,0,0,none
1306-0060,TRUE,source_of_water_supply,health_water-source,ammonia,total,ug/l,8,1,0,0,0,0,none
1306-0060,TRUE,source_of_water_supply,health_water-source,arsenic,total,ug/l,2,1,0,0,0,0,none
1306-0060,TRUE,source_of_water_supply,health_water-source,nitrate_nitrite,total,ug/l,8,1,0,0,0,0,none
1306-0060,TRUE,source_of_water_supply,health_water-source,sulfate,total,ug/l,14,1,0,0,0,0,none
1306-0075,FALSE,fishing,aquatic_chronic,ammonia,total,ug/l,37,5,0,0,0,37,none
1306-0075,FALSE,fishing,aquatic_chronic,nitrite,total,ug/l,9,2,0,0,0,0,none
1306-0075,FALSE,secondary_contact_recreation,recreation,phosphorus,total,ug/l,30,5,3,3,0,0,none
1306-0075,FALSE,primary_contact_recreation,recreation,phosphorus,total,ug/l,30,5,3,3,0,0,none
1306-0075,FALSE,source_of_water_supply,aesthetic_water-supply,iron,total,ug/l,1,1,0,0,0,0,none
1306-0075,FALSE,source_of_water_supply,aesthetic_water-supply,manganese,total,ug/l,1,1,0,0,0,0,none
1306-0075,FALSE,source_of_water_supply,health_water-source,ammonia,total,ug/l,37,5,0,0,0,0,none
1306-0075,FALSE,source_of_water_supply,health_water-source,arsenic,total,ug/l,1,1,0,0,0,0,none
1306-0075,FALSE,source_of_water_supply,health_water-source,nitrate_nitrite,total,ug/l,33,5,0,0,0,0,none
1306-0075,FALSE,source_of_water_supply,health_water-source,nitrite,total,ug/l,9,2,0,0,0,0,none
1306-0075,TRUE,fishing,aquatic_chronic,ammonia,total,ug/l,3,1,0,0,0,3,none
1306-0075,TRUE,fishing,none,dissolved_oxygen,dissolved,mg/l,4,1,8,1,0,0,n_exceedances may not be intiutive for this parameter because there are multiple components to the WQS. n_exceedances may be greater than n_samples_collected if a single sample was marked as an exceedance for multiple components of the WQS.
1306-0075,TRUE,fishing,none,ph,total,ph_units,4,1,0,0,0,0,none
1306-0075,TRUE,secondary_contact_recreation,recreation,phosphorus,total,ug/l,3,1,1,1,0,0,none
1306-0075,TRUE,primary_contact_recreation,recreation,phosphorus,total,ug/l,3,1,1,1,0,0,none
1306-0075,TRUE,source_of_water_supply,aesthetic_water-supply,iron,total,ug/l,1,1,1,1,0,0,none
1306-0075,TRUE,source_of_water_supply,aesthetic_water-supply,manganese,total,ug/l,1,1,1,1,0,0,none
1306-0075,TRUE,source_of_water_supply,health_water-source,ammonia,total,ug/l,3,1,0,0,0,0,none
1306-0075,TRUE,source_of_water_supply,health_water-source,arsenic,total,ug/l,1,1,0,0,0,0,none
1306-0075,TRUE,source_of_water_supply,health_water-source,nitrate_nitrite,total,ug/l,5,1,0,0,0,0,none
1306-0075,TRUE,source_of_water_supply,health_water-source,sulfate,total,ug/l,7,1,0,0,0,0,none
1306-0076,TRUE,fishing,aquatic_chronic,ammonia,total,ug/l,8,2,0,0,0,5,none
1306-0076,TRUE,fishing,none,dissolved_oxygen,dissolved,mg/l,5,2,0,0,0,0,n_exceedances may not be intiutive for this parameter because there are multiple components to the WQS. n_exceedances may be greater than n_samples_collected if a single sample was marked as an exceedance for multiple components of the WQS.
1306-0076,TRUE,fishing,none,ph,total,ph_units,5,2,1,1,0,0,none
1306-0076,TRUE,secondary_contact_recreation,recreation,phosphorus,total,ug/l,3,1,1,1,0,0,none
1306-0076,TRUE,primary_contact_recreation,recreation,phosphorus,total,ug/l,3,1,1,1,0,0,none
1306-0076,TRUE,source_of_water_supply,aesthetic_water-supply,iron,total,ug/l,1,1,1,1,0,0,none
1306-0076,TRUE,source_of_water_supply,aesthetic_water-supply,manganese,total,ug/l,1,1,0,0,0,0,none
1306-0076,TRUE,source_of_water_supply,health_water-source,ammonia,total,ug/l,8,2,0,0,0,0,none
1306-0076,TRUE,source_of_water_supply,health_water-source,arsenic,total,ug/l,1,1,0,0,0,0,none
1306-0076,TRUE,source_of_water_supply,health_water-source,copper,total,ug/l,1,1,0,0,0,0,none
1306-0076,TRUE,source_of_water_supply,health_water-source,nitrate_nitrite,total,ug/l,7,2,0,0,0,0,none
1306-0076,TRUE,source_of_water_supply,health_water-source,sulfate,total,ug/l,10,2,0,0,0,0,none
1306-0083,FALSE,fishing,aquatic_chronic,ammonia,total,ug/l,2,1,0,0,0,1,none
1306-0083,FALSE,fishing,none,dissolved_oxygen,dissolved,mg/l,1,1,2,1,0,0,n_exceedances may not be intiutive for this parameter because there are multiple components to the WQS. n_exceedances may be greater than n_samples_collected if a single sample was marked as an exceedance for multiple components of the WQS.
1306-0083,FALSE,fishing,none,ph,total,ph_units,1,1,0,0,0,0,none
1306-0098,FALSE,fishing,aquatic_chronic,ammonia,total,ug/l,39,2,0,0,0,39,none
1306-0098,FALSE,secondary_contact_recreation,recreation,phosphorus,total,ug/l,32,3,0,0,0,0,none
1306-0098,FALSE,primary_contact_recreation,recreation,phosphorus,total,ug/l,32,3,0,0,0,0,none
1306-0098,FALSE,source_of_water_supply,aesthetic_water-supply,iron,total,ug/l,39,2,7,2,0,0,none
1306-0098,FALSE,source_of_water_supply,aesthetic_water-supply,manganese,total,ug/l,39,2,6,2,0,0,none
1306-0098,FALSE,source_of_water_supply,health_water-source,ammonia,total,ug/l,39,2,0,0,0,0,none
1306-0098,FALSE,source_of_water_supply,health_water-source,chloride,total,ug/l,39,2,0,0,0,0,none
1306-0098,FALSE,source_of_water_supply,health_water-source,magnesium,total,ug/l,39,2,0,0,0,0,none
1306-0098,FALSE,source_of_water_supply,health_water-source,nitrate_nitrite,total,ug/l,39,2,0,0,0,0,none
1306-0098,FALSE,source_of_water_supply,health_water-source,sulfate,total,ug/l,39,2,0,0,0,0,none
1306-0098,TRUE,secondary_contact_recreation,recreation,phosphorus,total,ug/l,11,4,0,0,0,0,none
1306-0098,TRUE,primary_contact_recreation,recreation,phosphorus,total,ug/l,11,4,0,0,0,0,none
1306-0102,FALSE,fishing,aquatic_chronic,ammonia,total,ug/l,16,1,0,0,0,16,none
1306-0102,FALSE,secondary_contact_recreation,recreation,phosphorus,total,ug/l,9,2,0,0,0,0,none
1306-0102,FALSE,primary_contact_recreation,recreation,phosphorus,total,ug/l,9,2,0,0,0,0,none
1306-0102,FALSE,source_of_water_supply,aesthetic_water-supply,iron,total,ug/l,16,1,1,1,0,0,none
1306-0102,FALSE,source_of_water_supply,aesthetic_water-supply,manganese,total,ug/l,16,1,0,0,0,0,none
1306-0102,FALSE,source_of_water_supply,health_water-source,ammonia,total,ug/l,16,1,0,0,0,0,none
1306-0102,FALSE,source_of_water_supply,health_water-source,chloride,total,ug/l,16,1,0,0,0,0,none
1306-0102,FALSE,source_of_water_supply,health_water-source,magnesium,total,ug/l,16,1,0,0,0,0,none
1306-0102,FALSE,source_of_water_supply,health_water-source,nitrate_nitrite,total,ug/l,16,1,0,0,0,0,none
1306-0102,FALSE,source_of_water_supply,health_water-source,sulfate,total,ug/l,16,1,0,0,0,0,none
1306-0102,TRUE,secondary_contact_recreation,recreation,phosphorus,total,ug/l,7,3,0,0,0,0,none
1306-0102,TRUE,primary_contact_recreation,recreation,phosphorus,total,ug/l,7,3,0,0,0,0,none
1306-0119,FALSE,fishing,aquatic_chronic,ammonia,total,ug/l,29,6,0,0,0,29,none
1306-0119,FALSE,fishing,aquatic_chronic,nitrite,total,ug/l,10,2,0,0,0,0,none
1306-0119,FALSE,secondary_contact_recreation,recreation,phosphorus,total,ug/l,27,6,5,5,0,0,none
1306-0119,FALSE,primary_contact_recreation,recreation,phosphorus,total,ug/l,27,6,5,5,0,0,none
1306-0119,TRUE,fishing,aquatic_chronic,ammonia,total,ug/l,38,8,0,0,0,38,none
1306-0119,TRUE,secondary_contact_recreation,recreation,phosphorus,total,ug/l,34,7,6,6,0,0,none
1306-0119,TRUE,primary_contact_recreation,recreation,phosphorus,total,ug/l,34,7,6,6,0,0,none
1306-0124,FALSE,fishing,aquatic_chronic,ammonia,total,ug/l,1,1,0,0,0,0,none
1306-0124,FALSE,fishing,none,dissolved_oxygen,dissolved,mg/l,1,1,0,0,0,0,n_exceedances may not be intiutive for this parameter because there are multiple components to the WQS. n_exceedances may be greater than n_samples_collected if a single sample was marked as an exceedance for multiple components of the WQS.
1306-0124,FALSE,fishing,none,ph,total,ph_units,1,1,0,0,0,0,none
1308-0003,FALSE,fishing,aquatic_chronic,ammonia,total,ug/l,78,6,0,0,0,78,none
1308-0003,FALSE,fishing,aquatic_chronic,nitrite,total,ug/l,41,6,14,6,0,0,none
1308-0003,FALSE,secondary_contact_recreation,recreation,phosphorus,total,ug/l,82,11,11,11,0,0,none
1308-0003,FALSE,primary_contact_recreation,recreation,phosphorus,total,ug/l,82,11,11,11,0,0,none
1308-0003,TRUE,fishing,aquatic_chronic,ammonia,total,ug/l,132,9,0,0,0,132,none
1308-0003,TRUE,secondary_contact_recreation,recreation,phosphorus,total,ug/l,56,8,7,7,0,0,none
1308-0003,TRUE,primary_contact_recreation,recreation,phosphorus,total,ug/l,56,8,7,7,0,0,none
1308-0014,FALSE,secondary_contact_recreation,recreation,phosphorus,total,ug/l,2,2,1,1,0,0,none
1308-0014,FALSE,primary_contact_recreation,recreation,phosphorus,total,ug/l,2,2,1,1,0,0,none
1308-0016,TRUE,fishing,aquatic_acute,arsenic,dissolved,ug/l,1,1,0,0,0,0,none
1308-0016,TRUE,fishing,aquatic_acute,copper,dissolved,ug/l,2,1,0,0,0,0,none
1308-0016,TRUE,fishing,aquatic_acute,nickel,dissolved,ug/l,2,1,0,0,0,0,none
1308-0016,TRUE,fishing,aquatic_acute,zinc,dissolved,ug/l,2,1,0,0,0,0,none
1308-0016,TRUE,fishing,aquatic_chronic,aluminum,dissolved,ug/l,2,1,0,0,0,0,none
1308-0016,TRUE,fishing,aquatic_chronic,ammonia,total,ug/l,2,1,0,0,0,2,none
1308-0016,TRUE,fishing,aquatic_chronic,arsenic,dissolved,ug/l,1,1,0,0,0,0,none
1308-0016,TRUE,fishing,aquatic_chronic,copper,dissolved,ug/l,2,1,0,0,0,0,none
1308-0016,TRUE,fishing,aquatic_chronic,nickel,dissolved,ug/l,2,1,0,0,0,0,none
1308-0016,TRUE,fishing,aquatic_chronic,zinc,dissolved,ug/l,2,1,0,0,0,0,none
1308-0016,TRUE,fishing,none,dissolved_oxygen,dissolved,mg/l,1,1,2,1,0,0,n_exceedances may not be intiutive for this parameter because there are multiple components to the WQS. n_exceedances may be greater than n_samples_collected if a single sample was marked as an exceedance for multiple components of the WQS.
1308-0016,TRUE,fishing,none,ph,total,ph_units,1,1,0,0,0,0,none
1308-0016,TRUE,fishing,none,total_dissolved_solids,dissolved,mg/l,2,1,0,0,0,0,none
1308-0016,TRUE,secondary_contact_recreation,none,total_dissolved_solids,dissolved,mg/l,2,1,0,0,0,0,none
1308-0016,TRUE,primary_contact_recreation,none,total_dissolved_solids,dissolved,mg/l,2,1,0,0,0,0,none
1308-0016,TRUE,secondary_contact_recreation,recreation,phosphorus,total,ug/l,1,1,0,0,0,0,none
1308-0016,TRUE,primary_contact_recreation,recreation,phosphorus,total,ug/l,1,1,0,0,0,0,none
1308-0018,TRUE,fishing,aquatic_chronic,ammonia,total,ug/l,203,6,0,0,0,203,none
1308-0018,TRUE,fishing,none,dissolved_oxygen,dissolved,mg/l,2,1,3,1,0,0,n_exceedances may not be intiutive for this parameter because there are multiple components to the WQS. n_exceedances may be greater than n_samples_collected if a single sample was marked as an exceedance for multiple components of the WQS.
1308-0018,TRUE,fishing,none,ph,total,ph_units,2,1,0,0,0,0,none
1308-0018,TRUE,secondary_contact_recreation,recreation,phosphorus,total,ug/l,89,5,1,1,0,0,none
1308-0018,TRUE,primary_contact_recreation,recreation,phosphorus,total,ug/l,89,5,1,1,0,0,none
1309-0001,FALSE,fishing,aquatic_chronic,ammonia,total,ug/l,5,1,0,0,0,5,none
1309-0001,FALSE,secondary_contact_recreation,recreation,phosphorus,total,ug/l,4,1,1,1,0,0,none
1309-0001,FALSE,primary_contact_recreation,recreation,phosphorus,total,ug/l,4,1,1,1,0,0,none
1309-0001,FALSE,source_of_water_supply,health_water-source,ammonia,total,ug/l,5,1,0,0,0,0,none
1309-0001,FALSE,source_of_water_supply,health_water-source,nitrate_nitrite,total,ug/l,5,1,0,0,0,0,none
1309-0001,TRUE,fishing,aquatic_chronic,ammonia,total,ug/l,12,2,0,0,0,8,none
1309-0001,TRUE,fishing,aquatic_chronic,nitrite,total,ug/l,1,1,0,0,0,0,none
1309-0001,TRUE,fishing,none,dissolved_oxygen,dissolved,mg/l,7,2,4,2,0,0,n_exceedances may not be intiutive for this parameter because there are multiple components to the WQS. n_exceedances may be greater than n_samples_collected if a single sample was marked as an exceedance for multiple components of the WQS.
1309-0001,TRUE,fishing,none,ph,total,ph_units,6,2,0,0,0,0,none
1309-0001,TRUE,secondary_contact_recreation,recreation,phosphorus,total,ug/l,8,2,2,2,0,0,none
1309-0001,TRUE,primary_contact_recreation,recreation,phosphorus,total,ug/l,8,2,2,2,0,0,none
1309-0001,TRUE,source_of_water_supply,aesthetic_water-supply,iron,total,ug/l,10,2,1,1,0,0,none
1309-0001,TRUE,source_of_water_supply,aesthetic_water-supply,manganese,total,ug/l,9,2,0,0,0,0,none
1309-0001,TRUE,source_of_water_supply,health_water-source,ammonia,total,ug/l,12,2,0,0,0,0,none
1309-0001,TRUE,source_of_water_supply,health_water-source,arsenic,total,ug/l,6,2,0,0,0,0,none
1309-0001,TRUE,source_of_water_supply,health_water-source,chloride,total,ug/l,4,1,0,0,0,0,none
1309-0001,TRUE,source_of_water_supply,health_water-source,nitrate,total,ug/l,1,1,0,0,0,0,none
1309-0001,TRUE,source_of_water_supply,health_water-source,nitrate_nitrite,total,ug/l,13,2,0,0,0,0,none
1309-0001,TRUE,source_of_water_supply,health_water-source,nitrite,total,ug/l,1,1,0,0,0,0,none
1309-0001,TRUE,source_of_water_supply,health_water-source,sulfate,total,ug/l,12,2,0,0,0,0,none
1309-0007,TRUE,fishing,aquatic_chronic,ammonia,total,ug/l,6,2,0,0,0,4,none
1309-0007,TRUE,fishing,none,dissolved_oxygen,dissolved,mg/l,5,2,8,2,0,0,n_exceedances may not be intiutive for this parameter because there are multiple components to the WQS. n_exceedances may be greater than n_samples_collected if a single sample was marked as an exceedance for multiple components of the WQS.
1309-0007,TRUE,fishing,none,ph,total,ph_units,5,2,1,1,0,0,none
1309-0007,TRUE,secondary_contact_recreation,recreation,phosphorus,total,ug/l,3,1,1,1,0,0,none
1309-0007,TRUE,primary_contact_recreation,recreation,phosphorus,total,ug/l,3,1,1,1,0,0,none
1309-0007,TRUE,source_of_water_supply,aesthetic_water-supply,iron,total,ug/l,1,1,1,1,0,0,none
1309-0007,TRUE,source_of_water_supply,aesthetic_water-supply,manganese,total,ug/l,1,1,1,1,0,0,none
1309-0007,TRUE,source_of_water_supply,health_water-source,ammonia,total,ug/l,6,2,0,0,0,0,none
1309-0007,TRUE,source_of_water_supply,health_water-source,arsenic,total,ug/l,1,1,0,0,0,0,none
1309-0007,TRUE,source_of_water_supply,health_water-source,nitrate_nitrite,total,ug/l,5,2,0,0,0,0,none
1309-0007,TRUE,source_of_water_supply,health_water-source,sulfate,total,ug/l,10,2,0,0,0,0,none
1309-0017,FALSE,fishing,aquatic_chronic,ammonia,total,ug/l,1,1,0,0,0,1,none
1309-0017,FALSE,secondary_contact_recreation,recreation,phosphorus,total,ug/l,2,1,1,1,0,0,none
1309-0017,FALSE,primary_contact_recreation,recreation,phosphorus,total,ug/l,2,1,1,1,0,0,none
1309-0017,TRUE,fishing,aquatic_acute,copper,dissolved,ug/l,1,1,0,0,0,0,none
1309-0017,TRUE,fishing,aquatic_acute,nickel,dissolved,ug/l,1,1,0,0,0,0,none
1309-0017,TRUE,fishing,aquatic_acute,zinc,dissolved,ug/l,1,1,0,0,0,0,none
1309-0017,TRUE,fishing,aquatic_chronic,aluminum,dissolved,ug/l,1,1,0,0,0,0,none
1309-0017,TRUE,fishing,aquatic_chronic,ammonia,total,ug/l,1,1,0,0,0,1,none
1309-0017,TRUE,fishing,aquatic_chronic,copper,dissolved,ug/l,1,1,0,0,0,0,none
1309-0017,TRUE,fishing,aquatic_chronic,nickel,dissolved,ug/l,1,1,0,0,0,0,none
1309-0017,TRUE,fishing,aquatic_chronic,zinc,dissolved,ug/l,1,1,0,0,0,0,none
1309-0017,TRUE,fishing,none,dissolved_oxygen,dissolved,mg/l,1,1,0,0,0,0,n_exceedances may not be intiutive for this parameter because there are multiple components to the WQS. n_exceedances may be greater than n_samples_collected if a single sample was marked as an exceedance for multiple components of the WQS.
1309-0017,TRUE,fishing,none,ph,total,ph_units,1,1,0,0,0,0,none
1309-0017,TRUE,fishing,none,total_dissolved_solids,dissolved,mg/l,1,1,0,0,0,0,none
1309-0017,TRUE,secondary_contact_recreation,none,total_dissolved_solids,dissolved,mg/l,1,1,0,0,0,0,none
1309-0017,TRUE,primary_contact_recreation,none,total_dissolved_solids,dissolved,mg/l,1,1,0,0,0,0,none
1309-0017,TRUE,secondary_contact_recreation,recreation,phosphorus,total,ug/l,1,1,0,0,0,0,none
1309-0017,TRUE,primary_contact_recreation,recreation,phosphorus,total,ug/l,1,1,0,0,0,0,none
1309-0018,TRUE,fishing,aquatic_chronic,ammonia,total,ug/l,1,1,0,0,0,1,none
1309-0018,TRUE,secondary_contact_recreation,recreation,phosphorus,total,ug/l,1,1,0,0,0,0,none
1309-0018,TRUE,primary_contact_recreation,recreation,phosphorus,total,ug/l,1,1,0,0,0,0,none
1309-0018,TRUE,source_of_water_supply,health_water-source,ammonia,total,ug/l,1,1,0,0,0,0,none
1309-0018,TRUE,source_of_water_supply,health_water-source,nitrate_nitrite,total,ug/l,1,1,0,0,0,0,none
1309-0018,TRUE,source_of_water_supply,health_water-source,sulfate,total,ug/l,1,1,0,0,0,0,none
1309-0031,FALSE,secondary_contact_recreation,recreation,phosphorus,total,ug/l,26,6,6,6,0,0,none
1309-0031,FALSE,primary_contact_recreation,recreation,phosphorus,total,ug/l,26,6,6,6,0,0,none
1309-0031,FALSE,source_of_water_supply,health_water-source,nitrate_nitrite,total,ug/l,31,6,0,0,0,0,none
1310-0001,FALSE,fishing,aquatic_chronic,ammonia,total,ug/l,1,1,0,0,0,1,none
1310-0001,FALSE,secondary_contact_recreation,recreation,phosphorus,total,ug/l,65,9,9,9,0,0,none
1310-0001,FALSE,primary_contact_recreation,recreation,phosphorus,total,ug/l,65,9,9,9,0,0,none
1310-0001,TRUE,fishing,aquatic_chronic,ammonia,total,ug/l,18,4,0,0,0,16,none
1310-0001,TRUE,fishing,none,dissolved_oxygen,dissolved,mg/l,4,1,4,1,0,0,n_exceedances may not be intiutive for this parameter because there are multiple components to the WQS. n_exceedances may be greater than n_samples_collected if a single sample was marked as an exceedance for multiple components of the WQS.
1310-0001,TRUE,fishing,none,ph,total,ph_units,4,1,1,1,0,0,none
1310-0001,TRUE,secondary_contact_recreation,recreation,phosphorus,total,ug/l,8,2,2,2,0,0,none
1310-0001,TRUE,primary_contact_recreation,recreation,phosphorus,total,ug/l,8,2,2,2,0,0,none
1310-0002,FALSE,secondary_contact_recreation,recreation,phosphorus,total,ug/l,32,5,5,5,0,0,none
1310-0002,FALSE,primary_contact_recreation,recreation,phosphorus,total,ug/l,32,5,5,5,0,0,none
1310-0002,TRUE,fishing,aquatic_chronic,ammonia,total,ug/l,57,4,0,0,0,54,none
1310-0002,TRUE,fishing,none,dissolved_oxygen,dissolved,mg/l,4,1,8,1,0,0,n_exceedances may not be intiutive for this parameter because there are multiple components to the WQS. n_exceedances may be greater than n_samples_collected if a single sample was marked as an exceedance for multiple components of the WQS.
1310-0002,TRUE,fishing,none,ph,total,ph_units,4,1,0,0,0,0,none
1310-0002,TRUE,secondary_contact_recreation,recreation,phosphorus,total,ug/l,22,3,3,3,0,0,none
1310-0002,TRUE,primary_contact_recreation,recreation,phosphorus,total,ug/l,22,3,3,3,0,0,none
1310-0009,FALSE,fishing,aquatic_chronic,ammonia,total,ug/l,3,1,0,0,0,3,none
1310-0009,FALSE,fishing,aquatic_chronic,fluoride,total,ug/l,4,1,0,0,0,4,none
1310-0014,FALSE,secondary_contact_recreation,recreation,phosphorus,total,ug/l,67,9,8,8,0,0,none
1310-0014,FALSE,primary_contact_recreation,recreation,phosphorus,total,ug/l,67,9,8,8,0,0,none
1310-0014,TRUE,fishing,aquatic_chronic,ammonia,total,ug/l,8,1,0,0,0,5,none
1310-0014,TRUE,fishing,none,dissolved_oxygen,dissolved,mg/l,3,1,4,1,0,0,n_exceedances may not be intiutive for this parameter because there are multiple components to the WQS. n_exceedances may be greater than n_samples_collected if a single sample was marked as an exceedance for multiple components of the WQS.
1310-0014,TRUE,fishing,none,ph,total,ph_units,3,1,1,1,0,0,none
1310-0025,TRUE,fishing,aquatic_acute,arsenic,dissolved,ug/l,1,1,0,0,0,0,none
1310-0025,TRUE,fishing,aquatic_acute,copper,dissolved,ug/l,1,1,0,0,0,0,none
1310-0025,TRUE,fishing,aquatic_acute,nickel,dissolved,ug/l,1,1,0,0,0,0,none
1310-0025,TRUE,fishing,aquatic_acute,zinc,dissolved,ug/l,1,1,0,0,0,0,none
1310-0025,TRUE,fishing,aquatic_chronic,aluminum,dissolved,ug/l,1,1,0,0,0,0,none
1310-0025,TRUE,fishing,aquatic_chronic,ammonia,total,ug/l,1,1,0,0,0,1,none
1310-0025,TRUE,fishing,aquatic_chronic,arsenic,dissolved,ug/l,1,1,0,0,0,0,none
1310-0025,TRUE,fishing,aquatic_chronic,copper,dissolved,ug/l,1,1,0,0,0,0,none
1310-0025,TRUE,fishing,aquatic_chronic,nickel,dissolved,ug/l,1,1,0,0,0,0,none
1310-0025,TRUE,fishing,aquatic_chronic,nitrite,total,ug/l,1,1,0,0,0,0,none
1310-0025,TRUE,fishing,aquatic_chronic,zinc,dissolved,ug/l,1,1,0,0,0,0,none
1310-0025,TRUE,fishing,none,dissolved_oxygen,dissolved,mg/l,1,1,1,1,0,0,n_exceedances may not be intiutive for this parameter because there are multiple components to the WQS. n_exceedances may be greater than n_samples_collected if a single sample was marked as an exceedance for multiple components of the WQS.
1310-0025,TRUE,fishing,none,ph,total,ph_units,1,1,0,0,0,0,none
1310-0025,TRUE,fishing,none,total_dissolved_solids,dissolved,mg/l,1,1,0,0,0,0,none
1310-0025,TRUE,secondary_contact_recreation,none,total_dissolved_solids,dissolved,mg/l,1,1,0,0,0,0,none
1310-0025,TRUE,primary_contact_recreation,none,total_dissolved_solids,dissolved,mg/l,1,1,0,0,0,0,none
1310-0025,TRUE,secondary_contact_recreation,recreation,phosphorus,total,ug/l,1,1,1,1,0,0,none
1310-0025,TRUE,primary_contact_recreation,recreation,phosphorus,total,ug/l,1,1,1,1,0,0,none
1310-0032,TRUE,fishing,aquatic_chronic,ammonia,total,ug/l,6,2,0,0,0,3,none
1310-0032,TRUE,fishing,none,dissolved_oxygen,dissolved,mg/l,5,2,10,2,0,0,n_exceedances may not be intiutive for this parameter because there are multiple components to the WQS. n_exceedances may be greater than n_samples_collected if a single sample was marked as an exceedance for multiple components of the WQS.
1310-0032,TRUE,fishing,none,ph,total,ph_units,5,2,0,0,0,0,none
1310-0033,FALSE,fishing,aquatic_chronic,ammonia,total,ug/l,121,11,0,0,0,121,none
1310-0033,FALSE,fishing,aquatic_chronic,nitrite,total,ug/l,17,3,0,0,0,0,none
1310-0033,FALSE,secondary_contact_recreation,recreation,phosphorus,total,ug/l,156,20,0,0,0,0,none
1310-0033,FALSE,primary_contact_recreation,recreation,phosphorus,total,ug/l,156,20,0,0,0,0,none
1310-0033,TRUE,fishing,aquatic_chronic,ammonia,total,ug/l,135,10,0,0,0,135,none
1310-0033,TRUE,secondary_contact_recreation,recreation,phosphorus,total,ug/l,59,8,0,0,0,0,none
1310-0033,TRUE,primary_contact_recreation,recreation,phosphorus,total,ug/l,59,8,0,0,0,0,none
1310-0044,FALSE,fishing,aquatic_chronic,ammonia,total,ug/l,80,10,0,0,0,80,none
1310-0044,FALSE,fishing,aquatic_chronic,nitrite,total,ug/l,17,2,0,0,0,0,none
1310-0044,FALSE,secondary_contact_recreation,recreation,phosphorus,total,ug/l,121,16,0,0,0,0,none
1310-0044,FALSE,primary_contact_recreation,recreation,phosphorus,total,ug/l,121,16,0,0,0,0,none
1310-0044,FALSE,source_of_water_supply,health_water-source,ammonia,total,ug/l,80,10,0,0,0,0,none
1310-0044,FALSE,source_of_water_supply,health_water-source,chloride,total,ug/l,2,1,0,0,0,0,none
1310-0044,FALSE,source_of_water_supply,health_water-source,magnesium,total,ug/l,2,1,0,0,0,0,none
1310-0044,FALSE,source_of_water_supply,health_water-source,nitrate_nitrite,total,ug/l,123,16,0,0,0,0,none
1310-0044,FALSE,source_of_water_supply,health_water-source,nitrite,total,ug/l,17,2,0,0,0,0,none
1310-0044,FALSE,source_of_water_supply,health_water-source,sulfate,total,ug/l,2,1,0,0,0,0,none
1310-0044,TRUE,fishing,aquatic_chronic,ammonia,total,ug/l,63,9,0,0,0,63,none
1310-0044,TRUE,secondary_contact_recreation,recreation,phosphorus,total,ug/l,62,9,0,0,0,0,none
1310-0044,TRUE,primary_contact_recreation,recreation,phosphorus,total,ug/l,62,9,0,0,0,0,none
1310-0044,TRUE,source_of_water_supply,health_water-source,ammonia,total,ug/l,63,9,0,0,0,0,none
1310-0044,TRUE,source_of_water_supply,health_water-source,chloride,total,ug/l,18,8,0,0,0,0,none
1310-0044,TRUE,source_of_water_supply,health_water-source,nitrate_nitrite,total,ug/l,54,9,0,0,0,0,none
1310-0045,FALSE,fishing,aquatic_chronic,ammonia,total,ug/l,51,5,0,0,0,51,none
1310-0045,FALSE,fishing,aquatic_chronic,nitrite,total,ug/l,16,2,0,0,0,0,none
1310-0045,FALSE,secondary_contact_recreation,recreation,phosphorus,total,ug/l,57,9,0,0,0,0,none
1310-0045,FALSE,primary_contact_recreation,recreation,phosphorus,total,ug/l,57,9,0,0,0,0,none
1310-0045,TRUE,fishing,aquatic_chronic,ammonia,total,ug/l,122,9,0,0,0,122,none
1310-0045,TRUE,secondary_contact_recreation,recreation,phosphorus,total,ug/l,56,8,0,0,0,0,none
1310-0045,TRUE,primary_contact_recreation,recreation,phosphorus,total,ug/l,56,8,0,0,0,0,none
1310-0046,FALSE,secondary_contact_recreation,recreation,phosphorus,total,ug/l,2,1,0,0,0,0,none
1310-0046,FALSE,primary_contact_recreation,recreation,phosphorus,total,ug/l,2,1,0,0,0,0,none
1310-0046,TRUE,fishing,aquatic_chronic,ammonia,total,ug/l,1,1,0,0,0,1,none
1310-0046,TRUE,fishing,none,dissolved_oxygen,dissolved,mg/l,1,1,2,1,0,0,n_exceedances may not be intiutive for this parameter because there are multiple components to the WQS. n_exceedances may be greater than n_samples_collected if a single sample was marked as an exceedance for multiple components of the WQS.
1310-0046,TRUE,fishing,none,ph,total,ph_units,1,1,1,1,0,0,none
1310-0046,TRUE,secondary_contact_recreation,recreation,phosphorus,total,ug/l,1,1,0,0,0,0,none
1310-0046,TRUE,primary_contact_recreation,recreation,phosphorus,total,ug/l,1,1,0,0,0,0,none
1311-0001,FALSE,fishing,aquatic_chronic,ammonia,total,ug/l,4,1,0,0,0,4,none
1311-0001,FALSE,secondary_contact_recreation,recreation,phosphorus,total,ug/l,2,1,0,0,0,0,none
1311-0001,FALSE,primary_contact_recreation,recreation,phosphorus,total,ug/l,2,1,0,0,0,0,none
1311-0001,FALSE,source_of_water_supply,aesthetic_water-supply,iron,total,ug/l,4,1,2,1,0,0,none
1311-0001,FALSE,source_of_water_supply,aesthetic_water-supply,manganese,total,ug/l,4,1,2,1,0,0,none
1311-0001,FALSE,source_of_water_supply,health_water-source,ammonia,total,ug/l,4,1,0,0,0,0,none
1311-0001,FALSE,source_of_water_supply,health_water-source,chloride,total,ug/l,4,1,0,0,0,0,none
1311-0001,FALSE,source_of_water_supply,health_water-source,magnesium,total,ug/l,4,1,0,0,0,0,none
1311-0001,FALSE,source_of_water_supply,health_water-source,nitrate_nitrite,total,ug/l,4,1,0,0,0,0,none
1311-0001,FALSE,source_of_water_supply,health_water-source,sulfate,total,ug/l,4,1,0,0,0,0,none
1311-0001,TRUE,fishing,aquatic_chronic,ammonia,total,ug/l,5,1,0,0,0,5,none
1311-0001,TRUE,fishing,aquatic_chronic,nitrite,total,ug/l,8,2,0,0,0,0,none
1311-0001,TRUE,fishing,none,dissolved_oxygen,dissolved,mg/l,4,2,8,2,0,0,n_exceedances may not be intiutive for this parameter because there are multiple components to the WQS. n_exceedances may be greater than n_samples_collected if a single sample was marked as an exceedance for multiple components of the WQS.
1311-0001,TRUE,fishing,none,ph,total,ph_units,4,2,0,0,0,0,none
1311-0001,TRUE,secondary_contact_recreation,recreation,phosphorus,total,ug/l,3,2,2,2,0,0,none
1311-0001,TRUE,primary_contact_recreation,recreation,phosphorus,total,ug/l,3,2,2,2,0,0,none
1311-0001,TRUE,source_of_water_supply,aesthetic_water-supply,iron,total,ug/l,8,2,3,2,0,0,none
1311-0001,TRUE,source_of_water_supply,aesthetic_water-supply,manganese,total,ug/l,7,2,3,2,0,0,none
1311-0001,TRUE,source_of_water_supply,health_water-source,ammonia,total,ug/l,5,1,0,0,0,0,none
1311-0001,TRUE,source_of_water_supply,health_water-source,arsenic,total,ug/l,8,2,0,0,0,0,none
1311-0001,TRUE,source_of_water_supply,health_water-source,chloride,total,ug/l,8,2,0,0,0,0,none
1311-0001,TRUE,source_of_water_supply,health_water-source,magnesium,total,ug/l,6,1,0,0,0,0,none
1311-0001,TRUE,source_of_water_supply,health_water-source,nitrate,total,ug/l,6,2,0,0,0,0,none
1311-0001,TRUE,source_of_water_supply,health_water-source,nitrate_nitrite,total,ug/l,6,2,0,0,0,0,none
1311-0001,TRUE,source_of_water_supply,health_water-source,nitrite,total,ug/l,8,2,0,0,0,0,none
1311-0001,TRUE,source_of_water_supply,health_water-source,sulfate,total,ug/l,8,2,0,0,0,0,none
1311-0006,FALSE,fishing,aquatic_chronic,ammonia,total,ug/l,106,11,0,0,0,106,none
1311-0006,FALSE,fishing,aquatic_chronic,nitrite,total,ug/l,24,5,0,0,0,0,none
1311-0006,FALSE,secondary_contact_recreation,recreation,phosphorus,total,ug/l,166,23,23,23,0,0,none
1311-0006,FALSE,primary_contact_recreation,recreation,phosphorus,total,ug/l,166,23,23,23,0,0,none
1311-0006,TRUE,fishing,aquatic_acute,arsenic,dissolved,ug/l,2,1,0,0,0,0,none
1311-0006,TRUE,fishing,aquatic_acute,copper,dissolved,ug/l,2,1,0,0,0,0,none
1311-0006,TRUE,fishing,aquatic_acute,nickel,dissolved,ug/l,2,1,0,0,0,0,none
1311-0006,TRUE,fishing,aquatic_acute,zinc,dissolved,ug/l,2,1,0,0,0,0,none
1311-0006,TRUE,fishing,aquatic_chronic,aluminum,dissolved,ug/l,2,1,0,0,0,0,none
1311-0006,TRUE,fishing,aquatic_chronic,ammonia,total,ug/l,123,10,0,0,0,123,none
1311-0006,TRUE,fishing,aquatic_chronic,arsenic,dissolved,ug/l,2,1,0,0,0,0,none
1311-0006,TRUE,fishing,aquatic_chronic,copper,dissolved,ug/l,2,1,0,0,0,0,none
1311-0006,TRUE,fishing,aquatic_chronic,nickel,dissolved,ug/l,2,1,0,0,0,0,none
1311-0006,TRUE,fishing,aquatic_chronic,nitrite,total,ug/l,2,1,0,0,0,0,none
1311-0006,TRUE,fishing,aquatic_chronic,zinc,dissolved,ug/l,2,1,0,0,0,0,none
1311-0006,TRUE,fishing,none,dissolved_oxygen,dissolved,mg/l,1,1,2,1,0,0,n_exceedances may not be intiutive for this parameter because there are multiple components to the WQS. n_exceedances may be greater than n_samples_collected if a single sample was marked as an exceedance for multiple components of the WQS.
1311-0006,TRUE,fishing,none,ph,total,ph_units,1,1,0,0,0,0,none
1311-0006,TRUE,fishing,none,total_dissolved_solids,dissolved,mg/l,2,1,0,0,0,0,none
1311-0006,TRUE,secondary_contact_recreation,none,total_dissolved_solids,dissolved,mg/l,2,1,0,0,0,0,none
1311-0006,TRUE,primary_contact_recreation,none,total_dissolved_solids,dissolved,mg/l,2,1,0,0,0,0,none
1311-0006,TRUE,secondary_contact_recreation,recreation,phosphorus,total,ug/l,66,9,9,9,0,0,none
1311-0006,TRUE,primary_contact_recreation,recreation,phosphorus,total,ug/l,66,9,9,9,0,0,none
1311-0007,FALSE,secondary_contact_recreation,recreation,phosphorus,total,ug/l,34,9,0,0,0,0,none
1311-0007,FALSE,primary_contact_recreation,recreation,phosphorus,total,ug/l,34,9,0,0,0,0,none
1311-0007,FALSE,source_of_water_supply,health_water-source,nitrate_nitrite,total,ug/l,36,7,0,0,0,0,none
1401-0002,FALSE,fishing,aquatic_chronic,ammonia,total,ug/l,8,1,0,0,0,8,none
1401-0002,FALSE,secondary_contact_recreation,recreation,phosphorus,total,ug/l,3,1,1,1,0,0,none
1401-0002,FALSE,primary_contact_recreation,recreation,phosphorus,total,ug/l,3,1,1,1,0,0,none
1401-0002,TRUE,fishing,aquatic_chronic,ammonia,total,ug/l,6,1,0,0,0,4,none
1401-0002,TRUE,fishing,none,dissolved_oxygen,dissolved,mg/l,3,1,4,1,0,0,n_exceedances may not be intiutive for this parameter because there are multiple components to the WQS. n_exceedances may be greater than n_samples_collected if a single sample was marked as an exceedance for multiple components of the WQS.
1401-0002,TRUE,fishing,none,ph,total,ph_units,3,1,2,1,0,0,none
1401-0002,TRUE,secondary_contact_recreation,recreation,phosphorus,total,ug/l,1,1,0,0,0,0,none
1401-0002,TRUE,primary_contact_recreation,recreation,phosphorus,total,ug/l,1,1,0,0,0,0,none
1401-0007,FALSE,fishing,aquatic_chronic,ammonia,total,ug/l,5,1,0,0,0,5,none
1401-0007,FALSE,secondary_contact_recreation,recreation,phosphorus,total,ug/l,3,1,0,0,0,0,none
1401-0007,FALSE,primary_contact_recreation,recreation,phosphorus,total,ug/l,3,1,0,0,0,0,none
1401-0008,FALSE,fishing,aquatic_chronic,ammonia,total,ug/l,8,1,0,0,0,8,none
1401-0008,FALSE,secondary_contact_recreation,recreation,phosphorus,total,ug/l,3,1,1,1,0,0,none
1401-0008,FALSE,primary_contact_recreation,recreation,phosphorus,total,ug/l,3,1,1,1,0,0,none
1401-0008,TRUE,fishing,aquatic_chronic,ammonia,total,ug/l,10,2,0,0,0,8,none
1401-0008,TRUE,fishing,none,dissolved_oxygen,dissolved,mg/l,6,2,12,2,0,0,n_exceedances may not be intiutive for this parameter because there are multiple components to the WQS. n_exceedances may be greater than n_samples_collected if a single sample was marked as an exceedance for multiple components of the WQS.
1401-0008,TRUE,fishing,none,ph,total,ph_units,6,2,2,2,0,0,none
1401-0008,TRUE,secondary_contact_recreation,recreation,phosphorus,total,ug/l,3,2,2,2,0,0,none
1401-0008,TRUE,primary_contact_recreation,recreation,phosphorus,total,ug/l,3,2,2,2,0,0,none
1401-0014,FALSE,fishing,aquatic_chronic,ammonia,total,ug/l,3,1,0,0,0,3,none
1401-0014,FALSE,secondary_contact_recreation,recreation,phosphorus,total,ug/l,3,1,1,1,0,0,none
1401-0014,FALSE,primary_contact_recreation,recreation,phosphorus,total,ug/l,3,1,1,1,0,0,none
1401-0031,TRUE,fishing,aquatic_chronic,ammonia,total,ug/l,1,1,0,0,0,0,none
1401-0031,TRUE,fishing,none,dissolved_oxygen,dissolved,mg/l,1,1,0,0,0,0,n_exceedances may not be intiutive for this parameter because there are multiple components to the WQS. n_exceedances may be greater than n_samples_collected if a single sample was marked as an exceedance for multiple components of the WQS.
1401-0031,TRUE,fishing,none,ph,total,ph_units,1,1,0,0,0,0,none
1401-0039,FALSE,fishing,aquatic_chronic,ammonia,total,ug/l,2,1,0,0,0,2,none
1401-0039,FALSE,secondary_contact_recreation,recreation,phosphorus,total,ug/l,3,1,0,0,0,0,none
1401-0039,FALSE,primary_contact_recreation,recreation,phosphorus,total,ug/l,3,1,0,0,0,0,none
1401-0045,FALSE,fishing,aquatic_chronic,ammonia,total,ug/l,10,2,0,0,0,10,none
1401-0045,FALSE,secondary_contact_recreation,recreation,phosphorus,total,ug/l,5,2,0,0,0,0,none
1401-0045,FALSE,primary_contact_recreation,recreation,phosphorus,total,ug/l,5,2,0,0,0,0,none
1401-0046,FALSE,secondary_contact_recreation,recreation,phosphorus,total,ug/l,1,1,0,0,0,0,none
1401-0046,FALSE,primary_contact_recreation,recreation,phosphorus,total,ug/l,1,1,0,0,0,0,none
1401-0046,TRUE,fishing,aquatic_chronic,ammonia,total,ug/l,2,1,0,0,0,2,none
1401-0046,TRUE,fishing,none,dissolved_oxygen,dissolved,mg/l,1,1,2,1,0,0,n_exceedances may not be intiutive for this parameter because there are multiple components to the WQS. n_exceedances may be greater than n_samples_collected if a single sample was marked as an exceedance for multiple components of the WQS.
1401-0046,TRUE,fishing,none,ph,total,ph_units,1,1,1,1,0,0,none
1401-0046,TRUE,secondary_contact_recreation,recreation,phosphorus,total,ug/l,1,1,0,0,0,0,none
1401-0046,TRUE,primary_contact_recreation,recreation,phosphorus,total,ug/l,1,1,0,0,0,0,none
1401-0049,FALSE,fishing,aquatic_chronic,ammonia,total,ug/l,2,1,0,0,0,2,none
1401-0049,FALSE,secondary_contact_recreation,recreation,phosphorus,total,ug/l,1,1,0,0,0,0,none
1401-0049,FALSE,primary_contact_recreation,recreation,phosphorus,total,ug/l,1,1,0,0,0,0,none
1401-0050,FALSE,fishing,aquatic_chronic,ammonia,total,ug/l,9,2,0,0,0,9,none
1401-0050,FALSE,secondary_contact_recreation,recreation,phosphorus,total,ug/l,5,2,2,2,0,0,none
1401-0050,FALSE,primary_contact_recreation,recreation,phosphorus,total,ug/l,5,2,2,2,0,0,none
1401-0051,FALSE,fishing,aquatic_chronic,ammonia,total,ug/l,3,1,0,0,0,3,none
1401-0051,FALSE,secondary_contact_recreation,recreation,phosphorus,total,ug/l,4,1,1,1,0,0,none
1401-0051,FALSE,primary_contact_recreation,recreation,phosphorus,total,ug/l,4,1,1,1,0,0,none
1401-0051,TRUE,fishing,aquatic_chronic,ammonia,total,ug/l,10,2,0,0,0,9,none
1401-0051,TRUE,fishing,none,dissolved_oxygen,dissolved,mg/l,6,2,12,2,0,0,n_exceedances may not be intiutive for this parameter because there are multiple components to the WQS. n_exceedances may be greater than n_samples_collected if a single sample was marked as an exceedance for multiple components of the WQS.
1401-0051,TRUE,fishing,none,ph,total,ph_units,6,2,2,1,0,0,none
1401-0051,TRUE,secondary_contact_recreation,recreation,phosphorus,total,ug/l,4,2,1,1,0,0,none
1401-0051,TRUE,primary_contact_recreation,recreation,phosphorus,total,ug/l,4,2,1,1,0,0,none
1401-0053,TRUE,fishing,aquatic_chronic,ammonia,total,ug/l,9,2,0,0,0,9,none
1401-0053,TRUE,fishing,aquatic_chronic,nitrite,total,ug/l,4,1,0,0,0,0,none
1401-0053,TRUE,fishing,none,dissolved_oxygen,dissolved,mg/l,6,2,10,2,0,0,n_exceedances may not be intiutive for this parameter because there are multiple components to the WQS. n_exceedances may be greater than n_samples_collected if a single sample was marked as an exceedance for multiple components of the WQS.
1401-0053,TRUE,fishing,none,ph,total,ph_units,6,2,1,1,0,0,none
1401-0053,TRUE,secondary_contact_recreation,recreation,phosphorus,total,ug/l,5,2,2,2,0,0,none
1401-0053,TRUE,primary_contact_recreation,recreation,phosphorus,total,ug/l,5,2,2,2,0,0,none
1401-0056,FALSE,fishing,aquatic_chronic,ammonia,total,ug/l,10,2,0,0,0,10,none
1401-0056,FALSE,secondary_contact_recreation,recreation,phosphorus,total,ug/l,5,2,2,2,0,0,none
1401-0056,FALSE,primary_contact_recreation,recreation,phosphorus,total,ug/l,5,2,2,2,0,0,none
1401-0058,TRUE,fishing,aquatic_chronic,ammonia,total,ug/l,20,4,0,0,0,20,none
1401-0058,TRUE,fishing,aquatic_chronic,nitrite,total,ug/l,3,1,0,0,0,0,none
1401-0058,TRUE,fishing,none,dissolved_oxygen,dissolved,mg/l,6,2,4,1,0,0,n_exceedances may not be intiutive for this parameter because there are multiple components to the WQS. n_exceedances may be greater than n_samples_collected if a single sample was marked as an exceedance for multiple components of the WQS.
1401-0058,TRUE,fishing,none,ph,total,ph_units,6,2,0,0,0,0,none
1401-0058,TRUE,secondary_contact_recreation,recreation,phosphorus,total,ug/l,18,4,4,4,0,0,none
1401-0058,TRUE,primary_contact_recreation,recreation,phosphorus,total,ug/l,18,4,4,4,0,0,none
1401-0063,FALSE,fishing,aquatic_chronic,ammonia,total,ug/l,9,3,0,0,0,9,none
1401-0063,FALSE,secondary_contact_recreation,recreation,phosphorus,total,ug/l,9,3,3,3,0,0,none
1401-0063,FALSE,primary_contact_recreation,recreation,phosphorus,total,ug/l,9,3,3,3,0,0,none
1401-0074,FALSE,fishing,aquatic_chronic,ammonia,total,ug/l,4,2,0,0,0,4,none
1401-0074,FALSE,secondary_contact_recreation,recreation,phosphorus,total,ug/l,4,1,1,1,0,0,none
1401-0074,FALSE,primary_contact_recreation,recreation,phosphorus,total,ug/l,4,1,1,1,0,0,none
1401-0074,TRUE,fishing,none,dissolved_oxygen,dissolved,mg/l,1,1,2,1,0,0,n_exceedances may not be intiutive for this parameter because there are multiple components to the WQS. n_exceedances may be greater than n_samples_collected if a single sample was marked as an exceedance for multiple components of the WQS.
1401-0074,TRUE,fishing,none,ph,total,ph_units,1,1,0,0,0,0,none
1401-0074,TRUE,secondary_contact_recreation,recreation,phosphorus,total,ug/l,1,1,1,1,0,0,none
1401-0074,TRUE,primary_contact_recreation,recreation,phosphorus,total,ug/l,1,1,1,1,0,0,none
1401-0075,FALSE,fishing,aquatic_chronic,ammonia,total,ug/l,2,2,0,0,0,2,none
1401-0075,FALSE,secondary_contact_recreation,recreation,phosphorus,total,ug/l,1,1,1,1,0,0,none
1401-0075,FALSE,primary_contact_recreation,recreation,phosphorus,total,ug/l,1,1,1,1,0,0,none
1401-0075,TRUE,fishing,aquatic_chronic,ammonia,total,ug/l,1,1,0,0,0,1,none
1401-0075,TRUE,fishing,none,dissolved_oxygen,dissolved,mg/l,1,1,0,0,0,0,n_exceedances may not be intiutive for this parameter because there are multiple components to the WQS. n_exceedances may be greater than n_samples_collected if a single sample was marked as an exceedance for multiple components of the WQS.
1401-0075,TRUE,fishing,none,ph,total,ph_units,1,1,0,0,0,0,none
1401-0075,TRUE,secondary_contact_recreation,recreation,phosphorus,total,ug/l,1,1,0,0,0,0,none
1401-0075,TRUE,primary_contact_recreation,recreation,phosphorus,total,ug/l,1,1,0,0,0,0,none
1401-0079,TRUE,fishing,aquatic_chronic,ammonia,total,ug/l,13,1,0,0,0,13,none
1401-0079,TRUE,fishing,none,dissolved_oxygen,dissolved,mg/l,1,1,1,1,0,0,n_exceedances may not be intiutive for this parameter because there are multiple components to the WQS. n_exceedances may be greater than n_samples_collected if a single sample was marked as an exceedance for multiple components of the WQS.
1401-0079,TRUE,fishing,none,ph,total,ph_units,1,1,0,0,0,0,none
1401-0079,TRUE,secondary_contact_recreation,recreation,phosphorus,total,ug/l,7,1,0,0,0,0,none
1401-0079,TRUE,primary_contact_recreation,recreation,phosphorus,total,ug/l,7,1,0,0,0,0,none
1401-0080,TRUE,fishing,aquatic_chronic,ammonia,total,ug/l,66,5,0,0,0,66,none
1401-0080,TRUE,secondary_contact_recreation,recreation,phosphorus,total,ug/l,34,5,0,0,0,0,none
1401-0080,TRUE,primary_contact_recreation,recreation,phosphorus,total,ug/l,34,5,0,0,0,0,none
1401-0081,TRUE,fishing,aquatic_chronic,ammonia,total,ug/l,1,1,0,0,0,1,none
1401-0081,TRUE,fishing,none,dissolved_oxygen,dissolved,mg/l,1,1,0,0,0,0,n_exceedances may not be intiutive for this parameter because there are multiple components to the WQS. n_exceedances may be greater than n_samples_collected if a single sample was marked as an exceedance for multiple components of the WQS.
1401-0081,TRUE,fishing,none,ph,total,ph_units,1,1,0,0,0,0,none
1401-0081,TRUE,secondary_contact_recreation,recreation,phosphorus,total,ug/l,1,1,1,1,0,0,none
1401-0081,TRUE,primary_contact_recreation,recreation,phosphorus,total,ug/l,1,1,1,1,0,0,none
1401-0083,FALSE,fishing,aquatic_chronic,ammonia,total,ug/l,2,1,0,0,0,2,none
1401-0083,FALSE,secondary_contact_recreation,recreation,phosphorus,total,ug/l,1,1,0,0,0,0,none
1401-0083,FALSE,primary_contact_recreation,recreation,phosphorus,total,ug/l,1,1,0,0,0,0,none
1401-0085,FALSE,fishing,aquatic_chronic,ammonia,total,ug/l,2,1,0,0,0,2,none
1401-0085,FALSE,secondary_contact_recreation,recreation,phosphorus,total,ug/l,1,1,0,0,0,0,none
1401-0085,FALSE,primary_contact_recreation,recreation,phosphorus,total,ug/l,1,1,0,0,0,0,none
1401-0091,FALSE,fishing,aquatic_chronic,ammonia,total,ug/l,6,2,0,0,0,6,none
1401-0091,FALSE,secondary_contact_recreation,recreation,phosphorus,total,ug/l,5,2,1,1,0,0,none
1401-0091,FALSE,primary_contact_recreation,recreation,phosphorus,total,ug/l,5,2,1,1,0,0,none
1401-0091,TRUE,fishing,aquatic_chronic,ammonia,total,ug/l,67,10,0,0,0,67,none
1401-0091,TRUE,secondary_contact_recreation,recreation,phosphorus,total,ug/l,66,9,0,0,0,0,none
1401-0091,TRUE,primary_contact_recreation,recreation,phosphorus,total,ug/l,66,9,0,0,0,0,none
1401-0093,FALSE,fishing,aquatic_chronic,ammonia,total,ug/l,4,1,0,0,0,4,none
1401-0093,FALSE,secondary_contact_recreation,recreation,phosphorus,total,ug/l,3,1,0,0,0,0,none
1401-0093,FALSE,primary_contact_recreation,recreation,phosphorus,total,ug/l,3,1,0,0,0,0,none
1401-0095,FALSE,secondary_contact_recreation,recreation,phosphorus,total,ug/l,1,1,1,1,0,0,none
1401-0095,FALSE,primary_contact_recreation,recreation,phosphorus,total,ug/l,1,1,1,1,0,0,none
1401-0096,FALSE,fishing,aquatic_chronic,ammonia,total,ug/l,4,2,0,0,0,4,none
1401-0096,FALSE,secondary_contact_recreation,recreation,phosphorus,total,ug/l,4,2,1,1,0,0,none
1401-0096,FALSE,primary_contact_recreation,recreation,phosphorus,total,ug/l,4,2,1,1,0,0,none
1401-0097,FALSE,fishing,aquatic_chronic,ammonia,total,ug/l,6,2,0,0,0,6,none
1401-0097,FALSE,secondary_contact_recreation,recreation,phosphorus,total,ug/l,5,2,1,1,0,0,none
1401-0097,FALSE,primary_contact_recreation,recreation,phosphorus,total,ug/l,5,2,1,1,0,0,none
1401-0099,FALSE,fishing,aquatic_chronic,ammonia,total,ug/l,2,1,0,0,0,2,none
1401-0099,FALSE,secondary_contact_recreation,recreation,phosphorus,total,ug/l,1,1,0,0,0,0,none
1401-0099,FALSE,primary_contact_recreation,recreation,phosphorus,total,ug/l,1,1,0,0,0,0,none
1401-0099,TRUE,fishing,aquatic_chronic,ammonia,total,ug/l,13,1,0,0,0,13,none
1401-0099,TRUE,fishing,none,dissolved_oxygen,dissolved,mg/l,1,1,0,0,0,0,n_exceedances may not be intiutive for this parameter because there are multiple components to the WQS. n_exceedances may be greater than n_samples_collected if a single sample was marked as an exceedance for multiple components of the WQS.
1401-0099,TRUE,fishing,none,ph,total,ph_units,1,1,1,1,0,0,none
1401-0099,TRUE,secondary_contact_recreation,recreation,phosphorus,total,ug/l,7,1,0,0,0,0,none
1401-0099,TRUE,primary_contact_recreation,recreation,phosphorus,total,ug/l,7,1,0,0,0,0,none
1401-0105,FALSE,fishing,aquatic_chronic,ammonia,total,ug/l,1,1,0,0,0,1,none
1401-0105,FALSE,secondary_contact_recreation,recreation,phosphorus,total,ug/l,1,1,0,0,0,0,none
1401-0105,FALSE,primary_contact_recreation,recreation,phosphorus,total,ug/l,1,1,0,0,0,0,none
1401-0106,FALSE,fishing,aquatic_chronic,ammonia,total,ug/l,4,2,0,0,0,4,none
1401-0106,FALSE,secondary_contact_recreation,recreation,phosphorus,total,ug/l,3,2,1,1,0,0,none
1401-0106,FALSE,primary_contact_recreation,recreation,phosphorus,total,ug/l,3,2,1,1,0,0,none
1401-0107,FALSE,fishing,aquatic_chronic,ammonia,total,ug/l,1,1,0,0,0,1,none
1401-0107,FALSE,secondary_contact_recreation,recreation,phosphorus,total,ug/l,1,1,1,1,0,0,none
1401-0107,FALSE,primary_contact_recreation,recreation,phosphorus,total,ug/l,1,1,1,1,0,0,none
1401-0107,TRUE,fishing,none,dissolved_oxygen,dissolved,mg/l,1,1,0,0,0,0,n_exceedances may not be intiutive for this parameter because there are multiple components to the WQS. n_exceedances may be greater than n_samples_collected if a single sample was marked as an exceedance for multiple components of the WQS.
1401-0107,TRUE,fishing,none,ph,total,ph_units,1,1,0,0,0,0,none
1401-0107,TRUE,secondary_contact_recreation,recreation,phosphorus,total,ug/l,1,1,1,1,0,0,none
1401-0107,TRUE,primary_contact_recreation,recreation,phosphorus,total,ug/l,1,1,1,1,0,0,none
1401-0110,FALSE,fishing,aquatic_chronic,ammonia,total,ug/l,1,1,0,0,0,1,none
1401-0110,FALSE,secondary_contact_recreation,recreation,phosphorus,total,ug/l,1,1,1,1,0,0,none
1401-0110,FALSE,primary_contact_recreation,recreation,phosphorus,total,ug/l,1,1,1,1,0,0,none
1401-0120,FALSE,fishing,aquatic_chronic,ammonia,total,ug/l,8,2,0,0,0,8,none
1401-0120,FALSE,secondary_contact_recreation,recreation,phosphorus,total,ug/l,5,2,2,2,0,0,none
1401-0120,FALSE,primary_contact_recreation,recreation,phosphorus,total,ug/l,5,2,2,2,0,0,none
1401-0124,FALSE,fishing,aquatic_chronic,ammonia,total,ug/l,60,9,0,0,0,60,none
1401-0124,FALSE,fishing,aquatic_chronic,nitrite,total,ug/l,11,2,0,0,0,0,none
1401-0124,FALSE,secondary_contact_recreation,recreation,phosphorus,total,ug/l,44,9,9,9,0,0,none
1401-0124,FALSE,primary_contact_recreation,recreation,phosphorus,total,ug/l,44,9,9,9,0,0,none
1401-0124,TRUE,fishing,aquatic_chronic,ammonia,total,ug/l,59,9,0,0,0,59,none
1401-0124,TRUE,secondary_contact_recreation,recreation,phosphorus,total,ug/l,59,8,8,8,0,0,none
1401-0124,TRUE,primary_contact_recreation,recreation,phosphorus,total,ug/l,59,8,8,8,0,0,none
1401-0129,FALSE,fishing,aquatic_chronic,ammonia,total,ug/l,119,11,0,0,0,119,none
1401-0129,FALSE,fishing,aquatic_chronic,nitrite,total,ug/l,16,2,0,0,0,0,none
1401-0129,FALSE,secondary_contact_recreation,recreation,phosphorus,total,ug/l,153,23,0,0,0,0,none
1401-0129,FALSE,primary_contact_recreation,recreation,phosphorus,total,ug/l,153,23,0,0,0,0,none
1401-0129,TRUE,fishing,aquatic_chronic,ammonia,total,ug/l,135,10,0,0,0,135,none
1401-0129,TRUE,secondary_contact_recreation,recreation,phosphorus,total,ug/l,64,9,0,0,0,0,none
1401-0129,TRUE,primary_contact_recreation,recreation,phosphorus,total,ug/l,64,9,0,0,0,0,none
1401-0134,FALSE,secondary_contact_recreation,recreation,phosphorus,total,ug/l,28,5,5,5,0,0,none
1401-0134,FALSE,primary_contact_recreation,recreation,phosphorus,total,ug/l,28,5,5,5,0,0,none
1401-0134,TRUE,fishing,aquatic_chronic,ammonia,total,ug/l,2,1,0,0,0,2,none
1401-0134,TRUE,fishing,none,dissolved_oxygen,dissolved,mg/l,1,1,1,1,0,0,n_exceedances may not be intiutive for this parameter because there are multiple components to the WQS. n_exceedances may be greater than n_samples_collected if a single sample was marked as an exceedance for multiple components of the WQS.
1401-0134,TRUE,fishing,none,ph,total,ph_units,1,1,1,1,0,0,none
1401-0134,TRUE,secondary_contact_recreation,recreation,phosphorus,total,ug/l,1,1,0,0,0,0,none
1401-0134,TRUE,primary_contact_recreation,recreation,phosphorus,total,ug/l,1,1,0,0,0,0,none
1401-0140,FALSE,fishing,aquatic_chronic,ammonia,total,ug/l,9,2,0,0,0,9,none
1401-0140,FALSE,secondary_contact_recreation,recreation,phosphorus,total,ug/l,5,2,0,0,0,0,none
1401-0140,FALSE,primary_contact_recreation,recreation,phosphorus,total,ug/l,5,2,0,0,0,0,none
1401-0141,FALSE,fishing,aquatic_chronic,ammonia,total,ug/l,126,10,0,0,0,126,none
1401-0141,FALSE,fishing,aquatic_chronic,nitrite,total,ug/l,34,5,0,0,0,0,none
1401-0141,FALSE,secondary_contact_recreation,recreation,phosphorus,total,ug/l,86,14,0,0,0,0,none
1401-0141,FALSE,primary_contact_recreation,recreation,phosphorus,total,ug/l,86,14,0,0,0,0,none
1401-0141,TRUE,fishing,aquatic_chronic,ammonia,total,ug/l,146,10,0,0,0,146,none
1401-0141,TRUE,fishing,aquatic_chronic,nitrite,total,ug/l,4,1,0,0,0,0,none
1401-0141,TRUE,secondary_contact_recreation,recreation,phosphorus,total,ug/l,69,9,0,0,0,0,none
1401-0141,TRUE,primary_contact_recreation,recreation,phosphorus,total,ug/l,69,9,0,0,0,0,none
1402-0001,FALSE,fishing,aquatic_chronic,ammonia,total,ug/l,4,1,0,0,0,4,none
1402-0001,FALSE,secondary_contact_recreation,recreation,phosphorus,total,ug/l,3,1,1,1,0,0,none
1402-0001,FALSE,primary_contact_recreation,recreation,phosphorus,total,ug/l,3,1,1,1,0,0,none
1402-0001,TRUE,fishing,aquatic_chronic,ammonia,total,ug/l,5,2,0,0,0,2,none
1402-0001,TRUE,fishing,none,dissolved_oxygen,dissolved,mg/l,5,3,0,0,0,0,n_exceedances may not be intiutive for this parameter because there are multiple components to the WQS. n_exceedances may be greater than n_samples_collected if a single sample was marked as an exceedance for multiple components of the WQS.
1402-0001,TRUE,fishing,none,ph,total,ph_units,5,3,0,0,0,0,none
1402-0001,TRUE,secondary_contact_recreation,recreation,phosphorus,total,ug/l,2,1,1,1,0,0,none
1402-0001,TRUE,primary_contact_recreation,recreation,phosphorus,total,ug/l,2,1,1,1,0,0,none
1402-0003,FALSE,fishing,aquatic_chronic,ammonia,total,ug/l,14,1,0,0,0,14,none
1402-0003,FALSE,secondary_contact_recreation,recreation,phosphorus,total,ug/l,6,1,0,0,0,0,none
1402-0003,FALSE,primary_contact_recreation,recreation,phosphorus,total,ug/l,6,1,0,0,0,0,none
1402-0003,FALSE,source_of_water_supply,health_water-source,ammonia,total,ug/l,14,1,0,0,0,0,none
1402-0003,FALSE,source_of_water_supply,health_water-source,magnesium,total,ug/l,6,1,0,0,0,0,none
1402-0003,FALSE,source_of_water_supply,health_water-source,nitrate_nitrite,total,ug/l,10,1,0,0,0,0,none
1402-0003,TRUE,fishing,aquatic_chronic,ammonia,total,ug/l,9,2,0,0,0,7,none
1402-0003,TRUE,fishing,aquatic_chronic,nitrite,total,ug/l,2,1,0,0,0,0,none
1402-0003,TRUE,fishing,none,dissolved_oxygen,dissolved,mg/l,6,2,9,2,0,0,n_exceedances may not be intiutive for this parameter because there are multiple components to the WQS. n_exceedances may be greater than n_samples_collected if a single sample was marked as an exceedance for multiple components of the WQS.
1402-0003,TRUE,fishing,none,ph,total,ph_units,6,2,1,1,0,0,none
1402-0003,TRUE,fishing,none,total_dissolved_solids,dissolved,mg/l,1,1,0,0,0,0,none
1402-0003,TRUE,secondary_contact_recreation,none,total_dissolved_solids,dissolved,mg/l,1,1,0,0,0,0,none
1402-0003,TRUE,primary_contact_recreation,none,total_dissolved_solids,dissolved,mg/l,1,1,0,0,0,0,none
1402-0003,TRUE,source_of_water_supply,none,total_dissolved_solids,dissolved,mg/l,1,1,0,0,0,0,none
1402-0003,TRUE,secondary_contact_recreation,recreation,phosphorus,total,ug/l,2,1,0,0,0,0,none
1402-0003,TRUE,primary_contact_recreation,recreation,phosphorus,total,ug/l,2,1,0,0,0,0,none
1402-0003,TRUE,source_of_water_supply,aesthetic_water-supply,iron,total,ug/l,11,2,1,1,0,0,none
1402-0003,TRUE,source_of_water_supply,aesthetic_water-supply,manganese,total,ug/l,11,2,5,2,0,0,none
1402-0003,TRUE,source_of_water_supply,health_water-source,ammonia,total,ug/l,9,2,0,0,0,0,none
1402-0003,TRUE,source_of_water_supply,health_water-source,arsenic,total,ug/l,5,2,0,0,0,0,none
1402-0003,TRUE,source_of_water_supply,health_water-source,chloride,total,ug/l,4,1,0,0,0,0,none
1402-0003,TRUE,source_of_water_supply,health_water-source,copper,total,ug/l,7,1,0,0,0,0,none
1402-0003,TRUE,source_of_water_supply,health_water-source,nitrate,total,ug/l,2,1,0,0,0,0,none
1402-0003,TRUE,source_of_water_supply,health_water-source,nitrate_nitrite,total,ug/l,8,2,0,0,0,0,none
1402-0003,TRUE,source_of_water_supply,health_water-source,nitrite,total,ug/l,2,1,0,0,0,0,none
1402-0003,TRUE,source_of_water_supply,health_water-source,sulfate,total,ug/l,11,2,0,0,0,0,none
1402-0004,TRUE,fishing,aquatic_chronic,ammonia,total,ug/l,4,2,0,0,0,4,none
1402-0004,TRUE,fishing,none,dissolved_oxygen,dissolved,mg/l,4,2,1,1,0,0,n_exceedances may not be intiutive for this parameter because there are multiple components to the WQS. n_exceedances may be greater than n_samples_collected if a single sample was marked as an exceedance for multiple components of the WQS.
1402-0004,TRUE,fishing,none,ph,total,ph_units,4,2,3,2,0,0,none
1402-0004,TRUE,fishing,none,total_dissolved_solids,dissolved,mg/l,3,1,0,0,0,0,none
1402-0004,TRUE,secondary_contact_recreation,none,total_dissolved_solids,dissolved,mg/l,3,1,0,0,0,0,none
1402-0004,TRUE,primary_contact_recreation,none,total_dissolved_solids,dissolved,mg/l,3,1,0,0,0,0,none
1402-0004,TRUE,secondary_contact_recreation,recreation,phosphorus,total,ug/l,3,2,2,2,0,0,none
1402-0004,TRUE,primary_contact_recreation,recreation,phosphorus,total,ug/l,3,2,2,2,0,0,none
1402-0026,FALSE,secondary_contact_recreation,recreation,phosphorus,total,ug/l,1,1,0,0,0,0,none
1402-0026,FALSE,primary_contact_recreation,recreation,phosphorus,total,ug/l,1,1,0,0,0,0,none
1402-0026,TRUE,fishing,aquatic_chronic,ammonia,total,ug/l,1,1,0,0,0,1,none
1402-0026,TRUE,fishing,none,dissolved_oxygen,dissolved,mg/l,1,1,2,1,0,0,n_exceedances may not be intiutive for this parameter because there are multiple components to the WQS. n_exceedances may be greater than n_samples_collected if a single sample was marked as an exceedance for multiple components of the WQS.
1402-0026,TRUE,fishing,none,ph,total,ph_units,1,1,0,0,0,0,none
1402-0026,TRUE,secondary_contact_recreation,recreation,phosphorus,total,ug/l,1,1,1,1,0,0,none
1402-0026,TRUE,primary_contact_recreation,recreation,phosphorus,total,ug/l,1,1,1,1,0,0,none
1402-0027,TRUE,fishing,aquatic_chronic,ammonia,total,ug/l,12,2,0,0,0,12,none
1402-0027,TRUE,fishing,aquatic_chronic,nitrite,total,ug/l,12,1,0,0,0,0,none
1402-0027,TRUE,fishing,none,dissolved_oxygen,dissolved,mg/l,6,2,4,2,0,0,n_exceedances may not be intiutive for this parameter because there are multiple components to the WQS. n_exceedances may be greater than n_samples_collected if a single sample was marked as an exceedance for multiple components of the WQS.
1402-0027,TRUE,fishing,none,ph,total,ph_units,6,2,0,0,0,0,none
1402-0027,TRUE,secondary_contact_recreation,recreation,phosphorus,total,ug/l,5,2,0,0,0,0,none
1402-0027,TRUE,primary_contact_recreation,recreation,phosphorus,total,ug/l,5,2,0,0,0,0,none
1402-0027,TRUE,source_of_water_supply,aesthetic_water-supply,iron,total,ug/l,14,2,2,2,0,0,none
1402-0027,TRUE,source_of_water_supply,aesthetic_water-supply,manganese,total,ug/l,14,2,2,2,0,0,none
1402-0027,TRUE,source_of_water_supply,health_water-source,ammonia,total,ug/l,12,2,0,0,0,0,none
1402-0027,TRUE,source_of_water_supply,health_water-source,arsenic,total,ug/l,13,2,0,0,0,0,none
1402-0027,TRUE,source_of_water_supply,health_water-source,chloride,total,ug/l,14,2,0,0,0,0,none
1402-0027,TRUE,source_of_water_supply,health_water-source,nitrate,total,ug/l,12,1,0,0,0,0,none
1402-0027,TRUE,source_of_water_supply,health_water-source,nitrate_nitrite,total,ug/l,13,2,0,0,0,0,none
1402-0027,TRUE,source_of_water_supply,health_water-source,nitrite,total,ug/l,12,1,0,0,0,0,none
1402-0027,TRUE,source_of_water_supply,health_water-source,sulfate,total,ug/l,13,2,0,0,0,0,none
1402-0028,TRUE,fishing,aquatic_chronic,ammonia,total,ug/l,5,2,0,0,0,5,none
1402-0028,TRUE,fishing,aquatic_chronic,nitrite,total,ug/l,5,1,0,0,0,0,none
1402-0028,TRUE,fishing,none,dissolved_oxygen,dissolved,mg/l,5,2,1,1,0,0,n_exceedances may not be intiutive for this parameter because there are multiple components to the WQS. n_exceedances may be greater than n_samples_collected if a single sample was marked as an exceedance for multiple components of the WQS.
1402-0028,TRUE,fishing,none,ph,total,ph_units,5,2,1,1,0,0,none
1402-0028,TRUE,secondary_contact_recreation,recreation,phosphorus,total,ug/l,5,2,2,2,0,0,none
1402-0028,TRUE,primary_contact_recreation,recreation,phosphorus,total,ug/l,5,2,2,2,0,0,none
1402-0029,TRUE,fishing,aquatic_chronic,ammonia,total,ug/l,1,1,0,0,0,1,none
1402-0029,TRUE,fishing,none,dissolved_oxygen,dissolved,mg/l,2,1,2,1,0,0,n_exceedances may not be intiutive for this parameter because there are multiple components to the WQS. n_exceedances may be greater than n_samples_collected if a single sample was marked as an exceedance for multiple components of the WQS.
1402-0029,TRUE,fishing,none,ph,total,ph_units,2,1,1,1,0,0,none
1402-0031,FALSE,fishing,aquatic_chronic,ammonia,total,ug/l,16,3,0,0,0,16,none
1402-0031,FALSE,secondary_contact_recreation,recreation,phosphorus,total,ug/l,44,8,3,3,0,0,none
1402-0031,FALSE,primary_contact_recreation,recreation,phosphorus,total,ug/l,44,8,3,3,0,0,none
1402-0031,TRUE,fishing,aquatic_chronic,ammonia,total,ug/l,28,6,0,0,0,28,none
1402-0031,TRUE,fishing,aquatic_chronic,nitrite,total,ug/l,1,1,0,0,0,0,none
1402-0031,TRUE,fishing,none,dissolved_oxygen,dissolved,mg/l,1,1,0,0,0,0,n_exceedances may not be intiutive for this parameter because there are multiple components to the WQS. n_exceedances may be greater than n_samples_collected if a single sample was marked as an exceedance for multiple components of the WQS.
1402-0031,TRUE,fishing,none,ph,total,ph_units,1,1,0,0,0,0,none
1402-0031,TRUE,secondary_contact_recreation,recreation,phosphorus,total,ug/l,26,5,1,1,0,0,none
1402-0031,TRUE,primary_contact_recreation,recreation,phosphorus,total,ug/l,26,5,1,1,0,0,none
1402-0035,FALSE,fishing,aquatic_chronic,ammonia,total,ug/l,47,7,0,0,0,47,none
1402-0035,FALSE,fishing,aquatic_chronic,nitrite,total,ug/l,15,2,0,0,0,0,none
1402-0035,FALSE,secondary_contact_recreation,recreation,phosphorus,total,ug/l,42,7,2,2,0,0,none
1402-0035,FALSE,primary_contact_recreation,recreation,phosphorus,total,ug/l,42,7,2,2,0,0,none
1402-0035,TRUE,fishing,aquatic_chronic,ammonia,total,ug/l,52,7,0,0,0,52,none
1402-0035,TRUE,secondary_contact_recreation,recreation,phosphorus,total,ug/l,44,6,1,1,0,0,none
1402-0035,TRUE,primary_contact_recreation,recreation,phosphorus,total,ug/l,44,6,1,1,0,0,none
1402-0045,FALSE,secondary_contact_recreation,recreation,phosphorus,total,ug/l,81,11,2,2,0,0,none
1402-0045,FALSE,primary_contact_recreation,recreation,phosphorus,total,ug/l,81,11,2,2,0,0,none
1402-0045,TRUE,fishing,aquatic_chronic,ammonia,total,ug/l,46,8,0,0,0,46,none
1402-0045,TRUE,fishing,aquatic_chronic,nitrite,total,ug/l,1,1,0,0,0,0,none
1402-0045,TRUE,fishing,none,dissolved_oxygen,dissolved,mg/l,2,2,0,0,0,0,n_exceedances may not be intiutive for this parameter because there are multiple components to the WQS. n_exceedances may be greater than n_samples_collected if a single sample was marked as an exceedance for multiple components of the WQS.
1402-0045,TRUE,fishing,none,ph,total,ph_units,2,2,0,0,0,0,none
1402-0045,TRUE,secondary_contact_recreation,recreation,phosphorus,total,ug/l,49,8,2,2,0,0,none
1402-0045,TRUE,primary_contact_recreation,recreation,phosphorus,total,ug/l,49,8,2,2,0,0,none
1402-0047,FALSE,fishing,aquatic_chronic,ammonia,total,ug/l,2,2,0,0,0,2,none
1402-0047,FALSE,secondary_contact_recreation,recreation,phosphorus,total,ug/l,1,1,1,1,0,0,none
1402-0047,FALSE,primary_contact_recreation,recreation,phosphorus,total,ug/l,1,1,1,1,0,0,none
1402-0048,FALSE,fishing,aquatic_chronic,ammonia,total,ug/l,2,1,0,0,0,2,none
1402-0049,FALSE,fishing,aquatic_chronic,ammonia,total,ug/l,9,1,0,0,0,9,none
1402-0049,FALSE,secondary_contact_recreation,recreation,phosphorus,total,ug/l,6,1,0,0,0,0,none
1402-0049,FALSE,primary_contact_recreation,recreation,phosphorus,total,ug/l,6,1,0,0,0,0,none
1402-0049,FALSE,source_of_water_supply,health_water-source,ammonia,total,ug/l,9,1,0,0,0,0,none
1402-0049,FALSE,source_of_water_supply,health_water-source,magnesium,total,ug/l,5,1,0,0,0,0,none
1402-0049,FALSE,source_of_water_supply,health_water-source,nitrate_nitrite,total,ug/l,6,1,0,0,0,0,none
1402-0049,TRUE,fishing,aquatic_chronic,ammonia,total,ug/l,7,2,0,0,0,7,none
1402-0049,TRUE,fishing,aquatic_chronic,nitrite,total,ug/l,4,1,0,0,0,0,none
1402-0049,TRUE,fishing,none,dissolved_oxygen,dissolved,mg/l,6,2,2,1,0,0,n_exceedances may not be intiutive for this parameter because there are multiple components to the WQS. n_exceedances may be greater than n_samples_collected if a single sample was marked as an exceedance for multiple components of the WQS.
1402-0049,TRUE,fishing,none,ph,total,ph_units,6,2,0,0,0,0,none
1402-0049,TRUE,secondary_contact_recreation,recreation,phosphorus,total,ug/l,5,2,0,0,0,0,none
1402-0049,TRUE,primary_contact_recreation,recreation,phosphorus,total,ug/l,5,2,0,0,0,0,none
1402-0049,TRUE,source_of_water_supply,aesthetic_water-supply,iron,total,ug/l,10,2,0,0,0,0,none
1402-0049,TRUE,source_of_water_supply,aesthetic_water-supply,manganese,total,ug/l,10,2,0,0,0,0,none
1402-0049,TRUE,source_of_water_supply,health_water-source,ammonia,total,ug/l,7,2,0,0,0,0,none
1402-0049,TRUE,source_of_water_supply,health_water-source,arsenic,total,ug/l,9,1,0,0,0,0,none
1402-0049,TRUE,source_of_water_supply,health_water-source,chloride,total,ug/l,10,2,0,0,0,0,none
1402-0049,TRUE,source_of_water_supply,health_water-source,nitrate,total,ug/l,4,1,0,0,0,0,none
1402-0049,TRUE,source_of_water_supply,health_water-source,nitrate_nitrite,total,ug/l,8,2,0,0,0,0,none
1402-0049,TRUE,source_of_water_supply,health_water-source,nitrite,total,ug/l,4,1,0,0,0,0,none
1402-0049,TRUE,source_of_water_supply,health_water-source,sulfate,total,ug/l,9,2,0,0,0,0,none
1402-0055,FALSE,fishing,aquatic_chronic,ammonia,total,ug/l,3,1,0,0,0,3,none
1402-0055,FALSE,secondary_contact_recreation,recreation,phosphorus,total,ug/l,2,1,1,1,0,0,none
1402-0055,FALSE,primary_contact_recreation,recreation,phosphorus,total,ug/l,2,1,1,1,0,0,none
1402-0055,TRUE,fishing,aquatic_chronic,ammonia,total,ug/l,123,9,0,0,0,123,none
1402-0055,TRUE,secondary_contact_recreation,recreation,phosphorus,total,ug/l,62,8,5,5,0,0,none
1402-0055,TRUE,primary_contact_recreation,recreation,phosphorus,total,ug/l,62,8,5,5,0,0,none
1402-0056,FALSE,fishing,aquatic_chronic,ammonia,total,ug/l,2,1,0,0,0,2,none
1402-0056,FALSE,secondary_contact_recreation,recreation,phosphorus,total,ug/l,1,1,0,0,0,0,none
1402-0056,FALSE,primary_contact_recreation,recreation,phosphorus,total,ug/l,1,1,0,0,0,0,none
1402-0057,FALSE,fishing,aquatic_chronic,ammonia,total,ug/l,9,1,0,0,0,9,none
1402-0057,FALSE,secondary_contact_recreation,recreation,phosphorus,total,ug/l,5,2,1,1,0,0,none
1402-0057,FALSE,primary_contact_recreation,recreation,phosphorus,total,ug/l,5,2,1,1,0,0,none
1402-0059,FALSE,secondary_contact_recreation,recreation,phosphorus,total,ug/l,37,5,1,1,0,0,none
1402-0059,FALSE,primary_contact_recreation,recreation,phosphorus,total,ug/l,37,5,1,1,0,0,none
1402-0060,TRUE,fishing,aquatic_chronic,ammonia,total,ug/l,4,2,0,0,0,4,none
1402-0060,TRUE,fishing,aquatic_chronic,nitrite,total,ug/l,2,1,0,0,0,0,none
1402-0060,TRUE,fishing,none,dissolved_oxygen,dissolved,mg/l,6,2,0,0,0,0,n_exceedances may not be intiutive for this parameter because there are multiple components to the WQS. n_exceedances may be greater than n_samples_collected if a single sample was marked as an exceedance for multiple components of the WQS.
1402-0060,TRUE,fishing,none,ph,total,ph_units,6,2,2,2,0,0,none
1402-0060,TRUE,secondary_contact_recreation,recreation,phosphorus,total,ug/l,5,2,0,0,0,0,none
1402-0060,TRUE,primary_contact_recreation,recreation,phosphorus,total,ug/l,5,2,0,0,0,0,none
1402-0060,TRUE,source_of_water_supply,aesthetic_water-supply,iron,total,ug/l,6,2,3,1,0,0,none
1402-0060,TRUE,source_of_water_supply,aesthetic_water-supply,manganese,total,ug/l,6,2,0,0,0,0,none
1402-0060,TRUE,source_of_water_supply,health_water-source,ammonia,total,ug/l,4,2,0,0,0,0,none
1402-0060,TRUE,source_of_water_supply,health_water-source,arsenic,total,ug/l,5,1,0,0,0,0,none
1402-0060,TRUE,source_of_water_supply,health_water-source,chloride,total,ug/l,6,2,0,0,0,0,none
1402-0060,TRUE,source_of_water_supply,health_water-source,nitrate,total,ug/l,2,1,0,0,0,0,none
1402-0060,TRUE,source_of_water_supply,health_water-source,nitrate_nitrite,total,ug/l,5,2,0,0,0,0,none
1402-0060,TRUE,source_of_water_supply,health_water-source,nitrite,total,ug/l,2,1,0,0,0,0,none
1402-0060,TRUE,source_of_water_supply,health_water-source,sulfate,total,ug/l,5,2,0,0,0,0,none
1402-0064,FALSE,fishing,aquatic_chronic,ammonia,total,ug/l,4,1,0,0,0,4,none
1403-0037,TRUE,fishing,none,dissolved_oxygen,dissolved,mg/l,1,1,0,0,0,0,n_exceedances may not be intiutive for this parameter because there are multiple components to the WQS. n_exceedances may be greater than n_samples_collected if a single sample was marked as an exceedance for multiple components of the WQS.
1403-0037,TRUE,fishing,none,ph,total,ph_units,1,1,0,0,0,0,none
1403-0054,FALSE,fishing,aquatic_chronic,ammonia,total,ug/l,1,1,0,0,0,1,none
1403-0054,FALSE,secondary_contact_recreation,recreation,phosphorus,total,ug/l,1,1,1,1,0,0,none
1403-0054,FALSE,primary_contact_recreation,recreation,phosphorus,total,ug/l,1,1,1,1,0,0,none
1403-0055,FALSE,fishing,aquatic_chronic,ammonia,total,ug/l,2,1,0,0,0,2,none
1403-0055,FALSE,secondary_contact_recreation,recreation,phosphorus,total,ug/l,1,1,0,0,0,0,none
1403-0055,FALSE,primary_contact_recreation,recreation,phosphorus,total,ug/l,1,1,0,0,0,0,none
1403-0057,TRUE,fishing,aquatic_acute,arsenic,dissolved,ug/l,2,1,0,0,0,0,none
1403-0057,TRUE,fishing,aquatic_acute,copper,dissolved,ug/l,2,1,0,0,0,0,none
1403-0057,TRUE,fishing,aquatic_acute,nickel,dissolved,ug/l,2,1,0,0,0,0,none
1403-0057,TRUE,fishing,aquatic_chronic,aluminum,dissolved,ug/l,2,1,0,0,0,0,none
1403-0057,TRUE,fishing,aquatic_chronic,ammonia,total,ug/l,5,2,0,0,0,5,none
1403-0057,TRUE,fishing,aquatic_chronic,arsenic,dissolved,ug/l,2,1,0,0,0,0,none
1403-0057,TRUE,fishing,aquatic_chronic,copper,dissolved,ug/l,2,1,0,0,0,0,none
1403-0057,TRUE,fishing,aquatic_chronic,nickel,dissolved,ug/l,2,1,0,0,0,0,none
1403-0057,TRUE,fishing,none,dissolved_oxygen,dissolved,mg/l,3,2,2,2,0,0,n_exceedances may not be intiutive for this parameter because there are multiple components to the WQS. n_exceedances may be greater than n_samples_collected if a single sample was marked as an exceedance for multiple components of the WQS.
1403-0057,TRUE,fishing,none,ph,total,ph_units,3,2,1,1,0,0,none
1403-0057,TRUE,fishing,none,total_dissolved_solids,dissolved,mg/l,4,1,0,0,0,0,none
1403-0061,FALSE,fishing,aquatic_chronic,ammonia,total,ug/l,2,1,0,0,0,2,none
1403-0061,FALSE,secondary_contact_recreation,recreation,phosphorus,total,ug/l,1,1,0,0,0,0,none
1403-0061,FALSE,primary_contact_recreation,recreation,phosphorus,total,ug/l,1,1,0,0,0,0,none
1403-0067,FALSE,fishing,aquatic_chronic,ammonia,total,ug/l,2,1,0,0,0,2,none
1403-0067,FALSE,secondary_contact_recreation,recreation,phosphorus,total,ug/l,1,1,0,0,0,0,none
1403-0067,FALSE,primary_contact_recreation,recreation,phosphorus,total,ug/l,1,1,0,0,0,0,none
1403-0067,FALSE,source_of_water_supply,aesthetic_water-supply,iron,total,ug/l,2,1,1,1,0,0,none
1403-0067,FALSE,source_of_water_supply,aesthetic_water-supply,manganese,total,ug/l,2,1,0,0,0,0,none
1403-0067,FALSE,source_of_water_supply,health_water-source,ammonia,total,ug/l,2,1,0,0,0,0,none
1403-0067,FALSE,source_of_water_supply,health_water-source,arsenic,total,ug/l,1,1,0,0,0,0,none
1403-0067,FALSE,source_of_water_supply,health_water-source,chloride,total,ug/l,2,1,0,0,0,0,none
1403-0067,FALSE,source_of_water_supply,health_water-source,magnesium,total,ug/l,2,1,0,0,0,0,none
1403-0067,FALSE,source_of_water_supply,health_water-source,nitrate_nitrite,total,ug/l,2,1,0,0,0,0,none
1403-0067,FALSE,source_of_water_supply,health_water-source,sulfate,total,ug/l,2,1,0,0,0,0,none
1403-0075,FALSE,fishing,aquatic_chronic,ammonia,total,ug/l,1,1,0,0,0,1,none
1403-0075,FALSE,secondary_contact_recreation,recreation,phosphorus,total,ug/l,1,1,1,1,0,0,none
1403-0075,FALSE,primary_contact_recreation,recreation,phosphorus,total,ug/l,1,1,1,1,0,0,none
1403-0075,FALSE,source_of_water_supply,aesthetic_water-supply,iron,total,ug/l,1,1,0,0,0,0,none
1403-0075,FALSE,source_of_water_supply,aesthetic_water-supply,manganese,total,ug/l,1,1,0,0,0,0,none
1403-0075,FALSE,source_of_water_supply,health_water-source,ammonia,total,ug/l,1,1,0,0,0,0,none
1403-0075,FALSE,source_of_water_supply,health_water-source,chloride,total,ug/l,1,1,0,0,0,0,none
1403-0075,FALSE,source_of_water_supply,health_water-source,magnesium,total,ug/l,1,1,0,0,0,0,none
1403-0075,FALSE,source_of_water_supply,health_water-source,nitrate_nitrite,total,ug/l,1,1,0,0,0,0,none
1403-0075,FALSE,source_of_water_supply,health_water-source,sulfate,total,ug/l,1,1,0,0,0,0,none
1403-0081,TRUE,fishing,aquatic_chronic,ammonia,total,ug/l,1,1,0,0,0,1,none
1403-0081,TRUE,fishing,none,dissolved_oxygen,dissolved,mg/l,1,1,0,0,0,0,n_exceedances may not be intiutive for this parameter because there are multiple components to the WQS. n_exceedances may be greater than n_samples_collected if a single sample was marked as an exceedance for multiple components of the WQS.
1403-0081,TRUE,fishing,none,ph,total,ph_units,1,1,0,0,0,0,none
1403-0081,TRUE,secondary_contact_recreation,recreation,phosphorus,total,ug/l,1,1,0,0,0,0,none
1403-0081,TRUE,primary_contact_recreation,recreation,phosphorus,total,ug/l,1,1,0,0,0,0,none
1403-0083,TRUE,fishing,aquatic_chronic,ammonia,total,ug/l,1,1,0,0,0,1,none
1403-0083,TRUE,fishing,none,dissolved_oxygen,dissolved,mg/l,1,1,2,1,0,0,n_exceedances may not be intiutive for this parameter because there are multiple components to the WQS. n_exceedances may be greater than n_samples_collected if a single sample was marked as an exceedance for multiple components of the WQS.
1403-0083,TRUE,fishing,none,ph,total,ph_units,1,1,1,1,0,0,none
1403-0084,TRUE,fishing,aquatic_chronic,ammonia,total,ug/l,3,2,0,0,0,3,none
1403-0084,TRUE,fishing,none,dissolved_oxygen,dissolved,mg/l,2,2,2,1,0,0,n_exceedances may not be intiutive for this parameter because there are multiple components to the WQS. n_exceedances may be greater than n_samples_collected if a single sample was marked as an exceedance for multiple components of the WQS.
1403-0084,TRUE,fishing,none,ph,total,ph_units,2,2,0,0,0,0,none
1403-0084,TRUE,secondary_contact_recreation,recreation,phosphorus,total,ug/l,1,1,0,0,0,0,none
1403-0084,TRUE,primary_contact_recreation,recreation,phosphorus,total,ug/l,1,1,0,0,0,0,none
1403-0086,TRUE,fishing,aquatic_chronic,ammonia,total,ug/l,1,1,0,0,0,1,none
1403-0086,TRUE,fishing,none,dissolved_oxygen,dissolved,mg/l,1,1,0,0,0,0,n_exceedances may not be intiutive for this parameter because there are multiple components to the WQS. n_exceedances may be greater than n_samples_collected if a single sample was marked as an exceedance for multiple components of the WQS.
1403-0086,TRUE,fishing,none,ph,total,ph_units,1,1,0,0,0,0,none
1403-0097,FALSE,fishing,aquatic_chronic,ammonia,total,ug/l,6,1,0,0,0,6,none
1403-0097,FALSE,secondary_contact_recreation,recreation,phosphorus,total,ug/l,3,1,0,0,0,0,none
1403-0097,FALSE,primary_contact_recreation,recreation,phosphorus,total,ug/l,3,1,0,0,0,0,none
1404-0032,FALSE,fishing,aquatic_chronic,ammonia,total,ug/l,122,11,0,0,0,122,none
1404-0032,FALSE,fishing,aquatic_chronic,nitrite,total,ug/l,16,2,0,0,0,0,none
1404-0032,FALSE,secondary_contact_recreation,recreation,phosphorus,total,ug/l,119,17,0,0,0,0,none
1404-0032,FALSE,primary_contact_recreation,recreation,phosphorus,total,ug/l,119,17,0,0,0,0,none
1404-0032,FALSE,source_of_water_supply,aesthetic_water-supply,iron,total,ug/l,2,1,0,0,0,0,none
1404-0032,FALSE,source_of_water_supply,health_water-source,ammonia,total,ug/l,122,11,0,0,0,0,none
1404-0032,FALSE,source_of_water_supply,health_water-source,arsenic,total,ug/l,5,3,0,0,0,0,none
1404-0032,FALSE,source_of_water_supply,health_water-source,nitrate_nitrite,total,ug/l,138,17,0,0,0,0,none
1404-0032,FALSE,source_of_water_supply,health_water-source,nitrite,total,ug/l,16,2,0,0,0,0,none
1404-0032,TRUE,fishing,aquatic_chronic,ammonia,total,ug/l,134,10,0,0,0,134,none
1404-0032,TRUE,secondary_contact_recreation,recreation,phosphorus,total,ug/l,68,9,0,0,0,0,none
1404-0032,TRUE,primary_contact_recreation,recreation,phosphorus,total,ug/l,68,9,0,0,0,0,none
1404-0032,TRUE,source_of_water_supply,health_water-source,ammonia,total,ug/l,134,10,0,0,0,0,none
1404-0032,TRUE,source_of_water_supply,health_water-source,chloride,total,ug/l,25,8,0,0,0,0,none
1404-0032,TRUE,source_of_water_supply,health_water-source,nitrate_nitrite,total,ug/l,55,9,0,0,0,0,none
1404-0033,FALSE,fishing,aquatic_chronic,ammonia,total,ug/l,12,1,0,0,0,12,none
1404-0033,FALSE,secondary_contact_recreation,recreation,phosphorus,total,ug/l,8,1,0,0,0,0,none
1404-0033,FALSE,primary_contact_recreation,recreation,phosphorus,total,ug/l,8,1,0,0,0,0,none
1404-0033,TRUE,fishing,aquatic_chronic,ammonia,total,ug/l,56,4,0,0,0,56,none
1404-0033,TRUE,fishing,aquatic_chronic,nitrite,total,ug/l,4,1,0,0,0,0,none
1404-0033,TRUE,secondary_contact_recreation,recreation,phosphorus,total,ug/l,33,4,2,2,0,0,none
1404-0033,TRUE,primary_contact_recreation,recreation,phosphorus,total,ug/l,33,4,2,2,0,0,none
1404-0037,TRUE,fishing,aquatic_chronic,ammonia,total,ug/l,1,1,0,0,0,0,none
1404-0037,TRUE,fishing,none,dissolved_oxygen,dissolved,mg/l,1,1,0,0,0,0,n_exceedances may not be intiutive for this parameter because there are multiple components to the WQS. n_exceedances may be greater than n_samples_collected if a single sample was marked as an exceedance for multiple components of the WQS.
1404-0037,TRUE,fishing,none,ph,total,ph_units,1,1,0,0,0,0,none
1404-0038,FALSE,fishing,aquatic_chronic,ammonia,total,ug/l,57,7,0,0,0,57,none
1404-0038,FALSE,fishing,aquatic_chronic,nitrite,total,ug/l,16,2,0,0,0,0,none
1404-0038,FALSE,secondary_contact_recreation,recreation,phosphorus,total,ug/l,55,7,7,7,0,0,none
1404-0038,FALSE,primary_contact_recreation,recreation,phosphorus,total,ug/l,55,7,7,7,0,0,none
1404-0038,TRUE,fishing,aquatic_chronic,ammonia,total,ug/l,68,9,0,0,0,68,none
1404-0038,TRUE,secondary_contact_recreation,recreation,phosphorus,total,ug/l,55,8,8,8,0,0,none
1404-0038,TRUE,primary_contact_recreation,recreation,phosphorus,total,ug/l,55,8,8,8,0,0,none
1404-0041,TRUE,fishing,aquatic_chronic,ammonia,total,ug/l,6,2,0,0,0,6,none
1404-0041,TRUE,fishing,none,dissolved_oxygen,dissolved,mg/l,5,2,7,2,0,0,n_exceedances may not be intiutive for this parameter because there are multiple components to the WQS. n_exceedances may be greater than n_samples_collected if a single sample was marked as an exceedance for multiple components of the WQS.
1404-0041,TRUE,fishing,none,ph,total,ph_units,4,2,4,2,0,0,none
1404-0047,TRUE,fishing,aquatic_chronic,ammonia,total,ug/l,3,2,0,0,0,3,none
1404-0047,TRUE,fishing,aquatic_chronic,nitrite,total,ug/l,1,1,0,0,0,0,none
1404-0047,TRUE,fishing,none,dissolved_oxygen,dissolved,mg/l,5,3,2,1,0,0,n_exceedances may not be intiutive for this parameter because there are multiple components to the WQS. n_exceedances may be greater than n_samples_collected if a single sample was marked as an exceedance for multiple components of the WQS.
1404-0047,TRUE,fishing,none,ph,total,ph_units,5,3,2,1,0,0,none
1404-0055,TRUE,fishing,aquatic_chronic,ammonia,total,ug/l,5,3,0,0,0,4,none
1404-0055,TRUE,fishing,none,dissolved_oxygen,dissolved,mg/l,6,4,0,0,0,0,n_exceedances may not be intiutive for this parameter because there are multiple components to the WQS. n_exceedances may be greater than n_samples_collected if a single sample was marked as an exceedance for multiple components of the WQS.
1404-0055,TRUE,fishing,none,ph,total,ph_units,6,4,0,0,0,0,none
1501-0001,TRUE,fishing,aquatic_chronic,ammonia,total,ug/l,1,1,0,0,0,1,none
1501-0001,TRUE,fishing,none,dissolved_oxygen,dissolved,mg/l,1,1,2,1,0,0,n_exceedances may not be intiutive for this parameter because there are multiple components to the WQS. n_exceedances may be greater than n_samples_collected if a single sample was marked as an exceedance for multiple components of the WQS.
1501-0001,TRUE,fishing,none,ph,total,ph_units,1,1,0,0,0,0,none
1501-0001,TRUE,secondary_contact_recreation,recreation,phosphorus,total,ug/l,1,1,0,0,0,0,none
1501-0001,TRUE,primary_contact_recreation,recreation,phosphorus,total,ug/l,1,1,0,0,0,0,none
1501-0001,TRUE,source_of_water_supply,aesthetic_water-supply,iron,total,ug/l,1,1,0,0,0,0,none
1501-0001,TRUE,source_of_water_supply,aesthetic_water-supply,manganese,total,ug/l,1,1,0,0,0,0,none
1501-0001,TRUE,source_of_water_supply,health_water-source,ammonia,total,ug/l,1,1,0,0,0,0,none
1501-0001,TRUE,source_of_water_supply,health_water-source,arsenic,total,ug/l,1,1,0,0,0,0,none
1501-0001,TRUE,source_of_water_supply,health_water-source,chloride,total,ug/l,1,1,0,0,0,0,none
1501-0001,TRUE,source_of_water_supply,health_water-source,magnesium,total,ug/l,2,1,0,0,0,0,none
1501-0001,TRUE,source_of_water_supply,health_water-source,nitrate_nitrite,total,ug/l,1,1,0,0,0,0,none
1501-0001,TRUE,source_of_water_supply,health_water-source,sulfate,total,ug/l,1,1,0,0,0,0,none
1501-0002,FALSE,fishing,aquatic_chronic,ammonia,total,ug/l,2,1,0,0,0,2,none
1501-0002,FALSE,fishing,aquatic_chronic,fluoride,total,ug/l,5,1,0,0,0,5,none
1501-0002,FALSE,secondary_contact_recreation,recreation,phosphorus,total,ug/l,1,1,0,0,0,0,none
1501-0002,FALSE,primary_contact_recreation,recreation,phosphorus,total,ug/l,1,1,0,0,0,0,none
1501-0002,FALSE,source_of_water_supply,health_water-source,ammonia,total,ug/l,2,1,0,0,0,0,none
1501-0002,FALSE,source_of_water_supply,health_water-source,chloride,total,ug/l,5,1,5,1,0,0,none
1501-0002,FALSE,source_of_water_supply,health_water-source,fluoride,total,ug/l,5,1,5,1,0,0,none
1501-0002,FALSE,source_of_water_supply,health_water-source,nitrate_nitrite,total,ug/l,5,1,0,0,0,0,none
1501-0002,FALSE,source_of_water_supply,health_water-source,sulfate,total,ug/l,5,1,0,0,0,0,none
1501-0002,TRUE,fishing,aquatic_chronic,ammonia,total,ug/l,5,1,0,0,0,5,none
1501-0002,TRUE,fishing,aquatic_chronic,nitrite,total,ug/l,4,1,0,0,0,0,none
1501-0002,TRUE,fishing,none,dissolved_oxygen,dissolved,mg/l,3,1,2,1,0,0,n_exceedances may not be intiutive for this parameter because there are multiple components to the WQS. n_exceedances may be greater than n_samples_collected if a single sample was marked as an exceedance for multiple components of the WQS.
1501-0002,TRUE,fishing,none,ph,total,ph_units,3,1,1,1,0,0,none
1501-0002,TRUE,secondary_contact_recreation,recreation,phosphorus,total,ug/l,4,2,0,0,0,0,none
1501-0002,TRUE,primary_contact_recreation,recreation,phosphorus,total,ug/l,4,2,0,0,0,0,none
1501-0002,TRUE,source_of_water_supply,aesthetic_water-supply,iron,total,ug/l,8,2,0,0,0,0,none
1501-0002,TRUE,source_of_water_supply,aesthetic_water-supply,manganese,total,ug/l,7,2,3,2,0,0,none
1501-0002,TRUE,source_of_water_supply,health_water-source,ammonia,total,ug/l,5,1,0,0,0,0,none
1501-0002,TRUE,source_of_water_supply,health_water-source,arsenic,total,ug/l,6,2,0,0,0,0,none
1501-0002,TRUE,source_of_water_supply,health_water-source,chloride,total,ug/l,6,2,0,0,0,0,none
1501-0002,TRUE,source_of_water_supply,health_water-source,magnesium,total,ug/l,6,1,0,0,0,0,none
1501-0002,TRUE,source_of_water_supply,health_water-source,nitrate,total,ug/l,4,1,0,0,0,0,none
1501-0002,TRUE,source_of_water_supply,health_water-source,nitrate_nitrite,total,ug/l,8,2,0,0,0,0,none
1501-0002,TRUE,source_of_water_supply,health_water-source,nitrite,total,ug/l,4,1,0,0,0,0,none
1501-0002,TRUE,source_of_water_supply,health_water-source,sulfate,total,ug/l,8,2,0,0,0,0,none
1501-0007,FALSE,fishing,aquatic_chronic,ammonia,total,ug/l,7,2,0,0,0,7,none
1501-0007,FALSE,fishing,aquatic_chronic,fluoride,total,ug/l,4,1,0,0,0,4,none
1501-0007,FALSE,secondary_contact_recreation,recreation,phosphorus,total,ug/l,6,2,2,2,0,0,none
1501-0007,FALSE,primary_contact_recreation,recreation,phosphorus,total,ug/l,6,2,2,2,0,0,none
1501-0007,FALSE,source_of_water_supply,health_water-source,ammonia,total,ug/l,7,2,0,0,0,0,none
1501-0007,FALSE,source_of_water_supply,health_water-source,chloride,total,ug/l,4,1,4,1,0,0,none
1501-0007,FALSE,source_of_water_supply,health_water-source,fluoride,total,ug/l,4,1,4,1,0,0,none
1501-0007,FALSE,source_of_water_supply,health_water-source,nitrate_nitrite,total,ug/l,5,2,0,0,0,0,none
1501-0007,FALSE,source_of_water_supply,health_water-source,sulfate,total,ug/l,4,1,0,0,0,0,none
1501-0007,TRUE,fishing,aquatic_chronic,ammonia,total,ug/l,17,2,0,0,0,17,none
1501-0007,TRUE,fishing,aquatic_chronic,nitrite,total,ug/l,18,2,0,0,0,0,none
1501-0007,TRUE,fishing,none,dissolved_oxygen,dissolved,mg/l,7,2,7,2,0,0,n_exceedances may not be intiutive for this parameter because there are multiple components to the WQS. n_exceedances may be greater than n_samples_collected if a single sample was marked as an exceedance for multiple components of the WQS.
1501-0007,TRUE,fishing,none,ph,total,ph_units,7,2,1,1,0,0,none
1501-0007,TRUE,secondary_contact_recreation,recreation,phosphorus,total,ug/l,12,2,2,2,0,0,none
1501-0007,TRUE,primary_contact_recreation,recreation,phosphorus,total,ug/l,12,2,2,2,0,0,none
1501-0007,TRUE,source_of_water_supply,aesthetic_water-supply,iron,total,ug/l,21,2,0,0,0,0,none
1501-0007,TRUE,source_of_water_supply,aesthetic_water-supply,manganese,total,ug/l,21,2,3,1,0,0,none
1501-0007,TRUE,source_of_water_supply,health_water-source,ammonia,total,ug/l,17,2,0,0,0,0,none
1501-0007,TRUE,source_of_water_supply,health_water-source,arsenic,total,ug/l,21,2,0,0,0,0,none
1501-0007,TRUE,source_of_water_supply,health_water-source,chloride,total,ug/l,21,2,0,0,0,0,none
1501-0007,TRUE,source_of_water_supply,health_water-source,magnesium,total,ug/l,8,1,0,0,0,0,none
1501-0007,TRUE,source_of_water_supply,health_water-source,nitrate,total,ug/l,17,2,0,0,0,0,none
1501-0007,TRUE,source_of_water_supply,health_water-source,nitrate_nitrite,total,ug/l,21,2,0,0,0,0,none
1501-0007,TRUE,source_of_water_supply,health_water-source,nitrite,total,ug/l,18,2,0,0,0,0,none
1501-0007,TRUE,source_of_water_supply,health_water-source,sulfate,total,ug/l,21,2,0,0,0,0,none
1501-0017,FALSE,fishing,aquatic_chronic,ammonia,total,ug/l,9,1,0,0,0,9,none
1501-0017,FALSE,secondary_contact_recreation,recreation,phosphorus,total,ug/l,68,6,6,6,0,0,none
1501-0017,FALSE,primary_contact_recreation,recreation,phosphorus,total,ug/l,68,6,6,6,0,0,none
1501-0017,TRUE,fishing,aquatic_acute,arsenic,dissolved,ug/l,1,1,0,0,0,0,none
1501-0017,TRUE,fishing,aquatic_acute,copper,dissolved,ug/l,1,1,0,0,0,0,none
1501-0017,TRUE,fishing,aquatic_acute,nickel,dissolved,ug/l,1,1,0,0,0,0,none
1501-0017,TRUE,fishing,aquatic_acute,zinc,dissolved,ug/l,1,1,0,0,0,0,none
1501-0017,TRUE,fishing,aquatic_chronic,aluminum,dissolved,ug/l,1,1,0,0,0,0,none
1501-0017,TRUE,fishing,aquatic_chronic,ammonia,total,ug/l,74,10,0,0,0,74,none
1501-0017,TRUE,fishing,aquatic_chronic,arsenic,dissolved,ug/l,1,1,0,0,0,0,none
1501-0017,TRUE,fishing,aquatic_chronic,copper,dissolved,ug/l,1,1,0,0,0,0,none
1501-0017,TRUE,fishing,aquatic_chronic,nickel,dissolved,ug/l,1,1,0,0,0,0,none
1501-0017,TRUE,fishing,aquatic_chronic,nitrite,total,ug/l,1,1,0,0,0,0,none
1501-0017,TRUE,fishing,aquatic_chronic,zinc,dissolved,ug/l,1,1,0,0,0,0,none
1501-0017,TRUE,fishing,none,dissolved_oxygen,dissolved,mg/l,1,1,0,0,0,0,n_exceedances may not be intiutive for this parameter because there are multiple components to the WQS. n_exceedances may be greater than n_samples_collected if a single sample was marked as an exceedance for multiple components of the WQS.
1501-0017,TRUE,fishing,none,ph,total,ph_units,1,1,0,0,0,0,none
1501-0017,TRUE,fishing,none,total_dissolved_solids,dissolved,mg/l,1,1,0,0,0,0,none
1501-0017,TRUE,secondary_contact_recreation,none,total_dissolved_solids,dissolved,mg/l,1,1,0,0,0,0,none
1501-0017,TRUE,primary_contact_recreation,none,total_dissolved_solids,dissolved,mg/l,1,1,0,0,0,0,none
1501-0017,TRUE,secondary_contact_recreation,recreation,phosphorus,total,ug/l,71,9,9,9,0,0,none
1501-0017,TRUE,primary_contact_recreation,recreation,phosphorus,total,ug/l,71,9,9,9,0,0,none
1501-0019,FALSE,fishing,aquatic_chronic,ammonia,total,ug/l,6,1,0,0,0,6,none
1501-0019,FALSE,fishing,aquatic_chronic,fluoride,total,ug/l,8,1,0,0,0,8,none
1501-0019,FALSE,secondary_contact_recreation,recreation,phosphorus,total,ug/l,4,1,1,1,0,0,none
1501-0019,FALSE,primary_contact_recreation,recreation,phosphorus,total,ug/l,4,1,1,1,0,0,none
1501-0019,TRUE,fishing,aquatic_chronic,ammonia,total,ug/l,17,3,0,0,0,16,none
1501-0019,TRUE,fishing,aquatic_chronic,nitrite,total,ug/l,11,2,0,0,0,0,none
1501-0019,TRUE,fishing,none,dissolved_oxygen,dissolved,mg/l,19,3,9,3,0,0,n_exceedances may not be intiutive for this parameter because there are multiple components to the WQS. n_exceedances may be greater than n_samples_collected if a single sample was marked as an exceedance for multiple components of the WQS.
1501-0019,TRUE,fishing,none,ph,total,ph_units,19,3,4,2,0,0,none
1501-0019,TRUE,secondary_contact_recreation,recreation,phosphorus,total,ug/l,17,3,3,3,0,0,none
1501-0019,TRUE,primary_contact_recreation,recreation,phosphorus,total,ug/l,17,3,3,3,0,0,none
1501-0021,FALSE,fishing,aquatic_chronic,ammonia,total,ug/l,15,3,0,0,0,15,none
1501-0021,FALSE,secondary_contact_recreation,recreation,phosphorus,total,ug/l,9,3,3,3,0,0,none
1501-0021,FALSE,primary_contact_recreation,recreation,phosphorus,total,ug/l,9,3,3,3,0,0,none
1501-0021,TRUE,fishing,aquatic_chronic,ammonia,total,ug/l,8,1,0,0,0,8,none
1501-0021,TRUE,fishing,none,dissolved_oxygen,dissolved,mg/l,4,1,8,1,0,0,n_exceedances may not be intiutive for this parameter because there are multiple components to the WQS. n_exceedances may be greater than n_samples_collected if a single sample was marked as an exceedance for multiple components of the WQS.
1501-0021,TRUE,fishing,none,ph,total,ph_units,4,1,0,0,0,0,none
1501-0021,TRUE,secondary_contact_recreation,recreation,phosphorus,total,ug/l,23,4,4,4,0,0,none
1501-0021,TRUE,primary_contact_recreation,recreation,phosphorus,total,ug/l,23,4,4,4,0,0,none
1501-0040,FALSE,fishing,aquatic_chronic,ammonia,total,ug/l,2,1,0,0,0,2,none
1501-0040,FALSE,secondary_contact_recreation,recreation,phosphorus,total,ug/l,2,1,0,0,0,0,none
1501-0040,FALSE,primary_contact_recreation,recreation,phosphorus,total,ug/l,2,1,0,0,0,0,none
1501-0041,TRUE,fishing,none,dissolved_oxygen,dissolved,mg/l,1,1,0,0,0,0,n_exceedances may not be intiutive for this parameter because there are multiple components to the WQS. n_exceedances may be greater than n_samples_collected if a single sample was marked as an exceedance for multiple components of the WQS.
1501-0041,TRUE,fishing,none,ph,total,ph_units,1,1,0,0,0,0,none
1501-0044,FALSE,fishing,aquatic_chronic,ammonia,total,ug/l,2,1,0,0,0,2,none
1501-0044,FALSE,secondary_contact_recreation,recreation,phosphorus,total,ug/l,2,1,1,1,0,0,none
1501-0044,FALSE,primary_contact_recreation,recreation,phosphorus,total,ug/l,2,1,1,1,0,0,none
1501-0045,TRUE,fishing,aquatic_acute,arsenic,dissolved,ug/l,2,1,0,0,0,0,none
1501-0045,TRUE,fishing,aquatic_acute,copper,dissolved,ug/l,2,1,0,0,0,0,none
1501-0045,TRUE,fishing,aquatic_acute,nickel,dissolved,ug/l,2,1,0,0,0,0,none
1501-0045,TRUE,fishing,aquatic_acute,zinc,dissolved,ug/l,2,1,0,0,0,0,none
1501-0045,TRUE,fishing,aquatic_chronic,aluminum,dissolved,ug/l,2,1,0,0,0,0,none
1501-0045,TRUE,fishing,aquatic_chronic,ammonia,total,ug/l,2,1,0,0,0,2,none
1501-0045,TRUE,fishing,aquatic_chronic,arsenic,dissolved,ug/l,2,1,0,0,0,0,none
1501-0045,TRUE,fishing,aquatic_chronic,copper,dissolved,ug/l,2,1,0,0,0,0,none
1501-0045,TRUE,fishing,aquatic_chronic,nickel,dissolved,ug/l,2,1,0,0,0,0,none
1501-0045,TRUE,fishing,aquatic_chronic,zinc,dissolved,ug/l,2,1,0,0,0,0,none
1501-0045,TRUE,fishing,none,dissolved_oxygen,dissolved,mg/l,1,1,0,0,0,0,n_exceedances may not be intiutive for this parameter because there are multiple components to the WQS. n_exceedances may be greater than n_samples_collected if a single sample was marked as an exceedance for multiple components of the WQS.
1501-0045,TRUE,fishing,none,ph,total,ph_units,1,1,0,0,0,0,none
1501-0045,TRUE,fishing,none,total_dissolved_solids,dissolved,mg/l,2,1,0,0,0,0,none
1501-0045,TRUE,secondary_contact_recreation,none,total_dissolved_solids,dissolved,mg/l,2,1,0,0,0,0,none
1501-0045,TRUE,primary_contact_recreation,none,total_dissolved_solids,dissolved,mg/l,2,1,0,0,0,0,none
1501-0045,TRUE,secondary_contact_recreation,recreation,phosphorus,total,ug/l,1,1,0,0,0,0,none
1501-0045,TRUE,primary_contact_recreation,recreation,phosphorus,total,ug/l,1,1,0,0,0,0,none
1501-0046,FALSE,fishing,aquatic_chronic,ammonia,total,ug/l,1,1,0,0,0,1,none
1501-0046,FALSE,secondary_contact_recreation,recreation,phosphorus,total,ug/l,1,1,0,0,0,0,none
1501-0046,FALSE,primary_contact_recreation,recreation,phosphorus,total,ug/l,1,1,0,0,0,0,none
1501-0047,TRUE,secondary_contact_recreation,recreation,phosphorus,total,ug/l,1,1,0,0,0,0,none
1501-0047,TRUE,primary_contact_recreation,recreation,phosphorus,total,ug/l,1,1,0,0,0,0,none
1501-0049,FALSE,fishing,aquatic_chronic,ammonia,total,ug/l,55,5,0,0,0,55,none
1501-0049,FALSE,fishing,aquatic_chronic,nitrite,total,ug/l,8,1,0,0,0,0,none
1501-0049,FALSE,secondary_contact_recreation,recreation,phosphorus,total,ug/l,38,5,4,4,0,0,none
1501-0049,FALSE,primary_contact_recreation,recreation,phosphorus,total,ug/l,38,5,4,4,0,0,none
1501-0049,TRUE,fishing,aquatic_chronic,ammonia,total,ug/l,43,6,0,0,0,43,none
1501-0049,TRUE,secondary_contact_recreation,recreation,phosphorus,total,ug/l,34,5,3,3,0,0,none
1501-0049,TRUE,primary_contact_recreation,recreation,phosphorus,total,ug/l,34,5,3,3,0,0,none
1501-0050,FALSE,fishing,aquatic_chronic,ammonia,total,ug/l,62,5,0,0,0,62,none
1501-0050,FALSE,fishing,aquatic_chronic,nitrite,total,ug/l,8,1,0,0,0,0,none
1501-0050,FALSE,secondary_contact_recreation,recreation,phosphorus,total,ug/l,40,5,0,0,0,0,none
1501-0050,FALSE,primary_contact_recreation,recreation,phosphorus,total,ug/l,40,5,0,0,0,0,none
1501-0050,FALSE,source_of_water_supply,aesthetic_water-supply,iron,total,ug/l,11,3,1,1,0,0,none
1501-0050,FALSE,source_of_water_supply,aesthetic_water-supply,manganese,total,ug/l,11,3,1,1,0,0,none
1501-0050,FALSE,source_of_water_supply,health_water-source,ammonia,total,ug/l,62,5,0,0,0,0,none
1501-0050,FALSE,source_of_water_supply,health_water-source,arsenic,total,ug/l,3,2,0,0,0,0,none
1501-0050,FALSE,source_of_water_supply,health_water-source,chloride,total,ug/l,7,1,0,0,0,0,none
1501-0050,FALSE,source_of_water_supply,health_water-source,magnesium,total,ug/l,7,1,0,0,0,0,none
1501-0050,FALSE,source_of_water_supply,health_water-source,nitrate_nitrite,total,ug/l,48,5,0,0,0,0,none
1501-0050,FALSE,source_of_water_supply,health_water-source,nitrite,total,ug/l,8,1,0,0,0,0,none
1501-0050,FALSE,source_of_water_supply,health_water-source,sulfate,total,ug/l,7,1,0,0,0,0,none
1501-0050,TRUE,fishing,aquatic_chronic,ammonia,total,ug/l,108,8,0,0,0,108,none
1501-0050,TRUE,secondary_contact_recreation,recreation,phosphorus,total,ug/l,48,7,3,3,0,0,none
1501-0050,TRUE,primary_contact_recreation,recreation,phosphorus,total,ug/l,48,7,3,3,0,0,none
1501-0050,TRUE,source_of_water_supply,health_water-source,ammonia,total,ug/l,108,8,0,0,0,0,none
1501-0050,TRUE,source_of_water_supply,health_water-source,chloride,total,ug/l,17,7,0,0,0,0,none
1501-0050,TRUE,source_of_water_supply,health_water-source,nitrate_nitrite,total,ug/l,41,7,0,0,0,0,none
1501-0053,FALSE,fishing,aquatic_chronic,ammonia,total,ug/l,5,1,0,0,0,5,none
1501-0053,FALSE,secondary_contact_recreation,recreation,phosphorus,total,ug/l,4,1,0,0,0,0,none
1501-0053,FALSE,primary_contact_recreation,recreation,phosphorus,total,ug/l,4,1,0,0,0,0,none
1501-0053,FALSE,source_of_water_supply,aesthetic_water-supply,iron,total,ug/l,5,1,1,1,0,0,none
1501-0053,FALSE,source_of_water_supply,aesthetic_water-supply,manganese,total,ug/l,5,1,1,1,0,0,none
1501-0053,FALSE,source_of_water_supply,health_water-source,ammonia,total,ug/l,5,1,0,0,0,0,none
1501-0053,FALSE,source_of_water_supply,health_water-source,chloride,total,ug/l,5,1,0,0,0,0,none
1501-0053,FALSE,source_of_water_supply,health_water-source,magnesium,total,ug/l,5,1,0,0,0,0,none
1501-0053,FALSE,source_of_water_supply,health_water-source,nitrate_nitrite,total,ug/l,5,1,0,0,0,0,none
1501-0053,FALSE,source_of_water_supply,health_water-source,sulfate,total,ug/l,5,1,0,0,0,0,none
1501-0053,TRUE,secondary_contact_recreation,recreation,phosphorus,total,ug/l,1,1,0,0,0,0,none
1501-0053,TRUE,primary_contact_recreation,recreation,phosphorus,total,ug/l,1,1,0,0,0,0,none
1501-0055,FALSE,fishing,aquatic_chronic,ammonia,total,ug/l,5,2,0,0,0,5,none
1501-0055,FALSE,secondary_contact_recreation,recreation,phosphorus,total,ug/l,4,2,0,0,0,0,none
1501-0055,FALSE,primary_contact_recreation,recreation,phosphorus,total,ug/l,4,2,0,0,0,0,none
1501-0056,FALSE,fishing,none,dissolved_oxygen,dissolved,mg/l,1,1,0,0,0,0,n_exceedances may not be intiutive for this parameter because there are multiple components to the WQS. n_exceedances may be greater than n_samples_collected if a single sample was marked as an exceedance for multiple components of the WQS.
1501-0056,FALSE,fishing,none,ph,total,ph_units,1,1,0,0,0,0,none
1501-0057,FALSE,fishing,aquatic_chronic,ammonia,total,ug/l,1,1,0,0,0,1,none
1501-0057,FALSE,fishing,none,dissolved_oxygen,dissolved,mg/l,1,1,0,0,0,0,n_exceedances may not be intiutive for this parameter because there are multiple components to the WQS. n_exceedances may be greater than n_samples_collected if a single sample was marked as an exceedance for multiple components of the WQS.
1501-0057,FALSE,fishing,none,ph,total,ph_units,1,1,0,0,0,0,none
1501-0063,FALSE,fishing,aquatic_chronic,ammonia,total,ug/l,2,1,0,0,0,2,none
1501-0063,FALSE,secondary_contact_recreation,recreation,phosphorus,total,ug/l,37,6,2,2,0,0,none
1501-0063,FALSE,primary_contact_recreation,recreation,phosphorus,total,ug/l,37,6,2,2,0,0,none
1501-0066,FALSE,fishing,aquatic_chronic,ammonia,total,ug/l,1,1,0,0,0,1,none
1501-0066,FALSE,fishing,none,dissolved_oxygen,dissolved,mg/l,1,1,1,1,0,0,n_exceedances may not be intiutive for this parameter because there are multiple components to the WQS. n_exceedances may be greater than n_samples_collected if a single sample was marked as an exceedance for multiple components of the WQS.
1501-0066,FALSE,fishing,none,ph,total,ph_units,1,1,0,0,0,0,none
1501-0066,FALSE,source_of_water_supply,aesthetic_water-supply,iron,total,ug/l,2,1,1,1,0,0,none
1501-0066,FALSE,source_of_water_supply,aesthetic_water-supply,manganese,total,ug/l,2,1,0,0,0,0,none
1501-0066,FALSE,source_of_water_supply,health_water-source,ammonia,total,ug/l,1,1,0,0,0,0,none
1501-0066,FALSE,source_of_water_supply,health_water-source,chloride,total,ug/l,2,1,0,0,0,0,none
1501-0066,FALSE,source_of_water_supply,health_water-source,magnesium,total,ug/l,2,1,0,0,0,0,none
1501-0066,FALSE,source_of_water_supply,health_water-source,nitrate_nitrite,total,ug/l,2,1,0,0,0,0,none
1501-0066,FALSE,source_of_water_supply,health_water-source,sulfate,total,ug/l,2,1,0,0,0,0,none
1501-0068,FALSE,fishing,aquatic_chronic,ammonia,total,ug/l,2,1,0,0,0,1,none
1501-0068,FALSE,fishing,none,dissolved_oxygen,dissolved,mg/l,1,1,0,0,0,0,n_exceedances may not be intiutive for this parameter because there are multiple components to the WQS. n_exceedances may be greater than n_samples_collected if a single sample was marked as an exceedance for multiple components of the WQS.
1501-0068,FALSE,fishing,none,ph,total,ph_units,1,1,0,0,0,0,none
1501-0068,FALSE,source_of_water_supply,aesthetic_water-supply,iron,total,ug/l,2,1,0,0,0,0,none
1501-0068,FALSE,source_of_water_supply,aesthetic_water-supply,manganese,total,ug/l,2,1,0,0,0,0,none
1501-0068,FALSE,source_of_water_supply,health_water-source,ammonia,total,ug/l,2,1,0,0,0,0,none
1501-0068,FALSE,source_of_water_supply,health_water-source,chloride,total,ug/l,2,1,0,0,0,0,none
1501-0068,FALSE,source_of_water_supply,health_water-source,magnesium,total,ug/l,2,1,0,0,0,0,none
1501-0068,FALSE,source_of_water_supply,health_water-source,nitrate_nitrite,total,ug/l,2,1,0,0,0,0,none
1501-0068,FALSE,source_of_water_supply,health_water-source,sulfate,total,ug/l,2,1,0,0,0,0,none
1601-0001,FALSE,fishing,aquatic_chronic,ammonia,total,ug/l,1,1,0,0,0,1,none
1601-0022,TRUE,fishing,aquatic_chronic,ammonia,total,ug/l,1,1,0,0,0,0,none
1601-0022,TRUE,fishing,none,dissolved_oxygen,dissolved,mg/l,1,1,0,0,0,0,n_exceedances may not be intiutive for this parameter because there are multiple components to the WQS. n_exceedances may be greater than n_samples_collected if a single sample was marked as an exceedance for multiple components of the WQS.
1601-0022,TRUE,fishing,none,ph,total,ph_units,1,1,0,0,0,0,none
1601-0022,TRUE,source_of_water_supply,aesthetic_water-supply,manganese,total,ug/l,1,1,0,0,0,0,none
1601-0022,TRUE,source_of_water_supply,health_water-source,ammonia,total,ug/l,1,1,0,0,0,0,none
1601-0022,TRUE,source_of_water_supply,health_water-source,copper,total,ug/l,1,1,0,0,0,0,none
1601-0022,TRUE,source_of_water_supply,health_water-source,sulfate,total,ug/l,1,1,0,0,0,0,none
1701-0015,FALSE,fishing,aquatic_chronic,ammonia,total,ug/l,6,2,0,0,0,6,none
1701-0018,FALSE,fishing,aquatic_chronic,ammonia,total,ug/l,31,5,0,0,0,31,none
1701-0018,FALSE,secondary_contact_recreation,recreation,phosphorus,total,ug/l,74,12,3,3,0,0,none
1701-0018,FALSE,primary_contact_recreation,recreation,phosphorus,total,ug/l,74,12,3,3,0,0,none
1701-0018,TRUE,fishing,aquatic_chronic,ammonia,total,ug/l,3,2,0,0,0,3,none
1701-0018,TRUE,fishing,aquatic_chronic,nitrite,total,ug/l,3,2,2,2,0,0,none
1701-0018,TRUE,fishing,none,dissolved_oxygen,dissolved,mg/l,4,2,1,1,0,0,n_exceedances may not be intiutive for this parameter because there are multiple components to the WQS. n_exceedances may be greater than n_samples_collected if a single sample was marked as an exceedance for multiple components of the WQS.
1701-0018,TRUE,fishing,none,ph,total,ph_units,3,1,2,1,0,0,none
1701-0018,TRUE,fishing,none,total_dissolved_solids,dissolved,mg/l,1,1,0,0,0,0,none
1701-0018,TRUE,secondary_contact_recreation,none,total_dissolved_solids,dissolved,mg/l,1,1,0,0,0,0,none
1701-0018,TRUE,primary_contact_recreation,none,total_dissolved_solids,dissolved,mg/l,1,1,0,0,0,0,none
1701-0018,TRUE,secondary_contact_recreation,recreation,phosphorus,total,ug/l,3,2,1,1,0,0,none
1701-0018,TRUE,primary_contact_recreation,recreation,phosphorus,total,ug/l,3,2,1,1,0,0,none
1701-0020,FALSE,fishing,aquatic_chronic,ammonia,total,ug/l,10,2,0,0,0,10,none
1701-0020,FALSE,secondary_contact_recreation,recreation,phosphorus,total,ug/l,6,2,1,1,0,0,none
1701-0020,FALSE,primary_contact_recreation,recreation,phosphorus,total,ug/l,6,2,1,1,0,0,none
1701-0021,FALSE,fishing,aquatic_chronic,ammonia,total,ug/l,1,1,0,0,0,1,none
1701-0025,FALSE,fishing,aquatic_chronic,ammonia,total,ug/l,2,1,0,0,0,2,none
1701-0025,FALSE,secondary_contact_recreation,recreation,phosphorus,total,ug/l,2,1,1,1,0,0,none
1701-0025,FALSE,primary_contact_recreation,recreation,phosphorus,total,ug/l,2,1,1,1,0,0,none
1701-0025,FALSE,source_of_water_supply,aesthetic_water-supply,iron,total,ug/l,2,1,1,1,0,0,none
1701-0025,FALSE,source_of_water_supply,aesthetic_water-supply,manganese,total,ug/l,2,1,0,0,0,0,none
1701-0025,FALSE,source_of_water_supply,health_water-source,ammonia,total,ug/l,2,1,0,0,0,0,none
1701-0025,FALSE,source_of_water_supply,health_water-source,chloride,total,ug/l,2,1,0,0,0,0,none
1701-0025,FALSE,source_of_water_supply,health_water-source,magnesium,total,ug/l,2,1,0,0,0,0,none
1701-0025,FALSE,source_of_water_supply,health_water-source,nitrate_nitrite,total,ug/l,2,1,0,0,0,0,none
1701-0025,FALSE,source_of_water_supply,health_water-source,sulfate,total,ug/l,2,1,0,0,0,0,none
1701-0026,FALSE,fishing,aquatic_chronic,ammonia,total,ug/l,4,1,0,0,0,4,none
1701-0028,FALSE,fishing,aquatic_chronic,ammonia,total,ug/l,4,1,0,0,0,4,none
1701-0052,FALSE,fishing,aquatic_chronic,ammonia,total,ug/l,4,1,0,0,0,4,none
1701-0054,FALSE,fishing,aquatic_chronic,ammonia,total,ug/l,5,1,0,0,0,5,none
1701-0055,FALSE,fishing,aquatic_chronic,ammonia,total,ug/l,5,1,0,0,0,5,none
1701-0055,FALSE,secondary_contact_recreation,recreation,phosphorus,total,ug/l,5,1,0,0,0,0,none
1701-0055,FALSE,primary_contact_recreation,recreation,phosphorus,total,ug/l,5,1,0,0,0,0,none
1701-0055,TRUE,fishing,aquatic_chronic,ammonia,total,ug/l,6,2,0,0,0,5,none
1701-0055,TRUE,fishing,none,dissolved_oxygen,dissolved,mg/l,5,2,0,0,0,0,n_exceedances may not be intiutive for this parameter because there are multiple components to the WQS. n_exceedances may be greater than n_samples_collected if a single sample was marked as an exceedance for multiple components of the WQS.
1701-0055,TRUE,fishing,none,ph,total,ph_units,5,2,1,1,0,0,none
1701-0055,TRUE,secondary_contact_recreation,recreation,phosphorus,total,ug/l,5,2,0,0,0,0,none
1701-0055,TRUE,primary_contact_recreation,recreation,phosphorus,total,ug/l,5,2,0,0,0,0,none
1701-0113,FALSE,fishing,aquatic_chronic,ammonia,total,ug/l,1,1,0,0,0,1,none
1701-0113,FALSE,secondary_contact_recreation,recreation,phosphorus,total,ug/l,1,1,1,1,0,0,none
1701-0113,FALSE,primary_contact_recreation,recreation,phosphorus,total,ug/l,1,1,1,1,0,0,none
1701-0117,TRUE,fishing,aquatic_chronic,ammonia,total,ug/l,6,1,0,0,0,6,none
1701-0117,TRUE,fishing,aquatic_chronic,nitrite,total,ug/l,3,1,0,0,0,0,none
1701-0122,FALSE,fishing,aquatic_chronic,ammonia,total,ug/l,10,1,0,0,0,10,none
1701-0122,FALSE,secondary_contact_recreation,recreation,phosphorus,total,ug/l,4,1,1,1,0,0,none
1701-0122,FALSE,primary_contact_recreation,recreation,phosphorus,total,ug/l,4,1,1,1,0,0,none
1701-0125,FALSE,fishing,aquatic_chronic,ammonia,total,ug/l,140,11,0,0,0,140,none
1701-0125,FALSE,fishing,aquatic_chronic,nitrite,total,ug/l,44,6,0,0,0,0,none
1701-0125,FALSE,secondary_contact_recreation,recreation,phosphorus,total,ug/l,128,16,11,11,0,0,none
1701-0125,FALSE,primary_contact_recreation,recreation,phosphorus,total,ug/l,128,16,11,11,0,0,none
1701-0125,TRUE,fishing,aquatic_chronic,ammonia,total,ug/l,252,10,0,0,0,252,none
1701-0125,TRUE,fishing,aquatic_chronic,nitrite,total,ug/l,4,1,0,0,0,0,none
1701-0125,TRUE,secondary_contact_recreation,recreation,phosphorus,total,ug/l,120,9,2,2,0,0,none
1701-0125,TRUE,primary_contact_recreation,recreation,phosphorus,total,ug/l,120,9,2,2,0,0,none
1701-0128,FALSE,fishing,aquatic_chronic,ammonia,total,ug/l,11,2,0,0,0,11,none
1701-0128,FALSE,secondary_contact_recreation,recreation,phosphorus,total,ug/l,6,2,0,0,0,0,none
1701-0128,FALSE,primary_contact_recreation,recreation,phosphorus,total,ug/l,6,2,0,0,0,0,none
1701-0128,FALSE,source_of_water_supply,aesthetic_water-supply,iron,total,ug/l,1,1,0,0,0,0,none
1701-0128,FALSE,source_of_water_supply,aesthetic_water-supply,manganese,total,ug/l,1,1,0,0,0,0,none
1701-0128,FALSE,source_of_water_supply,health_water-source,ammonia,total,ug/l,11,2,0,0,0,0,none
1701-0128,FALSE,source_of_water_supply,health_water-source,chloride,total,ug/l,9,2,0,0,0,0,none
1701-0128,FALSE,source_of_water_supply,health_water-source,magnesium,total,ug/l,1,1,0,0,0,0,none
1701-0128,FALSE,source_of_water_supply,health_water-source,nitrate,total,ug/l,10,1,0,0,0,0,none
1701-0128,FALSE,source_of_water_supply,health_water-source,nitrate_nitrite,total,ug/l,1,1,0,0,0,0,none
1701-0128,FALSE,source_of_water_supply,health_water-source,sulfate,total,ug/l,1,1,0,0,0,0,none
1701-0128,TRUE,fishing,aquatic_chronic,ammonia,total,ug/l,10,2,0,0,0,9,none
1701-0128,TRUE,fishing,none,dissolved_oxygen,dissolved,mg/l,5,2,10,2,0,0,n_exceedances may not be intiutive for this parameter because there are multiple components to the WQS. n_exceedances may be greater than n_samples_collected if a single sample was marked as an exceedance for multiple components of the WQS.
1701-0128,TRUE,fishing,none,ph,total,ph_units,5,2,3,2,0,0,none
1701-0128,TRUE,secondary_contact_recreation,recreation,phosphorus,total,ug/l,5,2,2,2,0,0,none
1701-0128,TRUE,primary_contact_recreation,recreation,phosphorus,total,ug/l,5,2,2,2,0,0,none
1701-0128,TRUE,source_of_water_supply,aesthetic_water-supply,iron,total,ug/l,8,1,3,1,0,0,none
1701-0128,TRUE,source_of_water_supply,aesthetic_water-supply,manganese,total,ug/l,8,1,0,0,0,0,none
1701-0128,TRUE,source_of_water_supply,health_water-source,ammonia,total,ug/l,10,2,0,0,0,0,none
1701-0128,TRUE,source_of_water_supply,health_water-source,arsenic,total,ug/l,4,1,0,0,0,0,none
1701-0128,TRUE,source_of_water_supply,health_water-source,chloride,total,ug/l,8,1,0,0,0,0,none
1701-0128,TRUE,source_of_water_supply,health_water-source,nitrate_nitrite,total,ug/l,9,2,0,0,0,0,none
1701-0128,TRUE,source_of_water_supply,health_water-source,sulfate,total,ug/l,8,1,0,0,0,0,none
1701-0129,FALSE,fishing,aquatic_chronic,ammonia,total,ug/l,12,1,0,0,0,12,none
1701-0129,FALSE,secondary_contact_recreation,recreation,phosphorus,total,ug/l,8,1,1,1,0,0,none
1701-0129,FALSE,primary_contact_recreation,recreation,phosphorus,total,ug/l,8,1,1,1,0,0,none
1701-0129,FALSE,source_of_water_supply,health_water-source,ammonia,total,ug/l,12,1,5,1,0,0,none
1701-0129,FALSE,source_of_water_supply,health_water-source,chloride,total,ug/l,8,1,0,0,0,0,none
1701-0129,FALSE,source_of_water_supply,health_water-source,nitrate,total,ug/l,12,1,0,0,0,0,none
1701-0129,TRUE,fishing,aquatic_chronic,ammonia,total,ug/l,11,3,0,0,0,10,none
1701-0129,TRUE,fishing,none,dissolved_oxygen,dissolved,mg/l,6,3,12,3,0,0,n_exceedances may not be intiutive for this parameter because there are multiple components to the WQS. n_exceedances may be greater than n_samples_collected if a single sample was marked as an exceedance for multiple components of the WQS.
1701-0129,TRUE,fishing,none,ph,total,ph_units,6,3,5,3,0,0,none
1701-0129,TRUE,secondary_contact_recreation,recreation,phosphorus,total,ug/l,5,2,2,2,0,0,none
1701-0129,TRUE,primary_contact_recreation,recreation,phosphorus,total,ug/l,5,2,2,2,0,0,none
1701-0129,TRUE,source_of_water_supply,aesthetic_water-supply,iron,total,ug/l,8,2,4,2,0,0,none
1701-0129,TRUE,source_of_water_supply,aesthetic_water-supply,manganese,total,ug/l,8,2,0,0,0,0,none
1701-0129,TRUE,source_of_water_supply,health_water-source,ammonia,total,ug/l,11,3,3,2,0,0,none
1701-0129,TRUE,source_of_water_supply,health_water-source,arsenic,total,ug/l,4,2,0,0,0,0,none
1701-0129,TRUE,source_of_water_supply,health_water-source,chloride,total,ug/l,9,2,0,0,0,0,none
1701-0129,TRUE,source_of_water_supply,health_water-source,nitrate_nitrite,total,ug/l,10,3,0,0,0,0,none
1701-0129,TRUE,source_of_water_supply,health_water-source,sulfate,total,ug/l,8,2,0,0,0,0,none
1701-0131,FALSE,fishing,aquatic_chronic,ammonia,total,ug/l,5,1,0,0,0,5,none
1701-0134,FALSE,fishing,aquatic_chronic,ammonia,total,ug/l,1,1,0,0,0,1,none
1701-0134,FALSE,secondary_contact_recreation,recreation,phosphorus,total,ug/l,1,1,0,0,0,0,none
1701-0134,FALSE,primary_contact_recreation,recreation,phosphorus,total,ug/l,1,1,0,0,0,0,none
1701-0135,FALSE,fishing,aquatic_chronic,ammonia,total,ug/l,5,2,0,0,0,5,none
1701-0135,FALSE,secondary_contact_recreation,recreation,phosphorus,total,ug/l,5,2,2,2,0,0,none
1701-0135,FALSE,primary_contact_recreation,recreation,phosphorus,total,ug/l,5,2,2,2,0,0,none
1701-0136,FALSE,fishing,aquatic_chronic,ammonia,total,ug/l,4,1,0,0,0,4,none
1701-0156,FALSE,fishing,aquatic_chronic,ammonia,total,ug/l,5,1,0,0,0,5,none
1701-0157,FALSE,fishing,aquatic_chronic,ammonia,total,ug/l,6,2,0,0,0,6,none
1701-0157,FALSE,fishing,aquatic_chronic,fluoride,total,ug/l,1,1,0,0,0,1,none
1701-0157,FALSE,secondary_contact_recreation,recreation,phosphorus,total,ug/l,6,3,1,1,0,0,none
1701-0157,FALSE,primary_contact_recreation,recreation,phosphorus,total,ug/l,6,3,1,1,0,0,none
1701-0157,FALSE,source_of_water_supply,aesthetic_water-supply,iron,total,ug/l,4,1,2,1,0,0,none
1701-0157,FALSE,source_of_water_supply,aesthetic_water-supply,manganese,total,ug/l,4,1,0,0,0,0,none
1701-0157,FALSE,source_of_water_supply,health_water-source,ammonia,total,ug/l,6,2,0,0,0,0,none
1701-0157,FALSE,source_of_water_supply,health_water-source,chloride,total,ug/l,5,2,1,1,0,0,none
1701-0157,FALSE,source_of_water_supply,health_water-source,fluoride,total,ug/l,1,1,1,1,0,0,none
1701-0157,FALSE,source_of_water_supply,health_water-source,magnesium,total,ug/l,6,2,0,0,0,0,none
1701-0157,FALSE,source_of_water_supply,health_water-source,nitrate_nitrite,total,ug/l,5,2,0,0,0,0,none
1701-0157,FALSE,source_of_water_supply,health_water-source,sulfate,total,ug/l,5,2,0,0,0,0,none
1701-0196,TRUE,fishing,aquatic_chronic,ammonia,total,ug/l,4,2,0,0,0,4,none
1701-0196,TRUE,fishing,none,dissolved_oxygen,dissolved,mg/l,4,1,0,0,0,0,n_exceedances may not be intiutive for this parameter because there are multiple components to the WQS. n_exceedances may be greater than n_samples_collected if a single sample was marked as an exceedance for multiple components of the WQS.
1701-0196,TRUE,fishing,none,ph,total,ph_units,4,1,3,1,0,0,none
1701-0196,TRUE,secondary_contact_recreation,recreation,phosphorus,total,ug/l,2,2,2,2,0,0,none
1701-0196,TRUE,primary_contact_recreation,recreation,phosphorus,total,ug/l,2,2,2,2,0,0,none
1701-0197,FALSE,secondary_contact_recreation,recreation,phosphorus,total,ug/l,1,1,0,0,0,0,none
1701-0197,FALSE,primary_contact_recreation,recreation,phosphorus,total,ug/l,1,1,0,0,0,0,none
1701-0205,FALSE,fishing,aquatic_chronic,ammonia,total,ug/l,2,1,0,0,0,2,none
1701-0205,FALSE,secondary_contact_recreation,recreation,phosphorus,total,ug/l,1,1,1,1,0,0,none
1701-0205,FALSE,primary_contact_recreation,recreation,phosphorus,total,ug/l,1,1,1,1,0,0,none
1701-0205,FALSE,source_of_water_supply,health_water-source,ammonia,total,ug/l,2,1,0,0,0,0,none
1701-0205,FALSE,source_of_water_supply,health_water-source,magnesium,total,ug/l,2,1,0,0,0,0,none
1701-0205,FALSE,source_of_water_supply,health_water-source,nitrate_nitrite,total,ug/l,1,1,0,0,0,0,none
1701-0241,FALSE,fishing,aquatic_chronic,ammonia,total,ug/l,10,2,0,0,0,10,none
1701-0241,TRUE,fishing,aquatic_chronic,ammonia,total,ug/l,69,5,0,0,0,69,none
1701-0262,FALSE,secondary_contact_recreation,recreation,phosphorus,total,ug/l,1,1,0,0,0,0,none
1701-0262,FALSE,primary_contact_recreation,recreation,phosphorus,total,ug/l,1,1,0,0,0,0,none
1701-0262,TRUE,fishing,aquatic_chronic,ammonia,total,ug/l,6,2,0,0,0,5,none
1701-0262,TRUE,fishing,none,dissolved_oxygen,dissolved,mg/l,9,3,1,1,0,0,n_exceedances may not be intiutive for this parameter because there are multiple components to the WQS. n_exceedances may be greater than n_samples_collected if a single sample was marked as an exceedance for multiple components of the WQS.
1701-0262,TRUE,fishing,none,ph,total,ph_units,9,3,0,0,0,0,none
1701-0262,TRUE,secondary_contact_recreation,recreation,phosphorus,total,ug/l,5,2,2,2,0,0,none
1701-0262,TRUE,primary_contact_recreation,recreation,phosphorus,total,ug/l,5,2,2,2,0,0,none
1701-0264,FALSE,fishing,aquatic_chronic,ammonia,total,ug/l,2,1,0,0,0,2,none
1701-0264,FALSE,secondary_contact_recreation,recreation,phosphorus,total,ug/l,1,1,0,0,0,0,none
1701-0264,FALSE,primary_contact_recreation,recreation,phosphorus,total,ug/l,1,1,0,0,0,0,none
1701-0269,FALSE,fishing,aquatic_chronic,ammonia,total,ug/l,1,1,0,0,0,1,none
1701-0270,TRUE,fishing,aquatic_chronic,ammonia,total,ug/l,1,1,0,0,0,0,none
1701-0270,TRUE,fishing,none,dissolved_oxygen,dissolved,mg/l,1,1,0,0,0,0,n_exceedances may not be intiutive for this parameter because there are multiple components to the WQS. n_exceedances may be greater than n_samples_collected if a single sample was marked as an exceedance for multiple components of the WQS.
1701-0270,TRUE,fishing,none,ph,total,ph_units,1,1,1,1,0,0,none
1701-0280,TRUE,fishing,aquatic_chronic,ammonia,total,ug/l,2,1,0,0,0,1,none
1701-0280,TRUE,fishing,none,dissolved_oxygen,dissolved,mg/l,1,1,0,0,0,0,n_exceedances may not be intiutive for this parameter because there are multiple components to the WQS. n_exceedances may be greater than n_samples_collected if a single sample was marked as an exceedance for multiple components of the WQS.
1701-0280,TRUE,fishing,none,ph,total,ph_units,1,1,0,0,0,0,none
1701-0281,FALSE,secondary_contact_recreation,recreation,phosphorus,total,ug/l,1,1,0,0,0,0,none
1701-0281,FALSE,primary_contact_recreation,recreation,phosphorus,total,ug/l,1,1,0,0,0,0,none
1701-0281,TRUE,fishing,aquatic_chronic,ammonia,total,ug/l,2,1,0,0,0,1,none
1701-0281,TRUE,fishing,none,dissolved_oxygen,dissolved,mg/l,1,1,0,0,0,0,n_exceedances may not be intiutive for this parameter because there are multiple components to the WQS. n_exceedances may be greater than n_samples_collected if a single sample was marked as an exceedance for multiple components of the WQS.
1701-0281,TRUE,fishing,none,ph,total,ph_units,1,1,0,0,0,0,none
1701-0281,TRUE,secondary_contact_recreation,recreation,phosphorus,total,ug/l,1,1,1,1,0,0,none
1701-0281,TRUE,primary_contact_recreation,recreation,phosphorus,total,ug/l,1,1,1,1,0,0,none
1701-0314,TRUE,fishing,none,dissolved_oxygen,dissolved,mg/l,1,1,0,0,0,0,n_exceedances may not be intiutive for this parameter because there are multiple components to the WQS. n_exceedances may be greater than n_samples_collected if a single sample was marked as an exceedance for multiple components of the WQS.
1701-0314,TRUE,fishing,none,ph,total,ph_units,1,1,0,0,0,0,none
1701-0322,FALSE,fishing,aquatic_chronic,ammonia,total,ug/l,1,1,0,0,0,1,none
1701-0322,TRUE,fishing,aquatic_chronic,ammonia,total,ug/l,6,2,0,0,0,5,none
1701-0322,TRUE,fishing,none,dissolved_oxygen,dissolved,mg/l,5,2,0,0,0,0,n_exceedances may not be intiutive for this parameter because there are multiple components to the WQS. n_exceedances may be greater than n_samples_collected if a single sample was marked as an exceedance for multiple components of the WQS.
1701-0322,TRUE,fishing,none,ph,total,ph_units,5,2,0,0,0,0,none
1701-0323,TRUE,fishing,aquatic_chronic,ammonia,total,ug/l,1,1,0,0,0,1,none
1701-0323,TRUE,fishing,none,dissolved_oxygen,dissolved,mg/l,4,1,0,0,0,0,n_exceedances may not be intiutive for this parameter because there are multiple components to the WQS. n_exceedances may be greater than n_samples_collected if a single sample was marked as an exceedance for multiple components of the WQS.
1701-0323,TRUE,fishing,none,ph,total,ph_units,4,1,0,0,0,0,none
1701-0323,TRUE,secondary_contact_recreation,recreation,phosphorus,total,ug/l,1,1,0,0,0,0,none
1701-0323,TRUE,primary_contact_recreation,recreation,phosphorus,total,ug/l,1,1,0,0,0,0,none
1701-0334,TRUE,fishing,none,dissolved_oxygen,dissolved,mg/l,1,1,0,0,0,0,n_exceedances may not be intiutive for this parameter because there are multiple components to the WQS. n_exceedances may be greater than n_samples_collected if a single sample was marked as an exceedance for multiple components of the WQS.
1701-0334,TRUE,fishing,none,ph,total,ph_units,1,1,0,0,0,0,none
1701-0340,TRUE,fishing,aquatic_chronic,ammonia,total,ug/l,1,1,0,0,0,0,none
1701-0340,TRUE,fishing,none,dissolved_oxygen,dissolved,mg/l,1,1,0,0,0,0,n_exceedances may not be intiutive for this parameter because there are multiple components to the WQS. n_exceedances may be greater than n_samples_collected if a single sample was marked as an exceedance for multiple components of the WQS.
1701-0340,TRUE,fishing,none,ph,total,ph_units,1,1,0,0,0,0,none
1701-0344,TRUE,fishing,aquatic_chronic,ammonia,total,ug/l,1,1,0,0,0,0,none
1701-0344,TRUE,fishing,none,dissolved_oxygen,dissolved,mg/l,1,1,0,0,0,0,n_exceedances may not be intiutive for this parameter because there are multiple components to the WQS. n_exceedances may be greater than n_samples_collected if a single sample was marked as an exceedance for multiple components of the WQS.
1701-0344,TRUE,fishing,none,ph,total,ph_units,1,1,0,0,0,0,none
1701-0353,FALSE,fishing,aquatic_chronic,ammonia,total,ug/l,31,6,0,0,0,31,none
1701-0353,FALSE,fishing,aquatic_chronic,nitrite,total,ug/l,8,2,0,0,0,0,none
1701-0353,TRUE,fishing,aquatic_chronic,ammonia,total,ug/l,118,10,0,0,0,118,none
1701-0357,FALSE,secondary_contact_recreation,recreation,phosphorus,total,ug/l,28,5,5,5,0,0,none
1701-0357,FALSE,primary_contact_recreation,recreation,phosphorus,total,ug/l,28,5,5,5,0,0,none
1701-0358,TRUE,fishing,aquatic_chronic,ammonia,total,ug/l,2,1,0,0,0,1,none
1701-0358,TRUE,fishing,none,dissolved_oxygen,dissolved,mg/l,1,1,0,0,0,0,n_exceedances may not be intiutive for this parameter because there are multiple components to the WQS. n_exceedances may be greater than n_samples_collected if a single sample was marked as an exceedance for multiple components of the WQS.
1701-0358,TRUE,fishing,none,ph,total,ph_units,1,1,0,0,0,0,none
1701-0358,TRUE,secondary_contact_recreation,recreation,phosphorus,total,ug/l,1,1,0,0,0,0,none
1701-0358,TRUE,primary_contact_recreation,recreation,phosphorus,total,ug/l,1,1,0,0,0,0,none
1701-0359,FALSE,fishing,aquatic_chronic,ammonia,total,ug/l,2,1,0,0,0,2,none
1701-0359,FALSE,secondary_contact_recreation,recreation,phosphorus,total,ug/l,1,1,0,0,0,0,none
1701-0359,FALSE,primary_contact_recreation,recreation,phosphorus,total,ug/l,1,1,0,0,0,0,none
1701-0359,FALSE,source_of_water_supply,health_water-source,ammonia,total,ug/l,2,1,0,0,0,0,none
1701-0359,FALSE,source_of_water_supply,health_water-source,chloride,total,ug/l,1,1,0,0,0,0,none
1701-0359,FALSE,source_of_water_supply,health_water-source,nitrate,total,ug/l,2,1,0,0,0,0,none
1702-0008,FALSE,fishing,aquatic_chronic,ammonia,total,ug/l,4,1,0,0,0,4,none
1702-0008,FALSE,secondary_contact_recreation,recreation,phosphorus,total,ug/l,4,1,1,1,0,0,none
1702-0008,FALSE,primary_contact_recreation,recreation,phosphorus,total,ug/l,4,1,1,1,0,0,none
1702-0013,FALSE,fishing,aquatic_chronic,ammonia,total,ug/l,5,1,0,0,0,5,none
1702-0013,TRUE,fishing,aquatic_chronic,ammonia,total,ug/l,4,1,0,0,0,0,none
1702-0013,TRUE,fishing,none,dissolved_oxygen,dissolved,mg/l,4,1,2,1,0,0,n_exceedances may not be intiutive for this parameter because there are multiple components to the WQS. n_exceedances may be greater than n_samples_collected if a single sample was marked as an exceedance for multiple components of the WQS.
1702-0013,TRUE,fishing,none,ph,total,ph_units,4,1,0,0,0,0,none
1702-0030,FALSE,secondary_contact_recreation,recreation,phosphorus,total,ug/l,1,1,1,1,0,0,none
1702-0030,FALSE,primary_contact_recreation,recreation,phosphorus,total,ug/l,1,1,1,1,0,0,none
1702-0030,TRUE,fishing,aquatic_chronic,ammonia,total,ug/l,3,1,1,1,0,1,none
1702-0030,TRUE,fishing,none,dissolved_oxygen,dissolved,mg/l,4,1,2,1,0,0,n_exceedances may not be intiutive for this parameter because there are multiple components to the WQS. n_exceedances may be greater than n_samples_collected if a single sample was marked as an exceedance for multiple components of the WQS.
1702-0030,TRUE,fishing,none,ph,total,ph_units,4,1,3,1,0,0,none
1702-0031,FALSE,secondary_contact_recreation,recreation,phosphorus,total,ug/l,1,1,1,1,0,0,none
1702-0031,FALSE,primary_contact_recreation,recreation,phosphorus,total,ug/l,1,1,1,1,0,0,none
1702-0031,TRUE,fishing,aquatic_chronic,ammonia,total,ug/l,1,1,0,0,0,1,none
1702-0031,TRUE,fishing,none,dissolved_oxygen,dissolved,mg/l,4,1,3,1,0,0,n_exceedances may not be intiutive for this parameter because there are multiple components to the WQS. n_exceedances may be greater than n_samples_collected if a single sample was marked as an exceedance for multiple components of the WQS.
1702-0031,TRUE,fishing,none,ph,total,ph_units,4,1,2,1,0,0,none
1702-0040,FALSE,fishing,aquatic_chronic,ammonia,total,ug/l,3,1,0,0,0,3,none
1702-0040,FALSE,secondary_contact_recreation,recreation,phosphorus,total,ug/l,3,1,1,1,0,0,none
1702-0040,FALSE,primary_contact_recreation,recreation,phosphorus,total,ug/l,3,1,1,1,0,0,none
1702-0056,FALSE,fishing,aquatic_chronic,ammonia,total,ug/l,8,1,0,0,0,8,none
1702-0056,FALSE,secondary_contact_recreation,recreation,phosphorus,total,ug/l,4,1,1,1,0,0,none
1702-0056,FALSE,primary_contact_recreation,recreation,phosphorus,total,ug/l,4,1,1,1,0,0,none
1702-0067,TRUE,fishing,aquatic_chronic,ammonia,total,ug/l,6,2,0,0,0,5,none
1702-0067,TRUE,fishing,none,dissolved_oxygen,dissolved,mg/l,5,2,6,1,0,0,n_exceedances may not be intiutive for this parameter because there are multiple components to the WQS. n_exceedances may be greater than n_samples_collected if a single sample was marked as an exceedance for multiple components of the WQS.
1702-0067,TRUE,fishing,none,ph,total,ph_units,5,2,1,1,0,0,none
1702-0067,TRUE,secondary_contact_recreation,recreation,phosphorus,total,ug/l,5,2,2,2,0,0,none
1702-0067,TRUE,primary_contact_recreation,recreation,phosphorus,total,ug/l,5,2,2,2,0,0,none
1702-0067,TRUE,source_of_water_supply,aesthetic_water-supply,iron,total,ug/l,4,1,2,1,0,0,none
1702-0067,TRUE,source_of_water_supply,aesthetic_water-supply,manganese,total,ug/l,4,1,0,0,0,0,none
1702-0067,TRUE,source_of_water_supply,health_water-source,ammonia,total,ug/l,6,2,0,0,0,0,none
1702-0067,TRUE,source_of_water_supply,health_water-source,chloride,total,ug/l,4,1,0,0,0,0,none
1702-0067,TRUE,source_of_water_supply,health_water-source,nitrate_nitrite,total,ug/l,5,2,0,0,0,0,none
1702-0067,TRUE,source_of_water_supply,health_water-source,sulfate,total,ug/l,6,2,0,0,0,0,none
1702-0075,FALSE,fishing,aquatic_chronic,ammonia,total,ug/l,11,2,0,0,0,11,none
1702-0075,FALSE,fishing,health_fish-consumption,benzene,total,ug/l,1,1,0,0,0,0,none
1702-0075,FALSE,secondary_contact_recreation,recreation,phosphorus,total,ug/l,6,2,2,2,0,0,none
1702-0075,FALSE,primary_contact_recreation,recreation,phosphorus,total,ug/l,6,2,2,2,0,0,none
1702-0101,FALSE,fishing,aquatic_chronic,ammonia,total,ug/l,1,1,0,0,0,1,none
1702-0103,TRUE,fishing,aquatic_chronic,ammonia,total,ug/l,1,1,0,0,0,0,none
1702-0103,TRUE,fishing,none,dissolved_oxygen,dissolved,mg/l,4,1,0,0,0,0,n_exceedances may not be intiutive for this parameter because there are multiple components to the WQS. n_exceedances may be greater than n_samples_collected if a single sample was marked as an exceedance for multiple components of the WQS.
1702-0103,TRUE,fishing,none,ph,total,ph_units,4,1,0,0,0,0,none
1702-0104,TRUE,fishing,aquatic_chronic,ammonia,total,ug/l,5,2,0,0,0,5,none
1702-0104,TRUE,fishing,none,dissolved_oxygen,dissolved,mg/l,5,2,8,2,0,0,n_exceedances may not be intiutive for this parameter because there are multiple components to the WQS. n_exceedances may be greater than n_samples_collected if a single sample was marked as an exceedance for multiple components of the WQS.
1702-0104,TRUE,fishing,none,ph,total,ph_units,5,2,1,1,0,0,none
1702-0104,TRUE,secondary_contact_recreation,recreation,phosphorus,total,ug/l,1,1,0,0,0,0,none
1702-0104,TRUE,primary_contact_recreation,recreation,phosphorus,total,ug/l,1,1,0,0,0,0,none
1702-0104,TRUE,source_of_water_supply,aesthetic_water-supply,iron,total,ug/l,6,2,1,1,0,0,none
1702-0104,TRUE,source_of_water_supply,aesthetic_water-supply,manganese,total,ug/l,7,2,1,1,0,0,none
1702-0104,TRUE,source_of_water_supply,health_water-source,ammonia,total,ug/l,5,2,0,0,0,0,none
1702-0104,TRUE,source_of_water_supply,health_water-source,arsenic,total,ug/l,5,2,0,0,0,0,none
1702-0104,TRUE,source_of_water_supply,health_water-source,chloride,total,ug/l,2,1,0,0,0,0,none
1702-0104,TRUE,source_of_water_supply,health_water-source,magnesium,total,ug/l,2,1,0,0,0,0,none
1702-0104,TRUE,source_of_water_supply,health_water-source,nitrate_nitrite,total,ug/l,5,2,0,0,0,0,none
1702-0104,TRUE,source_of_water_supply,health_water-source,sulfate,total,ug/l,8,2,0,0,0,0,none
1702-0105,TRUE,fishing,aquatic_chronic,ammonia,total,ug/l,4,1,0,0,0,2,none
1702-0105,TRUE,fishing,none,dissolved_oxygen,dissolved,mg/l,4,1,0,0,0,0,n_exceedances may not be intiutive for this parameter because there are multiple components to the WQS. n_exceedances may be greater than n_samples_collected if a single sample was marked as an exceedance for multiple components of the WQS.
1702-0105,TRUE,fishing,none,ph,total,ph_units,4,1,3,1,0,0,none
1702-0109,TRUE,fishing,aquatic_chronic,ammonia,total,ug/l,2,1,0,0,0,1,none
1702-0109,TRUE,fishing,none,dissolved_oxygen,dissolved,mg/l,1,1,2,1,0,0,n_exceedances may not be intiutive for this parameter because there are multiple components to the WQS. n_exceedances may be greater than n_samples_collected if a single sample was marked as an exceedance for multiple components of the WQS.
1702-0109,TRUE,fishing,none,ph,total,ph_units,1,1,0,0,0,0,none
1702-0109,TRUE,source_of_water_supply,aesthetic_water-supply,iron,total,ug/l,2,1,1,1,0,0,none
1702-0109,TRUE,source_of_water_supply,aesthetic_water-supply,manganese,total,ug/l,2,1,1,1,0,0,none
1702-0109,TRUE,source_of_water_supply,health_water-source,ammonia,total,ug/l,2,1,0,0,0,0,none
1702-0109,TRUE,source_of_water_supply,health_water-source,arsenic,total,ug/l,1,1,0,0,0,0,none
1702-0109,TRUE,source_of_water_supply,health_water-source,chloride,total,ug/l,2,1,0,0,0,0,none
1702-0109,TRUE,source_of_water_supply,health_water-source,nitrate_nitrite,total,ug/l,2,1,0,0,0,0,none
1702-0109,TRUE,source_of_water_supply,health_water-source,sulfate,total,ug/l,2,1,0,0,0,0,none
1702-0114,TRUE,fishing,aquatic_chronic,ammonia,total,ug/l,6,2,0,0,0,5,none
1702-0114,TRUE,fishing,none,dissolved_oxygen,dissolved,mg/l,5,2,4,2,0,0,n_exceedances may not be intiutive for this parameter because there are multiple components to the WQS. n_exceedances may be greater than n_samples_collected if a single sample was marked as an exceedance for multiple components of the WQS.
1702-0114,TRUE,fishing,none,ph,total,ph_units,5,2,0,0,0,0,none
1702-0114,TRUE,secondary_contact_recreation,recreation,phosphorus,total,ug/l,5,2,2,2,0,0,none
1702-0114,TRUE,primary_contact_recreation,recreation,phosphorus,total,ug/l,5,2,2,2,0,0,none
1702-0134,TRUE,fishing,aquatic_chronic,ammonia,total,ug/l,9,2,0,0,0,9,none
1702-0134,TRUE,fishing,none,dissolved_oxygen,dissolved,mg/l,5,2,2,1,0,0,n_exceedances may not be intiutive for this parameter because there are multiple components to the WQS. n_exceedances may be greater than n_samples_collected if a single sample was marked as an exceedance for multiple components of the WQS.
1702-0134,TRUE,fishing,none,ph,total,ph_units,5,2,0,0,0,0,none
1702-0134,TRUE,secondary_contact_recreation,recreation,phosphorus,total,ug/l,5,2,0,0,0,0,none
1702-0134,TRUE,primary_contact_recreation,recreation,phosphorus,total,ug/l,5,2,0,0,0,0,none
1702-0134,TRUE,source_of_water_supply,aesthetic_water-supply,iron,total,ug/l,7,1,0,0,0,0,none
1702-0134,TRUE,source_of_water_supply,aesthetic_water-supply,manganese,total,ug/l,7,1,0,0,0,0,none
1702-0134,TRUE,source_of_water_supply,health_water-source,ammonia,total,ug/l,9,2,0,0,0,0,none
1702-0134,TRUE,source_of_water_supply,health_water-source,arsenic,total,ug/l,3,1,0,0,0,0,none
1702-0134,TRUE,source_of_water_supply,health_water-source,chloride,total,ug/l,8,1,0,0,0,0,none
1702-0134,TRUE,source_of_water_supply,health_water-source,nitrate_nitrite,total,ug/l,9,2,0,0,0,0,none
1702-0134,TRUE,source_of_water_supply,health_water-source,sulfate,total,ug/l,9,2,0,0,0,0,none
1702-0152,FALSE,fishing,aquatic_chronic,ammonia,total,ug/l,6,2,0,0,0,6,none
1702-0155,FALSE,fishing,aquatic_chronic,ammonia,total,ug/l,2,1,0,0,0,2,none
1702-0237,FALSE,fishing,aquatic_chronic,ammonia,total,ug/l,1,1,0,0,0,1,none
1702-0238,TRUE,fishing,aquatic_chronic,ammonia,total,ug/l,2,2,0,0,0,2,none
1702-0238,TRUE,fishing,none,dissolved_oxygen,dissolved,mg/l,2,2,0,0,0,0,n_exceedances may not be intiutive for this parameter because there are multiple components to the WQS. n_exceedances may be greater than n_samples_collected if a single sample was marked as an exceedance for multiple components of the WQS.
1702-0238,TRUE,fishing,none,ph,total,ph_units,2,2,1,1,0,0,none
1702-0246,FALSE,secondary_contact_recreation,recreation,phosphorus,total,ug/l,1,1,0,0,0,0,none
1702-0246,FALSE,primary_contact_recreation,recreation,phosphorus,total,ug/l,1,1,0,0,0,0,none
1702-0246,FALSE,source_of_water_supply,health_water-source,chloride,total,ug/l,1,1,0,0,0,0,none
1702-0246,FALSE,source_of_water_supply,health_water-source,magnesium,total,ug/l,1,1,0,0,0,0,none
1702-0246,FALSE,source_of_water_supply,health_water-source,nitrate_nitrite,total,ug/l,1,1,0,0,0,0,none
1702-0246,FALSE,source_of_water_supply,health_water-source,sulfate,total,ug/l,1,1,0,0,0,0,none
1702-0258,TRUE,fishing,aquatic_chronic,ammonia,total,ug/l,6,2,1,1,0,2,none
1702-0258,TRUE,fishing,none,dissolved_oxygen,dissolved,mg/l,6,3,2,1,0,0,n_exceedances may not be intiutive for this parameter because there are multiple components to the WQS. n_exceedances may be greater than n_samples_collected if a single sample was marked as an exceedance for multiple components of the WQS.
1702-0258,TRUE,fishing,none,ph,total,ph_units,6,3,2,2,0,0,none
1702-0258,TRUE,secondary_contact_recreation,recreation,phosphorus,total,ug/l,1,1,1,1,0,0,none
1702-0258,TRUE,primary_contact_recreation,recreation,phosphorus,total,ug/l,1,1,1,1,0,0,none
