"LAKE_HISTORY_ID","LOCATION_PWL_ID","within_period","use","type","parameter","fraction","units","n_samples_collected","n_years_sampled","n_exceedances","n_years_w_exceedances","n_no_result_value_provided","n_threshold_data_absent","notes","X","waterbody","PWS.ID","PWS.Name","PWS.Type","Primary.Source","Counties.Served","Cities.Served","PopulationServed.Count","Number.of.Facilities","Owner.Type"
"0100ERI5000",NA,NA,NA,NA,NA,NA,NA,NA,NA,NA,NA,NA,NA,NA,NA,NA,NA,NA,NA,NA,NA,NA,NA,NA,NA
"0102AKR0013","0102-0033",TRUE,"source_of_water_supply","aesthetic_water-supply","iron","total","ug/l",6,1,1,1,0,0,"none",NA,NA,NA,NA,NA,NA,NA,NA,NA,NA,NA
"0102AKR0013","0102-0033",TRUE,"source_of_water_supply","health_water-source","sulfate","total","ug/l",8,1,0,0,0,0,"none",NA,NA,NA,NA,NA,NA,NA,NA,NA,NA,NA
"0102AKR0013","0102-0033",TRUE,"fishing","aquatic_chronic","ammonia","total","ug/l",7,1,0,0,0,4,"none",NA,NA,NA,NA,NA,NA,NA,NA,NA,NA,NA
"0102AKR0013","0102-0033",FALSE,"source_of_water_supply","health_water-source","nitrate_nitrite","total","ug/l",2,1,0,0,0,0,"none",NA,NA,NA,NA,NA,NA,NA,NA,NA,NA,NA
"0102AKR0013","0102-0033",TRUE,"fishing","none","dissolved_oxygen","dissolved","mg/l",4,1,2,1,0,0,"n_exceedances may not be intiutive for this parameter because there are multiple components to the WQS. n_exceedances may be greater than n_samples_collected if a single sample was marked as an exceedance for multiple components of the WQS.",NA,NA,NA,NA,NA,NA,NA,NA,NA,NA,NA
"0102AKR0013","0102-0033",TRUE,"source_of_water_supply","health_water-source","nitrate_nitrite","total","ug/l",7,1,0,0,0,0,"none",NA,NA,NA,NA,NA,NA,NA,NA,NA,NA,NA
"0102AKR0013","0102-0033",TRUE,"fishing","none","ph","total","ph_units",4,1,0,0,0,0,"none",NA,NA,NA,NA,NA,NA,NA,NA,NA,NA,NA
"0102AKR0013","0102-0033",FALSE,"secondary_contact_recreation","recreation","phosphorus","total","ug/l",5,2,1,1,0,0,"none",NA,NA,NA,NA,NA,NA,NA,NA,NA,NA,NA
"0102AKR0013","0102-0033",FALSE,"fishing","aquatic_chronic","ammonia","total","ug/l",2,1,0,0,0,2,"none",NA,NA,NA,NA,NA,NA,NA,NA,NA,NA,NA
"0102AKR0013","0102-0033",FALSE,"source_of_water_supply","health_water-source","magnesium","total","ug/l",5,2,0,0,0,0,"none",NA,NA,NA,NA,NA,NA,NA,NA,NA,NA,NA
"0102AKR0013","0102-0033",TRUE,"source_of_water_supply","health_water-source","arsenic","total","ug/l",6,1,0,0,0,0,"none",NA,NA,NA,NA,NA,NA,NA,NA,NA,NA,NA
"0102AKR0013","0102-0033",TRUE,"source_of_water_supply","health_water-source","ammonia","total","ug/l",7,1,0,0,0,0,"none",NA,NA,NA,NA,NA,NA,NA,NA,NA,NA,NA
"0102AKR0013","0102-0033",FALSE,"primary_contact_recreation","recreation","phosphorus","total","ug/l",5,2,1,1,0,0,"none",NA,NA,NA,NA,NA,NA,NA,NA,NA,NA,NA
"0102AKR0013","0102-0033",TRUE,"source_of_water_supply","aesthetic_water-supply","manganese","total","ug/l",8,1,0,0,0,0,"none",NA,NA,NA,NA,NA,NA,NA,NA,NA,NA,NA
"0102AKR0013","0102-0033",FALSE,"source_of_water_supply","health_water-source","ammonia","total","ug/l",2,1,0,0,0,0,"none",NA,NA,NA,NA,NA,NA,NA,NA,NA,NA,NA
"0102AKR0013","0102-0033",TRUE,"source_of_water_supply","health_water-source","copper","total","ug/l",4,1,0,0,0,0,"none",NA,NA,NA,NA,NA,NA,NA,NA,NA,NA,NA
"0102ATT0020","0102-0039",FALSE,"primary_contact_recreation","recreation","phosphorus","total","ug/l",6,3,3,3,0,0,"none",NA,NA,NA,NA,NA,NA,NA,NA,NA,NA,NA
"0102ATT0020","0102-0039",FALSE,"secondary_contact_recreation","recreation","phosphorus","total","ug/l",6,3,3,3,0,0,"none",NA,NA,NA,NA,NA,NA,NA,NA,NA,NA,NA
"0102ATT0020","0102-0039",FALSE,"source_of_water_supply","health_water-source","chloride","total","ug/l",10,2,0,0,0,0,"none",NA,NA,NA,NA,NA,NA,NA,NA,NA,NA,NA
"0102ATT0020","0102-0039",FALSE,"source_of_water_supply","health_water-source","nitrate_nitrite","total","ug/l",12,3,0,0,0,0,"none",NA,NA,NA,NA,NA,NA,NA,NA,NA,NA,NA
"0102ATT0020","0102-0039",FALSE,"source_of_water_supply","health_water-source","arsenic","total","ug/l",10,3,0,0,0,0,"none",NA,NA,NA,NA,NA,NA,NA,NA,NA,NA,NA
"0102ATT0020","0102-0039",TRUE,"fishing","aquatic_chronic","nitrite","total","ug/l",6,1,0,0,0,0,"none",NA,NA,NA,NA,NA,NA,NA,NA,NA,NA,NA
"0102ATT0020","0102-0039",TRUE,"source_of_water_supply","health_water-source","arsenic","total","ug/l",5,1,0,0,0,0,"none",NA,NA,NA,NA,NA,NA,NA,NA,NA,NA,NA
"0102ATT0020","0102-0039",TRUE,"fishing","aquatic_chronic","ammonia","total","ug/l",4,1,0,0,0,4,"none",NA,NA,NA,NA,NA,NA,NA,NA,NA,NA,NA
"0102ATT0020","0102-0039",FALSE,"source_of_water_supply","health_water-source","sulfate","total","ug/l",10,2,0,0,0,0,"none",NA,NA,NA,NA,NA,NA,NA,NA,NA,NA,NA
"0102ATT0020","0102-0039",FALSE,"source_of_water_supply","health_water-source","magnesium","total","ug/l",12,3,0,0,0,0,"none",NA,NA,NA,NA,NA,NA,NA,NA,NA,NA,NA
"0102ATT0020","0102-0039",FALSE,"source_of_water_supply","aesthetic_water-supply","iron","total","ug/l",10,2,4,2,0,0,"none",NA,NA,NA,NA,NA,NA,NA,NA,NA,NA,NA
"0102ATT0020","0102-0039",FALSE,"source_of_water_supply","aesthetic_water-supply","manganese","total","ug/l",10,2,5,2,0,0,"none",NA,NA,NA,NA,NA,NA,NA,NA,NA,NA,NA
"0102ATT0020","0102-0039",TRUE,"secondary_contact_recreation","recreation","phosphorus","total","ug/l",3,1,1,1,0,0,"none",NA,NA,NA,NA,NA,NA,NA,NA,NA,NA,NA
"0102ATT0020","0102-0039",TRUE,"source_of_water_supply","health_water-source","nitrate","total","ug/l",3,1,0,0,0,0,"none",NA,NA,NA,NA,NA,NA,NA,NA,NA,NA,NA
"0102ATT0020","0102-0039",TRUE,"source_of_water_supply","health_water-source","chloride","total","ug/l",5,1,0,0,0,0,"none",NA,NA,NA,NA,NA,NA,NA,NA,NA,NA,NA
"0102ATT0020","0102-0039",TRUE,"source_of_water_supply","health_water-source","ammonia","total","ug/l",4,1,0,0,0,0,"none",NA,NA,NA,NA,NA,NA,NA,NA,NA,NA,NA
"0102ATT0020","0102-0039",TRUE,"fishing","none","ph","total","ph_units",3,1,0,0,0,0,"none",NA,NA,NA,NA,NA,NA,NA,NA,NA,NA,NA
"0102ATT0020","0102-0039",TRUE,"source_of_water_supply","health_water-source","nitrate_nitrite","total","ug/l",3,1,0,0,0,0,"none",NA,NA,NA,NA,NA,NA,NA,NA,NA,NA,NA
"0102ATT0020","0102-0039",FALSE,"fishing","aquatic_chronic","ammonia","total","ug/l",12,3,0,0,0,12,"none",NA,NA,NA,NA,NA,NA,NA,NA,NA,NA,NA
"0102ATT0020","0102-0039",TRUE,"source_of_water_supply","health_water-source","magnesium","total","ug/l",6,1,0,0,0,0,"none",NA,NA,NA,NA,NA,NA,NA,NA,NA,NA,NA
"0102ATT0020","0102-0039",FALSE,"source_of_water_supply","health_water-source","ammonia","total","ug/l",12,3,2,2,0,0,"none",NA,NA,NA,NA,NA,NA,NA,NA,NA,NA,NA
"0102ATT0020","0102-0039",TRUE,"source_of_water_supply","aesthetic_water-supply","manganese","total","ug/l",4,1,1,1,0,0,"none",NA,NA,NA,NA,NA,NA,NA,NA,NA,NA,NA
"0102ATT0020","0102-0039",TRUE,"primary_contact_recreation","recreation","phosphorus","total","ug/l",3,1,1,1,0,0,"none",NA,NA,NA,NA,NA,NA,NA,NA,NA,NA,NA
"0102ATT0020","0102-0039",TRUE,"source_of_water_supply","health_water-source","nitrite","total","ug/l",6,1,0,0,0,0,"none",NA,NA,NA,NA,NA,NA,NA,NA,NA,NA,NA
"0102ATT0020","0102-0039",TRUE,"fishing","none","dissolved_oxygen","dissolved","mg/l",3,1,6,1,0,0,"n_exceedances may not be intiutive for this parameter because there are multiple components to the WQS. n_exceedances may be greater than n_samples_collected if a single sample was marked as an exceedance for multiple components of the WQS.",NA,NA,NA,NA,NA,NA,NA,NA,NA,NA,NA
"0102ATT0020","0102-0039",TRUE,"source_of_water_supply","health_water-source","sulfate","total","ug/l",5,1,0,0,0,0,"none",NA,NA,NA,NA,NA,NA,NA,NA,NA,NA,NA
"0102ATT0020","0102-0039",TRUE,"source_of_water_supply","aesthetic_water-supply","iron","total","ug/l",5,1,3,1,0,0,"none",NA,NA,NA,NA,NA,NA,NA,NA,NA,NA,NA
"0105FRE0160","0105-0021",FALSE,"primary_contact_recreation","recreation","phosphorus","total","ug/l",2,1,0,0,0,0,"none",NA,NA,NA,NA,NA,NA,NA,NA,NA,NA,NA
"0105FRE0160","0105-0021",TRUE,"secondary_contact_recreation","recreation","phosphorus","total","ug/l",4,2,0,0,0,0,"none",NA,NA,NA,NA,NA,NA,NA,NA,NA,NA,NA
"0105FRE0160","0105-0021",FALSE,"fishing","aquatic_chronic","ammonia","total","ug/l",2,1,0,0,0,2,"none",NA,NA,NA,NA,NA,NA,NA,NA,NA,NA,NA
"0105FRE0160","0105-0021",TRUE,"fishing","aquatic_chronic","nitrite","total","ug/l",8,2,0,0,0,0,"none",NA,NA,NA,NA,NA,NA,NA,NA,NA,NA,NA
"0105FRE0160","0105-0021",TRUE,"source_of_water_supply","health_water-source","nitrate","total","ug/l",5,2,0,0,0,0,"none",NA,NA,NA,NA,NA,NA,NA,NA,NA,NA,NA
"0105FRE0160","0105-0021",TRUE,"source_of_water_supply","health_water-source","copper","total","ug/l",4,1,0,0,0,0,"none",NA,NA,NA,NA,NA,NA,NA,NA,NA,NA,NA
"0105FRE0160","0105-0021",TRUE,"source_of_water_supply","health_water-source","chloride","total","ug/l",7,2,0,0,0,0,"none",NA,NA,NA,NA,NA,NA,NA,NA,NA,NA,NA
"0105FRE0160","0105-0021",FALSE,"source_of_water_supply","health_water-source","nitrate_nitrite","total","ug/l",1,1,0,0,0,0,"none",NA,NA,NA,NA,NA,NA,NA,NA,NA,NA,NA
"0105FRE0160","0105-0021",TRUE,"source_of_water_supply","aesthetic_water-supply","iron","total","ug/l",13,3,4,3,0,0,"none",NA,NA,NA,NA,NA,NA,NA,NA,NA,NA,NA
"0105FRE0160","0105-0021",TRUE,"primary_contact_recreation","recreation","phosphorus","total","ug/l",4,2,0,0,0,0,"none",NA,NA,NA,NA,NA,NA,NA,NA,NA,NA,NA
"0105FRE0160","0105-0021",FALSE,"secondary_contact_recreation","recreation","phosphorus","total","ug/l",2,1,0,0,0,0,"none",NA,NA,NA,NA,NA,NA,NA,NA,NA,NA,NA
"0105FRE0160","0105-0021",TRUE,"fishing","aquatic_chronic","ammonia","total","ug/l",12,3,0,0,0,10,"none",NA,NA,NA,NA,NA,NA,NA,NA,NA,NA,NA
"0105FRE0160","0105-0021",FALSE,"source_of_water_supply","health_water-source","ammonia","total","ug/l",2,1,0,0,0,0,"none",NA,NA,NA,NA,NA,NA,NA,NA,NA,NA,NA
"0105FRE0160","0105-0021",TRUE,"source_of_water_supply","health_water-source","ammonia","total","ug/l",12,3,0,0,0,0,"none",NA,NA,NA,NA,NA,NA,NA,NA,NA,NA,NA
"0105FRE0160","0105-0021",TRUE,"fishing","none","ph","total","ph_units",7,3,0,0,0,0,"none",NA,NA,NA,NA,NA,NA,NA,NA,NA,NA,NA
"0105FRE0160","0105-0021",FALSE,"source_of_water_supply","health_water-source","magnesium","total","ug/l",4,1,0,0,0,0,"none",NA,NA,NA,NA,NA,NA,NA,NA,NA,NA,NA
"0105FRE0160","0105-0021",TRUE,"source_of_water_supply","health_water-source","magnesium","total","ug/l",6,1,0,0,0,0,"none",NA,NA,NA,NA,NA,NA,NA,NA,NA,NA,NA
"0105FRE0160","0105-0021",TRUE,"fishing","none","dissolved_oxygen","dissolved","mg/l",7,3,8,3,0,0,"n_exceedances may not be intiutive for this parameter because there are multiple components to the WQS. n_exceedances may be greater than n_samples_collected if a single sample was marked as an exceedance for multiple components of the WQS.",NA,NA,NA,NA,NA,NA,NA,NA,NA,NA,NA
"0105FRE0160","0105-0021",TRUE,"source_of_water_supply","health_water-source","nitrate_nitrite","total","ug/l",13,3,0,0,0,0,"none",NA,NA,NA,NA,NA,NA,NA,NA,NA,NA,NA
"0105FRE0160","0105-0021",TRUE,"source_of_water_supply","health_water-source","nitrite","total","ug/l",8,2,0,0,0,0,"none",NA,NA,NA,NA,NA,NA,NA,NA,NA,NA,NA
"0105FRE0160","0105-0021",TRUE,"source_of_water_supply","health_water-source","sulfate","total","ug/l",15,3,0,0,0,0,"none",NA,NA,NA,NA,NA,NA,NA,NA,NA,NA,NA
"0105FRE0160","0105-0021",TRUE,"source_of_water_supply","health_water-source","arsenic","total","ug/l",14,3,0,0,0,0,"none",NA,NA,NA,NA,NA,NA,NA,NA,NA,NA,NA
"0105FRE0160","0105-0021",TRUE,"source_of_water_supply","aesthetic_water-supply","manganese","total","ug/l",14,3,6,3,0,0,"none",NA,NA,NA,NA,NA,NA,NA,NA,NA,NA,NA
"0105MIN0165A","0105-0029",TRUE,"source_of_water_supply","health_water-source","arsenic","total","ug/l",6,2,0,0,0,0,"none",NA,NA,NA,NA,NA,NA,NA,NA,NA,NA,NA
"0105MIN0165A","0105-0029",TRUE,"source_of_water_supply","aesthetic_water-supply","manganese","total","ug/l",5,2,0,0,0,0,"none",NA,NA,NA,NA,NA,NA,NA,NA,NA,NA,NA
"0105MIN0165A","0105-0029",TRUE,"secondary_contact_recreation","recreation","phosphorus","total","ug/l",3,1,0,0,0,0,"none",NA,NA,NA,NA,NA,NA,NA,NA,NA,NA,NA
"0105MIN0165A","0105-0029",TRUE,"source_of_water_supply","health_water-source","ammonia","total","ug/l",5,2,0,0,0,0,"none",NA,NA,NA,NA,NA,NA,NA,NA,NA,NA,NA
"0105MIN0165A","0105-0029",TRUE,"fishing","aquatic_chronic","ammonia","total","ug/l",5,2,0,0,0,4,"none",NA,NA,NA,NA,NA,NA,NA,NA,NA,NA,NA
"0105MIN0165A","0105-0029",TRUE,"source_of_water_supply","health_water-source","nitrate","total","ug/l",3,1,0,0,0,0,"none",NA,NA,NA,NA,NA,NA,NA,NA,NA,NA,NA
"0105MIN0165A","0105-0029",TRUE,"primary_contact_recreation","recreation","phosphorus","total","ug/l",3,1,0,0,0,0,"none",NA,NA,NA,NA,NA,NA,NA,NA,NA,NA,NA
"0105MIN0165A","0105-0029",TRUE,"source_of_water_supply","aesthetic_water-supply","iron","total","ug/l",6,2,0,0,0,0,"none",NA,NA,NA,NA,NA,NA,NA,NA,NA,NA,NA
"0105MIN0165A","0105-0029",TRUE,"source_of_water_supply","health_water-source","chloride","total","ug/l",5,1,0,0,0,0,"none",NA,NA,NA,NA,NA,NA,NA,NA,NA,NA,NA
"0105MIN0165A","0105-0029",TRUE,"source_of_water_supply","health_water-source","nitrite","total","ug/l",6,1,0,0,0,0,"none",NA,NA,NA,NA,NA,NA,NA,NA,NA,NA,NA
"0105MIN0165A","0105-0029",TRUE,"source_of_water_supply","health_water-source","magnesium","total","ug/l",6,1,0,0,0,0,"none",NA,NA,NA,NA,NA,NA,NA,NA,NA,NA,NA
"0105MIN0165A","0105-0029",TRUE,"source_of_water_supply","health_water-source","nitrate_nitrite","total","ug/l",4,2,0,0,0,0,"none",NA,NA,NA,NA,NA,NA,NA,NA,NA,NA,NA
"0105MIN0165A","0105-0029",TRUE,"fishing","aquatic_chronic","nitrite","total","ug/l",6,1,0,0,0,0,"none",NA,NA,NA,NA,NA,NA,NA,NA,NA,NA,NA
"0105MIN0165A","0105-0029",TRUE,"fishing","none","dissolved_oxygen","dissolved","mg/l",4,2,0,0,0,0,"n_exceedances may not be intiutive for this parameter because there are multiple components to the WQS. n_exceedances may be greater than n_samples_collected if a single sample was marked as an exceedance for multiple components of the WQS.",NA,NA,NA,NA,NA,NA,NA,NA,NA,NA,NA
"0105MIN0165A","0105-0029",TRUE,"fishing","none","ph","total","ph_units",4,2,0,0,0,0,"none",NA,NA,NA,NA,NA,NA,NA,NA,NA,NA,NA
"0105MIN0165A","0105-0029",TRUE,"source_of_water_supply","health_water-source","sulfate","total","ug/l",6,2,0,0,0,0,"none",NA,NA,NA,NA,NA,NA,NA,NA,NA,NA,NA
"0105UWB0166M",NA,NA,NA,NA,NA,NA,NA,NA,NA,NA,NA,NA,NA,NA,NA,NA,NA,NA,NA,NA,NA,NA,NA,NA,NA
"0202CHA0122","0202-0020",FALSE,"source_of_water_supply","health_water-source","ammonia","total","ug/l",79,10,0,0,0,0,"none",NA,NA,NA,NA,NA,NA,NA,NA,NA,NA,NA
"0202CHA0122","0202-0020",FALSE,"source_of_water_supply","health_water-source","nitrate_nitrite","total","ug/l",36,7,0,0,0,0,"none",NA,NA,NA,NA,NA,NA,NA,NA,NA,NA,NA
"0202CHA0122","0202-0020",TRUE,"source_of_water_supply","health_water-source","ammonia","total","ug/l",57,9,0,0,0,0,"none",NA,NA,NA,NA,NA,NA,NA,NA,NA,NA,NA
"0202CHA0122","0202-0020",TRUE,"source_of_water_supply","health_water-source","chloride","total","ug/l",20,8,0,0,0,0,"none",NA,NA,NA,NA,NA,NA,NA,NA,NA,NA,NA
"0202CHA0122","0202-0020",FALSE,"fishing","aquatic_chronic","ammonia","total","ug/l",79,10,0,0,0,79,"none",NA,NA,NA,NA,NA,NA,NA,NA,NA,NA,NA
"0202CHA0122","0202-0020",FALSE,"primary_contact_recreation","recreation","phosphorus","total","ug/l",85,15,15,15,0,0,"none",NA,NA,NA,NA,NA,NA,NA,NA,NA,NA,NA
"0202CHA0122","0202-0020",TRUE,"fishing","aquatic_chronic","ammonia","total","ug/l",57,9,0,0,0,57,"none",NA,NA,NA,NA,NA,NA,NA,NA,NA,NA,NA
"0202CHA0122","0202-0020",FALSE,"source_of_water_supply","aesthetic_water-supply","manganese","total","ug/l",2,1,0,0,0,0,"none",NA,NA,NA,NA,NA,NA,NA,NA,NA,NA,NA
"0202CHA0122","0202-0020",TRUE,"primary_contact_recreation","recreation","phosphorus","total","ug/l",57,8,8,8,0,0,"none",NA,NA,NA,NA,NA,NA,NA,NA,NA,NA,NA
"0202CHA0122","0202-0020",TRUE,"source_of_water_supply","health_water-source","nitrate_nitrite","total","ug/l",50,8,0,0,0,0,"none",NA,NA,NA,NA,NA,NA,NA,NA,NA,NA,NA
"0202CHA0122","0202-0020",TRUE,"secondary_contact_recreation","recreation","phosphorus","total","ug/l",57,8,8,8,0,0,"none",NA,NA,NA,NA,NA,NA,NA,NA,NA,NA,NA
"0202CHA0122","0202-0020",FALSE,"secondary_contact_recreation","recreation","phosphorus","total","ug/l",85,15,15,15,0,0,"none",NA,NA,NA,NA,NA,NA,NA,NA,NA,NA,NA
"0202CHA0122","0202-0020",FALSE,"source_of_water_supply","aesthetic_water-supply","iron","total","ug/l",2,1,0,0,0,0,"none",NA,NA,NA,NA,NA,NA,NA,NA,NA,NA,NA
"0202CHA0122","0202-0072",TRUE,"source_of_water_supply","health_water-source","chloride","total","ug/l",28,8,0,0,0,0,"none",NA,NA,NA,NA,NA,NA,NA,NA,NA,NA,NA
"0202CHA0122","0202-0072",FALSE,"source_of_water_supply","health_water-source","nitrite","total","ug/l",27,5,0,0,0,0,"none",NA,NA,NA,NA,NA,NA,NA,NA,NA,NA,NA
"0202CHA0122","0202-0072",TRUE,"fishing","none","ph","total","ph_units",1,1,0,0,0,0,"none",NA,NA,NA,NA,NA,NA,NA,NA,NA,NA,NA
"0202CHA0122","0202-0072",TRUE,"source_of_water_supply","health_water-source","nitrite","total","ug/l",2,1,0,0,0,0,"none",NA,NA,NA,NA,NA,NA,NA,NA,NA,NA,NA
"0202CHA0122","0202-0072",FALSE,"primary_contact_recreation","recreation","phosphorus","total","ug/l",152,24,21,21,0,0,"none",NA,NA,NA,NA,NA,NA,NA,NA,NA,NA,NA
"0202CHA0122","0202-0072",FALSE,"fishing","aquatic_chronic","nitrite","total","ug/l",27,5,0,0,0,0,"none",NA,NA,NA,NA,NA,NA,NA,NA,NA,NA,NA
"0202CHA0122","0202-0072",TRUE,"secondary_contact_recreation","recreation","phosphorus","total","ug/l",69,9,9,9,0,0,"none",NA,NA,NA,NA,NA,NA,NA,NA,NA,NA,NA
"0202CHA0122","0202-0072",TRUE,"primary_contact_recreation","recreation","phosphorus","total","ug/l",69,9,9,9,0,0,"none",NA,NA,NA,NA,NA,NA,NA,NA,NA,NA,NA
"0202CHA0122","0202-0072",FALSE,"secondary_contact_recreation","recreation","phosphorus","total","ug/l",152,24,21,21,0,0,"none",NA,NA,NA,NA,NA,NA,NA,NA,NA,NA,NA
"0202CHA0122","0202-0072",TRUE,"fishing","none","dissolved_oxygen","dissolved","mg/l",1,1,2,1,0,0,"n_exceedances may not be intiutive for this parameter because there are multiple components to the WQS. n_exceedances may be greater than n_samples_collected if a single sample was marked as an exceedance for multiple components of the WQS.",NA,NA,NA,NA,NA,NA,NA,NA,NA,NA,NA
"0202CHA0122","0202-0072",TRUE,"fishing","aquatic_chronic","nitrite","total","ug/l",2,1,0,0,0,0,"none",NA,NA,NA,NA,NA,NA,NA,NA,NA,NA,NA
"0202CHA0122","0202-0072",TRUE,"source_of_water_supply","health_water-source","ammonia","total","ug/l",127,10,0,0,0,0,"none",NA,NA,NA,NA,NA,NA,NA,NA,NA,NA,NA
"0202CHA0122","0202-0072",FALSE,"source_of_water_supply","health_water-source","arsenic","total","ug/l",9,4,0,0,0,0,"none",NA,NA,NA,NA,NA,NA,NA,NA,NA,NA,NA
"0202CHA0122","0202-0072",FALSE,"source_of_water_supply","health_water-source","nitrate_nitrite","total","ug/l",155,23,0,0,0,0,"none",NA,NA,NA,NA,NA,NA,NA,NA,NA,NA,NA
"0202CHA0122","0202-0072",FALSE,"source_of_water_supply","health_water-source","ammonia","total","ug/l",104,11,0,0,0,0,"none",NA,NA,NA,NA,NA,NA,NA,NA,NA,NA,NA
"0202CHA0122","0202-0072",FALSE,"fishing","aquatic_chronic","ammonia","total","ug/l",104,11,0,0,0,104,"none",NA,NA,NA,NA,NA,NA,NA,NA,NA,NA,NA
"0202CHA0122","0202-0072",TRUE,"fishing","aquatic_chronic","ammonia","total","ug/l",127,10,0,0,0,127,"none",NA,NA,NA,NA,NA,NA,NA,NA,NA,NA,NA
"0202CHA0122","0202-0072",TRUE,"source_of_water_supply","health_water-source","nitrate_nitrite","total","ug/l",53,9,0,0,0,0,"none",NA,NA,NA,NA,NA,NA,NA,NA,NA,NA,NA
"0202CHA0122",NA,NA,NA,NA,NA,NA,NA,NA,NA,NA,NA,NA,NA,NA,NA,NA,NA,NA,NA,NA,NA,NA,NA,NA,NA
"0300ONT0000","0301-0018",FALSE,"fishing","aquatic_chronic","ammonia","total","ug/l",4,1,0,0,0,4,"none",NA,NA,NA,NA,NA,NA,NA,NA,NA,NA,NA
"0300ONT0000","0302-0058",TRUE,"fishing","none","ph","total","ph_units",3,2,2,1,0,0,"none",NA,NA,NA,NA,NA,NA,NA,NA,NA,NA,NA
"0300ONT0000","0302-0058",TRUE,"primary_contact_recreation","recreation","phosphorus","total","ug/l",1,1,1,1,0,0,"none",NA,NA,NA,NA,NA,NA,NA,NA,NA,NA,NA
"0300ONT0000","0302-0058",TRUE,"fishing","aquatic_chronic","ammonia","total","ug/l",4,2,0,0,0,2,"none",NA,NA,NA,NA,NA,NA,NA,NA,NA,NA,NA
"0300ONT0000","0302-0058",TRUE,"fishing","none","dissolved_oxygen","dissolved","mg/l",3,2,0,0,0,0,"n_exceedances may not be intiutive for this parameter because there are multiple components to the WQS. n_exceedances may be greater than n_samples_collected if a single sample was marked as an exceedance for multiple components of the WQS.",NA,NA,NA,NA,NA,NA,NA,NA,NA,NA,NA
"0300ONT0000","0302-0058",TRUE,"secondary_contact_recreation","recreation","phosphorus","total","ug/l",1,1,1,1,0,0,"none",NA,NA,NA,NA,NA,NA,NA,NA,NA,NA,NA
"0300ONT0000","0303-0002",TRUE,"fishing","none","dissolved_oxygen","dissolved","mg/l",5,4,2,1,0,0,"n_exceedances may not be intiutive for this parameter because there are multiple components to the WQS. n_exceedances may be greater than n_samples_collected if a single sample was marked as an exceedance for multiple components of the WQS.",NA,NA,NA,NA,NA,NA,NA,NA,NA,NA,NA
"0300ONT0000","0303-0002",FALSE,"secondary_contact_recreation","recreation","phosphorus","total","ug/l",58,6,6,6,0,0,"none",NA,NA,NA,NA,NA,NA,NA,NA,NA,NA,NA
"0300ONT0000","0303-0002",FALSE,"fishing","aquatic_chronic","ammonia","total","ug/l",7,1,0,0,0,7,"none",NA,NA,NA,NA,NA,NA,NA,NA,NA,NA,NA
"0300ONT0000","0303-0002",TRUE,"fishing","none","ph","total","ph_units",5,4,1,1,0,0,"none",NA,NA,NA,NA,NA,NA,NA,NA,NA,NA,NA
"0300ONT0000","0303-0002",FALSE,"primary_contact_recreation","recreation","phosphorus","total","ug/l",58,6,6,6,0,0,"none",NA,NA,NA,NA,NA,NA,NA,NA,NA,NA,NA
"0300ONT0000","0303-0002",TRUE,"primary_contact_recreation","recreation","phosphorus","total","ug/l",2,2,2,2,0,0,"none",NA,NA,NA,NA,NA,NA,NA,NA,NA,NA,NA
"0300ONT0000","0303-0002",TRUE,"secondary_contact_recreation","recreation","phosphorus","total","ug/l",2,2,2,2,0,0,"none",NA,NA,NA,NA,NA,NA,NA,NA,NA,NA,NA
"0300ONT0000","0303-0002",TRUE,"fishing","aquatic_chronic","ammonia","total","ug/l",3,3,0,0,0,2,"none",NA,NA,NA,NA,NA,NA,NA,NA,NA,NA,NA
"0300ONT0000","0303-0002",FALSE,"fishing","aquatic_chronic","fluoride","total","ug/l",7,1,0,0,0,7,"none",NA,NA,NA,NA,NA,NA,NA,NA,NA,NA,NA
"0300ONT0000","0303-0011",NA,NA,NA,NA,NA,NA,NA,NA,NA,NA,NA,NA,NA,NA,NA,NA,NA,NA,NA,NA,NA,NA,NA,NA
"0300ONT0000","0303-0022",NA,NA,NA,NA,NA,NA,NA,NA,NA,NA,NA,NA,NA,1,"Henderson Bay","NY2701047","MCWA","Community water system","Surface water","Monroe, Orleans","BATAVIA (T), BRIGHTON (T), CHILI (T), CHURCHVILLE (V), CLARKSON (T), EAST ROCHESTER (X), FAIRPORT (V), GATES (T), GREECE (T), HAMLIN (T), HENRIETTA (T), HONEOYE FALLS (V), IRONDEQUOIT (T), KENDALL (T), MENDON (T), OAKFIELD (T), OAKFIELD (V), OGDEN (T), PARMA (T), PENFIELD (T), PERINTON (T), PITTSFORD (T), PITTSFORD (V), RIGA (T), ROCHESTER (C), RUSH (T), SCOTTSVILLE (V), SPENCERPORT (V), SWEDEN (T), VICTOR (T), VICTOR (V), WEBSTER (T), WHEATLAND (T)",496753,36,"Public/Private"
"0300ONT0000","0303-0022",NA,NA,NA,NA,NA,NA,NA,NA,NA,NA,NA,NA,NA,2,"Henderson Bay","NY3304336","OCWA","Community water system","Surface water","Onondaga","SYRACUSE (C)",300000,104,"Public/Private"
"0300ONT0000","0303-0022",NA,NA,NA,NA,NA,NA,NA,NA,NA,NA,NA,NA,NA,16,"Henderson Bay","NY3600596","ALBION VILLAGE","Community water system","Surface water","Orleans","ALBION (V)",6000,10,"Local government"
"0300ONT0000","0303-0022",NA,NA,NA,NA,NA,NA,NA,NA,NA,NA,NA,NA,NA,30,"Henderson Bay","NY2730003","RED-ROCHESTER IWS","Non-Transient non-community system","Surface water","Monroe","GREECE (T), ROCHESTER (C)",2185,5,"Private"
"0300ONT0000","0303-0022",NA,NA,NA,NA,NA,NA,NA,NA,NA,NA,NA,NA,NA,31,"Henderson Bay","NY2202335","CLAYTON VILLAGE","Community water system","Surface water","Jefferson","CLAYTON (V)",2100,5,"Local government"
"0300ONT0000","0303-0022",NA,NA,NA,NA,NA,NA,NA,NA,NA,NA,NA,NA,NA,6,"Henderson Bay","NY3704361","OSWEGO CITY","Community water system","Surface water","Oswego","OSWEGO (C)",29400,15,"Local government"
"0300ONT0000","0303-0022",NA,NA,NA,NA,NA,NA,NA,NA,NA,NA,NA,NA,NA,33,"Henderson Bay","NY5801241","SODUS VILLAGE","Community water system","Surface water","Wayne","SODUS (V)",1819,16,"Local government"
"0300ONT0000","0303-0022",NA,NA,NA,NA,NA,NA,NA,NA,NA,NA,NA,NA,NA,47,"Henderson Bay","NY2230027","HENDERSON TOWN WD 1,2","Community water system","Surface water","Jefferson","HENDERSON (T)",700,4,"Local government"
"0300ONT0000","0303-0022",NA,NA,NA,NA,NA,NA,NA,NA,NA,NA,NA,NA,NA,74,"Henderson Bay","NY2230111","US COAST GUARD - WELLESLEY ISLAND","Non-Transient non-community system","Surface water","Jefferson","",29,7,"Federal government"
"0300ONT0000","0303-0022",NA,NA,NA,NA,NA,NA,NA,NA,NA,NA,NA,NA,NA,10,"Henderson Bay","NY4404394","OGDENSBURG CITY","Community water system","Surface water","St. Lawrence","OGDENSBURG (C)",11128,20,"Local government"
"0300ONT0000","0303-0022",NA,NA,NA,NA,NA,NA,NA,NA,NA,NA,NA,NA,NA,11,"Henderson Bay","NY5801233","ONTARIO TOWN BENEFIT AREA #1","Community water system","Surface water","Wayne","ONTARIO (T)",10136,23,"Local government"
"0300ONT0000","0303-0022",NA,NA,NA,NA,NA,NA,NA,NA,NA,NA,NA,NA,NA,51,"Henderson Bay","NY2211797","SOUTHWICK BEACH STATE PARK","Transient non-community system","Surface water","Jefferson","ELLISBURG (T)",520,7,"State government"
"0300ONT0000","0303-0022",NA,NA,NA,NA,NA,NA,NA,NA,NA,NA,NA,NA,NA,78,"Henderson Bay","NY2202072","","","","","",NA,NA,""
"0300ONT0000","0303-0022",NA,NA,NA,NA,NA,NA,NA,NA,NA,NA,NA,NA,NA,53,"Henderson Bay","NY4404391","MORRISTOWN WATER DISTRICT","Community water system","Surface water","St. Lawrence","MORRISTOWN (V)",395,5,"Local government"
"0300ONT0000","0303-0022",NA,NA,NA,NA,NA,NA,NA,NA,NA,NA,NA,NA,NA,15,"Henderson Bay","NY5801258","WILLIAMSON TOWN WD","Community water system","Surface water","Wayne","WILLIAMSON (T)",6600,22,"Local government"
"0300ONT0000","0303-0022",NA,NA,NA,NA,NA,NA,NA,NA,NA,NA,NA,NA,NA,29,"Henderson Bay","NY5801245","WOLCOTT VILLAGE","Community water system","Surface water","Wayne","WOLCOTT (V)",2200,15,"Local government"
"0300ONT0000","0303-0022",NA,NA,NA,NA,NA,NA,NA,NA,NA,NA,NA,NA,NA,56,"Henderson Bay","NY2208618","KRINGS TRAILER PARK","Transient non-community system","Surface water","Jefferson","ALEXANDRIA (T)",300,9,"Private"
"0300ONT0000","0303-0022",NA,NA,NA,NA,NA,NA,NA,NA,NA,NA,NA,NA,NA,57,"Henderson Bay","NY2208811","BIRCH HAVEN CAMPGROUND","Transient non-community system","Surface water","Jefferson","CLAYTON (T)",200,16,"Private"
"0300ONT0000","0303-0022",NA,NA,NA,NA,NA,NA,NA,NA,NA,NA,NA,NA,NA,32,"Henderson Bay","NY2202329","ALEXANDRIA BAY VILLAGE","Community water system","Surface water","Jefferson","ALEXANDRIA BAY (V)",1900,6,"Local government"
"0300ONT0000","0303-0022",NA,NA,NA,NA,NA,NA,NA,NA,NA,NA,NA,NA,NA,59,"Henderson Bay","NY2211789","CANOE-PICNIC POINT STATE PARK","Transient non-community system","Surface water","Jefferson","ALEXANDRIA BAY (V)",175,4,"State government"
"0300ONT0000","0303-0022",NA,NA,NA,NA,NA,NA,NA,NA,NA,NA,NA,NA,NA,60,"Henderson Bay","NY2213150","SHANGRI-LA CAMPGROUND","Transient non-community system","Surface water","Jefferson","LYME (T)",150,12,"Private"
"0300ONT0000","0303-0022",NA,NA,NA,NA,NA,NA,NA,NA,NA,NA,NA,NA,NA,73,"Henderson Bay","NY2208212","ONTARIO SHORES T/P & MARINA","Transient non-community system","Surface water","Jefferson","CAPE VINCENT (T)",39,8,"Private"
"0300ONT0000","0303-0022",NA,NA,NA,NA,NA,NA,NA,NA,NA,NA,NA,NA,NA,23,"Henderson Bay","NY4430133","EAST LOUISVILLE WATER DISTRICT","Community water system","Surface water","St. Lawrence","LOUISVILLE (T)",3235,9,"Local government"
"0300ONT0000","0303-0022",NA,NA,NA,NA,NA,NA,NA,NA,NA,NA,NA,NA,NA,37,"Henderson Bay","NY3600599","LYNDONVILLE VILLAGE","Community water system","Surface water","Orleans","LYNDONVILLE (V)",1418,6,"Local government"
"0300ONT0000","0303-0022",NA,NA,NA,NA,NA,NA,NA,NA,NA,NA,NA,NA,NA,77,"Henderson Bay","NY4430161","SINGER CASTLE","Transient non-community system","Surface water","St. Lawrence","HAMMOND (T)",25,5,"Private"
"0300ONT0000","0303-0022",NA,NA,NA,NA,NA,NA,NA,NA,NA,NA,NA,NA,NA,68,"Henderson Bay","NY2219170","GUFFIN BAY RESORT & MARINA","Transient non-community system","Surface water","Jefferson","LYME (T)",60,13,"Private"
"0300ONT0000","0303-0022",NA,NA,NA,NA,NA,NA,NA,NA,NA,NA,NA,NA,NA,66,"Henderson Bay","NY2213144","WILLOWS ON THE LAKE","Transient non-community system","Surface water","Jefferson","HENDERSON (T)",90,10,"Private"
"0300ONT0000","0303-0022",NA,NA,NA,NA,NA,NA,NA,NA,NA,NA,NA,NA,NA,28,"Henderson Bay","NY2202343","SACKETS HARBOR VILLAGE","Community water system","Surface water","Jefferson","SACKETS HARBOR (V)",2200,9,"Local government"
"0300ONT0000","0303-0022",NA,NA,NA,NA,NA,NA,NA,NA,NA,NA,NA,NA,NA,55,"Henderson Bay","NY2230097","ASSOCIATION ISLAND R.V. RESORT &MARINA","Transient non-community system","Surface water","Jefferson","HENDERSON (T)",307,12,"Private"
"0300ONT0000","0303-0022",NA,NA,NA,NA,NA,NA,NA,NA,NA,NA,NA,NA,NA,63,"Henderson Bay","NY2208814","ROOSEVELT TRAILER PARK/COT.","Transient non-community system","Surface water","Jefferson","CLAYTON (T)",132,18,"Private"
"0300ONT0000","0303-0022",NA,NA,NA,NA,NA,NA,NA,NA,NA,NA,NA,NA,NA,70,"Henderson Bay","NY2211796","MARY ISLAND STATE PARK","Transient non-community system","Surface water","Jefferson","ALEXANDRIA BAY (V)",50,12,"State government"
"0300ONT0000","0303-0022",NA,NA,NA,NA,NA,NA,NA,NA,NA,NA,NA,NA,NA,45,"Henderson Bay","NY2218318","THOUSAND ISLAND PARK CORP.","Transient non-community system","Surface water","Jefferson","ORLEANS (T)",900,5,"Private"
"0300ONT0000","0303-0022",NA,NA,NA,NA,NA,NA,NA,NA,NA,NA,NA,NA,NA,50,"Henderson Bay","NY2220914","WELLESLEY ISLAND WATER CORP.","Community water system","Surface water","Jefferson","ALEXANDRIA (T)",548,5,"Private"
"0300ONT0000","0303-0022",NA,NA,NA,NA,NA,NA,NA,NA,NA,NA,NA,NA,NA,54,"Henderson Bay","NY2211795","LONG POINT STATE PARK - JEFFERSON CTY","Transient non-community system","Surface water","Jefferson","LYME (T)",360,10,"State government"
"0300ONT0000","0303-0022",NA,NA,NA,NA,NA,NA,NA,NA,NA,NA,NA,NA,NA,76,"Henderson Bay","NY2230124","ROCK ISLAND LIGHTHOUSE STATE PARK","Transient non-community system","Surface water","Jefferson","ORLEANS (T)",25,5,"State government"
"0300ONT0000","0303-0022",NA,NA,NA,NA,NA,NA,NA,NA,NA,NA,NA,NA,NA,36,"Henderson Bay","NY2202333","CAPE VINCENT VILLAGE","Community water system","Surface water","Jefferson","CAPE VINCENT (V)",1500,8,"Local government"
"0300ONT0000","0303-0022",NA,NA,NA,NA,NA,NA,NA,NA,NA,NA,NA,NA,NA,41,"Henderson Bay","NY2209487","TIBA - BOLDT CASTLE","Transient non-community system","Surface water","Jefferson","ALEXANDRIA BAY (V)",1000,12,"Public/Private"
"0300ONT0000","0303-0022",NA,NA,NA,NA,NA,NA,NA,NA,NA,NA,NA,NA,NA,71,"Henderson Bay","NY4425001","REYNOLDS METALS COMPANY-ALCOA EAST","Non-Transient non-community system","Surface water","St. Lawrence","MASSENA (T)",50,8,"Private"
"0300ONT0000","0303-0022",NA,NA,NA,NA,NA,NA,NA,NA,NA,NA,NA,NA,NA,75,"Henderson Bay","NY2230004","TIBA -U.S. CUSTOMS","Non-Transient non-community system","Surface water","Jefferson","ALEXANDER (T)",25,4,"Local government"
"0300ONT0000","0303-0022",NA,NA,NA,NA,NA,NA,NA,NA,NA,NA,NA,NA,NA,58,"Henderson Bay","NY4421262","NEW YORK POWER AUTHORITY","Non-Transient non-community system","Surface water","St. Lawrence","MASSENA (T)",200,4,"State government"
"0300ONT0000","0303-0022",NA,NA,NA,NA,NA,NA,NA,NA,NA,NA,NA,NA,NA,62,"Henderson Bay","NY2208203","LANZS MOTEL INC.","Transient non-community system","Surface water","Jefferson","CLAYTON (T)",148,9,"Private"
"0300ONT0000","0303-0022",NA,NA,NA,NA,NA,NA,NA,NA,NA,NA,NA,NA,NA,49,"Henderson Bay","NY2211794","KRING POINT STATE PARK","Transient non-community system","Surface water","Jefferson","ALEXANDRIA (T)",600,6,"State government"
"0300ONT0000","0303-0025",NA,NA,NA,NA,NA,NA,NA,NA,NA,NA,NA,NA,NA,NA,NA,NA,NA,NA,NA,NA,NA,NA,NA,NA
"0300ONT0000",NA,NA,NA,NA,NA,NA,NA,NA,NA,NA,NA,NA,NA,NA,NA,NA,NA,NA,NA,NA,NA,NA,NA,NA,NA
"0302COB0118","0302-0035",NA,NA,NA,NA,NA,NA,NA,NA,NA,NA,NA,NA,NA,NA,NA,NA,NA,NA,NA,NA,NA,NA,NA,NA
"0302MENXXX1",NA,NA,NA,NA,NA,NA,NA,NA,NA,NA,NA,NA,NA,NA,NA,NA,NA,NA,NA,NA,NA,NA,NA,NA,NA
"0302RESXXX1",NA,NA,NA,NA,NA,NA,NA,NA,NA,NA,NA,NA,NA,NA,NA,NA,NA,NA,NA,NA,NA,NA,NA,NA,NA
"0302SOD0096","0302-0020",TRUE,"fishing","aquatic_chronic","ammonia","total","ug/l",111,10,0,0,0,111,"none",NA,NA,NA,NA,NA,NA,NA,NA,NA,NA,NA
"0302SOD0096","0302-0020",TRUE,"primary_contact_recreation","recreation","phosphorus","total","ug/l",63,9,7,7,0,0,"none",NA,NA,NA,NA,NA,NA,NA,NA,NA,NA,NA
"0302SOD0096","0302-0020",TRUE,"secondary_contact_recreation","recreation","phosphorus","total","ug/l",63,9,7,7,0,0,"none",NA,NA,NA,NA,NA,NA,NA,NA,NA,NA,NA
"0302SOD0096","0302-0020",FALSE,"secondary_contact_recreation","recreation","phosphorus","total","ug/l",67,9,6,6,0,0,"none",NA,NA,NA,NA,NA,NA,NA,NA,NA,NA,NA
"0302SOD0096","0302-0020",FALSE,"fishing","aquatic_chronic","ammonia","total","ug/l",49,4,0,0,0,49,"none",NA,NA,NA,NA,NA,NA,NA,NA,NA,NA,NA
"0302SOD0096","0302-0020",FALSE,"primary_contact_recreation","recreation","phosphorus","total","ug/l",67,9,6,6,0,0,"none",NA,NA,NA,NA,NA,NA,NA,NA,NA,NA,NA
"0302UWB0008",NA,NA,NA,NA,NA,NA,NA,NA,NA,NA,NA,NA,NA,NA,NA,NA,NA,NA,NA,NA,NA,NA,NA,NA,NA
"0302UWB5258",NA,NA,NA,NA,NA,NA,NA,NA,NA,NA,NA,NA,NA,NA,NA,NA,NA,NA,NA,NA,NA,NA,NA,NA,NA
"0402CAN0043","0402-0002",TRUE,"fishing","aquatic_chronic","ammonia","total","ug/l",34,6,0,0,0,34,"none",NA,NA,NA,NA,NA,NA,NA,NA,NA,NA,NA
"0402CAN0043","0402-0002",TRUE,"secondary_contact_recreation","recreation","phosphorus","total","ug/l",30,5,0,0,0,0,"none",NA,NA,NA,NA,NA,NA,NA,NA,NA,NA,NA
"0402CAN0043","0402-0002",TRUE,"fishing","none","dissolved_oxygen","dissolved","mg/l",2,2,0,0,0,0,"n_exceedances may not be intiutive for this parameter because there are multiple components to the WQS. n_exceedances may be greater than n_samples_collected if a single sample was marked as an exceedance for multiple components of the WQS.",NA,NA,NA,NA,NA,NA,NA,NA,NA,NA,NA
"0402CAN0043","0402-0002",TRUE,"source_of_water_supply","health_water-source","chloride","total","ug/l",15,5,0,0,0,0,"none",NA,NA,NA,NA,NA,NA,NA,NA,NA,NA,NA
"0402CAN0043","0402-0002",TRUE,"source_of_water_supply","health_water-source","ammonia","total","ug/l",34,6,0,0,0,0,"none",NA,NA,NA,NA,NA,NA,NA,NA,NA,NA,NA
"0402CAN0043","0402-0002",FALSE,"primary_contact_recreation","recreation","phosphorus","total","ug/l",4,1,0,0,0,0,"none",NA,NA,NA,NA,NA,NA,NA,NA,NA,NA,NA
"0402CAN0043","0402-0002",FALSE,"secondary_contact_recreation","recreation","phosphorus","total","ug/l",4,1,0,0,0,0,"none",NA,NA,NA,NA,NA,NA,NA,NA,NA,NA,NA
"0402CAN0043","0402-0002",FALSE,"source_of_water_supply","health_water-source","nitrate_nitrite","total","ug/l",10,1,0,0,0,0,"none",NA,NA,NA,NA,NA,NA,NA,NA,NA,NA,NA
"0402CAN0043","0402-0002",TRUE,"source_of_water_supply","health_water-source","nitrate_nitrite","total","ug/l",25,4,0,0,0,0,"none",NA,NA,NA,NA,NA,NA,NA,NA,NA,NA,NA
"0402CAN0043","0402-0002",FALSE,"source_of_water_supply","health_water-source","ammonia","total","ug/l",10,1,0,0,0,0,"none",NA,NA,NA,NA,NA,NA,NA,NA,NA,NA,NA
"0402CAN0043","0402-0002",TRUE,"fishing","none","ph","total","ph_units",2,2,0,0,0,0,"none",NA,NA,NA,NA,NA,NA,NA,NA,NA,NA,NA
"0402CAN0043","0402-0002",TRUE,"primary_contact_recreation","recreation","phosphorus","total","ug/l",30,5,0,0,0,0,"none",NA,NA,NA,NA,NA,NA,NA,NA,NA,NA,NA
"0402CAN0043","0402-0002",FALSE,"fishing","aquatic_chronic","ammonia","total","ug/l",10,1,0,0,0,10,"none",NA,NA,NA,NA,NA,NA,NA,NA,NA,NA,NA
"0402CON0067","0402-0004",TRUE,"fishing","aquatic_chronic","ammonia","total","ug/l",84,6,0,0,0,84,"none",NA,NA,NA,NA,NA,NA,NA,NA,NA,NA,NA
"0402CON0067","0402-0004",FALSE,"source_of_water_supply","health_water-source","nitrate_nitrite","total","ug/l",48,7,0,0,0,0,"none",NA,NA,NA,NA,NA,NA,NA,NA,NA,NA,NA
"0402CON0067","0402-0004",TRUE,"source_of_water_supply","health_water-source","chloride","total","ug/l",42,6,0,0,0,0,"none",NA,NA,NA,NA,NA,NA,NA,NA,NA,NA,NA
"0402CON0067","0402-0004",TRUE,"source_of_water_supply","health_water-source","ammonia","total","ug/l",84,6,0,0,0,0,"none",NA,NA,NA,NA,NA,NA,NA,NA,NA,NA,NA
"0402CON0067","0402-0004",TRUE,"source_of_water_supply","health_water-source","nitrate_nitrite","total","ug/l",66,5,0,0,0,0,"none",NA,NA,NA,NA,NA,NA,NA,NA,NA,NA,NA
"0402CON0067","0402-0004",FALSE,"source_of_water_supply","health_water-source","ammonia","total","ug/l",13,2,0,0,0,0,"none",NA,NA,NA,NA,NA,NA,NA,NA,NA,NA,NA
"0402CON0067","0402-0004",TRUE,"fishing","none","ph","total","ph_units",1,1,0,0,0,0,"none",NA,NA,NA,NA,NA,NA,NA,NA,NA,NA,NA
"0402CON0067","0402-0004",TRUE,"fishing","none","dissolved_oxygen","dissolved","mg/l",1,1,2,1,0,0,"n_exceedances may not be intiutive for this parameter because there are multiple components to the WQS. n_exceedances may be greater than n_samples_collected if a single sample was marked as an exceedance for multiple components of the WQS.",NA,NA,NA,NA,NA,NA,NA,NA,NA,NA,NA
"0402CON0067","0402-0004",FALSE,"source_of_water_supply","health_water-source","magnesium","total","ug/l",2,1,0,0,0,0,"none",NA,NA,NA,NA,NA,NA,NA,NA,NA,NA,NA
"0402CON0067","0402-0004",TRUE,"primary_contact_recreation","recreation","phosphorus","total","ug/l",77,5,1,1,0,0,"none",NA,NA,NA,NA,NA,NA,NA,NA,NA,NA,NA
"0402CON0067","0402-0004",TRUE,"secondary_contact_recreation","recreation","phosphorus","total","ug/l",77,5,1,1,0,0,"none",NA,NA,NA,NA,NA,NA,NA,NA,NA,NA,NA
"0402CON0067","0402-0004",FALSE,"primary_contact_recreation","recreation","phosphorus","total","ug/l",44,7,4,4,0,0,"none",NA,NA,NA,NA,NA,NA,NA,NA,NA,NA,NA
"0402CON0067","0402-0004",FALSE,"secondary_contact_recreation","recreation","phosphorus","total","ug/l",44,7,4,4,0,0,"none",NA,NA,NA,NA,NA,NA,NA,NA,NA,NA,NA
"0402CON0067","0402-0004",FALSE,"source_of_water_supply","health_water-source","arsenic","total","ug/l",15,2,0,0,0,0,"none",NA,NA,NA,NA,NA,NA,NA,NA,NA,NA,NA
"0402CON0067","0402-0004",FALSE,"fishing","aquatic_chronic","ammonia","total","ug/l",13,2,0,0,0,13,"none",NA,NA,NA,NA,NA,NA,NA,NA,NA,NA,NA
"0402HEM0044","0402-0011",TRUE,"secondary_contact_recreation","recreation","phosphorus","total","ug/l",95,5,0,0,0,0,"none",NA,NA,NA,NA,NA,NA,NA,NA,NA,NA,NA
"0402HEM0044","0402-0011",TRUE,"fishing","aquatic_chronic","ammonia","total","ug/l",115,6,0,0,0,115,"none",NA,NA,NA,NA,NA,NA,NA,NA,NA,NA,NA
"0402HEM0044","0402-0011",TRUE,"source_of_water_supply","health_water-source","chloride","total","ug/l",54,6,0,0,0,0,"none",NA,NA,NA,NA,NA,NA,NA,NA,NA,NA,NA
"0402HEM0044","0402-0011",FALSE,"source_of_water_supply","health_water-source","nitrate_nitrite","total","ug/l",10,1,0,0,0,0,"none",NA,NA,NA,NA,NA,NA,NA,NA,NA,NA,NA
"0402HEM0044","0402-0011",FALSE,"secondary_contact_recreation","recreation","phosphorus","total","ug/l",3,1,0,0,0,0,"none",NA,NA,NA,NA,NA,NA,NA,NA,NA,NA,NA
"0402HEM0044","0402-0011",FALSE,"source_of_water_supply","health_water-source","ammonia","total","ug/l",10,1,0,0,0,0,"none",NA,NA,NA,NA,NA,NA,NA,NA,NA,NA,NA
"0402HEM0044","0402-0011",TRUE,"source_of_water_supply","health_water-source","nitrate_nitrite","total","ug/l",105,5,0,0,0,0,"none",NA,NA,NA,NA,NA,NA,NA,NA,NA,NA,NA
"0402HEM0044","0402-0011",TRUE,"fishing","none","dissolved_oxygen","dissolved","mg/l",6,2,0,0,0,0,"n_exceedances may not be intiutive for this parameter because there are multiple components to the WQS. n_exceedances may be greater than n_samples_collected if a single sample was marked as an exceedance for multiple components of the WQS.",NA,NA,NA,NA,NA,NA,NA,NA,NA,NA,NA
"0402HEM0044","0402-0011",FALSE,"primary_contact_recreation","recreation","phosphorus","total","ug/l",3,1,0,0,0,0,"none",NA,NA,NA,NA,NA,NA,NA,NA,NA,NA,NA
"0402HEM0044","0402-0011",TRUE,"source_of_water_supply","health_water-source","ammonia","total","ug/l",115,6,0,0,0,0,"none",NA,NA,NA,NA,NA,NA,NA,NA,NA,NA,NA
"0402HEM0044","0402-0011",TRUE,"primary_contact_recreation","recreation","phosphorus","total","ug/l",95,5,0,0,0,0,"none",NA,NA,NA,NA,NA,NA,NA,NA,NA,NA,NA
"0402HEM0044","0402-0011",TRUE,"fishing","none","ph","total","ph_units",6,2,0,0,0,0,"none",NA,NA,NA,NA,NA,NA,NA,NA,NA,NA,NA
"0402HEM0044","0402-0011",FALSE,"fishing","aquatic_chronic","ammonia","total","ug/l",10,1,0,0,0,10,"none",NA,NA,NA,NA,NA,NA,NA,NA,NA,NA,NA
"0402RUS0033","0402-0072",NA,NA,NA,NA,NA,NA,NA,NA,NA,NA,NA,NA,NA,NA,NA,NA,NA,NA,NA,NA,NA,NA,NA,NA
"0402UWB0030",NA,NA,NA,NA,NA,NA,NA,NA,NA,NA,NA,NA,NA,NA,NA,NA,NA,NA,NA,NA,NA,NA,NA,NA,NA
"0403SIL0115","0403-0002",FALSE,"source_of_water_supply","health_water-source","sulfate","total","ug/l",1,1,0,0,0,0,"none",NA,NA,NA,NA,NA,NA,NA,NA,NA,NA,NA
"0403SIL0115","0403-0002",FALSE,"source_of_water_supply","aesthetic_water-supply","iron","total","ug/l",4,2,2,1,0,0,"none",NA,NA,NA,NA,NA,NA,NA,NA,NA,NA,NA
"0403SIL0115","0403-0002",TRUE,"source_of_water_supply","health_water-source","nitrate_nitrite","total","ug/l",58,8,0,0,0,0,"none",NA,NA,NA,NA,NA,NA,NA,NA,NA,NA,NA
"0403SIL0115","0403-0002",FALSE,"source_of_water_supply","health_water-source","nitrite","total","ug/l",23,5,0,0,0,0,"none",NA,NA,NA,NA,NA,NA,NA,NA,NA,NA,NA
"0403SIL0115","0403-0002",FALSE,"source_of_water_supply","health_water-source","chloride","total","ug/l",1,1,0,0,0,0,"none",NA,NA,NA,NA,NA,NA,NA,NA,NA,NA,NA
"0403SIL0115","0403-0002",FALSE,"source_of_water_supply","health_water-source","arsenic","total","ug/l",11,4,0,0,0,0,"none",NA,NA,NA,NA,NA,NA,NA,NA,NA,NA,NA
"0403SIL0115","0403-0002",FALSE,"primary_contact_recreation","recreation","phosphorus","total","ug/l",119,15,14,14,0,0,"none",NA,NA,NA,NA,NA,NA,NA,NA,NA,NA,NA
"0403SIL0115","0403-0002",TRUE,"fishing","aquatic_chronic","ammonia","total","ug/l",123,9,0,0,0,123,"none",NA,NA,NA,NA,NA,NA,NA,NA,NA,NA,NA
"0403SIL0115","0403-0002",FALSE,"source_of_water_supply","health_water-source","nitrate_nitrite","total","ug/l",121,15,0,0,0,0,"none",NA,NA,NA,NA,NA,NA,NA,NA,NA,NA,NA
"0403SIL0115","0403-0002",FALSE,"fishing","aquatic_chronic","nitrite","total","ug/l",23,5,0,0,0,0,"none",NA,NA,NA,NA,NA,NA,NA,NA,NA,NA,NA
"0403SIL0115","0403-0002",TRUE,"source_of_water_supply","health_water-source","nitrite","total","ug/l",3,1,0,0,0,0,"none",NA,NA,NA,NA,NA,NA,NA,NA,NA,NA,NA
"0403SIL0115","0403-0002",TRUE,"fishing","aquatic_chronic","nitrite","total","ug/l",3,1,0,0,0,0,"none",NA,NA,NA,NA,NA,NA,NA,NA,NA,NA,NA
"0403SIL0115","0403-0002",TRUE,"source_of_water_supply","health_water-source","ammonia","total","ug/l",123,9,0,0,0,0,"none",NA,NA,NA,NA,NA,NA,NA,NA,NA,NA,NA
"0403SIL0115","0403-0002",FALSE,"source_of_water_supply","health_water-source","ammonia","total","ug/l",81,8,2,2,0,0,"none",NA,NA,NA,NA,NA,NA,NA,NA,NA,NA,NA
"0403SIL0115","0403-0002",FALSE,"source_of_water_supply","health_water-source","magnesium","total","ug/l",3,2,0,0,0,0,"none",NA,NA,NA,NA,NA,NA,NA,NA,NA,NA,NA
"0403SIL0115","0403-0002",FALSE,"source_of_water_supply","aesthetic_water-supply","manganese","total","ug/l",4,2,3,1,0,0,"none",NA,NA,NA,NA,NA,NA,NA,NA,NA,NA,NA
"0403SIL0115","0403-0002",TRUE,"primary_contact_recreation","recreation","phosphorus","total","ug/l",61,8,8,8,0,0,"none",NA,NA,NA,NA,NA,NA,NA,NA,NA,NA,NA
"0403SIL0115","0403-0002",TRUE,"secondary_contact_recreation","recreation","phosphorus","total","ug/l",61,8,8,8,0,0,"none",NA,NA,NA,NA,NA,NA,NA,NA,NA,NA,NA
"0403SIL0115","0403-0002",TRUE,"source_of_water_supply","health_water-source","chloride","total","ug/l",31,8,0,0,0,0,"none",NA,NA,NA,NA,NA,NA,NA,NA,NA,NA,NA
"0403SIL0115","0403-0002",FALSE,"secondary_contact_recreation","recreation","phosphorus","total","ug/l",119,15,14,14,0,0,"none",NA,NA,NA,NA,NA,NA,NA,NA,NA,NA,NA
"0403SIL0115","0403-0002",FALSE,"fishing","aquatic_chronic","ammonia","total","ug/l",81,8,0,0,0,81,"none",NA,NA,NA,NA,NA,NA,NA,NA,NA,NA,NA
"0404DAN0092F",NA,NA,NA,NA,NA,NA,NA,NA,NA,NA,NA,NA,NA,NA,NA,NA,NA,NA,NA,NA,NA,NA,NA,NA,NA
"0404NUN0084A","0404-0030",TRUE,"source_of_water_supply","health_water-source","arsenic","total","ug/l",3,2,0,0,0,0,"none",NA,NA,NA,NA,NA,NA,NA,NA,NA,NA,NA
"0404NUN0084A","0404-0030",TRUE,"source_of_water_supply","aesthetic_water-supply","manganese","total","ug/l",5,3,1,1,0,0,"none",NA,NA,NA,NA,NA,NA,NA,NA,NA,NA,NA
"0404NUN0084A","0404-0030",TRUE,"source_of_water_supply","health_water-source","nitrite","total","ug/l",1,1,0,0,0,0,"none",NA,NA,NA,NA,NA,NA,NA,NA,NA,NA,NA
"0404NUN0084A","0404-0030",TRUE,"fishing","none","dissolved_oxygen","dissolved","mg/l",4,2,2,1,0,0,"n_exceedances may not be intiutive for this parameter because there are multiple components to the WQS. n_exceedances may be greater than n_samples_collected if a single sample was marked as an exceedance for multiple components of the WQS.",NA,NA,NA,NA,NA,NA,NA,NA,NA,NA,NA
"0404NUN0084A","0404-0030",TRUE,"source_of_water_supply","health_water-source","chloride","total","ug/l",1,1,0,0,0,0,"none",NA,NA,NA,NA,NA,NA,NA,NA,NA,NA,NA
"0404NUN0084A","0404-0030",TRUE,"secondary_contact_recreation","recreation","phosphorus","total","ug/l",2,2,1,1,0,0,"none",NA,NA,NA,NA,NA,NA,NA,NA,NA,NA,NA
"0404NUN0084A","0404-0030",TRUE,"source_of_water_supply","aesthetic_water-supply","iron","total","ug/l",5,3,1,1,0,0,"none",NA,NA,NA,NA,NA,NA,NA,NA,NA,NA,NA
"0404NUN0084A","0404-0030",TRUE,"fishing","aquatic_chronic","ammonia","total","ug/l",6,2,0,0,0,3,"none",NA,NA,NA,NA,NA,NA,NA,NA,NA,NA,NA
"0404NUN0084A","0404-0030",TRUE,"source_of_water_supply","health_water-source","nitrate_nitrite","total","ug/l",7,3,0,0,0,0,"none",NA,NA,NA,NA,NA,NA,NA,NA,NA,NA,NA
"0404NUN0084A","0404-0030",TRUE,"source_of_water_supply","health_water-source","sulfate","total","ug/l",6,3,0,0,0,0,"none",NA,NA,NA,NA,NA,NA,NA,NA,NA,NA,NA
"0404NUN0084A","0404-0030",TRUE,"fishing","aquatic_chronic","nitrite","total","ug/l",1,1,0,0,0,0,"none",NA,NA,NA,NA,NA,NA,NA,NA,NA,NA,NA
"0404NUN0084A","0404-0030",TRUE,"fishing","none","ph","total","ph_units",4,2,0,0,0,0,"none",NA,NA,NA,NA,NA,NA,NA,NA,NA,NA,NA
"0404NUN0084A","0404-0030",TRUE,"primary_contact_recreation","recreation","phosphorus","total","ug/l",2,2,1,1,0,0,"none",NA,NA,NA,NA,NA,NA,NA,NA,NA,NA,NA
"0404NUN0084A","0404-0030",TRUE,"source_of_water_supply","health_water-source","nitrate","total","ug/l",1,1,0,0,0,0,"none",NA,NA,NA,NA,NA,NA,NA,NA,NA,NA,NA
"0404NUN0084A","0404-0030",TRUE,"source_of_water_supply","health_water-source","ammonia","total","ug/l",6,2,0,0,0,0,"none",NA,NA,NA,NA,NA,NA,NA,NA,NA,NA,NA
"0501ELM0019",NA,NA,NA,NA,NA,NA,NA,NA,NA,NA,NA,NA,NA,NA,NA,NA,NA,NA,NA,NA,NA,NA,NA,NA,NA
"0503HOR0034","0503-0031",FALSE,"source_of_water_supply","health_water-source","sulfate","total","ug/l",4,1,0,0,0,0,"none",NA,NA,NA,NA,NA,NA,NA,NA,NA,NA,NA
"0503HOR0034","0503-0031",FALSE,"fishing","none","ph","total","ph_units",2,1,2,1,0,0,"none",NA,NA,NA,NA,NA,NA,NA,NA,NA,NA,NA
"0503HOR0034","0503-0031",FALSE,"source_of_water_supply","aesthetic_water-supply","manganese","total","ug/l",4,1,2,1,0,0,"none",NA,NA,NA,NA,NA,NA,NA,NA,NA,NA,NA
"0503HOR0034","0503-0031",FALSE,"fishing","none","dissolved_oxygen","dissolved","mg/l",2,1,4,1,0,0,"n_exceedances may not be intiutive for this parameter because there are multiple components to the WQS. n_exceedances may be greater than n_samples_collected if a single sample was marked as an exceedance for multiple components of the WQS.",NA,NA,NA,NA,NA,NA,NA,NA,NA,NA,NA
"0503HOR0034","0503-0031",FALSE,"source_of_water_supply","health_water-source","magnesium","total","ug/l",4,1,0,0,0,0,"none",NA,NA,NA,NA,NA,NA,NA,NA,NA,NA,NA
"0503HOR0034","0503-0031",FALSE,"source_of_water_supply","health_water-source","nitrate_nitrite","total","ug/l",4,1,0,0,0,0,"none",NA,NA,NA,NA,NA,NA,NA,NA,NA,NA,NA
"0503HOR0034","0503-0031",FALSE,"source_of_water_supply","aesthetic_water-supply","iron","total","ug/l",4,1,1,1,0,0,"none",NA,NA,NA,NA,NA,NA,NA,NA,NA,NA,NA
"0503HOR0034","0503-0031",FALSE,"fishing","aquatic_chronic","ammonia","total","ug/l",3,1,0,0,0,3,"none",NA,NA,NA,NA,NA,NA,NA,NA,NA,NA,NA
"0503HOR0034","0503-0031",FALSE,"source_of_water_supply","health_water-source","chloride","total","ug/l",4,1,0,0,0,0,"none",NA,NA,NA,NA,NA,NA,NA,NA,NA,NA,NA
"0503HOR0034","0503-0031",FALSE,"source_of_water_supply","health_water-source","ammonia","total","ug/l",3,1,1,1,0,0,"none",NA,NA,NA,NA,NA,NA,NA,NA,NA,NA,NA
"0503HOR0035",NA,NA,NA,NA,NA,NA,NA,NA,NA,NA,NA,NA,NA,NA,NA,NA,NA,NA,NA,NA,NA,NA,NA,NA,NA
"0503HOR0036","0503-0031",FALSE,"source_of_water_supply","health_water-source","sulfate","total","ug/l",4,1,0,0,0,0,"none",NA,NA,NA,NA,NA,NA,NA,NA,NA,NA,NA
"0503HOR0036","0503-0031",FALSE,"fishing","none","ph","total","ph_units",2,1,2,1,0,0,"none",NA,NA,NA,NA,NA,NA,NA,NA,NA,NA,NA
"0503HOR0036","0503-0031",FALSE,"source_of_water_supply","aesthetic_water-supply","manganese","total","ug/l",4,1,2,1,0,0,"none",NA,NA,NA,NA,NA,NA,NA,NA,NA,NA,NA
"0503HOR0036","0503-0031",FALSE,"fishing","none","dissolved_oxygen","dissolved","mg/l",2,1,4,1,0,0,"n_exceedances may not be intiutive for this parameter because there are multiple components to the WQS. n_exceedances may be greater than n_samples_collected if a single sample was marked as an exceedance for multiple components of the WQS.",NA,NA,NA,NA,NA,NA,NA,NA,NA,NA,NA
"0503HOR0036","0503-0031",FALSE,"source_of_water_supply","health_water-source","magnesium","total","ug/l",4,1,0,0,0,0,"none",NA,NA,NA,NA,NA,NA,NA,NA,NA,NA,NA
"0503HOR0036","0503-0031",FALSE,"source_of_water_supply","health_water-source","nitrate_nitrite","total","ug/l",4,1,0,0,0,0,"none",NA,NA,NA,NA,NA,NA,NA,NA,NA,NA,NA
"0503HOR0036","0503-0031",FALSE,"source_of_water_supply","aesthetic_water-supply","iron","total","ug/l",4,1,1,1,0,0,"none",NA,NA,NA,NA,NA,NA,NA,NA,NA,NA,NA
"0503HOR0036","0503-0031",FALSE,"fishing","aquatic_chronic","ammonia","total","ug/l",3,1,0,0,0,3,"none",NA,NA,NA,NA,NA,NA,NA,NA,NA,NA,NA
"0503HOR0036","0503-0031",FALSE,"source_of_water_supply","health_water-source","chloride","total","ug/l",4,1,0,0,0,0,"none",NA,NA,NA,NA,NA,NA,NA,NA,NA,NA,NA
"0503HOR0036","0503-0031",FALSE,"source_of_water_supply","health_water-source","ammonia","total","ug/l",3,1,1,1,0,0,"none",NA,NA,NA,NA,NA,NA,NA,NA,NA,NA,NA
"0601ALL0405","0601-0117",NA,NA,NA,NA,NA,NA,NA,NA,NA,NA,NA,NA,NA,39,"Allen Lake","NY3800156","RICHFIELD SPRINGS VILLAGE","Community water system","Surface water","Otsego","RICHFIELD SPRINGS (V)",1200,7,"Local government"
"0601CHE0213","0601-0013",TRUE,"primary_contact_recreation","recreation","phosphorus","total","ug/l",70,9,0,0,0,0,"none",NA,NA,NA,NA,NA,NA,NA,NA,NA,NA,NA
"0601CHE0213","0601-0013",TRUE,"source_of_water_supply","health_water-source","ammonia","total","ug/l",133,10,0,0,0,0,"none",NA,NA,NA,NA,NA,NA,NA,NA,NA,NA,NA
"0601CHE0213","0601-0013",TRUE,"source_of_water_supply","health_water-source","chloride","total","ug/l",28,8,0,0,0,0,"none",NA,NA,NA,NA,NA,NA,NA,NA,NA,NA,NA
"0601CHE0213","0601-0013",FALSE,"source_of_water_supply","health_water-source","nitrite","total","ug/l",16,2,0,0,0,0,"none",NA,NA,NA,NA,NA,NA,NA,NA,NA,NA,NA
"0601CHE0213","0601-0013",TRUE,"secondary_contact_recreation","recreation","phosphorus","total","ug/l",70,9,0,0,0,0,"none",NA,NA,NA,NA,NA,NA,NA,NA,NA,NA,NA
"0601CHE0213","0601-0013",FALSE,"secondary_contact_recreation","recreation","phosphorus","total","ug/l",91,12,0,0,0,0,"none",NA,NA,NA,NA,NA,NA,NA,NA,NA,NA,NA
"0601CHE0213","0601-0013",FALSE,"primary_contact_recreation","recreation","phosphorus","total","ug/l",91,12,0,0,0,0,"none",NA,NA,NA,NA,NA,NA,NA,NA,NA,NA,NA
"0601CHE0213","0601-0013",FALSE,"source_of_water_supply","health_water-source","arsenic","total","ug/l",1,1,0,0,0,0,"none",NA,NA,NA,NA,NA,NA,NA,NA,NA,NA,NA
"0601CHE0213","0601-0013",FALSE,"fishing","aquatic_chronic","ammonia","total","ug/l",101,10,0,0,0,101,"none",NA,NA,NA,NA,NA,NA,NA,NA,NA,NA,NA
"0601CHE0213","0601-0013",TRUE,"fishing","aquatic_chronic","ammonia","total","ug/l",133,10,0,0,0,133,"none",NA,NA,NA,NA,NA,NA,NA,NA,NA,NA,NA
"0601CHE0213","0601-0013",FALSE,"source_of_water_supply","health_water-source","ammonia","total","ug/l",101,10,0,0,0,0,"none",NA,NA,NA,NA,NA,NA,NA,NA,NA,NA,NA
"0601CHE0213","0601-0013",FALSE,"fishing","aquatic_chronic","nitrite","total","ug/l",16,2,0,0,0,0,"none",NA,NA,NA,NA,NA,NA,NA,NA,NA,NA,NA
"0601CHE0213","0601-0013",TRUE,"source_of_water_supply","health_water-source","nitrate_nitrite","total","ug/l",56,9,0,0,0,0,"none",NA,NA,NA,NA,NA,NA,NA,NA,NA,NA,NA
"0601CHE0213","0601-0013",FALSE,"source_of_water_supply","health_water-source","nitrate_nitrite","total","ug/l",113,12,0,0,0,0,"none",NA,NA,NA,NA,NA,NA,NA,NA,NA,NA,NA
"0601GUI0188","0601-0012",FALSE,"primary_contact_recreation","recreation","phosphorus","total","ug/l",45,8,1,1,0,0,"none",NA,NA,NA,NA,NA,NA,NA,NA,NA,NA,NA
"0601GUI0188","0601-0012",FALSE,"fishing","aquatic_chronic","nitrite","total","ug/l",23,3,0,0,0,0,"none",NA,NA,NA,NA,NA,NA,NA,NA,NA,NA,NA
"0601GUI0188","0601-0012",FALSE,"fishing","aquatic_chronic","ammonia","total","ug/l",81,8,0,0,0,81,"none",NA,NA,NA,NA,NA,NA,NA,NA,NA,NA,NA
"0601GUI0188","0601-0012",TRUE,"primary_contact_recreation","recreation","phosphorus","total","ug/l",64,9,2,2,0,0,"none",NA,NA,NA,NA,NA,NA,NA,NA,NA,NA,NA
"0601GUI0188","0601-0012",TRUE,"source_of_water_supply","health_water-source","ammonia","total","ug/l",136,10,0,0,0,0,"none",NA,NA,NA,NA,NA,NA,NA,NA,NA,NA,NA
"0601GUI0188","0601-0012",FALSE,"source_of_water_supply","health_water-source","nitrite","total","ug/l",23,3,0,0,0,0,"none",NA,NA,NA,NA,NA,NA,NA,NA,NA,NA,NA
"0601GUI0188","0601-0012",TRUE,"source_of_water_supply","health_water-source","nitrate_nitrite","total","ug/l",56,9,0,0,0,0,"none",NA,NA,NA,NA,NA,NA,NA,NA,NA,NA,NA
"0601GUI0188","0601-0012",FALSE,"source_of_water_supply","health_water-source","nitrate_nitrite","total","ug/l",54,6,0,0,0,0,"none",NA,NA,NA,NA,NA,NA,NA,NA,NA,NA,NA
"0601GUI0188","0601-0012",FALSE,"secondary_contact_recreation","recreation","phosphorus","total","ug/l",45,8,1,1,0,0,"none",NA,NA,NA,NA,NA,NA,NA,NA,NA,NA,NA
"0601GUI0188","0601-0012",TRUE,"fishing","aquatic_chronic","ammonia","total","ug/l",136,10,0,0,0,136,"none",NA,NA,NA,NA,NA,NA,NA,NA,NA,NA,NA
"0601GUI0188","0601-0012",TRUE,"source_of_water_supply","health_water-source","chloride","total","ug/l",28,8,0,0,0,0,"none",NA,NA,NA,NA,NA,NA,NA,NA,NA,NA,NA
"0601GUI0188","0601-0012",FALSE,"source_of_water_supply","health_water-source","chloride","total","ug/l",18,2,0,0,0,0,"none",NA,NA,NA,NA,NA,NA,NA,NA,NA,NA,NA
"0601GUI0188","0601-0012",FALSE,"source_of_water_supply","health_water-source","nitrate","total","ug/l",19,2,0,0,0,0,"none",NA,NA,NA,NA,NA,NA,NA,NA,NA,NA,NA
"0601GUI0188","0601-0012",TRUE,"secondary_contact_recreation","recreation","phosphorus","total","ug/l",64,9,2,2,0,0,"none",NA,NA,NA,NA,NA,NA,NA,NA,NA,NA,NA
"0601GUI0188","0601-0012",FALSE,"source_of_water_supply","health_water-source","ammonia","total","ug/l",81,8,0,0,0,0,"none",NA,NA,NA,NA,NA,NA,NA,NA,NA,NA,NA
"0601LOW0295","0601-0097",NA,NA,NA,NA,NA,NA,NA,NA,NA,NA,NA,NA,NA,9,"Oneonta Lower Reservoir","NY3800154","ONEONTA CITY","Community water system","Surface water","Otsego","ONEONTA (C), ONEONTA (T)",15779,17,"Local government"
"0601OTS0404","0601-0033",TRUE,"source_of_water_supply","health_water-source","arsenic","total","ug/l",2,1,0,0,0,0,"none",79,"Otsego Lake","NY3830149","","","","","",NA,NA,""
"0601OTS0404","0601-0033",TRUE,"source_of_water_supply","health_water-source","arsenic","total","ug/l",2,1,0,0,0,0,"none",67,"Otsego Lake","NY3807994","OTSEGO LAKE BAYSIDE MOTOR INN","Transient non-community system","Surface water","Otsego","SPRINGFIELD (T)",84,12,"Private"
"0601OTS0404","0601-0033",TRUE,"source_of_water_supply","health_water-source","arsenic","total","ug/l",2,1,0,0,0,0,"none",61,"Otsego Lake","NY3813664","THREE MILE POINT","Transient non-community system","Surface water","Otsego","OTSEGO (T)",150,5,"Local government"
"0601OTS0404","0601-0033",TRUE,"source_of_water_supply","health_water-source","arsenic","total","ug/l",2,1,0,0,0,0,"none",72,"Otsego Lake","NY3821952","BLUE MINGO GRILL","Transient non-community system","Surface water","Otsego","OTSEGO (T)",40,3,"Private"
"0601OTS0404","0601-0033",TRUE,"source_of_water_supply","health_water-source","arsenic","total","ug/l",2,1,0,0,0,0,"none",26,"Otsego Lake","NY3800145","COOPERSTOWN VILLAGE","Community water system","Surface water","Otsego","COOPERSTOWN (V)",2400,7,"Local government"
"0601OTS0404","0601-0033",TRUE,"source_of_water_supply","health_water-source","arsenic","total","ug/l",2,1,0,0,0,0,"none",69,"Otsego Lake","NY3807993","LAKE N PINES MOTEL, INC.","Transient non-community system","Surface water","Otsego","SPRINGFIELD (T)",58,11,"Private"
"0601OTS0404","0601-0033",TRUE,"source_of_water_supply","health_water-source","nitrate","total","ug/l",2,1,0,0,0,0,"none",79,"Otsego Lake","NY3830149","","","","","",NA,NA,""
"0601OTS0404","0601-0033",TRUE,"source_of_water_supply","health_water-source","nitrate","total","ug/l",2,1,0,0,0,0,"none",67,"Otsego Lake","NY3807994","OTSEGO LAKE BAYSIDE MOTOR INN","Transient non-community system","Surface water","Otsego","SPRINGFIELD (T)",84,12,"Private"
"0601OTS0404","0601-0033",TRUE,"source_of_water_supply","health_water-source","nitrate","total","ug/l",2,1,0,0,0,0,"none",61,"Otsego Lake","NY3813664","THREE MILE POINT","Transient non-community system","Surface water","Otsego","OTSEGO (T)",150,5,"Local government"
"0601OTS0404","0601-0033",TRUE,"source_of_water_supply","health_water-source","nitrate","total","ug/l",2,1,0,0,0,0,"none",72,"Otsego Lake","NY3821952","BLUE MINGO GRILL","Transient non-community system","Surface water","Otsego","OTSEGO (T)",40,3,"Private"
"0601OTS0404","0601-0033",TRUE,"source_of_water_supply","health_water-source","nitrate","total","ug/l",2,1,0,0,0,0,"none",26,"Otsego Lake","NY3800145","COOPERSTOWN VILLAGE","Community water system","Surface water","Otsego","COOPERSTOWN (V)",2400,7,"Local government"
"0601OTS0404","0601-0033",TRUE,"source_of_water_supply","health_water-source","nitrate","total","ug/l",2,1,0,0,0,0,"none",69,"Otsego Lake","NY3807993","LAKE N PINES MOTEL, INC.","Transient non-community system","Surface water","Otsego","SPRINGFIELD (T)",58,11,"Private"
"0601OTS0404","0601-0033",TRUE,"source_of_water_supply","none","total_dissolved_solids","dissolved","mg/l",2,1,0,0,0,0,"none",79,"Otsego Lake","NY3830149","","","","","",NA,NA,""
"0601OTS0404","0601-0033",TRUE,"source_of_water_supply","none","total_dissolved_solids","dissolved","mg/l",2,1,0,0,0,0,"none",67,"Otsego Lake","NY3807994","OTSEGO LAKE BAYSIDE MOTOR INN","Transient non-community system","Surface water","Otsego","SPRINGFIELD (T)",84,12,"Private"
"0601OTS0404","0601-0033",TRUE,"source_of_water_supply","none","total_dissolved_solids","dissolved","mg/l",2,1,0,0,0,0,"none",61,"Otsego Lake","NY3813664","THREE MILE POINT","Transient non-community system","Surface water","Otsego","OTSEGO (T)",150,5,"Local government"
"0601OTS0404","0601-0033",TRUE,"source_of_water_supply","none","total_dissolved_solids","dissolved","mg/l",2,1,0,0,0,0,"none",72,"Otsego Lake","NY3821952","BLUE MINGO GRILL","Transient non-community system","Surface water","Otsego","OTSEGO (T)",40,3,"Private"
"0601OTS0404","0601-0033",TRUE,"source_of_water_supply","none","total_dissolved_solids","dissolved","mg/l",2,1,0,0,0,0,"none",26,"Otsego Lake","NY3800145","COOPERSTOWN VILLAGE","Community water system","Surface water","Otsego","COOPERSTOWN (V)",2400,7,"Local government"
"0601OTS0404","0601-0033",TRUE,"source_of_water_supply","none","total_dissolved_solids","dissolved","mg/l",2,1,0,0,0,0,"none",69,"Otsego Lake","NY3807993","LAKE N PINES MOTEL, INC.","Transient non-community system","Surface water","Otsego","SPRINGFIELD (T)",58,11,"Private"
"0601OTS0404","0601-0033",TRUE,"fishing","aquatic_chronic","zinc","dissolved","ug/l",2,1,0,0,0,0,"none",79,"Otsego Lake","NY3830149","","","","","",NA,NA,""
"0601OTS0404","0601-0033",TRUE,"fishing","aquatic_chronic","zinc","dissolved","ug/l",2,1,0,0,0,0,"none",67,"Otsego Lake","NY3807994","OTSEGO LAKE BAYSIDE MOTOR INN","Transient non-community system","Surface water","Otsego","SPRINGFIELD (T)",84,12,"Private"
"0601OTS0404","0601-0033",TRUE,"fishing","aquatic_chronic","zinc","dissolved","ug/l",2,1,0,0,0,0,"none",61,"Otsego Lake","NY3813664","THREE MILE POINT","Transient non-community system","Surface water","Otsego","OTSEGO (T)",150,5,"Local government"
"0601OTS0404","0601-0033",TRUE,"fishing","aquatic_chronic","zinc","dissolved","ug/l",2,1,0,0,0,0,"none",72,"Otsego Lake","NY3821952","BLUE MINGO GRILL","Transient non-community system","Surface water","Otsego","OTSEGO (T)",40,3,"Private"
"0601OTS0404","0601-0033",TRUE,"fishing","aquatic_chronic","zinc","dissolved","ug/l",2,1,0,0,0,0,"none",26,"Otsego Lake","NY3800145","COOPERSTOWN VILLAGE","Community water system","Surface water","Otsego","COOPERSTOWN (V)",2400,7,"Local government"
"0601OTS0404","0601-0033",TRUE,"fishing","aquatic_chronic","zinc","dissolved","ug/l",2,1,0,0,0,0,"none",69,"Otsego Lake","NY3807993","LAKE N PINES MOTEL, INC.","Transient non-community system","Surface water","Otsego","SPRINGFIELD (T)",58,11,"Private"
"0601OTS0404","0601-0033",TRUE,"source_of_water_supply","health_water-source","sulfate","total","ug/l",2,1,0,0,0,0,"none",79,"Otsego Lake","NY3830149","","","","","",NA,NA,""
"0601OTS0404","0601-0033",TRUE,"source_of_water_supply","health_water-source","sulfate","total","ug/l",2,1,0,0,0,0,"none",67,"Otsego Lake","NY3807994","OTSEGO LAKE BAYSIDE MOTOR INN","Transient non-community system","Surface water","Otsego","SPRINGFIELD (T)",84,12,"Private"
"0601OTS0404","0601-0033",TRUE,"source_of_water_supply","health_water-source","sulfate","total","ug/l",2,1,0,0,0,0,"none",61,"Otsego Lake","NY3813664","THREE MILE POINT","Transient non-community system","Surface water","Otsego","OTSEGO (T)",150,5,"Local government"
"0601OTS0404","0601-0033",TRUE,"source_of_water_supply","health_water-source","sulfate","total","ug/l",2,1,0,0,0,0,"none",72,"Otsego Lake","NY3821952","BLUE MINGO GRILL","Transient non-community system","Surface water","Otsego","OTSEGO (T)",40,3,"Private"
"0601OTS0404","0601-0033",TRUE,"source_of_water_supply","health_water-source","sulfate","total","ug/l",2,1,0,0,0,0,"none",26,"Otsego Lake","NY3800145","COOPERSTOWN VILLAGE","Community water system","Surface water","Otsego","COOPERSTOWN (V)",2400,7,"Local government"
"0601OTS0404","0601-0033",TRUE,"source_of_water_supply","health_water-source","sulfate","total","ug/l",2,1,0,0,0,0,"none",69,"Otsego Lake","NY3807993","LAKE N PINES MOTEL, INC.","Transient non-community system","Surface water","Otsego","SPRINGFIELD (T)",58,11,"Private"
"0601OTS0404","0601-0033",TRUE,"source_of_water_supply","aesthetic_water-supply","iron","total","ug/l",2,1,0,0,0,0,"none",79,"Otsego Lake","NY3830149","","","","","",NA,NA,""
"0601OTS0404","0601-0033",TRUE,"source_of_water_supply","aesthetic_water-supply","iron","total","ug/l",2,1,0,0,0,0,"none",67,"Otsego Lake","NY3807994","OTSEGO LAKE BAYSIDE MOTOR INN","Transient non-community system","Surface water","Otsego","SPRINGFIELD (T)",84,12,"Private"
"0601OTS0404","0601-0033",TRUE,"source_of_water_supply","aesthetic_water-supply","iron","total","ug/l",2,1,0,0,0,0,"none",61,"Otsego Lake","NY3813664","THREE MILE POINT","Transient non-community system","Surface water","Otsego","OTSEGO (T)",150,5,"Local government"
"0601OTS0404","0601-0033",TRUE,"source_of_water_supply","aesthetic_water-supply","iron","total","ug/l",2,1,0,0,0,0,"none",72,"Otsego Lake","NY3821952","BLUE MINGO GRILL","Transient non-community system","Surface water","Otsego","OTSEGO (T)",40,3,"Private"
"0601OTS0404","0601-0033",TRUE,"source_of_water_supply","aesthetic_water-supply","iron","total","ug/l",2,1,0,0,0,0,"none",26,"Otsego Lake","NY3800145","COOPERSTOWN VILLAGE","Community water system","Surface water","Otsego","COOPERSTOWN (V)",2400,7,"Local government"
"0601OTS0404","0601-0033",TRUE,"source_of_water_supply","aesthetic_water-supply","iron","total","ug/l",2,1,0,0,0,0,"none",69,"Otsego Lake","NY3807993","LAKE N PINES MOTEL, INC.","Transient non-community system","Surface water","Otsego","SPRINGFIELD (T)",58,11,"Private"
"0601OTS0404","0601-0033",TRUE,"fishing","aquatic_chronic","ammonia","total","ug/l",2,1,0,0,0,2,"none",79,"Otsego Lake","NY3830149","","","","","",NA,NA,""
"0601OTS0404","0601-0033",TRUE,"fishing","aquatic_chronic","ammonia","total","ug/l",2,1,0,0,0,2,"none",67,"Otsego Lake","NY3807994","OTSEGO LAKE BAYSIDE MOTOR INN","Transient non-community system","Surface water","Otsego","SPRINGFIELD (T)",84,12,"Private"
"0601OTS0404","0601-0033",TRUE,"fishing","aquatic_chronic","ammonia","total","ug/l",2,1,0,0,0,2,"none",61,"Otsego Lake","NY3813664","THREE MILE POINT","Transient non-community system","Surface water","Otsego","OTSEGO (T)",150,5,"Local government"
"0601OTS0404","0601-0033",TRUE,"fishing","aquatic_chronic","ammonia","total","ug/l",2,1,0,0,0,2,"none",72,"Otsego Lake","NY3821952","BLUE MINGO GRILL","Transient non-community system","Surface water","Otsego","OTSEGO (T)",40,3,"Private"
"0601OTS0404","0601-0033",TRUE,"fishing","aquatic_chronic","ammonia","total","ug/l",2,1,0,0,0,2,"none",26,"Otsego Lake","NY3800145","COOPERSTOWN VILLAGE","Community water system","Surface water","Otsego","COOPERSTOWN (V)",2400,7,"Local government"
"0601OTS0404","0601-0033",TRUE,"fishing","aquatic_chronic","ammonia","total","ug/l",2,1,0,0,0,2,"none",69,"Otsego Lake","NY3807993","LAKE N PINES MOTEL, INC.","Transient non-community system","Surface water","Otsego","SPRINGFIELD (T)",58,11,"Private"
"0601OTS0404","0601-0033",TRUE,"primary_contact_recreation","none","total_dissolved_solids","dissolved","mg/l",2,1,0,0,0,0,"none",79,"Otsego Lake","NY3830149","","","","","",NA,NA,""
"0601OTS0404","0601-0033",TRUE,"primary_contact_recreation","none","total_dissolved_solids","dissolved","mg/l",2,1,0,0,0,0,"none",67,"Otsego Lake","NY3807994","OTSEGO LAKE BAYSIDE MOTOR INN","Transient non-community system","Surface water","Otsego","SPRINGFIELD (T)",84,12,"Private"
"0601OTS0404","0601-0033",TRUE,"primary_contact_recreation","none","total_dissolved_solids","dissolved","mg/l",2,1,0,0,0,0,"none",61,"Otsego Lake","NY3813664","THREE MILE POINT","Transient non-community system","Surface water","Otsego","OTSEGO (T)",150,5,"Local government"
"0601OTS0404","0601-0033",TRUE,"primary_contact_recreation","none","total_dissolved_solids","dissolved","mg/l",2,1,0,0,0,0,"none",72,"Otsego Lake","NY3821952","BLUE MINGO GRILL","Transient non-community system","Surface water","Otsego","OTSEGO (T)",40,3,"Private"
"0601OTS0404","0601-0033",TRUE,"primary_contact_recreation","none","total_dissolved_solids","dissolved","mg/l",2,1,0,0,0,0,"none",26,"Otsego Lake","NY3800145","COOPERSTOWN VILLAGE","Community water system","Surface water","Otsego","COOPERSTOWN (V)",2400,7,"Local government"
"0601OTS0404","0601-0033",TRUE,"primary_contact_recreation","none","total_dissolved_solids","dissolved","mg/l",2,1,0,0,0,0,"none",69,"Otsego Lake","NY3807993","LAKE N PINES MOTEL, INC.","Transient non-community system","Surface water","Otsego","SPRINGFIELD (T)",58,11,"Private"
"0601OTS0404","0601-0033",TRUE,"source_of_water_supply","health_water-source","nickel","total","ug/l",2,1,0,0,0,0,"none",79,"Otsego Lake","NY3830149","","","","","",NA,NA,""
"0601OTS0404","0601-0033",TRUE,"source_of_water_supply","health_water-source","nickel","total","ug/l",2,1,0,0,0,0,"none",67,"Otsego Lake","NY3807994","OTSEGO LAKE BAYSIDE MOTOR INN","Transient non-community system","Surface water","Otsego","SPRINGFIELD (T)",84,12,"Private"
"0601OTS0404","0601-0033",TRUE,"source_of_water_supply","health_water-source","nickel","total","ug/l",2,1,0,0,0,0,"none",61,"Otsego Lake","NY3813664","THREE MILE POINT","Transient non-community system","Surface water","Otsego","OTSEGO (T)",150,5,"Local government"
"0601OTS0404","0601-0033",TRUE,"source_of_water_supply","health_water-source","nickel","total","ug/l",2,1,0,0,0,0,"none",72,"Otsego Lake","NY3821952","BLUE MINGO GRILL","Transient non-community system","Surface water","Otsego","OTSEGO (T)",40,3,"Private"
"0601OTS0404","0601-0033",TRUE,"source_of_water_supply","health_water-source","nickel","total","ug/l",2,1,0,0,0,0,"none",26,"Otsego Lake","NY3800145","COOPERSTOWN VILLAGE","Community water system","Surface water","Otsego","COOPERSTOWN (V)",2400,7,"Local government"
"0601OTS0404","0601-0033",TRUE,"source_of_water_supply","health_water-source","nickel","total","ug/l",2,1,0,0,0,0,"none",69,"Otsego Lake","NY3807993","LAKE N PINES MOTEL, INC.","Transient non-community system","Surface water","Otsego","SPRINGFIELD (T)",58,11,"Private"
"0601OTS0404","0601-0033",TRUE,"fishing","none","ph","total","ph_units",1,1,0,0,0,0,"none",79,"Otsego Lake","NY3830149","","","","","",NA,NA,""
"0601OTS0404","0601-0033",TRUE,"fishing","none","ph","total","ph_units",1,1,0,0,0,0,"none",67,"Otsego Lake","NY3807994","OTSEGO LAKE BAYSIDE MOTOR INN","Transient non-community system","Surface water","Otsego","SPRINGFIELD (T)",84,12,"Private"
"0601OTS0404","0601-0033",TRUE,"fishing","none","ph","total","ph_units",1,1,0,0,0,0,"none",61,"Otsego Lake","NY3813664","THREE MILE POINT","Transient non-community system","Surface water","Otsego","OTSEGO (T)",150,5,"Local government"
"0601OTS0404","0601-0033",TRUE,"fishing","none","ph","total","ph_units",1,1,0,0,0,0,"none",72,"Otsego Lake","NY3821952","BLUE MINGO GRILL","Transient non-community system","Surface water","Otsego","OTSEGO (T)",40,3,"Private"
"0601OTS0404","0601-0033",TRUE,"fishing","none","ph","total","ph_units",1,1,0,0,0,0,"none",26,"Otsego Lake","NY3800145","COOPERSTOWN VILLAGE","Community water system","Surface water","Otsego","COOPERSTOWN (V)",2400,7,"Local government"
"0601OTS0404","0601-0033",TRUE,"fishing","none","ph","total","ph_units",1,1,0,0,0,0,"none",69,"Otsego Lake","NY3807993","LAKE N PINES MOTEL, INC.","Transient non-community system","Surface water","Otsego","SPRINGFIELD (T)",58,11,"Private"
"0601OTS0404","0601-0033",TRUE,"fishing","aquatic_chronic","nickel","dissolved","ug/l",2,1,0,0,0,0,"none",79,"Otsego Lake","NY3830149","","","","","",NA,NA,""
"0601OTS0404","0601-0033",TRUE,"fishing","aquatic_chronic","nickel","dissolved","ug/l",2,1,0,0,0,0,"none",67,"Otsego Lake","NY3807994","OTSEGO LAKE BAYSIDE MOTOR INN","Transient non-community system","Surface water","Otsego","SPRINGFIELD (T)",84,12,"Private"
"0601OTS0404","0601-0033",TRUE,"fishing","aquatic_chronic","nickel","dissolved","ug/l",2,1,0,0,0,0,"none",61,"Otsego Lake","NY3813664","THREE MILE POINT","Transient non-community system","Surface water","Otsego","OTSEGO (T)",150,5,"Local government"
"0601OTS0404","0601-0033",TRUE,"fishing","aquatic_chronic","nickel","dissolved","ug/l",2,1,0,0,0,0,"none",72,"Otsego Lake","NY3821952","BLUE MINGO GRILL","Transient non-community system","Surface water","Otsego","OTSEGO (T)",40,3,"Private"
"0601OTS0404","0601-0033",TRUE,"fishing","aquatic_chronic","nickel","dissolved","ug/l",2,1,0,0,0,0,"none",26,"Otsego Lake","NY3800145","COOPERSTOWN VILLAGE","Community water system","Surface water","Otsego","COOPERSTOWN (V)",2400,7,"Local government"
"0601OTS0404","0601-0033",TRUE,"fishing","aquatic_chronic","nickel","dissolved","ug/l",2,1,0,0,0,0,"none",69,"Otsego Lake","NY3807993","LAKE N PINES MOTEL, INC.","Transient non-community system","Surface water","Otsego","SPRINGFIELD (T)",58,11,"Private"
"0601OTS0404","0601-0033",TRUE,"fishing","aquatic_chronic","copper","dissolved","ug/l",2,1,0,0,0,0,"none",79,"Otsego Lake","NY3830149","","","","","",NA,NA,""
"0601OTS0404","0601-0033",TRUE,"fishing","aquatic_chronic","copper","dissolved","ug/l",2,1,0,0,0,0,"none",67,"Otsego Lake","NY3807994","OTSEGO LAKE BAYSIDE MOTOR INN","Transient non-community system","Surface water","Otsego","SPRINGFIELD (T)",84,12,"Private"
"0601OTS0404","0601-0033",TRUE,"fishing","aquatic_chronic","copper","dissolved","ug/l",2,1,0,0,0,0,"none",61,"Otsego Lake","NY3813664","THREE MILE POINT","Transient non-community system","Surface water","Otsego","OTSEGO (T)",150,5,"Local government"
"0601OTS0404","0601-0033",TRUE,"fishing","aquatic_chronic","copper","dissolved","ug/l",2,1,0,0,0,0,"none",72,"Otsego Lake","NY3821952","BLUE MINGO GRILL","Transient non-community system","Surface water","Otsego","OTSEGO (T)",40,3,"Private"
"0601OTS0404","0601-0033",TRUE,"fishing","aquatic_chronic","copper","dissolved","ug/l",2,1,0,0,0,0,"none",26,"Otsego Lake","NY3800145","COOPERSTOWN VILLAGE","Community water system","Surface water","Otsego","COOPERSTOWN (V)",2400,7,"Local government"
"0601OTS0404","0601-0033",TRUE,"fishing","aquatic_chronic","copper","dissolved","ug/l",2,1,0,0,0,0,"none",69,"Otsego Lake","NY3807993","LAKE N PINES MOTEL, INC.","Transient non-community system","Surface water","Otsego","SPRINGFIELD (T)",58,11,"Private"
"0601OTS0404","0601-0033",TRUE,"fishing","aquatic_acute","copper","dissolved","ug/l",2,1,0,0,0,0,"none",79,"Otsego Lake","NY3830149","","","","","",NA,NA,""
"0601OTS0404","0601-0033",TRUE,"fishing","aquatic_acute","copper","dissolved","ug/l",2,1,0,0,0,0,"none",67,"Otsego Lake","NY3807994","OTSEGO LAKE BAYSIDE MOTOR INN","Transient non-community system","Surface water","Otsego","SPRINGFIELD (T)",84,12,"Private"
"0601OTS0404","0601-0033",TRUE,"fishing","aquatic_acute","copper","dissolved","ug/l",2,1,0,0,0,0,"none",61,"Otsego Lake","NY3813664","THREE MILE POINT","Transient non-community system","Surface water","Otsego","OTSEGO (T)",150,5,"Local government"
"0601OTS0404","0601-0033",TRUE,"fishing","aquatic_acute","copper","dissolved","ug/l",2,1,0,0,0,0,"none",72,"Otsego Lake","NY3821952","BLUE MINGO GRILL","Transient non-community system","Surface water","Otsego","OTSEGO (T)",40,3,"Private"
"0601OTS0404","0601-0033",TRUE,"fishing","aquatic_acute","copper","dissolved","ug/l",2,1,0,0,0,0,"none",26,"Otsego Lake","NY3800145","COOPERSTOWN VILLAGE","Community water system","Surface water","Otsego","COOPERSTOWN (V)",2400,7,"Local government"
"0601OTS0404","0601-0033",TRUE,"fishing","aquatic_acute","copper","dissolved","ug/l",2,1,0,0,0,0,"none",69,"Otsego Lake","NY3807993","LAKE N PINES MOTEL, INC.","Transient non-community system","Surface water","Otsego","SPRINGFIELD (T)",58,11,"Private"
"0601OTS0404","0601-0033",TRUE,"fishing","none","dissolved_oxygen","dissolved","mg/l",1,1,0,0,0,0,"n_exceedances may not be intiutive for this parameter because there are multiple components to the WQS. n_exceedances may be greater than n_samples_collected if a single sample was marked as an exceedance for multiple components of the WQS.",79,"Otsego Lake","NY3830149","","","","","",NA,NA,""
"0601OTS0404","0601-0033",TRUE,"fishing","none","dissolved_oxygen","dissolved","mg/l",1,1,0,0,0,0,"n_exceedances may not be intiutive for this parameter because there are multiple components to the WQS. n_exceedances may be greater than n_samples_collected if a single sample was marked as an exceedance for multiple components of the WQS.",67,"Otsego Lake","NY3807994","OTSEGO LAKE BAYSIDE MOTOR INN","Transient non-community system","Surface water","Otsego","SPRINGFIELD (T)",84,12,"Private"
"0601OTS0404","0601-0033",TRUE,"fishing","none","dissolved_oxygen","dissolved","mg/l",1,1,0,0,0,0,"n_exceedances may not be intiutive for this parameter because there are multiple components to the WQS. n_exceedances may be greater than n_samples_collected if a single sample was marked as an exceedance for multiple components of the WQS.",61,"Otsego Lake","NY3813664","THREE MILE POINT","Transient non-community system","Surface water","Otsego","OTSEGO (T)",150,5,"Local government"
"0601OTS0404","0601-0033",TRUE,"fishing","none","dissolved_oxygen","dissolved","mg/l",1,1,0,0,0,0,"n_exceedances may not be intiutive for this parameter because there are multiple components to the WQS. n_exceedances may be greater than n_samples_collected if a single sample was marked as an exceedance for multiple components of the WQS.",72,"Otsego Lake","NY3821952","BLUE MINGO GRILL","Transient non-community system","Surface water","Otsego","OTSEGO (T)",40,3,"Private"
"0601OTS0404","0601-0033",TRUE,"fishing","none","dissolved_oxygen","dissolved","mg/l",1,1,0,0,0,0,"n_exceedances may not be intiutive for this parameter because there are multiple components to the WQS. n_exceedances may be greater than n_samples_collected if a single sample was marked as an exceedance for multiple components of the WQS.",26,"Otsego Lake","NY3800145","COOPERSTOWN VILLAGE","Community water system","Surface water","Otsego","COOPERSTOWN (V)",2400,7,"Local government"
"0601OTS0404","0601-0033",TRUE,"fishing","none","dissolved_oxygen","dissolved","mg/l",1,1,0,0,0,0,"n_exceedances may not be intiutive for this parameter because there are multiple components to the WQS. n_exceedances may be greater than n_samples_collected if a single sample was marked as an exceedance for multiple components of the WQS.",69,"Otsego Lake","NY3807993","LAKE N PINES MOTEL, INC.","Transient non-community system","Surface water","Otsego","SPRINGFIELD (T)",58,11,"Private"
"0601OTS0404","0601-0033",TRUE,"source_of_water_supply","health_water-source","copper","total","ug/l",2,1,0,0,0,0,"none",79,"Otsego Lake","NY3830149","","","","","",NA,NA,""
"0601OTS0404","0601-0033",TRUE,"source_of_water_supply","health_water-source","copper","total","ug/l",2,1,0,0,0,0,"none",67,"Otsego Lake","NY3807994","OTSEGO LAKE BAYSIDE MOTOR INN","Transient non-community system","Surface water","Otsego","SPRINGFIELD (T)",84,12,"Private"
"0601OTS0404","0601-0033",TRUE,"source_of_water_supply","health_water-source","copper","total","ug/l",2,1,0,0,0,0,"none",61,"Otsego Lake","NY3813664","THREE MILE POINT","Transient non-community system","Surface water","Otsego","OTSEGO (T)",150,5,"Local government"
"0601OTS0404","0601-0033",TRUE,"source_of_water_supply","health_water-source","copper","total","ug/l",2,1,0,0,0,0,"none",72,"Otsego Lake","NY3821952","BLUE MINGO GRILL","Transient non-community system","Surface water","Otsego","OTSEGO (T)",40,3,"Private"
"0601OTS0404","0601-0033",TRUE,"source_of_water_supply","health_water-source","copper","total","ug/l",2,1,0,0,0,0,"none",26,"Otsego Lake","NY3800145","COOPERSTOWN VILLAGE","Community water system","Surface water","Otsego","COOPERSTOWN (V)",2400,7,"Local government"
"0601OTS0404","0601-0033",TRUE,"source_of_water_supply","health_water-source","copper","total","ug/l",2,1,0,0,0,0,"none",69,"Otsego Lake","NY3807993","LAKE N PINES MOTEL, INC.","Transient non-community system","Surface water","Otsego","SPRINGFIELD (T)",58,11,"Private"
"0601OTS0404","0601-0033",TRUE,"source_of_water_supply","health_water-source","chloride","total","ug/l",2,1,0,0,0,0,"none",79,"Otsego Lake","NY3830149","","","","","",NA,NA,""
"0601OTS0404","0601-0033",TRUE,"source_of_water_supply","health_water-source","chloride","total","ug/l",2,1,0,0,0,0,"none",67,"Otsego Lake","NY3807994","OTSEGO LAKE BAYSIDE MOTOR INN","Transient non-community system","Surface water","Otsego","SPRINGFIELD (T)",84,12,"Private"
"0601OTS0404","0601-0033",TRUE,"source_of_water_supply","health_water-source","chloride","total","ug/l",2,1,0,0,0,0,"none",61,"Otsego Lake","NY3813664","THREE MILE POINT","Transient non-community system","Surface water","Otsego","OTSEGO (T)",150,5,"Local government"
"0601OTS0404","0601-0033",TRUE,"source_of_water_supply","health_water-source","chloride","total","ug/l",2,1,0,0,0,0,"none",72,"Otsego Lake","NY3821952","BLUE MINGO GRILL","Transient non-community system","Surface water","Otsego","OTSEGO (T)",40,3,"Private"
"0601OTS0404","0601-0033",TRUE,"source_of_water_supply","health_water-source","chloride","total","ug/l",2,1,0,0,0,0,"none",26,"Otsego Lake","NY3800145","COOPERSTOWN VILLAGE","Community water system","Surface water","Otsego","COOPERSTOWN (V)",2400,7,"Local government"
"0601OTS0404","0601-0033",TRUE,"source_of_water_supply","health_water-source","chloride","total","ug/l",2,1,0,0,0,0,"none",69,"Otsego Lake","NY3807993","LAKE N PINES MOTEL, INC.","Transient non-community system","Surface water","Otsego","SPRINGFIELD (T)",58,11,"Private"
"0601OTS0404","0601-0033",TRUE,"primary_contact_recreation","recreation","phosphorus","total","ug/l",1,1,0,0,0,0,"none",79,"Otsego Lake","NY3830149","","","","","",NA,NA,""
"0601OTS0404","0601-0033",TRUE,"primary_contact_recreation","recreation","phosphorus","total","ug/l",1,1,0,0,0,0,"none",67,"Otsego Lake","NY3807994","OTSEGO LAKE BAYSIDE MOTOR INN","Transient non-community system","Surface water","Otsego","SPRINGFIELD (T)",84,12,"Private"
"0601OTS0404","0601-0033",TRUE,"primary_contact_recreation","recreation","phosphorus","total","ug/l",1,1,0,0,0,0,"none",61,"Otsego Lake","NY3813664","THREE MILE POINT","Transient non-community system","Surface water","Otsego","OTSEGO (T)",150,5,"Local government"
"0601OTS0404","0601-0033",TRUE,"primary_contact_recreation","recreation","phosphorus","total","ug/l",1,1,0,0,0,0,"none",72,"Otsego Lake","NY3821952","BLUE MINGO GRILL","Transient non-community system","Surface water","Otsego","OTSEGO (T)",40,3,"Private"
"0601OTS0404","0601-0033",TRUE,"primary_contact_recreation","recreation","phosphorus","total","ug/l",1,1,0,0,0,0,"none",26,"Otsego Lake","NY3800145","COOPERSTOWN VILLAGE","Community water system","Surface water","Otsego","COOPERSTOWN (V)",2400,7,"Local government"
"0601OTS0404","0601-0033",TRUE,"primary_contact_recreation","recreation","phosphorus","total","ug/l",1,1,0,0,0,0,"none",69,"Otsego Lake","NY3807993","LAKE N PINES MOTEL, INC.","Transient non-community system","Surface water","Otsego","SPRINGFIELD (T)",58,11,"Private"
"0601OTS0404","0601-0033",TRUE,"fishing","aquatic_acute","zinc","dissolved","ug/l",2,1,0,0,0,0,"none",79,"Otsego Lake","NY3830149","","","","","",NA,NA,""
"0601OTS0404","0601-0033",TRUE,"fishing","aquatic_acute","zinc","dissolved","ug/l",2,1,0,0,0,0,"none",67,"Otsego Lake","NY3807994","OTSEGO LAKE BAYSIDE MOTOR INN","Transient non-community system","Surface water","Otsego","SPRINGFIELD (T)",84,12,"Private"
"0601OTS0404","0601-0033",TRUE,"fishing","aquatic_acute","zinc","dissolved","ug/l",2,1,0,0,0,0,"none",61,"Otsego Lake","NY3813664","THREE MILE POINT","Transient non-community system","Surface water","Otsego","OTSEGO (T)",150,5,"Local government"
"0601OTS0404","0601-0033",TRUE,"fishing","aquatic_acute","zinc","dissolved","ug/l",2,1,0,0,0,0,"none",72,"Otsego Lake","NY3821952","BLUE MINGO GRILL","Transient non-community system","Surface water","Otsego","OTSEGO (T)",40,3,"Private"
"0601OTS0404","0601-0033",TRUE,"fishing","aquatic_acute","zinc","dissolved","ug/l",2,1,0,0,0,0,"none",26,"Otsego Lake","NY3800145","COOPERSTOWN VILLAGE","Community water system","Surface water","Otsego","COOPERSTOWN (V)",2400,7,"Local government"
"0601OTS0404","0601-0033",TRUE,"fishing","aquatic_acute","zinc","dissolved","ug/l",2,1,0,0,0,0,"none",69,"Otsego Lake","NY3807993","LAKE N PINES MOTEL, INC.","Transient non-community system","Surface water","Otsego","SPRINGFIELD (T)",58,11,"Private"
"0601OTS0404","0601-0033",TRUE,"fishing","aquatic_acute","arsenic","dissolved","ug/l",2,1,0,0,0,0,"none",79,"Otsego Lake","NY3830149","","","","","",NA,NA,""
"0601OTS0404","0601-0033",TRUE,"fishing","aquatic_acute","arsenic","dissolved","ug/l",2,1,0,0,0,0,"none",67,"Otsego Lake","NY3807994","OTSEGO LAKE BAYSIDE MOTOR INN","Transient non-community system","Surface water","Otsego","SPRINGFIELD (T)",84,12,"Private"
"0601OTS0404","0601-0033",TRUE,"fishing","aquatic_acute","arsenic","dissolved","ug/l",2,1,0,0,0,0,"none",61,"Otsego Lake","NY3813664","THREE MILE POINT","Transient non-community system","Surface water","Otsego","OTSEGO (T)",150,5,"Local government"
"0601OTS0404","0601-0033",TRUE,"fishing","aquatic_acute","arsenic","dissolved","ug/l",2,1,0,0,0,0,"none",72,"Otsego Lake","NY3821952","BLUE MINGO GRILL","Transient non-community system","Surface water","Otsego","OTSEGO (T)",40,3,"Private"
"0601OTS0404","0601-0033",TRUE,"fishing","aquatic_acute","arsenic","dissolved","ug/l",2,1,0,0,0,0,"none",26,"Otsego Lake","NY3800145","COOPERSTOWN VILLAGE","Community water system","Surface water","Otsego","COOPERSTOWN (V)",2400,7,"Local government"
"0601OTS0404","0601-0033",TRUE,"fishing","aquatic_acute","arsenic","dissolved","ug/l",2,1,0,0,0,0,"none",69,"Otsego Lake","NY3807993","LAKE N PINES MOTEL, INC.","Transient non-community system","Surface water","Otsego","SPRINGFIELD (T)",58,11,"Private"
"0601OTS0404","0601-0033",TRUE,"fishing","none","total_dissolved_solids","dissolved","mg/l",2,1,0,0,0,0,"none",79,"Otsego Lake","NY3830149","","","","","",NA,NA,""
"0601OTS0404","0601-0033",TRUE,"fishing","none","total_dissolved_solids","dissolved","mg/l",2,1,0,0,0,0,"none",67,"Otsego Lake","NY3807994","OTSEGO LAKE BAYSIDE MOTOR INN","Transient non-community system","Surface water","Otsego","SPRINGFIELD (T)",84,12,"Private"
"0601OTS0404","0601-0033",TRUE,"fishing","none","total_dissolved_solids","dissolved","mg/l",2,1,0,0,0,0,"none",61,"Otsego Lake","NY3813664","THREE MILE POINT","Transient non-community system","Surface water","Otsego","OTSEGO (T)",150,5,"Local government"
"0601OTS0404","0601-0033",TRUE,"fishing","none","total_dissolved_solids","dissolved","mg/l",2,1,0,0,0,0,"none",72,"Otsego Lake","NY3821952","BLUE MINGO GRILL","Transient non-community system","Surface water","Otsego","OTSEGO (T)",40,3,"Private"
"0601OTS0404","0601-0033",TRUE,"fishing","none","total_dissolved_solids","dissolved","mg/l",2,1,0,0,0,0,"none",26,"Otsego Lake","NY3800145","COOPERSTOWN VILLAGE","Community water system","Surface water","Otsego","COOPERSTOWN (V)",2400,7,"Local government"
"0601OTS0404","0601-0033",TRUE,"fishing","none","total_dissolved_solids","dissolved","mg/l",2,1,0,0,0,0,"none",69,"Otsego Lake","NY3807993","LAKE N PINES MOTEL, INC.","Transient non-community system","Surface water","Otsego","SPRINGFIELD (T)",58,11,"Private"
"0601OTS0404","0601-0033",TRUE,"fishing","aquatic_chronic","arsenic","dissolved","ug/l",2,1,0,0,0,0,"none",79,"Otsego Lake","NY3830149","","","","","",NA,NA,""
"0601OTS0404","0601-0033",TRUE,"fishing","aquatic_chronic","arsenic","dissolved","ug/l",2,1,0,0,0,0,"none",67,"Otsego Lake","NY3807994","OTSEGO LAKE BAYSIDE MOTOR INN","Transient non-community system","Surface water","Otsego","SPRINGFIELD (T)",84,12,"Private"
"0601OTS0404","0601-0033",TRUE,"fishing","aquatic_chronic","arsenic","dissolved","ug/l",2,1,0,0,0,0,"none",61,"Otsego Lake","NY3813664","THREE MILE POINT","Transient non-community system","Surface water","Otsego","OTSEGO (T)",150,5,"Local government"
"0601OTS0404","0601-0033",TRUE,"fishing","aquatic_chronic","arsenic","dissolved","ug/l",2,1,0,0,0,0,"none",72,"Otsego Lake","NY3821952","BLUE MINGO GRILL","Transient non-community system","Surface water","Otsego","OTSEGO (T)",40,3,"Private"
"0601OTS0404","0601-0033",TRUE,"fishing","aquatic_chronic","arsenic","dissolved","ug/l",2,1,0,0,0,0,"none",26,"Otsego Lake","NY3800145","COOPERSTOWN VILLAGE","Community water system","Surface water","Otsego","COOPERSTOWN (V)",2400,7,"Local government"
"0601OTS0404","0601-0033",TRUE,"fishing","aquatic_chronic","arsenic","dissolved","ug/l",2,1,0,0,0,0,"none",69,"Otsego Lake","NY3807993","LAKE N PINES MOTEL, INC.","Transient non-community system","Surface water","Otsego","SPRINGFIELD (T)",58,11,"Private"
"0601OTS0404","0601-0033",TRUE,"source_of_water_supply","aesthetic_water-supply","manganese","total","ug/l",2,1,0,0,0,0,"none",79,"Otsego Lake","NY3830149","","","","","",NA,NA,""
"0601OTS0404","0601-0033",TRUE,"source_of_water_supply","aesthetic_water-supply","manganese","total","ug/l",2,1,0,0,0,0,"none",67,"Otsego Lake","NY3807994","OTSEGO LAKE BAYSIDE MOTOR INN","Transient non-community system","Surface water","Otsego","SPRINGFIELD (T)",84,12,"Private"
"0601OTS0404","0601-0033",TRUE,"source_of_water_supply","aesthetic_water-supply","manganese","total","ug/l",2,1,0,0,0,0,"none",61,"Otsego Lake","NY3813664","THREE MILE POINT","Transient non-community system","Surface water","Otsego","OTSEGO (T)",150,5,"Local government"
"0601OTS0404","0601-0033",TRUE,"source_of_water_supply","aesthetic_water-supply","manganese","total","ug/l",2,1,0,0,0,0,"none",72,"Otsego Lake","NY3821952","BLUE MINGO GRILL","Transient non-community system","Surface water","Otsego","OTSEGO (T)",40,3,"Private"
"0601OTS0404","0601-0033",TRUE,"source_of_water_supply","aesthetic_water-supply","manganese","total","ug/l",2,1,0,0,0,0,"none",26,"Otsego Lake","NY3800145","COOPERSTOWN VILLAGE","Community water system","Surface water","Otsego","COOPERSTOWN (V)",2400,7,"Local government"
"0601OTS0404","0601-0033",TRUE,"source_of_water_supply","aesthetic_water-supply","manganese","total","ug/l",2,1,0,0,0,0,"none",69,"Otsego Lake","NY3807993","LAKE N PINES MOTEL, INC.","Transient non-community system","Surface water","Otsego","SPRINGFIELD (T)",58,11,"Private"
"0601OTS0404","0601-0033",TRUE,"source_of_water_supply","health_water-source","ammonia","total","ug/l",2,1,0,0,0,0,"none",79,"Otsego Lake","NY3830149","","","","","",NA,NA,""
"0601OTS0404","0601-0033",TRUE,"source_of_water_supply","health_water-source","ammonia","total","ug/l",2,1,0,0,0,0,"none",67,"Otsego Lake","NY3807994","OTSEGO LAKE BAYSIDE MOTOR INN","Transient non-community system","Surface water","Otsego","SPRINGFIELD (T)",84,12,"Private"
"0601OTS0404","0601-0033",TRUE,"source_of_water_supply","health_water-source","ammonia","total","ug/l",2,1,0,0,0,0,"none",61,"Otsego Lake","NY3813664","THREE MILE POINT","Transient non-community system","Surface water","Otsego","OTSEGO (T)",150,5,"Local government"
"0601OTS0404","0601-0033",TRUE,"source_of_water_supply","health_water-source","ammonia","total","ug/l",2,1,0,0,0,0,"none",72,"Otsego Lake","NY3821952","BLUE MINGO GRILL","Transient non-community system","Surface water","Otsego","OTSEGO (T)",40,3,"Private"
"0601OTS0404","0601-0033",TRUE,"source_of_water_supply","health_water-source","ammonia","total","ug/l",2,1,0,0,0,0,"none",26,"Otsego Lake","NY3800145","COOPERSTOWN VILLAGE","Community water system","Surface water","Otsego","COOPERSTOWN (V)",2400,7,"Local government"
"0601OTS0404","0601-0033",TRUE,"source_of_water_supply","health_water-source","ammonia","total","ug/l",2,1,0,0,0,0,"none",69,"Otsego Lake","NY3807993","LAKE N PINES MOTEL, INC.","Transient non-community system","Surface water","Otsego","SPRINGFIELD (T)",58,11,"Private"
"0601OTS0404","0601-0033",TRUE,"source_of_water_supply","health_water-source","magnesium","total","ug/l",2,1,0,0,0,0,"none",79,"Otsego Lake","NY3830149","","","","","",NA,NA,""
"0601OTS0404","0601-0033",TRUE,"source_of_water_supply","health_water-source","magnesium","total","ug/l",2,1,0,0,0,0,"none",67,"Otsego Lake","NY3807994","OTSEGO LAKE BAYSIDE MOTOR INN","Transient non-community system","Surface water","Otsego","SPRINGFIELD (T)",84,12,"Private"
"0601OTS0404","0601-0033",TRUE,"source_of_water_supply","health_water-source","magnesium","total","ug/l",2,1,0,0,0,0,"none",61,"Otsego Lake","NY3813664","THREE MILE POINT","Transient non-community system","Surface water","Otsego","OTSEGO (T)",150,5,"Local government"
"0601OTS0404","0601-0033",TRUE,"source_of_water_supply","health_water-source","magnesium","total","ug/l",2,1,0,0,0,0,"none",72,"Otsego Lake","NY3821952","BLUE MINGO GRILL","Transient non-community system","Surface water","Otsego","OTSEGO (T)",40,3,"Private"
"0601OTS0404","0601-0033",TRUE,"source_of_water_supply","health_water-source","magnesium","total","ug/l",2,1,0,0,0,0,"none",26,"Otsego Lake","NY3800145","COOPERSTOWN VILLAGE","Community water system","Surface water","Otsego","COOPERSTOWN (V)",2400,7,"Local government"
"0601OTS0404","0601-0033",TRUE,"source_of_water_supply","health_water-source","magnesium","total","ug/l",2,1,0,0,0,0,"none",69,"Otsego Lake","NY3807993","LAKE N PINES MOTEL, INC.","Transient non-community system","Surface water","Otsego","SPRINGFIELD (T)",58,11,"Private"
"0601OTS0404","0601-0033",TRUE,"secondary_contact_recreation","recreation","phosphorus","total","ug/l",1,1,0,0,0,0,"none",79,"Otsego Lake","NY3830149","","","","","",NA,NA,""
"0601OTS0404","0601-0033",TRUE,"secondary_contact_recreation","recreation","phosphorus","total","ug/l",1,1,0,0,0,0,"none",67,"Otsego Lake","NY3807994","OTSEGO LAKE BAYSIDE MOTOR INN","Transient non-community system","Surface water","Otsego","SPRINGFIELD (T)",84,12,"Private"
"0601OTS0404","0601-0033",TRUE,"secondary_contact_recreation","recreation","phosphorus","total","ug/l",1,1,0,0,0,0,"none",61,"Otsego Lake","NY3813664","THREE MILE POINT","Transient non-community system","Surface water","Otsego","OTSEGO (T)",150,5,"Local government"
"0601OTS0404","0601-0033",TRUE,"secondary_contact_recreation","recreation","phosphorus","total","ug/l",1,1,0,0,0,0,"none",72,"Otsego Lake","NY3821952","BLUE MINGO GRILL","Transient non-community system","Surface water","Otsego","OTSEGO (T)",40,3,"Private"
"0601OTS0404","0601-0033",TRUE,"secondary_contact_recreation","recreation","phosphorus","total","ug/l",1,1,0,0,0,0,"none",26,"Otsego Lake","NY3800145","COOPERSTOWN VILLAGE","Community water system","Surface water","Otsego","COOPERSTOWN (V)",2400,7,"Local government"
"0601OTS0404","0601-0033",TRUE,"secondary_contact_recreation","recreation","phosphorus","total","ug/l",1,1,0,0,0,0,"none",69,"Otsego Lake","NY3807993","LAKE N PINES MOTEL, INC.","Transient non-community system","Surface water","Otsego","SPRINGFIELD (T)",58,11,"Private"
"0601OTS0404","0601-0033",TRUE,"fishing","aquatic_chronic","aluminum","dissolved","ug/l",2,1,0,0,0,0,"none",79,"Otsego Lake","NY3830149","","","","","",NA,NA,""
"0601OTS0404","0601-0033",TRUE,"fishing","aquatic_chronic","aluminum","dissolved","ug/l",2,1,0,0,0,0,"none",67,"Otsego Lake","NY3807994","OTSEGO LAKE BAYSIDE MOTOR INN","Transient non-community system","Surface water","Otsego","SPRINGFIELD (T)",84,12,"Private"
"0601OTS0404","0601-0033",TRUE,"fishing","aquatic_chronic","aluminum","dissolved","ug/l",2,1,0,0,0,0,"none",61,"Otsego Lake","NY3813664","THREE MILE POINT","Transient non-community system","Surface water","Otsego","OTSEGO (T)",150,5,"Local government"
"0601OTS0404","0601-0033",TRUE,"fishing","aquatic_chronic","aluminum","dissolved","ug/l",2,1,0,0,0,0,"none",72,"Otsego Lake","NY3821952","BLUE MINGO GRILL","Transient non-community system","Surface water","Otsego","OTSEGO (T)",40,3,"Private"
"0601OTS0404","0601-0033",TRUE,"fishing","aquatic_chronic","aluminum","dissolved","ug/l",2,1,0,0,0,0,"none",26,"Otsego Lake","NY3800145","COOPERSTOWN VILLAGE","Community water system","Surface water","Otsego","COOPERSTOWN (V)",2400,7,"Local government"
"0601OTS0404","0601-0033",TRUE,"fishing","aquatic_chronic","aluminum","dissolved","ug/l",2,1,0,0,0,0,"none",69,"Otsego Lake","NY3807993","LAKE N PINES MOTEL, INC.","Transient non-community system","Surface water","Otsego","SPRINGFIELD (T)",58,11,"Private"
"0601OTS0404","0601-0033",TRUE,"secondary_contact_recreation","none","total_dissolved_solids","dissolved","mg/l",2,1,0,0,0,0,"none",79,"Otsego Lake","NY3830149","","","","","",NA,NA,""
"0601OTS0404","0601-0033",TRUE,"secondary_contact_recreation","none","total_dissolved_solids","dissolved","mg/l",2,1,0,0,0,0,"none",67,"Otsego Lake","NY3807994","OTSEGO LAKE BAYSIDE MOTOR INN","Transient non-community system","Surface water","Otsego","SPRINGFIELD (T)",84,12,"Private"
"0601OTS0404","0601-0033",TRUE,"secondary_contact_recreation","none","total_dissolved_solids","dissolved","mg/l",2,1,0,0,0,0,"none",61,"Otsego Lake","NY3813664","THREE MILE POINT","Transient non-community system","Surface water","Otsego","OTSEGO (T)",150,5,"Local government"
"0601OTS0404","0601-0033",TRUE,"secondary_contact_recreation","none","total_dissolved_solids","dissolved","mg/l",2,1,0,0,0,0,"none",72,"Otsego Lake","NY3821952","BLUE MINGO GRILL","Transient non-community system","Surface water","Otsego","OTSEGO (T)",40,3,"Private"
"0601OTS0404","0601-0033",TRUE,"secondary_contact_recreation","none","total_dissolved_solids","dissolved","mg/l",2,1,0,0,0,0,"none",26,"Otsego Lake","NY3800145","COOPERSTOWN VILLAGE","Community water system","Surface water","Otsego","COOPERSTOWN (V)",2400,7,"Local government"
"0601OTS0404","0601-0033",TRUE,"secondary_contact_recreation","none","total_dissolved_solids","dissolved","mg/l",2,1,0,0,0,0,"none",69,"Otsego Lake","NY3807993","LAKE N PINES MOTEL, INC.","Transient non-community system","Surface water","Otsego","SPRINGFIELD (T)",58,11,"Private"
"0601OTS0404","0601-0033",TRUE,"fishing","aquatic_acute","nickel","dissolved","ug/l",2,1,0,0,0,0,"none",79,"Otsego Lake","NY3830149","","","","","",NA,NA,""
"0601OTS0404","0601-0033",TRUE,"fishing","aquatic_acute","nickel","dissolved","ug/l",2,1,0,0,0,0,"none",67,"Otsego Lake","NY3807994","OTSEGO LAKE BAYSIDE MOTOR INN","Transient non-community system","Surface water","Otsego","SPRINGFIELD (T)",84,12,"Private"
"0601OTS0404","0601-0033",TRUE,"fishing","aquatic_acute","nickel","dissolved","ug/l",2,1,0,0,0,0,"none",61,"Otsego Lake","NY3813664","THREE MILE POINT","Transient non-community system","Surface water","Otsego","OTSEGO (T)",150,5,"Local government"
"0601OTS0404","0601-0033",TRUE,"fishing","aquatic_acute","nickel","dissolved","ug/l",2,1,0,0,0,0,"none",72,"Otsego Lake","NY3821952","BLUE MINGO GRILL","Transient non-community system","Surface water","Otsego","OTSEGO (T)",40,3,"Private"
"0601OTS0404","0601-0033",TRUE,"fishing","aquatic_acute","nickel","dissolved","ug/l",2,1,0,0,0,0,"none",26,"Otsego Lake","NY3800145","COOPERSTOWN VILLAGE","Community water system","Surface water","Otsego","COOPERSTOWN (V)",2400,7,"Local government"
"0601OTS0404","0601-0033",TRUE,"fishing","aquatic_acute","nickel","dissolved","ug/l",2,1,0,0,0,0,"none",69,"Otsego Lake","NY3807993","LAKE N PINES MOTEL, INC.","Transient non-community system","Surface water","Otsego","SPRINGFIELD (T)",58,11,"Private"
"0601UWB0395",NA,NA,NA,NA,NA,NA,NA,NA,NA,NA,NA,NA,NA,NA,NA,NA,NA,NA,NA,NA,NA,NA,NA,NA,NA
"0601WIL0297","0601-0098",FALSE,"source_of_water_supply","health_water-source","magnesium","total","ug/l",3,2,0,0,0,0,"none",81,"Wilber Lake","","","","","","",NA,NA,""
"0601WIL0297","0601-0098",FALSE,"secondary_contact_recreation","recreation","phosphorus","total","ug/l",1,1,0,0,0,0,"none",81,"Wilber Lake","","","","","","",NA,NA,""
"0601WIL0297","0601-0098",FALSE,"primary_contact_recreation","recreation","phosphorus","total","ug/l",1,1,0,0,0,0,"none",81,"Wilber Lake","","","","","","",NA,NA,""
"0601WIL0297","0601-0098",FALSE,"source_of_water_supply","health_water-source","ammonia","total","ug/l",2,1,0,0,0,0,"none",81,"Wilber Lake","","","","","","",NA,NA,""
"0601WIL0297","0601-0098",FALSE,"source_of_water_supply","health_water-source","sulfate","total","ug/l",3,2,0,0,0,0,"none",81,"Wilber Lake","","","","","","",NA,NA,""
"0601WIL0297","0601-0098",FALSE,"fishing","aquatic_chronic","ammonia","total","ug/l",2,1,0,0,0,2,"none",81,"Wilber Lake","","","","","","",NA,NA,""
"0601WIL0297","0601-0098",FALSE,"source_of_water_supply","health_water-source","chloride","total","ug/l",3,2,0,0,0,0,"none",81,"Wilber Lake","","","","","","",NA,NA,""
"0601WIL0297","0601-0098",FALSE,"source_of_water_supply","health_water-source","nitrate_nitrite","total","ug/l",3,2,0,0,0,0,"none",81,"Wilber Lake","","","","","","",NA,NA,""
"0601WIL0297","0601-0098",FALSE,"source_of_water_supply","aesthetic_water-supply","manganese","total","ug/l",2,1,1,1,0,0,"none",81,"Wilber Lake","","","","","","",NA,NA,""
"0601WIL0297","0601-0098",FALSE,"source_of_water_supply","aesthetic_water-supply","iron","total","ug/l",2,1,1,1,0,0,"none",81,"Wilber Lake","","","","","","",NA,NA,""
"0602UWB0108","0602-0010",FALSE,"fishing","aquatic_chronic","ammonia","total","ug/l",10,1,0,0,0,10,"none",87,"Norwich Reservoirs","","","","","","",NA,NA,""
"0602UWB0108","0602-0010",FALSE,"primary_contact_recreation","recreation","phosphorus","total","ug/l",1,1,1,1,0,0,"none",87,"Norwich Reservoirs","","","","","","",NA,NA,""
"0602UWB0108","0602-0010",FALSE,"source_of_water_supply","health_water-source","ammonia","total","ug/l",10,1,1,1,0,0,"none",87,"Norwich Reservoirs","","","","","","",NA,NA,""
"0602UWB0108","0602-0010",FALSE,"secondary_contact_recreation","recreation","phosphorus","total","ug/l",1,1,1,1,0,0,"none",87,"Norwich Reservoirs","","","","","","",NA,NA,""
"0602UWB0108","0602-0010",FALSE,"source_of_water_supply","health_water-source","nitrate","total","ug/l",10,1,0,0,0,0,"none",87,"Norwich Reservoirs","","","","","","",NA,NA,""
"0602UWB0108","0602-0010",FALSE,"source_of_water_supply","health_water-source","chloride","total","ug/l",10,1,0,0,0,0,"none",87,"Norwich Reservoirs","","","","","","",NA,NA,""
"0702OTI0175","0702-0011",FALSE,"source_of_water_supply","health_water-source","nitrate_nitrite","total","ug/l",8,1,0,0,0,0,"none",NA,NA,NA,NA,NA,NA,NA,NA,NA,NA,NA
"0702OTI0175","0702-0011",FALSE,"secondary_contact_recreation","recreation","phosphorus","total","ug/l",3,1,0,0,0,0,"none",NA,NA,NA,NA,NA,NA,NA,NA,NA,NA,NA
"0702OTI0175","0702-0011",TRUE,"fishing","aquatic_chronic","aluminum","dissolved","ug/l",2,1,0,0,0,0,"none",NA,NA,NA,NA,NA,NA,NA,NA,NA,NA,NA
"0702OTI0175","0702-0011",FALSE,"source_of_water_supply","health_water-source","ammonia","total","ug/l",10,1,0,0,0,0,"none",NA,NA,NA,NA,NA,NA,NA,NA,NA,NA,NA
"0702OTI0175","0702-0011",FALSE,"fishing","aquatic_chronic","ammonia","total","ug/l",10,1,0,0,0,10,"none",NA,NA,NA,NA,NA,NA,NA,NA,NA,NA,NA
"0702OTI0175","0702-0011",TRUE,"fishing","aquatic_chronic","ammonia","total","ug/l",71,6,0,0,0,71,"none",NA,NA,NA,NA,NA,NA,NA,NA,NA,NA,NA
"0702OTI0175","0702-0011",FALSE,"primary_contact_recreation","recreation","phosphorus","total","ug/l",3,1,0,0,0,0,"none",NA,NA,NA,NA,NA,NA,NA,NA,NA,NA,NA
"0702OTI0175","0702-0011",TRUE,"fishing","aquatic_acute","nickel","dissolved","ug/l",3,1,0,0,0,0,"none",NA,NA,NA,NA,NA,NA,NA,NA,NA,NA,NA
"0702OTI0175","0702-0011",TRUE,"source_of_water_supply","health_water-source","nitrite","total","ug/l",3,2,0,0,0,0,"none",NA,NA,NA,NA,NA,NA,NA,NA,NA,NA,NA
"0702OTI0175","0702-0011",TRUE,"secondary_contact_recreation","none","total_dissolved_solids","dissolved","mg/l",3,1,0,0,0,0,"none",NA,NA,NA,NA,NA,NA,NA,NA,NA,NA,NA
"0702OTI0175","0702-0011",TRUE,"fishing","none","total_dissolved_solids","dissolved","mg/l",3,1,0,0,0,0,"none",NA,NA,NA,NA,NA,NA,NA,NA,NA,NA,NA
"0702OTI0175","0702-0011",TRUE,"fishing","aquatic_chronic","arsenic","dissolved","ug/l",2,1,0,0,0,0,"none",NA,NA,NA,NA,NA,NA,NA,NA,NA,NA,NA
"0702OTI0175","0702-0011",TRUE,"fishing","aquatic_acute","copper","dissolved","ug/l",3,1,0,0,0,0,"none",NA,NA,NA,NA,NA,NA,NA,NA,NA,NA,NA
"0702OTI0175","0702-0011",TRUE,"fishing","aquatic_chronic","zinc","dissolved","ug/l",1,1,0,0,0,0,"none",NA,NA,NA,NA,NA,NA,NA,NA,NA,NA,NA
"0702OTI0175","0702-0011",TRUE,"source_of_water_supply","health_water-source","nitrate_nitrite","total","ug/l",66,6,0,0,0,0,"none",NA,NA,NA,NA,NA,NA,NA,NA,NA,NA,NA
"0702OTI0175","0702-0011",TRUE,"source_of_water_supply","health_water-source","nickel","total","ug/l",3,1,0,0,0,0,"none",NA,NA,NA,NA,NA,NA,NA,NA,NA,NA,NA
"0702OTI0175","0702-0011",TRUE,"source_of_water_supply","health_water-source","sulfate","total","ug/l",4,2,0,0,0,0,"none",NA,NA,NA,NA,NA,NA,NA,NA,NA,NA,NA
"0702OTI0175","0702-0011",TRUE,"source_of_water_supply","health_water-source","arsenic","total","ug/l",3,2,0,0,0,0,"none",NA,NA,NA,NA,NA,NA,NA,NA,NA,NA,NA
"0702OTI0175","0702-0011",TRUE,"fishing","none","ph","total","ph_units",5,3,0,0,0,0,"none",NA,NA,NA,NA,NA,NA,NA,NA,NA,NA,NA
"0702OTI0175","0702-0011",TRUE,"primary_contact_recreation","none","total_dissolved_solids","dissolved","mg/l",3,1,0,0,0,0,"none",NA,NA,NA,NA,NA,NA,NA,NA,NA,NA,NA
"0702OTI0175","0702-0011",TRUE,"fishing","aquatic_acute","zinc","dissolved","ug/l",1,1,0,0,0,0,"none",NA,NA,NA,NA,NA,NA,NA,NA,NA,NA,NA
"0702OTI0175","0702-0011",TRUE,"source_of_water_supply","health_water-source","copper","total","ug/l",3,1,0,0,0,0,"none",NA,NA,NA,NA,NA,NA,NA,NA,NA,NA,NA
"0702OTI0175","0702-0011",TRUE,"fishing","aquatic_chronic","nitrite","total","ug/l",3,2,0,0,0,0,"none",NA,NA,NA,NA,NA,NA,NA,NA,NA,NA,NA
"0702OTI0175","0702-0011",TRUE,"source_of_water_supply","health_water-source","ammonia","total","ug/l",71,6,0,0,0,0,"none",NA,NA,NA,NA,NA,NA,NA,NA,NA,NA,NA
"0702OTI0175","0702-0011",TRUE,"fishing","aquatic_chronic","copper","dissolved","ug/l",3,1,0,0,0,0,"none",NA,NA,NA,NA,NA,NA,NA,NA,NA,NA,NA
"0702OTI0175","0702-0011",TRUE,"fishing","none","dissolved_oxygen","dissolved","mg/l",5,3,2,1,0,0,"n_exceedances may not be intiutive for this parameter because there are multiple components to the WQS. n_exceedances may be greater than n_samples_collected if a single sample was marked as an exceedance for multiple components of the WQS.",NA,NA,NA,NA,NA,NA,NA,NA,NA,NA,NA
"0702OTI0175","0702-0011",TRUE,"secondary_contact_recreation","recreation","phosphorus","total","ug/l",59,5,3,3,0,0,"none",NA,NA,NA,NA,NA,NA,NA,NA,NA,NA,NA
"0702OTI0175","0702-0011",TRUE,"source_of_water_supply","health_water-source","chloride","total","ug/l",44,6,0,0,0,0,"none",NA,NA,NA,NA,NA,NA,NA,NA,NA,NA,NA
"0702OTI0175","0702-0011",TRUE,"fishing","aquatic_acute","arsenic","dissolved","ug/l",2,1,0,0,0,0,"none",NA,NA,NA,NA,NA,NA,NA,NA,NA,NA,NA
"0702OTI0175","0702-0011",TRUE,"source_of_water_supply","none","total_dissolved_solids","dissolved","mg/l",3,1,0,0,0,0,"none",NA,NA,NA,NA,NA,NA,NA,NA,NA,NA,NA
"0702OTI0175","0702-0011",TRUE,"source_of_water_supply","health_water-source","magnesium","total","ug/l",4,2,0,0,0,0,"none",NA,NA,NA,NA,NA,NA,NA,NA,NA,NA,NA
"0702OTI0175","0702-0011",TRUE,"primary_contact_recreation","recreation","phosphorus","total","ug/l",59,5,3,3,0,0,"none",NA,NA,NA,NA,NA,NA,NA,NA,NA,NA,NA
"0702OTI0175","0702-0011",TRUE,"fishing","aquatic_chronic","nickel","dissolved","ug/l",3,1,0,0,0,0,"none",NA,NA,NA,NA,NA,NA,NA,NA,NA,NA,NA
"0702OTI0175","0702-0011",TRUE,"source_of_water_supply","aesthetic_water-supply","iron","total","ug/l",4,2,4,2,0,0,"none",NA,NA,NA,NA,NA,NA,NA,NA,NA,NA,NA
"0702OTI0175","0702-0011",TRUE,"source_of_water_supply","health_water-source","nitrate","total","ug/l",6,2,0,0,0,0,"none",NA,NA,NA,NA,NA,NA,NA,NA,NA,NA,NA
"0702OTI0175","0702-0011",TRUE,"source_of_water_supply","aesthetic_water-supply","manganese","total","ug/l",4,2,0,0,0,0,"none",NA,NA,NA,NA,NA,NA,NA,NA,NA,NA,NA
"0703ONE0073","0703-0071",TRUE,"source_of_water_supply","health_water-source","nitrite","total","ug/l",4,1,0,0,0,0,"none",NA,NA,NA,NA,NA,NA,NA,NA,NA,NA,NA
"0703ONE0073","0703-0071",FALSE,"primary_contact_recreation","recreation","phosphorus","total","ug/l",1,1,0,0,0,0,"none",NA,NA,NA,NA,NA,NA,NA,NA,NA,NA,NA
"0703ONE0073","0703-0071",TRUE,"source_of_water_supply","health_water-source","sulfate","total","ug/l",6,1,0,0,0,0,"none",NA,NA,NA,NA,NA,NA,NA,NA,NA,NA,NA
"0703ONE0073","0703-0071",TRUE,"source_of_water_supply","health_water-source","nitrate","total","ug/l",2,1,0,0,0,0,"none",NA,NA,NA,NA,NA,NA,NA,NA,NA,NA,NA
"0703ONE0073","0703-0071",FALSE,"source_of_water_supply","health_water-source","ammonia","total","ug/l",1,1,0,0,0,0,"none",NA,NA,NA,NA,NA,NA,NA,NA,NA,NA,NA
"0703ONE0073","0703-0071",TRUE,"source_of_water_supply","health_water-source","magnesium","total","ug/l",6,1,0,0,0,0,"none",NA,NA,NA,NA,NA,NA,NA,NA,NA,NA,NA
"0703ONE0073","0703-0071",TRUE,"source_of_water_supply","health_water-source","arsenic","total","ug/l",6,1,0,0,0,0,"none",NA,NA,NA,NA,NA,NA,NA,NA,NA,NA,NA
"0703ONE0073","0703-0071",FALSE,"source_of_water_supply","health_water-source","magnesium","total","ug/l",2,1,0,0,0,0,"none",NA,NA,NA,NA,NA,NA,NA,NA,NA,NA,NA
"0703ONE0073","0703-0071",TRUE,"source_of_water_supply","health_water-source","chloride","total","ug/l",6,1,0,0,0,0,"none",NA,NA,NA,NA,NA,NA,NA,NA,NA,NA,NA
"0703ONE0073","0703-0071",FALSE,"secondary_contact_recreation","recreation","phosphorus","total","ug/l",1,1,0,0,0,0,"none",NA,NA,NA,NA,NA,NA,NA,NA,NA,NA,NA
"0703ONE0073","0703-0071",TRUE,"source_of_water_supply","health_water-source","ammonia","total","ug/l",4,1,0,0,0,0,"none",NA,NA,NA,NA,NA,NA,NA,NA,NA,NA,NA
"0703ONE0073","0703-0071",TRUE,"fishing","none","ph","total","ph_units",3,1,0,0,0,0,"none",NA,NA,NA,NA,NA,NA,NA,NA,NA,NA,NA
"0703ONE0073","0703-0071",TRUE,"fishing","aquatic_chronic","ammonia","total","ug/l",4,1,0,0,0,4,"none",NA,NA,NA,NA,NA,NA,NA,NA,NA,NA,NA
"0703ONE0073","0703-0071",FALSE,"source_of_water_supply","health_water-source","nitrate_nitrite","total","ug/l",1,1,0,0,0,0,"none",NA,NA,NA,NA,NA,NA,NA,NA,NA,NA,NA
"0703ONE0073","0703-0071",TRUE,"source_of_water_supply","health_water-source","nitrate_nitrite","total","ug/l",4,1,0,0,0,0,"none",NA,NA,NA,NA,NA,NA,NA,NA,NA,NA,NA
"0703ONE0073","0703-0071",FALSE,"fishing","aquatic_chronic","ammonia","total","ug/l",1,1,0,0,0,1,"none",NA,NA,NA,NA,NA,NA,NA,NA,NA,NA,NA
"0703ONE0073","0703-0071",TRUE,"primary_contact_recreation","recreation","phosphorus","total","ug/l",2,1,0,0,0,0,"none",NA,NA,NA,NA,NA,NA,NA,NA,NA,NA,NA
"0703ONE0073","0703-0071",TRUE,"fishing","none","dissolved_oxygen","dissolved","mg/l",3,1,5,1,0,0,"n_exceedances may not be intiutive for this parameter because there are multiple components to the WQS. n_exceedances may be greater than n_samples_collected if a single sample was marked as an exceedance for multiple components of the WQS.",NA,NA,NA,NA,NA,NA,NA,NA,NA,NA,NA
"0703ONE0073","0703-0071",TRUE,"source_of_water_supply","aesthetic_water-supply","iron","total","ug/l",6,1,2,1,0,0,"none",NA,NA,NA,NA,NA,NA,NA,NA,NA,NA,NA
"0703ONE0073","0703-0071",TRUE,"source_of_water_supply","aesthetic_water-supply","manganese","total","ug/l",5,1,2,1,0,0,"none",NA,NA,NA,NA,NA,NA,NA,NA,NA,NA,NA
"0703ONE0073","0703-0071",TRUE,"secondary_contact_recreation","recreation","phosphorus","total","ug/l",2,1,0,0,0,0,"none",NA,NA,NA,NA,NA,NA,NA,NA,NA,NA,NA
"0703ONE0073","0703-0071",TRUE,"fishing","aquatic_chronic","nitrite","total","ug/l",4,1,0,0,0,0,"none",NA,NA,NA,NA,NA,NA,NA,NA,NA,NA,NA
"0704CAN0286","0704-0001",TRUE,"fishing","none","ph","total","ph_units",2,2,0,0,0,0,"none",NA,NA,NA,NA,NA,NA,NA,NA,NA,NA,NA
"0704CAN0286","0704-0001",TRUE,"source_of_water_supply","health_water-source","ammonia","total","ug/l",84,6,0,0,0,0,"none",NA,NA,NA,NA,NA,NA,NA,NA,NA,NA,NA
"0704CAN0286","0704-0001",TRUE,"primary_contact_recreation","recreation","phosphorus","total","ug/l",73,5,0,0,0,0,"none",NA,NA,NA,NA,NA,NA,NA,NA,NA,NA,NA
"0704CAN0286","0704-0001",TRUE,"source_of_water_supply","health_water-source","chloride","total","ug/l",46,6,0,0,0,0,"none",NA,NA,NA,NA,NA,NA,NA,NA,NA,NA,NA
"0704CAN0286","0704-0001",TRUE,"source_of_water_supply","health_water-source","nitrate_nitrite","total","ug/l",77,5,0,0,0,0,"none",NA,NA,NA,NA,NA,NA,NA,NA,NA,NA,NA
"0704CAN0286","0704-0001",TRUE,"fishing","none","dissolved_oxygen","dissolved","mg/l",2,2,0,0,0,0,"n_exceedances may not be intiutive for this parameter because there are multiple components to the WQS. n_exceedances may be greater than n_samples_collected if a single sample was marked as an exceedance for multiple components of the WQS.",NA,NA,NA,NA,NA,NA,NA,NA,NA,NA,NA
"0704CAN0286","0704-0001",TRUE,"fishing","aquatic_chronic","ammonia","total","ug/l",84,6,0,0,0,84,"none",NA,NA,NA,NA,NA,NA,NA,NA,NA,NA,NA
"0704CAN0286","0704-0001",TRUE,"secondary_contact_recreation","recreation","phosphorus","total","ug/l",73,5,0,0,0,0,"none",NA,NA,NA,NA,NA,NA,NA,NA,NA,NA,NA
"0705CAY0296","0705-0025",TRUE,"source_of_water_supply","health_water-source","nitrate_nitrite","total","ug/l",37,5,0,0,0,0,"none",NA,NA,NA,NA,NA,NA,NA,NA,NA,NA,NA
"0705CAY0296","0705-0025",FALSE,"source_of_water_supply","health_water-source","nitrate_nitrite","total","ug/l",40,3,0,0,0,0,"none",NA,NA,NA,NA,NA,NA,NA,NA,NA,NA,NA
"0705CAY0296","0705-0025",FALSE,"source_of_water_supply","health_water-source","ammonia","total","ug/l",40,3,0,0,0,0,"none",NA,NA,NA,NA,NA,NA,NA,NA,NA,NA,NA
"0705CAY0296","0705-0025",TRUE,"source_of_water_supply","health_water-source","chloride","total","ug/l",23,6,0,0,0,0,"none",NA,NA,NA,NA,NA,NA,NA,NA,NA,NA,NA
"0705CAY0296","0705-0025",TRUE,"fishing","aquatic_chronic","ammonia","total","ug/l",40,6,0,0,0,40,"none",NA,NA,NA,NA,NA,NA,NA,NA,NA,NA,NA
"0705CAY0296","0705-0025",FALSE,"secondary_contact_recreation","recreation","phosphorus","total","ug/l",21,3,1,1,0,0,"none",NA,NA,NA,NA,NA,NA,NA,NA,NA,NA,NA
"0705CAY0296","0705-0025",FALSE,"primary_contact_recreation","recreation","phosphorus","total","ug/l",21,3,1,1,0,0,"none",NA,NA,NA,NA,NA,NA,NA,NA,NA,NA,NA
"0705CAY0296","0705-0025",TRUE,"secondary_contact_recreation","recreation","phosphorus","total","ug/l",35,5,0,0,0,0,"none",NA,NA,NA,NA,NA,NA,NA,NA,NA,NA,NA
"0705CAY0296","0705-0025",FALSE,"fishing","aquatic_chronic","ammonia","total","ug/l",40,3,0,0,0,40,"none",NA,NA,NA,NA,NA,NA,NA,NA,NA,NA,NA
"0705CAY0296","0705-0025",TRUE,"primary_contact_recreation","recreation","phosphorus","total","ug/l",35,5,0,0,0,0,"none",NA,NA,NA,NA,NA,NA,NA,NA,NA,NA,NA
"0705CAY0296","0705-0025",TRUE,"source_of_water_supply","health_water-source","ammonia","total","ug/l",40,6,0,0,0,0,"none",NA,NA,NA,NA,NA,NA,NA,NA,NA,NA,NA
"0705CAY0296","0705-0030",TRUE,"secondary_contact_recreation","recreation","phosphorus","total","ug/l",27,4,3,3,0,0,"none",NA,NA,NA,NA,NA,NA,NA,NA,NA,NA,NA
"0705CAY0296","0705-0030",TRUE,"primary_contact_recreation","recreation","phosphorus","total","ug/l",27,4,3,3,0,0,"none",NA,NA,NA,NA,NA,NA,NA,NA,NA,NA,NA
"0705CAY0296","0705-0030",TRUE,"fishing","aquatic_chronic","ammonia","total","ug/l",35,5,0,0,0,35,"none",NA,NA,NA,NA,NA,NA,NA,NA,NA,NA,NA
"0705CAY0296","0705-0040",TRUE,"source_of_water_supply","health_water-source","ammonia","total","ug/l",32,5,0,0,0,0,"none",NA,NA,NA,NA,NA,NA,NA,NA,NA,NA,NA
"0705CAY0296","0705-0040",TRUE,"source_of_water_supply","health_water-source","chloride","total","ug/l",11,5,0,0,0,0,"none",NA,NA,NA,NA,NA,NA,NA,NA,NA,NA,NA
"0705CAY0296","0705-0040",TRUE,"source_of_water_supply","health_water-source","nitrate_nitrite","total","ug/l",30,4,0,0,0,0,"none",NA,NA,NA,NA,NA,NA,NA,NA,NA,NA,NA
"0705CAY0296","0705-0040",TRUE,"primary_contact_recreation","recreation","phosphorus","total","ug/l",26,4,1,1,0,0,"none",NA,NA,NA,NA,NA,NA,NA,NA,NA,NA,NA
"0705CAY0296","0705-0040",TRUE,"secondary_contact_recreation","recreation","phosphorus","total","ug/l",26,4,1,1,0,0,"none",NA,NA,NA,NA,NA,NA,NA,NA,NA,NA,NA
"0705CAY0296","0705-0040",TRUE,"fishing","aquatic_chronic","ammonia","total","ug/l",32,5,0,0,0,32,"none",NA,NA,NA,NA,NA,NA,NA,NA,NA,NA,NA
"0705CAY0296","0705-0050",FALSE,"source_of_water_supply","health_water-source","ammonia","total","ug/l",132,6,0,0,0,0,"none",NA,NA,NA,NA,NA,NA,NA,NA,NA,NA,NA
"0705CAY0296","0705-0050",FALSE,"source_of_water_supply","health_water-source","nitrite","total","ug/l",5,1,0,0,0,0,"none",NA,NA,NA,NA,NA,NA,NA,NA,NA,NA,NA
"0705CAY0296","0705-0050",TRUE,"secondary_contact_recreation","recreation","phosphorus","total","ug/l",50,5,0,0,0,0,"none",NA,NA,NA,NA,NA,NA,NA,NA,NA,NA,NA
"0705CAY0296","0705-0050",TRUE,"fishing","none","ph","total","ph_units",2,2,0,0,0,0,"none",NA,NA,NA,NA,NA,NA,NA,NA,NA,NA,NA
"0705CAY0296","0705-0050",TRUE,"source_of_water_supply","health_water-source","ammonia","total","ug/l",65,6,0,0,0,0,"none",NA,NA,NA,NA,NA,NA,NA,NA,NA,NA,NA
"0705CAY0296","0705-0050",TRUE,"source_of_water_supply","health_water-source","nitrate_nitrite","total","ug/l",58,5,0,0,0,0,"none",NA,NA,NA,NA,NA,NA,NA,NA,NA,NA,NA
"0705CAY0296","0705-0050",FALSE,"primary_contact_recreation","recreation","phosphorus","total","ug/l",80,6,0,0,0,0,"none",NA,NA,NA,NA,NA,NA,NA,NA,NA,NA,NA
"0705CAY0296","0705-0050",FALSE,"source_of_water_supply","health_water-source","nitrate_nitrite","total","ug/l",136,6,0,0,0,0,"none",NA,NA,NA,NA,NA,NA,NA,NA,NA,NA,NA
"0705CAY0296","0705-0050",TRUE,"fishing","none","dissolved_oxygen","dissolved","mg/l",2,2,0,0,0,0,"n_exceedances may not be intiutive for this parameter because there are multiple components to the WQS. n_exceedances may be greater than n_samples_collected if a single sample was marked as an exceedance for multiple components of the WQS.",NA,NA,NA,NA,NA,NA,NA,NA,NA,NA,NA
"0705CAY0296","0705-0050",TRUE,"source_of_water_supply","health_water-source","chloride","total","ug/l",37,6,0,0,0,0,"none",NA,NA,NA,NA,NA,NA,NA,NA,NA,NA,NA
"0705CAY0296","0705-0050",TRUE,"primary_contact_recreation","recreation","phosphorus","total","ug/l",50,5,0,0,0,0,"none",NA,NA,NA,NA,NA,NA,NA,NA,NA,NA,NA
"0705CAY0296","0705-0050",FALSE,"secondary_contact_recreation","recreation","phosphorus","total","ug/l",80,6,0,0,0,0,"none",NA,NA,NA,NA,NA,NA,NA,NA,NA,NA,NA
"0705CAY0296","0705-0050",TRUE,"fishing","aquatic_chronic","ammonia","total","ug/l",65,6,0,0,0,65,"none",NA,NA,NA,NA,NA,NA,NA,NA,NA,NA,NA
"0705CAY0296","0705-0050",FALSE,"fishing","aquatic_chronic","ammonia","total","ug/l",132,6,0,0,0,132,"none",NA,NA,NA,NA,NA,NA,NA,NA,NA,NA,NA
"0705CAY0296","0705-0050",FALSE,"fishing","aquatic_chronic","nitrite","total","ug/l",5,1,0,0,0,0,"none",NA,NA,NA,NA,NA,NA,NA,NA,NA,NA,NA
"0705CAY0296",NA,NA,NA,NA,NA,NA,NA,NA,NA,NA,NA,NA,NA,NA,NA,NA,NA,NA,NA,NA,NA,NA,NA,NA,NA
"0705KEU0388","0705-0003",TRUE,"source_of_water_supply","health_water-source","ammonia","total","ug/l",60,6,0,0,0,0,"none",NA,NA,NA,NA,NA,NA,NA,NA,NA,NA,NA
"0705KEU0388","0705-0003",TRUE,"fishing","aquatic_chronic","ammonia","total","ug/l",60,6,0,0,0,60,"none",NA,NA,NA,NA,NA,NA,NA,NA,NA,NA,NA
"0705KEU0388","0705-0003",FALSE,"source_of_water_supply","health_water-source","sulfate","total","ug/l",1,1,0,0,0,0,"none",NA,NA,NA,NA,NA,NA,NA,NA,NA,NA,NA
"0705KEU0388","0705-0003",FALSE,"source_of_water_supply","health_water-source","chloride","total","ug/l",1,1,0,0,0,0,"none",NA,NA,NA,NA,NA,NA,NA,NA,NA,NA,NA
"0705KEU0388","0705-0003",TRUE,"source_of_water_supply","health_water-source","chloride","total","ug/l",25,6,0,0,0,0,"none",NA,NA,NA,NA,NA,NA,NA,NA,NA,NA,NA
"0705KEU0388","0705-0003",TRUE,"fishing","none","ph","total","ph_units",2,2,0,0,0,0,"none",NA,NA,NA,NA,NA,NA,NA,NA,NA,NA,NA
"0705KEU0388","0705-0003",FALSE,"source_of_water_supply","health_water-source","nitrate_nitrite","total","ug/l",11,2,0,0,0,0,"none",NA,NA,NA,NA,NA,NA,NA,NA,NA,NA,NA
"0705KEU0388","0705-0003",FALSE,"source_of_water_supply","health_water-source","ammonia","total","ug/l",11,2,0,0,0,0,"none",NA,NA,NA,NA,NA,NA,NA,NA,NA,NA,NA
"0705KEU0388","0705-0003",FALSE,"source_of_water_supply","aesthetic_water-supply","iron","total","ug/l",1,1,0,0,0,0,"none",NA,NA,NA,NA,NA,NA,NA,NA,NA,NA,NA
"0705KEU0388","0705-0003",FALSE,"fishing","aquatic_chronic","ammonia","total","ug/l",11,2,0,0,0,11,"none",NA,NA,NA,NA,NA,NA,NA,NA,NA,NA,NA
"0705KEU0388","0705-0003",FALSE,"source_of_water_supply","aesthetic_water-supply","manganese","total","ug/l",1,1,0,0,0,0,"none",NA,NA,NA,NA,NA,NA,NA,NA,NA,NA,NA
"0705KEU0388","0705-0003",TRUE,"primary_contact_recreation","recreation","phosphorus","total","ug/l",54,5,0,0,0,0,"none",NA,NA,NA,NA,NA,NA,NA,NA,NA,NA,NA
"0705KEU0388","0705-0003",TRUE,"secondary_contact_recreation","recreation","phosphorus","total","ug/l",54,5,0,0,0,0,"none",NA,NA,NA,NA,NA,NA,NA,NA,NA,NA,NA
"0705KEU0388","0705-0003",TRUE,"fishing","none","dissolved_oxygen","dissolved","mg/l",2,2,0,0,0,0,"n_exceedances may not be intiutive for this parameter because there are multiple components to the WQS. n_exceedances may be greater than n_samples_collected if a single sample was marked as an exceedance for multiple components of the WQS.",NA,NA,NA,NA,NA,NA,NA,NA,NA,NA,NA
"0705KEU0388","0705-0003",FALSE,"source_of_water_supply","health_water-source","magnesium","total","ug/l",1,1,0,0,0,0,"none",NA,NA,NA,NA,NA,NA,NA,NA,NA,NA,NA
"0705KEU0388","0705-0003",TRUE,"source_of_water_supply","health_water-source","nitrate_nitrite","total","ug/l",57,5,0,0,0,0,"none",NA,NA,NA,NA,NA,NA,NA,NA,NA,NA,NA
"0705KEU0388","0705-0003",FALSE,"primary_contact_recreation","recreation","phosphorus","total","ug/l",4,2,0,0,0,0,"none",NA,NA,NA,NA,NA,NA,NA,NA,NA,NA,NA
"0705KEU0388","0705-0003",FALSE,"secondary_contact_recreation","recreation","phosphorus","total","ug/l",4,2,0,0,0,0,"none",NA,NA,NA,NA,NA,NA,NA,NA,NA,NA,NA
"0705SEN0369","0705-0014",TRUE,"secondary_contact_recreation","recreation","phosphorus","total","ug/l",13,2,0,0,0,0,"none",NA,NA,NA,NA,NA,NA,NA,NA,NA,NA,NA
"0705SEN0369","0705-0014",TRUE,"primary_contact_recreation","recreation","phosphorus","total","ug/l",13,2,0,0,0,0,"none",NA,NA,NA,NA,NA,NA,NA,NA,NA,NA,NA
"0705SEN0369","0705-0014",TRUE,"fishing","aquatic_chronic","ammonia","total","ug/l",13,2,0,0,0,13,"none",NA,NA,NA,NA,NA,NA,NA,NA,NA,NA,NA
"0705SEN0369","0705-0021",TRUE,"source_of_water_supply","health_water-source","nitrate_nitrite","total","ug/l",127,5,0,0,0,0,"none",NA,NA,NA,NA,NA,NA,NA,NA,NA,NA,NA
"0705SEN0369","0705-0021",FALSE,"source_of_water_supply","health_water-source","magnesium","total","ug/l",4,1,0,0,0,0,"none",NA,NA,NA,NA,NA,NA,NA,NA,NA,NA,NA
"0705SEN0369","0705-0021",FALSE,"source_of_water_supply","aesthetic_water-supply","manganese","total","ug/l",4,1,0,0,0,0,"none",NA,NA,NA,NA,NA,NA,NA,NA,NA,NA,NA
"0705SEN0369","0705-0021",FALSE,"source_of_water_supply","health_water-source","chloride","total","ug/l",4,1,0,0,0,0,"none",NA,NA,NA,NA,NA,NA,NA,NA,NA,NA,NA
"0705SEN0369","0705-0021",FALSE,"source_of_water_supply","aesthetic_water-supply","iron","total","ug/l",2,1,0,0,0,0,"none",NA,NA,NA,NA,NA,NA,NA,NA,NA,NA,NA
"0705SEN0369","0705-0021",TRUE,"source_of_water_supply","health_water-source","chloride","total","ug/l",84,6,0,0,0,0,"none",NA,NA,NA,NA,NA,NA,NA,NA,NA,NA,NA
"0705SEN0369","0705-0021",TRUE,"source_of_water_supply","health_water-source","ammonia","total","ug/l",130,6,0,0,0,0,"none",NA,NA,NA,NA,NA,NA,NA,NA,NA,NA,NA
"0705SEN0369","0705-0021",FALSE,"source_of_water_supply","health_water-source","sulfate","total","ug/l",4,1,0,0,0,0,"none",NA,NA,NA,NA,NA,NA,NA,NA,NA,NA,NA
"0705SEN0369","0705-0021",FALSE,"fishing","aquatic_chronic","ammonia","total","ug/l",11,2,0,0,0,11,"none",NA,NA,NA,NA,NA,NA,NA,NA,NA,NA,NA
"0705SEN0369","0705-0021",TRUE,"fishing","none","dissolved_oxygen","dissolved","mg/l",2,2,0,0,0,0,"n_exceedances may not be intiutive for this parameter because there are multiple components to the WQS. n_exceedances may be greater than n_samples_collected if a single sample was marked as an exceedance for multiple components of the WQS.",NA,NA,NA,NA,NA,NA,NA,NA,NA,NA,NA
"0705SEN0369","0705-0021",FALSE,"source_of_water_supply","health_water-source","nitrate_nitrite","total","ug/l",67,8,0,0,0,0,"none",NA,NA,NA,NA,NA,NA,NA,NA,NA,NA,NA
"0705SEN0369","0705-0021",FALSE,"fishing","none","ph","total","ph_units",2,1,0,0,0,0,"none",NA,NA,NA,NA,NA,NA,NA,NA,NA,NA,NA
"0705SEN0369","0705-0021",FALSE,"source_of_water_supply","health_water-source","ammonia","total","ug/l",11,2,0,0,0,0,"none",NA,NA,NA,NA,NA,NA,NA,NA,NA,NA,NA
"0705SEN0369","0705-0021",TRUE,"fishing","aquatic_chronic","ammonia","total","ug/l",130,6,0,0,0,130,"none",NA,NA,NA,NA,NA,NA,NA,NA,NA,NA,NA
"0705SEN0369","0705-0021",TRUE,"primary_contact_recreation","recreation","phosphorus","total","ug/l",107,5,0,0,0,0,"none",NA,NA,NA,NA,NA,NA,NA,NA,NA,NA,NA
"0705SEN0369","0705-0021",FALSE,"primary_contact_recreation","recreation","phosphorus","total","ug/l",42,7,1,1,0,0,"none",NA,NA,NA,NA,NA,NA,NA,NA,NA,NA,NA
"0705SEN0369","0705-0021",TRUE,"secondary_contact_recreation","recreation","phosphorus","total","ug/l",107,5,0,0,0,0,"none",NA,NA,NA,NA,NA,NA,NA,NA,NA,NA,NA
"0705SEN0369","0705-0021",FALSE,"secondary_contact_recreation","recreation","phosphorus","total","ug/l",42,7,1,1,0,0,"none",NA,NA,NA,NA,NA,NA,NA,NA,NA,NA,NA
"0705SEN0369","0705-0021",TRUE,"fishing","none","ph","total","ph_units",2,2,0,0,0,0,"none",NA,NA,NA,NA,NA,NA,NA,NA,NA,NA,NA
"0705SEN0369","0705-0021",FALSE,"fishing","none","dissolved_oxygen","dissolved","mg/l",2,1,0,0,0,0,"n_exceedances may not be intiutive for this parameter because there are multiple components to the WQS. n_exceedances may be greater than n_samples_collected if a single sample was marked as an exceedance for multiple components of the WQS.",NA,NA,NA,NA,NA,NA,NA,NA,NA,NA,NA
"0705SEN0369","0705-0026",TRUE,"primary_contact_recreation","recreation","phosphorus","total","ug/l",13,2,0,0,0,0,"none",NA,NA,NA,NA,NA,NA,NA,NA,NA,NA,NA
"0705SEN0369","0705-0026",FALSE,"fishing","aquatic_chronic","ammonia","total","ug/l",1,1,0,0,0,1,"none",NA,NA,NA,NA,NA,NA,NA,NA,NA,NA,NA
"0705SEN0369","0705-0026",TRUE,"secondary_contact_recreation","recreation","phosphorus","total","ug/l",13,2,0,0,0,0,"none",NA,NA,NA,NA,NA,NA,NA,NA,NA,NA,NA
"0705SEN0369","0705-0026",TRUE,"fishing","aquatic_chronic","ammonia","total","ug/l",10,2,0,0,0,10,"none",NA,NA,NA,NA,NA,NA,NA,NA,NA,NA,NA
"0705SEN0369","0705-0026",FALSE,"primary_contact_recreation","recreation","phosphorus","total","ug/l",1,1,0,0,0,0,"none",NA,NA,NA,NA,NA,NA,NA,NA,NA,NA,NA
"0705SEN0369","0705-0026",FALSE,"secondary_contact_recreation","recreation","phosphorus","total","ug/l",1,1,0,0,0,0,"none",NA,NA,NA,NA,NA,NA,NA,NA,NA,NA,NA
"0705UWB0340A",NA,NA,NA,NA,NA,NA,NA,NA,NA,NA,NA,NA,NA,NA,NA,NA,NA,NA,NA,NA,NA,NA,NA,NA,NA
"0706OWA0212","0706-0009",FALSE,"source_of_water_supply","aesthetic_water-supply","manganese","total","ug/l",11,1,0,0,0,0,"none",NA,NA,NA,NA,NA,NA,NA,NA,NA,NA,NA
"0706OWA0212","0706-0009",TRUE,"fishing","aquatic_chronic","ammonia","total","ug/l",65,6,0,0,0,65,"none",NA,NA,NA,NA,NA,NA,NA,NA,NA,NA,NA
"0706OWA0212","0706-0009",FALSE,"source_of_water_supply","health_water-source","sulfate","total","ug/l",11,1,0,0,0,0,"none",NA,NA,NA,NA,NA,NA,NA,NA,NA,NA,NA
"0706OWA0212","0706-0009",FALSE,"source_of_water_supply","health_water-source","arsenic","total","ug/l",5,1,0,0,0,0,"none",NA,NA,NA,NA,NA,NA,NA,NA,NA,NA,NA
"0706OWA0212","0706-0009",FALSE,"source_of_water_supply","aesthetic_water-supply","iron","total","ug/l",10,1,2,1,0,0,"none",NA,NA,NA,NA,NA,NA,NA,NA,NA,NA,NA
"0706OWA0212","0706-0009",FALSE,"secondary_contact_recreation","recreation","phosphorus","total","ug/l",49,9,1,1,0,0,"none",NA,NA,NA,NA,NA,NA,NA,NA,NA,NA,NA
"0706OWA0212","0706-0009",FALSE,"source_of_water_supply","health_water-source","magnesium","total","ug/l",13,2,0,0,0,0,"none",NA,NA,NA,NA,NA,NA,NA,NA,NA,NA,NA
"0706OWA0212","0706-0009",FALSE,"source_of_water_supply","health_water-source","ammonia","total","ug/l",20,3,0,0,0,0,"none",NA,NA,NA,NA,NA,NA,NA,NA,NA,NA,NA
"0706OWA0212","0706-0009",TRUE,"fishing","none","dissolved_oxygen","dissolved","mg/l",2,2,0,0,0,0,"n_exceedances may not be intiutive for this parameter because there are multiple components to the WQS. n_exceedances may be greater than n_samples_collected if a single sample was marked as an exceedance for multiple components of the WQS.",NA,NA,NA,NA,NA,NA,NA,NA,NA,NA,NA
"0706OWA0212","0706-0009",TRUE,"source_of_water_supply","health_water-source","nitrate_nitrite","total","ug/l",59,5,0,0,0,0,"none",NA,NA,NA,NA,NA,NA,NA,NA,NA,NA,NA
"0706OWA0212","0706-0009",FALSE,"source_of_water_supply","health_water-source","nitrate_nitrite","total","ug/l",68,9,0,0,0,0,"none",NA,NA,NA,NA,NA,NA,NA,NA,NA,NA,NA
"0706OWA0212","0706-0009",FALSE,"source_of_water_supply","health_water-source","chloride","total","ug/l",11,1,0,0,0,0,"none",NA,NA,NA,NA,NA,NA,NA,NA,NA,NA,NA
"0706OWA0212","0706-0009",TRUE,"fishing","none","ph","total","ph_units",2,2,0,0,0,0,"none",NA,NA,NA,NA,NA,NA,NA,NA,NA,NA,NA
"0706OWA0212","0706-0009",FALSE,"fishing","none","ph","total","ph_units",4,1,1,1,0,0,"none",NA,NA,NA,NA,NA,NA,NA,NA,NA,NA,NA
"0706OWA0212","0706-0009",TRUE,"source_of_water_supply","health_water-source","chloride","total","ug/l",30,6,0,0,0,0,"none",NA,NA,NA,NA,NA,NA,NA,NA,NA,NA,NA
"0706OWA0212","0706-0009",FALSE,"fishing","aquatic_chronic","ammonia","total","ug/l",20,3,0,0,0,18,"none",NA,NA,NA,NA,NA,NA,NA,NA,NA,NA,NA
"0706OWA0212","0706-0009",FALSE,"primary_contact_recreation","recreation","phosphorus","total","ug/l",49,9,1,1,0,0,"none",NA,NA,NA,NA,NA,NA,NA,NA,NA,NA,NA
"0706OWA0212","0706-0009",TRUE,"secondary_contact_recreation","recreation","phosphorus","total","ug/l",51,5,0,0,0,0,"none",NA,NA,NA,NA,NA,NA,NA,NA,NA,NA,NA
"0706OWA0212","0706-0009",TRUE,"primary_contact_recreation","recreation","phosphorus","total","ug/l",51,5,0,0,0,0,"none",NA,NA,NA,NA,NA,NA,NA,NA,NA,NA,NA
"0706OWA0212","0706-0009",FALSE,"fishing","none","dissolved_oxygen","dissolved","mg/l",4,1,0,0,0,0,"n_exceedances may not be intiutive for this parameter because there are multiple components to the WQS. n_exceedances may be greater than n_samples_collected if a single sample was marked as an exceedance for multiple components of the WQS.",NA,NA,NA,NA,NA,NA,NA,NA,NA,NA,NA
"0706OWA0212","0706-0009",TRUE,"source_of_water_supply","health_water-source","ammonia","total","ug/l",65,6,0,0,0,0,"none",NA,NA,NA,NA,NA,NA,NA,NA,NA,NA,NA
"0707SKA0193","0707-0004",TRUE,"fishing","none","dissolved_oxygen","dissolved","mg/l",2,2,0,0,0,0,"n_exceedances may not be intiutive for this parameter because there are multiple components to the WQS. n_exceedances may be greater than n_samples_collected if a single sample was marked as an exceedance for multiple components of the WQS.",NA,NA,NA,NA,NA,NA,NA,NA,NA,NA,NA
"0707SKA0193","0707-0004",TRUE,"fishing","aquatic_chronic","ammonia","total","ug/l",73,6,0,0,0,73,"none",NA,NA,NA,NA,NA,NA,NA,NA,NA,NA,NA
"0707SKA0193","0707-0004",TRUE,"fishing","none","ph","total","ph_units",2,2,0,0,0,0,"none",NA,NA,NA,NA,NA,NA,NA,NA,NA,NA,NA
"0707SKA0193","0707-0004",TRUE,"source_of_water_supply","health_water-source","ammonia","total","ug/l",73,6,0,0,0,0,"none",NA,NA,NA,NA,NA,NA,NA,NA,NA,NA,NA
"0707SKA0193","0707-0004",TRUE,"source_of_water_supply","health_water-source","nitrate_nitrite","total","ug/l",73,5,0,0,0,0,"none",NA,NA,NA,NA,NA,NA,NA,NA,NA,NA,NA
"0707SKA0193","0707-0004",FALSE,"source_of_water_supply","health_water-source","nitrate_nitrite","total","ug/l",48,6,0,0,0,0,"none",NA,NA,NA,NA,NA,NA,NA,NA,NA,NA,NA
"0707SKA0193","0707-0004",FALSE,"secondary_contact_recreation","recreation","phosphorus","total","ug/l",36,6,0,0,0,0,"none",NA,NA,NA,NA,NA,NA,NA,NA,NA,NA,NA
"0707SKA0193","0707-0004",FALSE,"source_of_water_supply","health_water-source","ammonia","total","ug/l",10,1,0,0,0,0,"none",NA,NA,NA,NA,NA,NA,NA,NA,NA,NA,NA
"0707SKA0193","0707-0004",TRUE,"secondary_contact_recreation","recreation","phosphorus","total","ug/l",65,5,0,0,0,0,"none",NA,NA,NA,NA,NA,NA,NA,NA,NA,NA,NA
"0707SKA0193","0707-0004",FALSE,"primary_contact_recreation","recreation","phosphorus","total","ug/l",36,6,0,0,0,0,"none",NA,NA,NA,NA,NA,NA,NA,NA,NA,NA,NA
"0707SKA0193","0707-0004",TRUE,"source_of_water_supply","health_water-source","chloride","total","ug/l",41,6,0,0,0,0,"none",NA,NA,NA,NA,NA,NA,NA,NA,NA,NA,NA
"0707SKA0193","0707-0004",TRUE,"primary_contact_recreation","recreation","phosphorus","total","ug/l",65,5,0,0,0,0,"none",NA,NA,NA,NA,NA,NA,NA,NA,NA,NA,NA
"0707SKA0193","0707-0004",FALSE,"fishing","aquatic_chronic","ammonia","total","ug/l",10,1,0,0,0,10,"none",NA,NA,NA,NA,NA,NA,NA,NA,NA,NA,NA
"0801LOW0594",NA,NA,NA,NA,NA,NA,NA,NA,NA,NA,NA,NA,NA,NA,NA,NA,NA,NA,NA,NA,NA,NA,NA,NA,NA
"0801STI0493","0801-0281",TRUE,"fishing","none","ph","total","ph_units",2,1,2,1,0,0,"none",NA,NA,NA,NA,NA,NA,NA,NA,NA,NA,NA
"0801STI0493","0801-0281",TRUE,"fishing","none","dissolved_oxygen","dissolved","mg/l",2,1,1,1,0,0,"n_exceedances may not be intiutive for this parameter because there are multiple components to the WQS. n_exceedances may be greater than n_samples_collected if a single sample was marked as an exceedance for multiple components of the WQS.",NA,NA,NA,NA,NA,NA,NA,NA,NA,NA,NA
"0801STI0493","0801-0281",TRUE,"fishing","aquatic_chronic","ammonia","total","ug/l",5,1,0,0,0,5,"none",NA,NA,NA,NA,NA,NA,NA,NA,NA,NA,NA
"0801UWB0782","0801-0373",FALSE,"source_of_water_supply","aesthetic_water-supply","manganese","total","ug/l",12,2,1,1,0,0,"none",NA,NA,NA,NA,NA,NA,NA,NA,NA,NA,NA
"0801UWB0782","0801-0373",FALSE,"source_of_water_supply","health_water-source","sulfate","total","ug/l",10,1,0,0,0,0,"none",NA,NA,NA,NA,NA,NA,NA,NA,NA,NA,NA
"0801UWB0782","0801-0373",FALSE,"source_of_water_supply","health_water-source","chloride","total","ug/l",10,1,0,0,0,0,"none",NA,NA,NA,NA,NA,NA,NA,NA,NA,NA,NA
"0801UWB0782","0801-0373",FALSE,"secondary_contact_recreation","recreation","phosphorus","total","ug/l",174,22,2,2,0,0,"none",NA,NA,NA,NA,NA,NA,NA,NA,NA,NA,NA
"0801UWB0782","0801-0373",FALSE,"fishing","aquatic_chronic","nitrite","total","ug/l",16,2,0,0,0,0,"none",NA,NA,NA,NA,NA,NA,NA,NA,NA,NA,NA
"0801UWB0782","0801-0373",FALSE,"source_of_water_supply","aesthetic_water-supply","iron","total","ug/l",14,3,4,2,0,0,"none",NA,NA,NA,NA,NA,NA,NA,NA,NA,NA,NA
"0801UWB0782","0801-0373",TRUE,"source_of_water_supply","health_water-source","nitrate_nitrite","total","ug/l",39,5,0,0,0,0,"none",NA,NA,NA,NA,NA,NA,NA,NA,NA,NA,NA
"0801UWB0782","0801-0373",FALSE,"primary_contact_recreation","recreation","phosphorus","total","ug/l",174,22,2,2,0,0,"none",NA,NA,NA,NA,NA,NA,NA,NA,NA,NA,NA
"0801UWB0782","0801-0373",FALSE,"source_of_water_supply","health_water-source","magnesium","total","ug/l",10,1,0,0,0,0,"none",NA,NA,NA,NA,NA,NA,NA,NA,NA,NA,NA
"0801UWB0782","0801-0373",TRUE,"secondary_contact_recreation","recreation","phosphorus","total","ug/l",28,5,0,0,0,0,"none",NA,NA,NA,NA,NA,NA,NA,NA,NA,NA,NA
"0801UWB0782","0801-0373",TRUE,"fishing","aquatic_chronic","ammonia","total","ug/l",68,6,0,0,0,67,"none",NA,NA,NA,NA,NA,NA,NA,NA,NA,NA,NA
"0801UWB0782","0801-0373",TRUE,"source_of_water_supply","health_water-source","chloride","total","ug/l",30,6,0,0,0,0,"none",NA,NA,NA,NA,NA,NA,NA,NA,NA,NA,NA
"0801UWB0782","0801-0373",FALSE,"source_of_water_supply","health_water-source","arsenic","total","ug/l",3,2,0,0,0,0,"none",NA,NA,NA,NA,NA,NA,NA,NA,NA,NA,NA
"0801UWB0782","0801-0373",FALSE,"source_of_water_supply","health_water-source","ammonia","total","ug/l",113,11,0,0,0,0,"none",NA,NA,NA,NA,NA,NA,NA,NA,NA,NA,NA
"0801UWB0782","0801-0373",FALSE,"fishing","aquatic_chronic","ammonia","total","ug/l",113,11,0,0,0,113,"none",NA,NA,NA,NA,NA,NA,NA,NA,NA,NA,NA
"0801UWB0782","0801-0373",TRUE,"source_of_water_supply","health_water-source","sulfate","total","ug/l",8,1,0,0,0,0,"none",NA,NA,NA,NA,NA,NA,NA,NA,NA,NA,NA
"0801UWB0782","0801-0373",TRUE,"source_of_water_supply","health_water-source","ammonia","total","ug/l",68,6,0,0,0,0,"none",NA,NA,NA,NA,NA,NA,NA,NA,NA,NA,NA
"0801UWB0782","0801-0373",TRUE,"source_of_water_supply","aesthetic_water-supply","iron","total","ug/l",8,1,0,0,0,0,"none",NA,NA,NA,NA,NA,NA,NA,NA,NA,NA,NA
"0801UWB0782","0801-0373",FALSE,"source_of_water_supply","health_water-source","nitrite","total","ug/l",16,2,0,0,0,0,"none",NA,NA,NA,NA,NA,NA,NA,NA,NA,NA,NA
"0801UWB0782","0801-0373",TRUE,"primary_contact_recreation","recreation","phosphorus","total","ug/l",28,5,0,0,0,0,"none",NA,NA,NA,NA,NA,NA,NA,NA,NA,NA,NA
"0801UWB0782","0801-0373",TRUE,"source_of_water_supply","aesthetic_water-supply","manganese","total","ug/l",8,1,0,0,0,0,"none",NA,NA,NA,NA,NA,NA,NA,NA,NA,NA,NA
"0801UWB0782","0801-0373",TRUE,"fishing","none","ph","total","ph_units",3,1,1,1,0,0,"none",NA,NA,NA,NA,NA,NA,NA,NA,NA,NA,NA
"0801UWB0782","0801-0373",TRUE,"source_of_water_supply","health_water-source","arsenic","total","ug/l",2,1,0,0,0,0,"none",NA,NA,NA,NA,NA,NA,NA,NA,NA,NA,NA
"0801UWB0782","0801-0373",FALSE,"source_of_water_supply","health_water-source","nitrate_nitrite","total","ug/l",187,22,0,0,0,0,"none",NA,NA,NA,NA,NA,NA,NA,NA,NA,NA,NA
"0801UWB0782","0801-0373",TRUE,"fishing","none","dissolved_oxygen","dissolved","mg/l",3,1,2,1,0,0,"n_exceedances may not be intiutive for this parameter because there are multiple components to the WQS. n_exceedances may be greater than n_samples_collected if a single sample was marked as an exceedance for multiple components of the WQS.",NA,NA,NA,NA,NA,NA,NA,NA,NA,NA,NA
"0901STL5150",NA,NA,NA,NA,NA,NA,NA,NA,NA,NA,NA,NA,NA,NA,NA,NA,NA,NA,NA,NA,NA,NA,NA,NA,NA
"0902UCH0002","0902-0034",FALSE,"primary_contact_recreation","recreation","phosphorus","total","ug/l",32,6,0,0,0,0,"none",NA,NA,NA,NA,NA,NA,NA,NA,NA,NA,NA
"0902UCH0002","0902-0034",FALSE,"fishing","aquatic_chronic","ammonia","total","ug/l",5,1,0,0,0,5,"none",NA,NA,NA,NA,NA,NA,NA,NA,NA,NA,NA
"0902UCH0002","0902-0034",FALSE,"secondary_contact_recreation","recreation","phosphorus","total","ug/l",32,6,0,0,0,0,"none",NA,NA,NA,NA,NA,NA,NA,NA,NA,NA,NA
"0903BLU0307","0903-0204",TRUE,"source_of_water_supply","health_water-source","nitrate","total","ug/l",2,1,0,0,0,0,"none",NA,NA,NA,NA,NA,NA,NA,NA,NA,NA,NA
"0903BLU0307","0903-0204",TRUE,"source_of_water_supply","health_water-source","sulfate","total","ug/l",14,2,0,0,0,0,"none",NA,NA,NA,NA,NA,NA,NA,NA,NA,NA,NA
"0903BLU0307","0903-0204",TRUE,"source_of_water_supply","health_water-source","arsenic","total","ug/l",13,2,0,0,0,0,"none",NA,NA,NA,NA,NA,NA,NA,NA,NA,NA,NA
"0903BLU0307","0903-0204",TRUE,"secondary_contact_recreation","recreation","phosphorus","total","ug/l",6,2,0,0,0,0,"none",NA,NA,NA,NA,NA,NA,NA,NA,NA,NA,NA
"0903BLU0307","0903-0204",TRUE,"source_of_water_supply","health_water-source","nitrite","total","ug/l",2,1,0,0,0,0,"none",NA,NA,NA,NA,NA,NA,NA,NA,NA,NA,NA
"0903BLU0307","0903-0204",TRUE,"fishing","none","dissolved_oxygen","dissolved","mg/l",6,2,2,1,0,0,"n_exceedances may not be intiutive for this parameter because there are multiple components to the WQS. n_exceedances may be greater than n_samples_collected if a single sample was marked as an exceedance for multiple components of the WQS.",NA,NA,NA,NA,NA,NA,NA,NA,NA,NA,NA
"0903BLU0307","0903-0204",TRUE,"source_of_water_supply","health_water-source","ammonia","total","ug/l",13,2,0,0,0,0,"none",NA,NA,NA,NA,NA,NA,NA,NA,NA,NA,NA
"0903BLU0307","0903-0204",TRUE,"source_of_water_supply","health_water-source","chloride","total","ug/l",14,2,0,0,0,0,"none",NA,NA,NA,NA,NA,NA,NA,NA,NA,NA,NA
"0903BLU0307","0903-0204",TRUE,"primary_contact_recreation","recreation","phosphorus","total","ug/l",6,2,0,0,0,0,"none",NA,NA,NA,NA,NA,NA,NA,NA,NA,NA,NA
"0903BLU0307","0903-0204",TRUE,"source_of_water_supply","aesthetic_water-supply","iron","total","ug/l",14,2,0,0,0,0,"none",NA,NA,NA,NA,NA,NA,NA,NA,NA,NA,NA
"0903BLU0307","0903-0204",TRUE,"source_of_water_supply","health_water-source","nitrate_nitrite","total","ug/l",13,2,0,0,0,0,"none",NA,NA,NA,NA,NA,NA,NA,NA,NA,NA,NA
"0903BLU0307","0903-0204",TRUE,"fishing","none","ph","total","ph_units",6,2,1,1,0,0,"none",NA,NA,NA,NA,NA,NA,NA,NA,NA,NA,NA
"0903BLU0307","0903-0204",TRUE,"fishing","aquatic_chronic","ammonia","total","ug/l",13,2,0,0,0,13,"none",NA,NA,NA,NA,NA,NA,NA,NA,NA,NA,NA
"0903BLU0307","0903-0204",TRUE,"source_of_water_supply","aesthetic_water-supply","manganese","total","ug/l",14,2,1,1,0,0,"none",NA,NA,NA,NA,NA,NA,NA,NA,NA,NA,NA
"0903BLU0307","0903-0204",TRUE,"fishing","aquatic_chronic","nitrite","total","ug/l",2,1,0,0,0,0,"none",NA,NA,NA,NA,NA,NA,NA,NA,NA,NA,NA
"0903LSI0182","0903-0158",TRUE,"source_of_water_supply","health_water-source","arsenic","total","ug/l",11,2,0,0,0,0,"none",NA,NA,NA,NA,NA,NA,NA,NA,NA,NA,NA
"0903LSI0182","0903-0158",TRUE,"source_of_water_supply","health_water-source","sulfate","total","ug/l",12,2,0,0,0,0,"none",NA,NA,NA,NA,NA,NA,NA,NA,NA,NA,NA
"0903LSI0182","0903-0158",TRUE,"source_of_water_supply","health_water-source","nitrate_nitrite","total","ug/l",11,2,0,0,0,0,"none",NA,NA,NA,NA,NA,NA,NA,NA,NA,NA,NA
"0903LSI0182","0903-0158",TRUE,"source_of_water_supply","health_water-source","ammonia","total","ug/l",12,2,0,0,0,0,"none",NA,NA,NA,NA,NA,NA,NA,NA,NA,NA,NA
"0903LSI0182","0903-0158",TRUE,"source_of_water_supply","aesthetic_water-supply","iron","total","ug/l",12,2,0,0,0,0,"none",NA,NA,NA,NA,NA,NA,NA,NA,NA,NA,NA
"0903LSI0182","0903-0158",TRUE,"fishing","aquatic_chronic","ammonia","total","ug/l",12,2,0,0,0,12,"none",NA,NA,NA,NA,NA,NA,NA,NA,NA,NA,NA
"0903LSI0182","0903-0158",TRUE,"source_of_water_supply","health_water-source","chloride","total","ug/l",12,2,0,0,0,0,"none",NA,NA,NA,NA,NA,NA,NA,NA,NA,NA,NA
"0903LSI0182","0903-0158",TRUE,"source_of_water_supply","health_water-source","nitrite","total","ug/l",3,1,0,0,0,0,"none",NA,NA,NA,NA,NA,NA,NA,NA,NA,NA,NA
"0903LSI0182","0903-0158",TRUE,"source_of_water_supply","aesthetic_water-supply","manganese","total","ug/l",12,2,0,0,0,0,"none",NA,NA,NA,NA,NA,NA,NA,NA,NA,NA,NA
"0903LSI0182","0903-0158",TRUE,"fishing","none","ph","total","ph_units",6,2,3,2,0,0,"none",NA,NA,NA,NA,NA,NA,NA,NA,NA,NA,NA
"0903LSI0182","0903-0158",TRUE,"fishing","none","dissolved_oxygen","dissolved","mg/l",6,2,0,0,0,0,"n_exceedances may not be intiutive for this parameter because there are multiple components to the WQS. n_exceedances may be greater than n_samples_collected if a single sample was marked as an exceedance for multiple components of the WQS.",NA,NA,NA,NA,NA,NA,NA,NA,NA,NA,NA
"0903LSI0182","0903-0158",TRUE,"primary_contact_recreation","recreation","phosphorus","total","ug/l",5,2,0,0,0,0,"none",NA,NA,NA,NA,NA,NA,NA,NA,NA,NA,NA
"0903LSI0182","0903-0158",TRUE,"secondary_contact_recreation","recreation","phosphorus","total","ug/l",5,2,0,0,0,0,"none",NA,NA,NA,NA,NA,NA,NA,NA,NA,NA,NA
"0903LSI0182","0903-0158",TRUE,"source_of_water_supply","health_water-source","nitrate","total","ug/l",3,1,0,0,0,0,"none",NA,NA,NA,NA,NA,NA,NA,NA,NA,NA,NA
"0903LSI0182","0903-0158",TRUE,"fishing","aquatic_chronic","nitrite","total","ug/l",3,1,0,0,0,0,"none",NA,NA,NA,NA,NA,NA,NA,NA,NA,NA,NA
"0903RAQ0293","0903-0081",TRUE,"fishing","aquatic_chronic","ammonia","total","ug/l",26,3,0,0,0,26,"none",NA,NA,NA,NA,NA,NA,NA,NA,NA,NA,NA
"0903RAQ0293","0903-0081",TRUE,"secondary_contact_recreation","recreation","phosphorus","total","ug/l",6,2,0,0,0,0,"none",NA,NA,NA,NA,NA,NA,NA,NA,NA,NA,NA
"0903RAQ0293","0903-0081",TRUE,"source_of_water_supply","health_water-source","ammonia","total","ug/l",26,3,0,0,0,0,"none",NA,NA,NA,NA,NA,NA,NA,NA,NA,NA,NA
"0903RAQ0293","0903-0081",TRUE,"primary_contact_recreation","recreation","phosphorus","total","ug/l",6,2,0,0,0,0,"none",NA,NA,NA,NA,NA,NA,NA,NA,NA,NA,NA
"0903RAQ0293","0903-0081",TRUE,"source_of_water_supply","health_water-source","chloride","total","ug/l",14,3,0,0,0,0,"none",NA,NA,NA,NA,NA,NA,NA,NA,NA,NA,NA
"0903RAQ0293","0903-0081",TRUE,"source_of_water_supply","health_water-source","nitrate_nitrite","total","ug/l",12,2,0,0,0,0,"none",NA,NA,NA,NA,NA,NA,NA,NA,NA,NA,NA
"0905CRA0309","0905-0007",NA,NA,NA,NA,NA,NA,NA,NA,NA,NA,NA,NA,NA,65,"Cranberry Lake","NY4411830","SUNY ESF RANGER SCHOOL","Non-Transient non-community system","Surface water","St. Lawrence","FINE (T)",100,6,"State government"
"0905STA0281","0905-0180",FALSE,"source_of_water_supply","health_water-source","nitrate_nitrite","total","ug/l",32,5,0,0,0,0,"none",38,"Star Lake","NY4404398","STAR LAKE WATER DISTRICT","Community water system","Surface water","St. Lawrence","FINE (T)",1250,9,"Local government"
"0905STA0281","0905-0180",FALSE,"primary_contact_recreation","recreation","phosphorus","total","ug/l",29,5,0,0,0,0,"none",38,"Star Lake","NY4404398","STAR LAKE WATER DISTRICT","Community water system","Surface water","St. Lawrence","FINE (T)",1250,9,"Local government"
"0905STA0281","0905-0180",FALSE,"secondary_contact_recreation","recreation","phosphorus","total","ug/l",29,5,0,0,0,0,"none",38,"Star Lake","NY4404398","STAR LAKE WATER DISTRICT","Community water system","Surface water","St. Lawrence","FINE (T)",1250,9,"Local government"
"0906CAR0050",NA,NA,NA,NA,NA,NA,NA,NA,NA,NA,NA,NA,NA,NA,NA,NA,NA,NA,NA,NA,NA,NA,NA,NA,NA
"1000CHA0001","1000-0001",NA,NA,NA,NA,NA,NA,NA,NA,NA,NA,NA,NA,NA,82,"Lake Champlain, Main Lake, North","","","","","","",NA,NA,""
"1000CHA0001","1000-0002",NA,NA,NA,NA,NA,NA,NA,NA,NA,NA,NA,NA,NA,85,"Lake Champlain, Main Lake, Middle","","","","","","",NA,NA,""
"1000CHA0001","1000-0003",NA,NA,NA,NA,NA,NA,NA,NA,NA,NA,NA,NA,NA,83,"Lake Champlain, Main Lake, South","","","","","","",NA,NA,""
"1000CHA0001","1000-0004",NA,NA,NA,NA,NA,NA,NA,NA,NA,NA,NA,NA,NA,NA,NA,NA,NA,NA,NA,NA,NA,NA,NA,NA
"1000CHA0001","1001-0001",NA,NA,NA,NA,NA,NA,NA,NA,NA,NA,NA,NA,NA,NA,NA,NA,NA,NA,NA,NA,NA,NA,NA,NA
"1000CHA0001","1001-0015",NA,NA,NA,NA,NA,NA,NA,NA,NA,NA,NA,NA,NA,88,"Willsboro Bay","","","","","","",NA,NA,""
"1002CHA0020","1002-0009",FALSE,"fishing","aquatic_chronic","ammonia","total","ug/l",10,1,0,0,0,10,"none",NA,NA,NA,NA,NA,NA,NA,NA,NA,NA,NA
"1002CHA0020","1002-0009",TRUE,"fishing","none","ph","total","ph_units",2,2,0,0,0,0,"none",NA,NA,NA,NA,NA,NA,NA,NA,NA,NA,NA
"1002CHA0020","1002-0009",TRUE,"source_of_water_supply","health_water-source","chloride","total","ug/l",2,1,0,0,0,0,"none",NA,NA,NA,NA,NA,NA,NA,NA,NA,NA,NA
"1002CHA0020","1002-0009",TRUE,"source_of_water_supply","aesthetic_water-supply","iron","total","ug/l",7,2,0,0,0,0,"none",NA,NA,NA,NA,NA,NA,NA,NA,NA,NA,NA
"1002CHA0020","1002-0009",TRUE,"source_of_water_supply","health_water-source","sulfate","total","ug/l",7,2,0,0,0,0,"none",NA,NA,NA,NA,NA,NA,NA,NA,NA,NA,NA
"1002CHA0020","1002-0009",TRUE,"fishing","none","dissolved_oxygen","dissolved","mg/l",2,2,2,1,0,0,"n_exceedances may not be intiutive for this parameter because there are multiple components to the WQS. n_exceedances may be greater than n_samples_collected if a single sample was marked as an exceedance for multiple components of the WQS.",NA,NA,NA,NA,NA,NA,NA,NA,NA,NA,NA
"1002CHA0020","1002-0009",TRUE,"fishing","aquatic_chronic","ammonia","total","ug/l",5,2,0,0,0,5,"none",NA,NA,NA,NA,NA,NA,NA,NA,NA,NA,NA
"1002CHA0020","1002-0009",FALSE,"source_of_water_supply","health_water-source","chloride","total","ug/l",10,1,0,0,0,0,"none",NA,NA,NA,NA,NA,NA,NA,NA,NA,NA,NA
"1002CHA0020","1002-0009",TRUE,"source_of_water_supply","health_water-source","ammonia","total","ug/l",5,2,0,0,0,0,"none",NA,NA,NA,NA,NA,NA,NA,NA,NA,NA,NA
"1002CHA0020","1002-0009",TRUE,"secondary_contact_recreation","recreation","phosphorus","total","ug/l",2,1,0,0,0,0,"none",NA,NA,NA,NA,NA,NA,NA,NA,NA,NA,NA
"1002CHA0020","1002-0009",TRUE,"primary_contact_recreation","recreation","phosphorus","total","ug/l",2,1,0,0,0,0,"none",NA,NA,NA,NA,NA,NA,NA,NA,NA,NA,NA
"1002CHA0020","1002-0009",TRUE,"source_of_water_supply","health_water-source","arsenic","total","ug/l",3,2,0,0,0,0,"none",NA,NA,NA,NA,NA,NA,NA,NA,NA,NA,NA
"1002CHA0020","1002-0009",FALSE,"secondary_contact_recreation","recreation","phosphorus","total","ug/l",4,1,0,0,0,0,"none",NA,NA,NA,NA,NA,NA,NA,NA,NA,NA,NA
"1002CHA0020","1002-0009",TRUE,"source_of_water_supply","health_water-source","nitrate_nitrite","total","ug/l",5,2,0,0,0,0,"none",NA,NA,NA,NA,NA,NA,NA,NA,NA,NA,NA
"1002CHA0020","1002-0009",FALSE,"primary_contact_recreation","recreation","phosphorus","total","ug/l",4,1,0,0,0,0,"none",NA,NA,NA,NA,NA,NA,NA,NA,NA,NA,NA
"1002CHA0020","1002-0009",FALSE,"source_of_water_supply","health_water-source","nitrate","total","ug/l",10,1,0,0,0,0,"none",NA,NA,NA,NA,NA,NA,NA,NA,NA,NA,NA
"1002CHA0020","1002-0009",TRUE,"source_of_water_supply","aesthetic_water-supply","manganese","total","ug/l",7,2,0,0,0,0,"none",NA,NA,NA,NA,NA,NA,NA,NA,NA,NA,NA
"1002CHA0020","1002-0009",FALSE,"source_of_water_supply","health_water-source","ammonia","total","ug/l",10,1,0,0,0,0,"none",NA,NA,NA,NA,NA,NA,NA,NA,NA,NA,NA
"1003MEA5064","1003-0114",TRUE,"source_of_water_supply","health_water-source","arsenic","total","ug/l",1,1,0,0,0,0,"none",NA,NA,NA,NA,NA,NA,NA,NA,NA,NA,NA
"1003MEA5064","1003-0114",TRUE,"fishing","none","dissolved_oxygen","dissolved","mg/l",1,1,2,1,0,0,"n_exceedances may not be intiutive for this parameter because there are multiple components to the WQS. n_exceedances may be greater than n_samples_collected if a single sample was marked as an exceedance for multiple components of the WQS.",NA,NA,NA,NA,NA,NA,NA,NA,NA,NA,NA
"1003MEA5064","1003-0114",TRUE,"fishing","aquatic_chronic","ammonia","total","ug/l",2,1,0,0,0,1,"none",NA,NA,NA,NA,NA,NA,NA,NA,NA,NA,NA
"1003MEA5064","1003-0114",TRUE,"source_of_water_supply","health_water-source","nitrate_nitrite","total","ug/l",2,1,0,0,0,0,"none",NA,NA,NA,NA,NA,NA,NA,NA,NA,NA,NA
"1003MEA5064","1003-0114",TRUE,"source_of_water_supply","aesthetic_water-supply","iron","total","ug/l",2,1,0,0,0,0,"none",NA,NA,NA,NA,NA,NA,NA,NA,NA,NA,NA
"1003MEA5064","1003-0114",TRUE,"fishing","none","ph","total","ph_units",1,1,0,0,0,0,"none",NA,NA,NA,NA,NA,NA,NA,NA,NA,NA,NA
"1003MEA5064","1003-0114",TRUE,"source_of_water_supply","health_water-source","sulfate","total","ug/l",2,1,0,0,0,0,"none",NA,NA,NA,NA,NA,NA,NA,NA,NA,NA,NA
"1003MEA5064","1003-0114",TRUE,"source_of_water_supply","health_water-source","ammonia","total","ug/l",2,1,0,0,0,0,"none",NA,NA,NA,NA,NA,NA,NA,NA,NA,NA,NA
"1003MEA5064","1003-0114",TRUE,"source_of_water_supply","health_water-source","chloride","total","ug/l",2,1,0,0,0,0,"none",NA,NA,NA,NA,NA,NA,NA,NA,NA,NA,NA
"1003MEA5064","1003-0114",TRUE,"source_of_water_supply","aesthetic_water-supply","manganese","total","ug/l",2,1,1,1,0,0,"none",NA,NA,NA,NA,NA,NA,NA,NA,NA,NA,NA
"1003PAT0027","1003-0114",TRUE,"source_of_water_supply","health_water-source","sulfate","total","ug/l",2,1,0,0,0,0,"none",NA,NA,NA,NA,NA,NA,NA,NA,NA,NA,NA
"1003PAT0027","1003-0114",TRUE,"source_of_water_supply","health_water-source","ammonia","total","ug/l",2,1,0,0,0,0,"none",NA,NA,NA,NA,NA,NA,NA,NA,NA,NA,NA
"1003PAT0027","1003-0114",TRUE,"source_of_water_supply","health_water-source","chloride","total","ug/l",2,1,0,0,0,0,"none",NA,NA,NA,NA,NA,NA,NA,NA,NA,NA,NA
"1003PAT0027","1003-0114",TRUE,"source_of_water_supply","aesthetic_water-supply","manganese","total","ug/l",2,1,1,1,0,0,"none",NA,NA,NA,NA,NA,NA,NA,NA,NA,NA,NA
"1003PAT0027","1003-0114",TRUE,"source_of_water_supply","health_water-source","arsenic","total","ug/l",1,1,0,0,0,0,"none",NA,NA,NA,NA,NA,NA,NA,NA,NA,NA,NA
"1003PAT0027","1003-0114",TRUE,"fishing","none","dissolved_oxygen","dissolved","mg/l",1,1,2,1,0,0,"n_exceedances may not be intiutive for this parameter because there are multiple components to the WQS. n_exceedances may be greater than n_samples_collected if a single sample was marked as an exceedance for multiple components of the WQS.",NA,NA,NA,NA,NA,NA,NA,NA,NA,NA,NA
"1003PAT0027","1003-0114",TRUE,"fishing","aquatic_chronic","ammonia","total","ug/l",2,1,0,0,0,1,"none",NA,NA,NA,NA,NA,NA,NA,NA,NA,NA,NA
"1003PAT0027","1003-0114",TRUE,"source_of_water_supply","health_water-source","nitrate_nitrite","total","ug/l",2,1,0,0,0,0,"none",NA,NA,NA,NA,NA,NA,NA,NA,NA,NA,NA
"1003PAT0027","1003-0114",TRUE,"source_of_water_supply","aesthetic_water-supply","iron","total","ug/l",2,1,0,0,0,0,"none",NA,NA,NA,NA,NA,NA,NA,NA,NA,NA,NA
"1003PAT0027","1003-0114",TRUE,"fishing","none","ph","total","ph_units",1,1,0,0,0,0,"none",NA,NA,NA,NA,NA,NA,NA,NA,NA,NA,NA
"1003RAY0091",NA,NA,NA,NA,NA,NA,NA,NA,NA,NA,NA,NA,NA,NA,NA,NA,NA,NA,NA,NA,NA,NA,NA,NA,NA
"1003USA0114","1003-0048",FALSE,"source_of_water_supply","health_water-source","nitrite","total","ug/l",16,1,0,0,0,0,"none",NA,NA,NA,NA,NA,NA,NA,NA,NA,NA,NA
"1003USA0114","1003-0048",FALSE,"source_of_water_supply","health_water-source","arsenic","total","ug/l",10,3,0,0,0,0,"none",NA,NA,NA,NA,NA,NA,NA,NA,NA,NA,NA
"1003USA0114","1003-0048",FALSE,"fishing","aquatic_chronic","nitrite","total","ug/l",16,1,0,0,0,0,"none",NA,NA,NA,NA,NA,NA,NA,NA,NA,NA,NA
"1003USA0114","1003-0048",FALSE,"secondary_contact_recreation","recreation","phosphorus","total","ug/l",88,6,0,0,0,0,"none",NA,NA,NA,NA,NA,NA,NA,NA,NA,NA,NA
"1003USA0114","1003-0048",FALSE,"primary_contact_recreation","recreation","phosphorus","total","ug/l",88,6,0,0,0,0,"none",NA,NA,NA,NA,NA,NA,NA,NA,NA,NA,NA
"1003USA0114","1003-0048",FALSE,"source_of_water_supply","health_water-source","nitrate_nitrite","total","ug/l",107,6,0,0,0,0,"none",NA,NA,NA,NA,NA,NA,NA,NA,NA,NA,NA
"1003USA0114","1003-0048",FALSE,"source_of_water_supply","aesthetic_water-supply","iron","total","ug/l",3,2,3,2,0,0,"none",NA,NA,NA,NA,NA,NA,NA,NA,NA,NA,NA
"1003USA0114","1003-0048",FALSE,"source_of_water_supply","health_water-source","ammonia","total","ug/l",135,6,0,0,0,0,"none",NA,NA,NA,NA,NA,NA,NA,NA,NA,NA,NA
"1003USA0114","1003-0048",FALSE,"source_of_water_supply","aesthetic_water-supply","manganese","total","ug/l",3,2,2,2,0,0,"none",NA,NA,NA,NA,NA,NA,NA,NA,NA,NA,NA
"1003USA0114","1003-0048",FALSE,"fishing","aquatic_chronic","ammonia","total","ug/l",135,6,0,0,0,135,"none",NA,NA,NA,NA,NA,NA,NA,NA,NA,NA,NA
"1004BUT0218","1004-0053",TRUE,"primary_contact_recreation","recreation","phosphorus","total","ug/l",1,1,1,1,0,0,"none",27,"Butternut Pond","NY1500283","CHESTERFIELD WD","Community water system","Surface water","Essex","CHESTERFIELD (T)",2300,12,"Local government"
"1004BUT0218","1004-0053",TRUE,"source_of_water_supply","none","total_dissolved_solids","dissolved","mg/l",1,1,0,0,0,0,"none",27,"Butternut Pond","NY1500283","CHESTERFIELD WD","Community water system","Surface water","Essex","CHESTERFIELD (T)",2300,12,"Local government"
"1004BUT0218","1004-0053",TRUE,"fishing","aquatic_chronic","nitrite","total","ug/l",1,1,0,0,0,0,"none",27,"Butternut Pond","NY1500283","CHESTERFIELD WD","Community water system","Surface water","Essex","CHESTERFIELD (T)",2300,12,"Local government"
"1004BUT0218","1004-0053",TRUE,"source_of_water_supply","health_water-source","magnesium","total","ug/l",1,1,0,0,0,0,"none",27,"Butternut Pond","NY1500283","CHESTERFIELD WD","Community water system","Surface water","Essex","CHESTERFIELD (T)",2300,12,"Local government"
"1004BUT0218","1004-0053",TRUE,"source_of_water_supply","health_water-source","nickel","total","ug/l",1,1,0,0,0,0,"none",27,"Butternut Pond","NY1500283","CHESTERFIELD WD","Community water system","Surface water","Essex","CHESTERFIELD (T)",2300,12,"Local government"
"1004BUT0218","1004-0053",TRUE,"source_of_water_supply","aesthetic_water-supply","manganese","total","ug/l",1,1,0,0,0,0,"none",27,"Butternut Pond","NY1500283","CHESTERFIELD WD","Community water system","Surface water","Essex","CHESTERFIELD (T)",2300,12,"Local government"
"1004BUT0218","1004-0053",TRUE,"fishing","aquatic_chronic","nickel","dissolved","ug/l",1,1,0,0,0,0,"none",27,"Butternut Pond","NY1500283","CHESTERFIELD WD","Community water system","Surface water","Essex","CHESTERFIELD (T)",2300,12,"Local government"
"1004BUT0218","1004-0053",TRUE,"fishing","none","dissolved_oxygen","dissolved","mg/l",1,1,0,0,0,0,"n_exceedances may not be intiutive for this parameter because there are multiple components to the WQS. n_exceedances may be greater than n_samples_collected if a single sample was marked as an exceedance for multiple components of the WQS.",27,"Butternut Pond","NY1500283","CHESTERFIELD WD","Community water system","Surface water","Essex","CHESTERFIELD (T)",2300,12,"Local government"
"1004BUT0218","1004-0053",TRUE,"fishing","aquatic_acute","nickel","dissolved","ug/l",1,1,0,0,0,0,"none",27,"Butternut Pond","NY1500283","CHESTERFIELD WD","Community water system","Surface water","Essex","CHESTERFIELD (T)",2300,12,"Local government"
"1004BUT0218","1004-0053",TRUE,"fishing","aquatic_acute","arsenic","dissolved","ug/l",1,1,0,0,0,0,"none",27,"Butternut Pond","NY1500283","CHESTERFIELD WD","Community water system","Surface water","Essex","CHESTERFIELD (T)",2300,12,"Local government"
"1004BUT0218","1004-0053",TRUE,"source_of_water_supply","health_water-source","arsenic","total","ug/l",1,1,0,0,0,0,"none",27,"Butternut Pond","NY1500283","CHESTERFIELD WD","Community water system","Surface water","Essex","CHESTERFIELD (T)",2300,12,"Local government"
"1004BUT0218","1004-0053",TRUE,"primary_contact_recreation","none","total_dissolved_solids","dissolved","mg/l",1,1,0,0,0,0,"none",27,"Butternut Pond","NY1500283","CHESTERFIELD WD","Community water system","Surface water","Essex","CHESTERFIELD (T)",2300,12,"Local government"
"1004BUT0218","1004-0053",TRUE,"fishing","aquatic_acute","copper","dissolved","ug/l",1,1,0,0,0,0,"none",27,"Butternut Pond","NY1500283","CHESTERFIELD WD","Community water system","Surface water","Essex","CHESTERFIELD (T)",2300,12,"Local government"
"1004BUT0218","1004-0053",TRUE,"secondary_contact_recreation","recreation","phosphorus","total","ug/l",1,1,1,1,0,0,"none",27,"Butternut Pond","NY1500283","CHESTERFIELD WD","Community water system","Surface water","Essex","CHESTERFIELD (T)",2300,12,"Local government"
"1004BUT0218","1004-0053",TRUE,"fishing","none","ph","total","ph_units",1,1,1,1,0,0,"none",27,"Butternut Pond","NY1500283","CHESTERFIELD WD","Community water system","Surface water","Essex","CHESTERFIELD (T)",2300,12,"Local government"
"1004BUT0218","1004-0053",TRUE,"source_of_water_supply","aesthetic_water-supply","iron","total","ug/l",1,1,0,0,0,0,"none",27,"Butternut Pond","NY1500283","CHESTERFIELD WD","Community water system","Surface water","Essex","CHESTERFIELD (T)",2300,12,"Local government"
"1004BUT0218","1004-0053",TRUE,"source_of_water_supply","health_water-source","copper","total","ug/l",1,1,0,0,0,0,"none",27,"Butternut Pond","NY1500283","CHESTERFIELD WD","Community water system","Surface water","Essex","CHESTERFIELD (T)",2300,12,"Local government"
"1004BUT0218","1004-0053",TRUE,"fishing","aquatic_chronic","ammonia","total","ug/l",1,1,0,0,0,1,"none",27,"Butternut Pond","NY1500283","CHESTERFIELD WD","Community water system","Surface water","Essex","CHESTERFIELD (T)",2300,12,"Local government"
"1004BUT0218","1004-0053",TRUE,"fishing","none","total_dissolved_solids","dissolved","mg/l",1,1,0,0,0,0,"none",27,"Butternut Pond","NY1500283","CHESTERFIELD WD","Community water system","Surface water","Essex","CHESTERFIELD (T)",2300,12,"Local government"
"1004BUT0218","1004-0053",TRUE,"fishing","aquatic_chronic","copper","dissolved","ug/l",1,1,0,0,0,0,"none",27,"Butternut Pond","NY1500283","CHESTERFIELD WD","Community water system","Surface water","Essex","CHESTERFIELD (T)",2300,12,"Local government"
"1004BUT0218","1004-0053",TRUE,"source_of_water_supply","health_water-source","chloride","total","ug/l",1,1,0,0,0,0,"none",27,"Butternut Pond","NY1500283","CHESTERFIELD WD","Community water system","Surface water","Essex","CHESTERFIELD (T)",2300,12,"Local government"
"1004BUT0218","1004-0053",TRUE,"source_of_water_supply","health_water-source","nitrate","total","ug/l",2,1,0,0,0,0,"none",27,"Butternut Pond","NY1500283","CHESTERFIELD WD","Community water system","Surface water","Essex","CHESTERFIELD (T)",2300,12,"Local government"
"1004BUT0218","1004-0053",TRUE,"source_of_water_supply","health_water-source","sulfate","total","ug/l",1,1,0,0,0,0,"none",27,"Butternut Pond","NY1500283","CHESTERFIELD WD","Community water system","Surface water","Essex","CHESTERFIELD (T)",2300,12,"Local government"
"1004BUT0218","1004-0053",TRUE,"fishing","aquatic_chronic","arsenic","dissolved","ug/l",1,1,0,0,0,0,"none",27,"Butternut Pond","NY1500283","CHESTERFIELD WD","Community water system","Surface water","Essex","CHESTERFIELD (T)",2300,12,"Local government"
"1004BUT0218","1004-0053",TRUE,"source_of_water_supply","health_water-source","nitrite","total","ug/l",1,1,0,0,0,0,"none",27,"Butternut Pond","NY1500283","CHESTERFIELD WD","Community water system","Surface water","Essex","CHESTERFIELD (T)",2300,12,"Local government"
"1004BUT0218","1004-0053",TRUE,"secondary_contact_recreation","none","total_dissolved_solids","dissolved","mg/l",1,1,0,0,0,0,"none",27,"Butternut Pond","NY1500283","CHESTERFIELD WD","Community water system","Surface water","Essex","CHESTERFIELD (T)",2300,12,"Local government"
"1004BUT0218","1004-0053",TRUE,"source_of_water_supply","health_water-source","ammonia","total","ug/l",1,1,0,0,0,0,"none",27,"Butternut Pond","NY1500283","CHESTERFIELD WD","Community water system","Surface water","Essex","CHESTERFIELD (T)",2300,12,"Local government"
"1004PLA0254","1004-0068",FALSE,"fishing","aquatic_chronic","nitrite","total","ug/l",28,2,0,0,0,0,"none",NA,NA,NA,NA,NA,NA,NA,NA,NA,NA,NA
"1004PLA0254","1004-0068",TRUE,"fishing","aquatic_chronic","ammonia","total","ug/l",116,10,0,0,0,116,"none",NA,NA,NA,NA,NA,NA,NA,NA,NA,NA,NA
"1004PLA0254","1004-0068",FALSE,"secondary_contact_recreation","recreation","phosphorus","total","ug/l",180,22,0,0,0,0,"none",NA,NA,NA,NA,NA,NA,NA,NA,NA,NA,NA
"1004PLA0254","1004-0068",FALSE,"source_of_water_supply","health_water-source","nitrite","total","ug/l",28,2,0,0,0,0,"none",NA,NA,NA,NA,NA,NA,NA,NA,NA,NA,NA
"1004PLA0254","1004-0068",TRUE,"primary_contact_recreation","recreation","phosphorus","total","ug/l",63,9,0,0,0,0,"none",NA,NA,NA,NA,NA,NA,NA,NA,NA,NA,NA
"1004PLA0254","1004-0068",TRUE,"secondary_contact_recreation","recreation","phosphorus","total","ug/l",63,9,0,0,0,0,"none",NA,NA,NA,NA,NA,NA,NA,NA,NA,NA,NA
"1004PLA0254","1004-0068",FALSE,"source_of_water_supply","health_water-source","ammonia","total","ug/l",135,11,0,0,0,0,"none",NA,NA,NA,NA,NA,NA,NA,NA,NA,NA,NA
"1004PLA0254","1004-0068",TRUE,"source_of_water_supply","health_water-source","chloride","total","ug/l",21,7,0,0,0,0,"none",NA,NA,NA,NA,NA,NA,NA,NA,NA,NA,NA
"1004PLA0254","1004-0068",TRUE,"source_of_water_supply","health_water-source","nitrate_nitrite","total","ug/l",53,9,0,0,0,0,"none",NA,NA,NA,NA,NA,NA,NA,NA,NA,NA,NA
"1004PLA0254","1004-0068",FALSE,"primary_contact_recreation","recreation","phosphorus","total","ug/l",180,22,0,0,0,0,"none",NA,NA,NA,NA,NA,NA,NA,NA,NA,NA,NA
"1004PLA0254","1004-0068",FALSE,"fishing","aquatic_chronic","ammonia","total","ug/l",135,11,0,0,0,135,"none",NA,NA,NA,NA,NA,NA,NA,NA,NA,NA,NA
"1004PLA0254","1004-0068",FALSE,"source_of_water_supply","aesthetic_water-supply","iron","total","ug/l",1,1,0,0,0,0,"none",NA,NA,NA,NA,NA,NA,NA,NA,NA,NA,NA
"1004PLA0254","1004-0068",FALSE,"source_of_water_supply","health_water-source","arsenic","total","ug/l",2,1,0,0,0,0,"none",NA,NA,NA,NA,NA,NA,NA,NA,NA,NA,NA
"1004PLA0254","1004-0068",FALSE,"source_of_water_supply","health_water-source","nitrate_nitrite","total","ug/l",195,22,0,0,0,0,"none",NA,NA,NA,NA,NA,NA,NA,NA,NA,NA,NA
"1004PLA0254","1004-0068",TRUE,"source_of_water_supply","health_water-source","ammonia","total","ug/l",116,10,0,0,0,0,"none",NA,NA,NA,NA,NA,NA,NA,NA,NA,NA,NA
"1004UWB0212",NA,NA,NA,NA,NA,NA,NA,NA,NA,NA,NA,NA,NA,NA,NA,NA,NA,NA,NA,NA,NA,NA,NA,NA,NA
"1005BAR0338","1001-0027",FALSE,"source_of_water_supply","health_water-source","nitrate_nitrite","total","ug/l",21,4,0,0,0,0,"none",NA,NA,NA,NA,NA,NA,NA,NA,NA,NA,NA
"1005BAR0338","1001-0027",TRUE,"primary_contact_recreation","recreation","phosphorus","total","ug/l",5,2,0,0,0,0,"none",NA,NA,NA,NA,NA,NA,NA,NA,NA,NA,NA
"1005BAR0338","1001-0027",TRUE,"fishing","none","dissolved_oxygen","dissolved","mg/l",5,2,6,2,0,0,"n_exceedances may not be intiutive for this parameter because there are multiple components to the WQS. n_exceedances may be greater than n_samples_collected if a single sample was marked as an exceedance for multiple components of the WQS.",NA,NA,NA,NA,NA,NA,NA,NA,NA,NA,NA
"1005BAR0338","1001-0027",FALSE,"secondary_contact_recreation","recreation","phosphorus","total","ug/l",19,4,0,0,0,0,"none",NA,NA,NA,NA,NA,NA,NA,NA,NA,NA,NA
"1005BAR0338","1001-0027",TRUE,"source_of_water_supply","health_water-source","arsenic","total","ug/l",1,1,0,0,0,0,"none",NA,NA,NA,NA,NA,NA,NA,NA,NA,NA,NA
"1005BAR0338","1001-0027",TRUE,"source_of_water_supply","health_water-source","chloride","total","ug/l",4,1,0,0,0,0,"none",NA,NA,NA,NA,NA,NA,NA,NA,NA,NA,NA
"1005BAR0338","1001-0027",TRUE,"source_of_water_supply","aesthetic_water-supply","manganese","total","ug/l",5,2,0,0,0,0,"none",NA,NA,NA,NA,NA,NA,NA,NA,NA,NA,NA
"1005BAR0338","1001-0027",TRUE,"source_of_water_supply","health_water-source","sulfate","total","ug/l",5,2,0,0,0,0,"none",NA,NA,NA,NA,NA,NA,NA,NA,NA,NA,NA
"1005BAR0338","1001-0027",FALSE,"primary_contact_recreation","recreation","phosphorus","total","ug/l",19,4,0,0,0,0,"none",NA,NA,NA,NA,NA,NA,NA,NA,NA,NA,NA
"1005BAR0338","1001-0027",TRUE,"fishing","aquatic_chronic","ammonia","total","ug/l",5,2,0,0,0,4,"none",NA,NA,NA,NA,NA,NA,NA,NA,NA,NA,NA
"1005BAR0338","1001-0027",TRUE,"source_of_water_supply","health_water-source","ammonia","total","ug/l",5,2,0,0,0,0,"none",NA,NA,NA,NA,NA,NA,NA,NA,NA,NA,NA
"1005BAR0338","1001-0027",TRUE,"fishing","none","ph","total","ph_units",5,2,0,0,0,0,"none",NA,NA,NA,NA,NA,NA,NA,NA,NA,NA,NA
"1005BAR0338","1001-0027",TRUE,"source_of_water_supply","health_water-source","nitrate_nitrite","total","ug/l",6,2,0,0,0,0,"none",NA,NA,NA,NA,NA,NA,NA,NA,NA,NA,NA
"1005BAR0338","1001-0027",TRUE,"source_of_water_supply","aesthetic_water-supply","iron","total","ug/l",6,2,6,2,0,0,"none",NA,NA,NA,NA,NA,NA,NA,NA,NA,NA,NA
"1005BAR0338","1001-0027",TRUE,"secondary_contact_recreation","recreation","phosphorus","total","ug/l",5,2,0,0,0,0,"none",NA,NA,NA,NA,NA,NA,NA,NA,NA,NA,NA
"1005BUT0452","1005-0050",TRUE,"fishing","none","dissolved_oxygen","dissolved","mg/l",4,2,0,0,0,0,"n_exceedances may not be intiutive for this parameter because there are multiple components to the WQS. n_exceedances may be greater than n_samples_collected if a single sample was marked as an exceedance for multiple components of the WQS.",NA,NA,NA,NA,NA,NA,NA,NA,NA,NA,NA
"1005BUT0452","1005-0050",TRUE,"primary_contact_recreation","recreation","phosphorus","total","ug/l",4,2,0,0,0,0,"none",NA,NA,NA,NA,NA,NA,NA,NA,NA,NA,NA
"1005BUT0452","1005-0050",TRUE,"source_of_water_supply","health_water-source","magnesium","total","ug/l",3,1,0,0,0,0,"none",NA,NA,NA,NA,NA,NA,NA,NA,NA,NA,NA
"1005BUT0452","1005-0050",TRUE,"source_of_water_supply","health_water-source","chloride","total","ug/l",3,2,0,0,0,0,"none",NA,NA,NA,NA,NA,NA,NA,NA,NA,NA,NA
"1005BUT0452","1005-0050",TRUE,"source_of_water_supply","health_water-source","ammonia","total","ug/l",4,2,0,0,0,0,"none",NA,NA,NA,NA,NA,NA,NA,NA,NA,NA,NA
"1005BUT0452","1005-0050",TRUE,"source_of_water_supply","health_water-source","arsenic","total","ug/l",3,2,0,0,0,0,"none",NA,NA,NA,NA,NA,NA,NA,NA,NA,NA,NA
"1005BUT0452","1005-0050",TRUE,"source_of_water_supply","aesthetic_water-supply","manganese","total","ug/l",4,2,0,0,0,0,"none",NA,NA,NA,NA,NA,NA,NA,NA,NA,NA,NA
"1005BUT0452","1005-0050",TRUE,"fishing","aquatic_chronic","nitrite","total","ug/l",2,1,0,0,0,0,"none",NA,NA,NA,NA,NA,NA,NA,NA,NA,NA,NA
"1005BUT0452","1005-0050",TRUE,"secondary_contact_recreation","recreation","phosphorus","total","ug/l",4,2,0,0,0,0,"none",NA,NA,NA,NA,NA,NA,NA,NA,NA,NA,NA
"1005BUT0452","1005-0050",TRUE,"fishing","none","ph","total","ph_units",4,2,0,0,0,0,"none",NA,NA,NA,NA,NA,NA,NA,NA,NA,NA,NA
"1005BUT0452","1005-0050",TRUE,"source_of_water_supply","health_water-source","nitrite","total","ug/l",2,1,0,0,0,0,"none",NA,NA,NA,NA,NA,NA,NA,NA,NA,NA,NA
"1005BUT0452","1005-0050",TRUE,"fishing","aquatic_chronic","ammonia","total","ug/l",4,2,0,0,0,4,"none",NA,NA,NA,NA,NA,NA,NA,NA,NA,NA,NA
"1005BUT0452","1005-0050",TRUE,"source_of_water_supply","aesthetic_water-supply","iron","total","ug/l",4,2,1,1,0,0,"none",NA,NA,NA,NA,NA,NA,NA,NA,NA,NA,NA
"1005BUT0452","1005-0050",TRUE,"source_of_water_supply","health_water-source","sulfate","total","ug/l",4,2,0,0,0,0,"none",NA,NA,NA,NA,NA,NA,NA,NA,NA,NA,NA
"1005BUT0452","1005-0050",TRUE,"source_of_water_supply","health_water-source","nitrate","total","ug/l",2,1,0,0,0,0,"none",NA,NA,NA,NA,NA,NA,NA,NA,NA,NA,NA
"1005BUT0452","1005-0050",TRUE,"source_of_water_supply","health_water-source","nitrate_nitrite","total","ug/l",3,1,0,0,0,0,"none",NA,NA,NA,NA,NA,NA,NA,NA,NA,NA,NA
"1005DOL0424","1005-0038",NA,NA,NA,NA,NA,NA,NA,NA,NA,NA,NA,NA,NA,20,"Dolph/Beaver Pond","NY5704191","GREAT MEADOW/WASHINGTON CORR. FACILITIES","Community water system","Surface water","Washington","FORT ANN (T)",3802,12,"State government"
"1005PIN0398","1005-0025",TRUE,"source_of_water_supply","health_water-source","copper","total","ug/l",2,1,0,0,0,0,"none",24,"Pine Lake (Long Pond)","NY5700124","WHITEHALL VILLAGE","Community water system","Surface water","Washington","WHITEHALL (V)",2800,19,"Local government"
"1005PIN0398","1005-0025",TRUE,"fishing","aquatic_chronic","aluminum","dissolved","ug/l",2,1,0,0,0,0,"none",24,"Pine Lake (Long Pond)","NY5700124","WHITEHALL VILLAGE","Community water system","Surface water","Washington","WHITEHALL (V)",2800,19,"Local government"
"1005PIN0398","1005-0025",TRUE,"fishing","none","dissolved_oxygen","dissolved","mg/l",1,1,0,0,0,0,"n_exceedances may not be intiutive for this parameter because there are multiple components to the WQS. n_exceedances may be greater than n_samples_collected if a single sample was marked as an exceedance for multiple components of the WQS.",24,"Pine Lake (Long Pond)","NY5700124","WHITEHALL VILLAGE","Community water system","Surface water","Washington","WHITEHALL (V)",2800,19,"Local government"
"1005PIN0398","1005-0025",TRUE,"fishing","aquatic_acute","zinc","dissolved","ug/l",2,1,0,0,0,0,"none",24,"Pine Lake (Long Pond)","NY5700124","WHITEHALL VILLAGE","Community water system","Surface water","Washington","WHITEHALL (V)",2800,19,"Local government"
"1005PIN0398","1005-0025",TRUE,"source_of_water_supply","health_water-source","nitrite","total","ug/l",2,1,0,0,0,0,"none",24,"Pine Lake (Long Pond)","NY5700124","WHITEHALL VILLAGE","Community water system","Surface water","Washington","WHITEHALL (V)",2800,19,"Local government"
"1005PIN0398","1005-0025",TRUE,"source_of_water_supply","none","total_dissolved_solids","dissolved","mg/l",2,1,0,0,0,0,"none",24,"Pine Lake (Long Pond)","NY5700124","WHITEHALL VILLAGE","Community water system","Surface water","Washington","WHITEHALL (V)",2800,19,"Local government"
"1005PIN0398","1005-0025",TRUE,"secondary_contact_recreation","recreation","phosphorus","total","ug/l",1,1,0,0,0,0,"none",24,"Pine Lake (Long Pond)","NY5700124","WHITEHALL VILLAGE","Community water system","Surface water","Washington","WHITEHALL (V)",2800,19,"Local government"
"1005PIN0398","1005-0025",TRUE,"fishing","aquatic_acute","arsenic","dissolved","ug/l",1,1,0,0,0,0,"none",24,"Pine Lake (Long Pond)","NY5700124","WHITEHALL VILLAGE","Community water system","Surface water","Washington","WHITEHALL (V)",2800,19,"Local government"
"1005PIN0398","1005-0025",TRUE,"secondary_contact_recreation","none","total_dissolved_solids","dissolved","mg/l",2,1,0,0,0,0,"none",24,"Pine Lake (Long Pond)","NY5700124","WHITEHALL VILLAGE","Community water system","Surface water","Washington","WHITEHALL (V)",2800,19,"Local government"
"1005PIN0398","1005-0025",TRUE,"source_of_water_supply","health_water-source","arsenic","total","ug/l",1,1,0,0,0,0,"none",24,"Pine Lake (Long Pond)","NY5700124","WHITEHALL VILLAGE","Community water system","Surface water","Washington","WHITEHALL (V)",2800,19,"Local government"
"1005PIN0398","1005-0025",TRUE,"source_of_water_supply","health_water-source","ammonia","total","ug/l",2,1,0,0,0,0,"none",24,"Pine Lake (Long Pond)","NY5700124","WHITEHALL VILLAGE","Community water system","Surface water","Washington","WHITEHALL (V)",2800,19,"Local government"
"1005PIN0398","1005-0025",TRUE,"source_of_water_supply","health_water-source","chloride","total","ug/l",2,1,0,0,0,0,"none",24,"Pine Lake (Long Pond)","NY5700124","WHITEHALL VILLAGE","Community water system","Surface water","Washington","WHITEHALL (V)",2800,19,"Local government"
"1005PIN0398","1005-0025",TRUE,"primary_contact_recreation","none","total_dissolved_solids","dissolved","mg/l",2,1,0,0,0,0,"none",24,"Pine Lake (Long Pond)","NY5700124","WHITEHALL VILLAGE","Community water system","Surface water","Washington","WHITEHALL (V)",2800,19,"Local government"
"1005PIN0398","1005-0025",TRUE,"source_of_water_supply","health_water-source","sulfate","total","ug/l",2,1,0,0,0,0,"none",24,"Pine Lake (Long Pond)","NY5700124","WHITEHALL VILLAGE","Community water system","Surface water","Washington","WHITEHALL (V)",2800,19,"Local government"
"1005PIN0398","1005-0025",TRUE,"fishing","aquatic_chronic","arsenic","dissolved","ug/l",1,1,0,0,0,0,"none",24,"Pine Lake (Long Pond)","NY5700124","WHITEHALL VILLAGE","Community water system","Surface water","Washington","WHITEHALL (V)",2800,19,"Local government"
"1005PIN0398","1005-0025",TRUE,"source_of_water_supply","aesthetic_water-supply","iron","total","ug/l",2,1,0,0,0,0,"none",24,"Pine Lake (Long Pond)","NY5700124","WHITEHALL VILLAGE","Community water system","Surface water","Washington","WHITEHALL (V)",2800,19,"Local government"
"1005PIN0398","1005-0025",TRUE,"source_of_water_supply","aesthetic_water-supply","manganese","total","ug/l",2,1,0,0,0,0,"none",24,"Pine Lake (Long Pond)","NY5700124","WHITEHALL VILLAGE","Community water system","Surface water","Washington","WHITEHALL (V)",2800,19,"Local government"
"1005PIN0398","1005-0025",TRUE,"fishing","aquatic_chronic","zinc","dissolved","ug/l",2,1,0,0,0,0,"none",24,"Pine Lake (Long Pond)","NY5700124","WHITEHALL VILLAGE","Community water system","Surface water","Washington","WHITEHALL (V)",2800,19,"Local government"
"1005PIN0398","1005-0025",TRUE,"primary_contact_recreation","recreation","phosphorus","total","ug/l",1,1,0,0,0,0,"none",24,"Pine Lake (Long Pond)","NY5700124","WHITEHALL VILLAGE","Community water system","Surface water","Washington","WHITEHALL (V)",2800,19,"Local government"
"1005PIN0398","1005-0025",TRUE,"fishing","aquatic_chronic","nitrite","total","ug/l",2,1,0,0,0,0,"none",24,"Pine Lake (Long Pond)","NY5700124","WHITEHALL VILLAGE","Community water system","Surface water","Washington","WHITEHALL (V)",2800,19,"Local government"
"1005PIN0398","1005-0025",TRUE,"fishing","aquatic_chronic","copper","dissolved","ug/l",2,1,0,0,0,0,"none",24,"Pine Lake (Long Pond)","NY5700124","WHITEHALL VILLAGE","Community water system","Surface water","Washington","WHITEHALL (V)",2800,19,"Local government"
"1005PIN0398","1005-0025",TRUE,"fishing","aquatic_chronic","ammonia","total","ug/l",2,1,0,0,0,2,"none",24,"Pine Lake (Long Pond)","NY5700124","WHITEHALL VILLAGE","Community water system","Surface water","Washington","WHITEHALL (V)",2800,19,"Local government"
"1005PIN0398","1005-0025",TRUE,"fishing","none","total_dissolved_solids","dissolved","mg/l",2,1,0,0,0,0,"none",24,"Pine Lake (Long Pond)","NY5700124","WHITEHALL VILLAGE","Community water system","Surface water","Washington","WHITEHALL (V)",2800,19,"Local government"
"1005PIN0398","1005-0025",TRUE,"source_of_water_supply","health_water-source","magnesium","total","ug/l",2,1,0,0,0,0,"none",24,"Pine Lake (Long Pond)","NY5700124","WHITEHALL VILLAGE","Community water system","Surface water","Washington","WHITEHALL (V)",2800,19,"Local government"
"1005PIN0398","1005-0025",TRUE,"fishing","none","ph","total","ph_units",1,1,0,0,0,0,"none",24,"Pine Lake (Long Pond)","NY5700124","WHITEHALL VILLAGE","Community water system","Surface water","Washington","WHITEHALL (V)",2800,19,"Local government"
"1005PIN0398","1005-0025",TRUE,"fishing","aquatic_acute","copper","dissolved","ug/l",2,1,0,0,0,0,"none",24,"Pine Lake (Long Pond)","NY5700124","WHITEHALL VILLAGE","Community water system","Surface water","Washington","WHITEHALL (V)",2800,19,"Local government"
"1005PIN0398","1005-0025",TRUE,"source_of_water_supply","health_water-source","nitrate","total","ug/l",4,1,0,0,0,0,"none",24,"Pine Lake (Long Pond)","NY5700124","WHITEHALL VILLAGE","Community water system","Surface water","Washington","WHITEHALL (V)",2800,19,"Local government"
"1005PIN0398","1005-0025",TRUE,"fishing","aquatic_acute","nickel","dissolved","ug/l",2,1,0,0,0,0,"none",24,"Pine Lake (Long Pond)","NY5700124","WHITEHALL VILLAGE","Community water system","Surface water","Washington","WHITEHALL (V)",2800,19,"Local government"
"1005PIN0398","1005-0025",TRUE,"fishing","aquatic_chronic","nickel","dissolved","ug/l",2,1,0,0,0,0,"none",24,"Pine Lake (Long Pond)","NY5700124","WHITEHALL VILLAGE","Community water system","Surface water","Washington","WHITEHALL (V)",2800,19,"Local government"
"1005PIN0398","1005-0025",TRUE,"source_of_water_supply","health_water-source","nickel","total","ug/l",2,1,0,0,0,0,"none",24,"Pine Lake (Long Pond)","NY5700124","WHITEHALL VILLAGE","Community water system","Surface water","Washington","WHITEHALL (V)",2800,19,"Local government"
"1005UWB5349",NA,NA,NA,NA,NA,NA,NA,NA,NA,NA,NA,NA,NA,NA,NA,NA,NA,NA,NA,NA,NA,NA,NA,NA,NA
"1005WIL0455A","1005-0052",TRUE,"fishing","aquatic_chronic","ammonia","total","ug/l",5,2,0,0,0,5,"none",NA,NA,NA,NA,NA,NA,NA,NA,NA,NA,NA
"1005WIL0455A","1005-0052",TRUE,"source_of_water_supply","health_water-source","arsenic","total","ug/l",4,2,0,0,0,0,"none",NA,NA,NA,NA,NA,NA,NA,NA,NA,NA,NA
"1005WIL0455A","1005-0052",TRUE,"fishing","none","dissolved_oxygen","dissolved","mg/l",4,2,0,0,0,0,"n_exceedances may not be intiutive for this parameter because there are multiple components to the WQS. n_exceedances may be greater than n_samples_collected if a single sample was marked as an exceedance for multiple components of the WQS.",NA,NA,NA,NA,NA,NA,NA,NA,NA,NA,NA
"1005WIL0455A","1005-0052",TRUE,"fishing","aquatic_chronic","nitrite","total","ug/l",4,2,0,0,0,0,"none",NA,NA,NA,NA,NA,NA,NA,NA,NA,NA,NA
"1005WIL0455A","1005-0052",TRUE,"fishing","none","ph","total","ph_units",4,2,0,0,0,0,"none",NA,NA,NA,NA,NA,NA,NA,NA,NA,NA,NA
"1005WIL0455A","1005-0052",TRUE,"source_of_water_supply","health_water-source","sulfate","total","ug/l",4,1,0,0,0,0,"none",NA,NA,NA,NA,NA,NA,NA,NA,NA,NA,NA
"1005WIL0455A","1005-0052",TRUE,"primary_contact_recreation","recreation","phosphorus","total","ug/l",5,2,0,0,0,0,"none",NA,NA,NA,NA,NA,NA,NA,NA,NA,NA,NA
"1005WIL0455A","1005-0052",TRUE,"source_of_water_supply","health_water-source","nitrate","total","ug/l",3,1,0,0,0,0,"none",NA,NA,NA,NA,NA,NA,NA,NA,NA,NA,NA
"1005WIL0455A","1005-0052",TRUE,"source_of_water_supply","health_water-source","nitrite","total","ug/l",4,2,0,0,0,0,"none",NA,NA,NA,NA,NA,NA,NA,NA,NA,NA,NA
"1005WIL0455A","1005-0052",TRUE,"source_of_water_supply","aesthetic_water-supply","manganese","total","ug/l",5,2,0,0,0,0,"none",NA,NA,NA,NA,NA,NA,NA,NA,NA,NA,NA
"1005WIL0455A","1005-0052",TRUE,"source_of_water_supply","aesthetic_water-supply","iron","total","ug/l",5,2,0,0,0,0,"none",NA,NA,NA,NA,NA,NA,NA,NA,NA,NA,NA
"1005WIL0455A","1005-0052",TRUE,"source_of_water_supply","health_water-source","nitrate_nitrite","total","ug/l",4,1,0,0,0,0,"none",NA,NA,NA,NA,NA,NA,NA,NA,NA,NA,NA
"1005WIL0455A","1005-0052",TRUE,"source_of_water_supply","health_water-source","magnesium","total","ug/l",4,1,0,0,0,0,"none",NA,NA,NA,NA,NA,NA,NA,NA,NA,NA,NA
"1005WIL0455A","1005-0052",TRUE,"source_of_water_supply","health_water-source","ammonia","total","ug/l",5,2,0,0,0,0,"none",NA,NA,NA,NA,NA,NA,NA,NA,NA,NA,NA
"1005WIL0455A","1005-0052",TRUE,"source_of_water_supply","health_water-source","chloride","total","ug/l",4,2,0,0,0,0,"none",NA,NA,NA,NA,NA,NA,NA,NA,NA,NA,NA
"1005WIL0455A","1005-0052",TRUE,"secondary_contact_recreation","recreation","phosphorus","total","ug/l",5,2,0,0,0,0,"none",NA,NA,NA,NA,NA,NA,NA,NA,NA,NA,NA
"1006EDG0381","1006-0028",TRUE,"fishing","aquatic_chronic","nickel","dissolved","ug/l",2,1,0,0,0,0,"none",34,"Edgecomb Pond","NY5600101","BOLTON WATER DISTRICT","Community water system","Surface water","Warren","BOLTON (T)",1800,11,"Local government"
"1006EDG0381","1006-0028",TRUE,"fishing","none","dissolved_oxygen","dissolved","mg/l",1,1,1,1,0,0,"n_exceedances may not be intiutive for this parameter because there are multiple components to the WQS. n_exceedances may be greater than n_samples_collected if a single sample was marked as an exceedance for multiple components of the WQS.",34,"Edgecomb Pond","NY5600101","BOLTON WATER DISTRICT","Community water system","Surface water","Warren","BOLTON (T)",1800,11,"Local government"
"1006EDG0381","1006-0028",TRUE,"fishing","aquatic_chronic","ammonia","total","ug/l",2,1,0,0,0,2,"none",34,"Edgecomb Pond","NY5600101","BOLTON WATER DISTRICT","Community water system","Surface water","Warren","BOLTON (T)",1800,11,"Local government"
"1006EDG0381","1006-0028",TRUE,"primary_contact_recreation","none","total_dissolved_solids","dissolved","mg/l",2,1,0,0,0,0,"none",34,"Edgecomb Pond","NY5600101","BOLTON WATER DISTRICT","Community water system","Surface water","Warren","BOLTON (T)",1800,11,"Local government"
"1006EDG0381","1006-0028",TRUE,"fishing","aquatic_acute","arsenic","dissolved","ug/l",1,1,0,0,0,0,"none",34,"Edgecomb Pond","NY5600101","BOLTON WATER DISTRICT","Community water system","Surface water","Warren","BOLTON (T)",1800,11,"Local government"
"1006EDG0381","1006-0028",TRUE,"fishing","aquatic_acute","copper","dissolved","ug/l",2,1,2,1,0,0,"none",34,"Edgecomb Pond","NY5600101","BOLTON WATER DISTRICT","Community water system","Surface water","Warren","BOLTON (T)",1800,11,"Local government"
"1006EDG0381","1006-0028",TRUE,"source_of_water_supply","aesthetic_water-supply","manganese","total","ug/l",1,1,0,0,0,0,"none",34,"Edgecomb Pond","NY5600101","BOLTON WATER DISTRICT","Community water system","Surface water","Warren","BOLTON (T)",1800,11,"Local government"
"1006EDG0381","1006-0028",TRUE,"fishing","none","total_dissolved_solids","dissolved","mg/l",2,1,0,0,0,0,"none",34,"Edgecomb Pond","NY5600101","BOLTON WATER DISTRICT","Community water system","Surface water","Warren","BOLTON (T)",1800,11,"Local government"
"1006EDG0381","1006-0028",TRUE,"source_of_water_supply","health_water-source","arsenic","total","ug/l",1,1,0,0,0,0,"none",34,"Edgecomb Pond","NY5600101","BOLTON WATER DISTRICT","Community water system","Surface water","Warren","BOLTON (T)",1800,11,"Local government"
"1006EDG0381","1006-0028",TRUE,"fishing","none","ph","total","ph_units",1,1,1,1,0,0,"none",34,"Edgecomb Pond","NY5600101","BOLTON WATER DISTRICT","Community water system","Surface water","Warren","BOLTON (T)",1800,11,"Local government"
"1006EDG0381","1006-0028",TRUE,"source_of_water_supply","health_water-source","chloride","total","ug/l",2,1,0,0,0,0,"none",34,"Edgecomb Pond","NY5600101","BOLTON WATER DISTRICT","Community water system","Surface water","Warren","BOLTON (T)",1800,11,"Local government"
"1006EDG0381","1006-0028",TRUE,"fishing","aquatic_chronic","arsenic","dissolved","ug/l",1,1,0,0,0,0,"none",34,"Edgecomb Pond","NY5600101","BOLTON WATER DISTRICT","Community water system","Surface water","Warren","BOLTON (T)",1800,11,"Local government"
"1006EDG0381","1006-0028",TRUE,"source_of_water_supply","health_water-source","nickel","total","ug/l",2,1,0,0,0,0,"none",34,"Edgecomb Pond","NY5600101","BOLTON WATER DISTRICT","Community water system","Surface water","Warren","BOLTON (T)",1800,11,"Local government"
"1006EDG0381","1006-0028",TRUE,"fishing","aquatic_chronic","nitrite","total","ug/l",2,1,0,0,0,0,"none",34,"Edgecomb Pond","NY5600101","BOLTON WATER DISTRICT","Community water system","Surface water","Warren","BOLTON (T)",1800,11,"Local government"
"1006EDG0381","1006-0028",TRUE,"fishing","aquatic_chronic","zinc","dissolved","ug/l",1,1,0,0,0,0,"none",34,"Edgecomb Pond","NY5600101","BOLTON WATER DISTRICT","Community water system","Surface water","Warren","BOLTON (T)",1800,11,"Local government"
"1006EDG0381","1006-0028",TRUE,"source_of_water_supply","aesthetic_water-supply","iron","total","ug/l",1,1,0,0,0,0,"none",34,"Edgecomb Pond","NY5600101","BOLTON WATER DISTRICT","Community water system","Surface water","Warren","BOLTON (T)",1800,11,"Local government"
"1006EDG0381","1006-0028",TRUE,"source_of_water_supply","health_water-source","nitrate","total","ug/l",4,1,0,0,0,0,"none",34,"Edgecomb Pond","NY5600101","BOLTON WATER DISTRICT","Community water system","Surface water","Warren","BOLTON (T)",1800,11,"Local government"
"1006EDG0381","1006-0028",TRUE,"secondary_contact_recreation","none","total_dissolved_solids","dissolved","mg/l",2,1,0,0,0,0,"none",34,"Edgecomb Pond","NY5600101","BOLTON WATER DISTRICT","Community water system","Surface water","Warren","BOLTON (T)",1800,11,"Local government"
"1006EDG0381","1006-0028",TRUE,"source_of_water_supply","health_water-source","ammonia","total","ug/l",2,1,0,0,0,0,"none",34,"Edgecomb Pond","NY5600101","BOLTON WATER DISTRICT","Community water system","Surface water","Warren","BOLTON (T)",1800,11,"Local government"
"1006EDG0381","1006-0028",TRUE,"source_of_water_supply","none","total_dissolved_solids","dissolved","mg/l",2,1,0,0,0,0,"none",34,"Edgecomb Pond","NY5600101","BOLTON WATER DISTRICT","Community water system","Surface water","Warren","BOLTON (T)",1800,11,"Local government"
"1006EDG0381","1006-0028",TRUE,"fishing","aquatic_acute","zinc","dissolved","ug/l",1,1,0,0,0,0,"none",34,"Edgecomb Pond","NY5600101","BOLTON WATER DISTRICT","Community water system","Surface water","Warren","BOLTON (T)",1800,11,"Local government"
"1006EDG0381","1006-0028",TRUE,"fishing","aquatic_acute","nickel","dissolved","ug/l",2,1,0,0,0,0,"none",34,"Edgecomb Pond","NY5600101","BOLTON WATER DISTRICT","Community water system","Surface water","Warren","BOLTON (T)",1800,11,"Local government"
"1006EDG0381","1006-0028",TRUE,"source_of_water_supply","health_water-source","copper","total","ug/l",2,1,0,0,0,0,"none",34,"Edgecomb Pond","NY5600101","BOLTON WATER DISTRICT","Community water system","Surface water","Warren","BOLTON (T)",1800,11,"Local government"
"1006EDG0381","1006-0028",TRUE,"primary_contact_recreation","recreation","phosphorus","total","ug/l",1,1,0,0,0,0,"none",34,"Edgecomb Pond","NY5600101","BOLTON WATER DISTRICT","Community water system","Surface water","Warren","BOLTON (T)",1800,11,"Local government"
"1006EDG0381","1006-0028",TRUE,"secondary_contact_recreation","recreation","phosphorus","total","ug/l",1,1,0,0,0,0,"none",34,"Edgecomb Pond","NY5600101","BOLTON WATER DISTRICT","Community water system","Surface water","Warren","BOLTON (T)",1800,11,"Local government"
"1006EDG0381","1006-0028",TRUE,"source_of_water_supply","health_water-source","magnesium","total","ug/l",2,1,0,0,0,0,"none",34,"Edgecomb Pond","NY5600101","BOLTON WATER DISTRICT","Community water system","Surface water","Warren","BOLTON (T)",1800,11,"Local government"
"1006EDG0381","1006-0028",TRUE,"source_of_water_supply","health_water-source","sulfate","total","ug/l",1,1,0,0,0,0,"none",34,"Edgecomb Pond","NY5600101","BOLTON WATER DISTRICT","Community water system","Surface water","Warren","BOLTON (T)",1800,11,"Local government"
"1006EDG0381","1006-0028",TRUE,"fishing","aquatic_chronic","copper","dissolved","ug/l",2,1,2,1,0,0,"none",34,"Edgecomb Pond","NY5600101","BOLTON WATER DISTRICT","Community water system","Surface water","Warren","BOLTON (T)",1800,11,"Local government"
"1006EDG0381","1006-0028",TRUE,"source_of_water_supply","health_water-source","nitrite","total","ug/l",2,1,0,0,0,0,"none",34,"Edgecomb Pond","NY5600101","BOLTON WATER DISTRICT","Community water system","Surface water","Warren","BOLTON (T)",1800,11,"Local government"
"1006GEO0367","1006-0016",TRUE,"primary_contact_recreation","recreation","phosphorus","total","ug/l",162,7,0,0,0,0,"none",NA,NA,NA,NA,NA,NA,NA,NA,NA,NA,NA
"1006GEO0367","1006-0016",FALSE,"secondary_contact_recreation","recreation","phosphorus","total","ug/l",380,10,0,0,0,0,"none",NA,NA,NA,NA,NA,NA,NA,NA,NA,NA,NA
"1006GEO0367","1006-0016",FALSE,"fishing","aquatic_chronic","nitrite","total","ug/l",130,2,0,0,0,0,"none",NA,NA,NA,NA,NA,NA,NA,NA,NA,NA,NA
"1006GEO0367","1006-0016",FALSE,"primary_contact_recreation","recreation","phosphorus","total","ug/l",380,10,0,0,0,0,"none",NA,NA,NA,NA,NA,NA,NA,NA,NA,NA,NA
"1006GEO0367","1006-0016",FALSE,"source_of_water_supply","health_water-source","nitrite","total","ug/l",130,2,0,0,0,0,"none",NA,NA,NA,NA,NA,NA,NA,NA,NA,NA,NA
"1006GEO0367","1006-0016",TRUE,"fishing","aquatic_chronic","ammonia","total","ug/l",340,8,0,0,0,340,"none",NA,NA,NA,NA,NA,NA,NA,NA,NA,NA,NA
"1006GEO0367","1006-0016",FALSE,"fishing","aquatic_chronic","ammonia","total","ug/l",510,9,0,0,0,510,"none",NA,NA,NA,NA,NA,NA,NA,NA,NA,NA,NA
"1006GEO0367","1006-0016",TRUE,"source_of_water_supply","health_water-source","chloride","total","ug/l",66,6,0,0,0,0,"none",NA,NA,NA,NA,NA,NA,NA,NA,NA,NA,NA
"1006GEO0367","1006-0016",TRUE,"secondary_contact_recreation","recreation","phosphorus","total","ug/l",162,7,0,0,0,0,"none",NA,NA,NA,NA,NA,NA,NA,NA,NA,NA,NA
"1006GEO0367","1006-0016",FALSE,"source_of_water_supply","aesthetic_water-supply","iron","total","ug/l",13,2,0,0,0,0,"none",NA,NA,NA,NA,NA,NA,NA,NA,NA,NA,NA
"1006GEO0367","1006-0016",TRUE,"source_of_water_supply","health_water-source","ammonia","total","ug/l",340,8,0,0,0,0,"none",NA,NA,NA,NA,NA,NA,NA,NA,NA,NA,NA
"1006GEO0367","1006-0016",TRUE,"source_of_water_supply","health_water-source","nitrate_nitrite","total","ug/l",140,7,0,0,0,0,"none",NA,NA,NA,NA,NA,NA,NA,NA,NA,NA,NA
"1006GEO0367","1006-0016",FALSE,"source_of_water_supply","health_water-source","ammonia","total","ug/l",510,9,0,0,0,0,"none",NA,NA,NA,NA,NA,NA,NA,NA,NA,NA,NA
"1006GEO0367","1006-0016",FALSE,"source_of_water_supply","aesthetic_water-supply","manganese","total","ug/l",7,1,0,0,0,0,"none",NA,NA,NA,NA,NA,NA,NA,NA,NA,NA,NA
"1006GEO0367","1006-0016",FALSE,"source_of_water_supply","health_water-source","nitrate_nitrite","total","ug/l",423,10,0,0,0,0,"none",NA,NA,NA,NA,NA,NA,NA,NA,NA,NA,NA
"1006GEO0367","1006-0016",FALSE,"source_of_water_supply","health_water-source","arsenic","total","ug/l",28,3,0,0,0,0,"none",NA,NA,NA,NA,NA,NA,NA,NA,NA,NA,NA
"1101DOR0098",NA,NA,NA,NA,NA,NA,NA,NA,NA,NA,NA,NA,NA,NA,NA,NA,NA,NA,NA,NA,NA,NA,NA,NA,NA
"1101KEE0114","1101-0089",TRUE,"source_of_water_supply","health_water-source","nitrate_nitrite","total","ug/l",1,1,0,0,0,0,"none",NA,NA,NA,NA,NA,NA,NA,NA,NA,NA,NA
"1101KEE0114","1101-0089",TRUE,"source_of_water_supply","health_water-source","ammonia","total","ug/l",1,1,0,0,0,0,"none",NA,NA,NA,NA,NA,NA,NA,NA,NA,NA,NA
"1101KEE0114","1101-0089",TRUE,"fishing","none","ph","total","ph_units",1,1,0,0,0,0,"none",NA,NA,NA,NA,NA,NA,NA,NA,NA,NA,NA
"1101KEE0114","1101-0089",TRUE,"fishing","aquatic_chronic","ammonia","total","ug/l",1,1,0,0,0,0,"none",NA,NA,NA,NA,NA,NA,NA,NA,NA,NA,NA
"1101KEE0114","1101-0089",TRUE,"source_of_water_supply","health_water-source","sulfate","total","ug/l",1,1,0,0,0,0,"none",NA,NA,NA,NA,NA,NA,NA,NA,NA,NA,NA
"1101KEE0114","1101-0089",TRUE,"source_of_water_supply","health_water-source","copper","total","ug/l",1,1,0,0,0,0,"none",NA,NA,NA,NA,NA,NA,NA,NA,NA,NA,NA
"1101KEE0114","1101-0089",TRUE,"source_of_water_supply","aesthetic_water-supply","manganese","total","ug/l",1,1,0,0,0,0,"none",NA,NA,NA,NA,NA,NA,NA,NA,NA,NA,NA
"1101KEE0114","1101-0089",TRUE,"fishing","none","dissolved_oxygen","dissolved","mg/l",1,1,0,0,0,0,"n_exceedances may not be intiutive for this parameter because there are multiple components to the WQS. n_exceedances may be greater than n_samples_collected if a single sample was marked as an exceedance for multiple components of the WQS.",NA,NA,NA,NA,NA,NA,NA,NA,NA,NA,NA
"1101KEE0114","1101-0089",TRUE,"source_of_water_supply","aesthetic_water-supply","iron","total","ug/l",1,1,1,1,0,0,"none",NA,NA,NA,NA,NA,NA,NA,NA,NA,NA,NA
"1101LOU0035","1101-0068",TRUE,"source_of_water_supply","aesthetic_water-supply","iron","total","ug/l",1,1,0,0,0,0,"none",7,"Loughberry Lake","NY4500168","SARATOGA SPRINGS CITY","Community water system","Surface water","Saratoga","SARATOGA SPRNGS (C)",26525,30,"Local government"
"1101LOU0035","1101-0068",TRUE,"fishing","aquatic_chronic","nitrite","total","ug/l",2,1,0,0,0,0,"none",7,"Loughberry Lake","NY4500168","SARATOGA SPRINGS CITY","Community water system","Surface water","Saratoga","SARATOGA SPRNGS (C)",26525,30,"Local government"
"1101LOU0035","1101-0068",TRUE,"fishing","aquatic_acute","copper","dissolved","ug/l",2,1,1,1,0,0,"none",7,"Loughberry Lake","NY4500168","SARATOGA SPRINGS CITY","Community water system","Surface water","Saratoga","SARATOGA SPRNGS (C)",26525,30,"Local government"
"1101LOU0035","1101-0068",TRUE,"fishing","none","dissolved_oxygen","dissolved","mg/l",1,1,2,1,0,0,"n_exceedances may not be intiutive for this parameter because there are multiple components to the WQS. n_exceedances may be greater than n_samples_collected if a single sample was marked as an exceedance for multiple components of the WQS.",7,"Loughberry Lake","NY4500168","SARATOGA SPRINGS CITY","Community water system","Surface water","Saratoga","SARATOGA SPRNGS (C)",26525,30,"Local government"
"1101LOU0035","1101-0068",TRUE,"source_of_water_supply","aesthetic_water-supply","manganese","total","ug/l",1,1,0,0,0,0,"none",7,"Loughberry Lake","NY4500168","SARATOGA SPRINGS CITY","Community water system","Surface water","Saratoga","SARATOGA SPRNGS (C)",26525,30,"Local government"
"1101LOU0035","1101-0068",TRUE,"source_of_water_supply","health_water-source","copper","total","ug/l",2,1,0,0,0,0,"none",7,"Loughberry Lake","NY4500168","SARATOGA SPRINGS CITY","Community water system","Surface water","Saratoga","SARATOGA SPRNGS (C)",26525,30,"Local government"
"1101LOU0035","1101-0068",TRUE,"primary_contact_recreation","recreation","phosphorus","total","ug/l",1,1,1,1,0,0,"none",7,"Loughberry Lake","NY4500168","SARATOGA SPRINGS CITY","Community water system","Surface water","Saratoga","SARATOGA SPRNGS (C)",26525,30,"Local government"
"1101LOU0035","1101-0068",TRUE,"fishing","none","total_dissolved_solids","dissolved","mg/l",2,1,0,0,0,0,"none",7,"Loughberry Lake","NY4500168","SARATOGA SPRINGS CITY","Community water system","Surface water","Saratoga","SARATOGA SPRNGS (C)",26525,30,"Local government"
"1101LOU0035","1101-0068",TRUE,"fishing","aquatic_chronic","copper","dissolved","ug/l",2,1,2,1,0,0,"none",7,"Loughberry Lake","NY4500168","SARATOGA SPRINGS CITY","Community water system","Surface water","Saratoga","SARATOGA SPRNGS (C)",26525,30,"Local government"
"1101LOU0035","1101-0068",TRUE,"fishing","aquatic_acute","nickel","dissolved","ug/l",2,1,0,0,0,0,"none",7,"Loughberry Lake","NY4500168","SARATOGA SPRINGS CITY","Community water system","Surface water","Saratoga","SARATOGA SPRNGS (C)",26525,30,"Local government"
"1101LOU0035","1101-0068",TRUE,"source_of_water_supply","health_water-source","nitrate","total","ug/l",4,1,0,0,0,0,"none",7,"Loughberry Lake","NY4500168","SARATOGA SPRINGS CITY","Community water system","Surface water","Saratoga","SARATOGA SPRNGS (C)",26525,30,"Local government"
"1101LOU0035","1101-0068",TRUE,"fishing","aquatic_chronic","arsenic","dissolved","ug/l",1,1,0,0,0,0,"none",7,"Loughberry Lake","NY4500168","SARATOGA SPRINGS CITY","Community water system","Surface water","Saratoga","SARATOGA SPRNGS (C)",26525,30,"Local government"
"1101LOU0035","1101-0068",TRUE,"source_of_water_supply","health_water-source","sulfate","total","ug/l",1,1,0,0,0,0,"none",7,"Loughberry Lake","NY4500168","SARATOGA SPRINGS CITY","Community water system","Surface water","Saratoga","SARATOGA SPRNGS (C)",26525,30,"Local government"
"1101LOU0035","1101-0068",TRUE,"fishing","aquatic_chronic","ammonia","total","ug/l",1,1,0,0,0,1,"none",7,"Loughberry Lake","NY4500168","SARATOGA SPRINGS CITY","Community water system","Surface water","Saratoga","SARATOGA SPRNGS (C)",26525,30,"Local government"
"1101LOU0035","1101-0068",TRUE,"primary_contact_recreation","none","total_dissolved_solids","dissolved","mg/l",2,1,0,0,0,0,"none",7,"Loughberry Lake","NY4500168","SARATOGA SPRINGS CITY","Community water system","Surface water","Saratoga","SARATOGA SPRNGS (C)",26525,30,"Local government"
"1101LOU0035","1101-0068",TRUE,"secondary_contact_recreation","recreation","phosphorus","total","ug/l",1,1,1,1,0,0,"none",7,"Loughberry Lake","NY4500168","SARATOGA SPRINGS CITY","Community water system","Surface water","Saratoga","SARATOGA SPRNGS (C)",26525,30,"Local government"
"1101LOU0035","1101-0068",TRUE,"source_of_water_supply","health_water-source","arsenic","total","ug/l",1,1,0,0,0,0,"none",7,"Loughberry Lake","NY4500168","SARATOGA SPRINGS CITY","Community water system","Surface water","Saratoga","SARATOGA SPRNGS (C)",26525,30,"Local government"
"1101LOU0035","1101-0068",TRUE,"fishing","none","ph","total","ph_units",1,1,0,0,0,0,"none",7,"Loughberry Lake","NY4500168","SARATOGA SPRINGS CITY","Community water system","Surface water","Saratoga","SARATOGA SPRNGS (C)",26525,30,"Local government"
"1101LOU0035","1101-0068",TRUE,"fishing","aquatic_acute","arsenic","dissolved","ug/l",1,1,0,0,0,0,"none",7,"Loughberry Lake","NY4500168","SARATOGA SPRINGS CITY","Community water system","Surface water","Saratoga","SARATOGA SPRNGS (C)",26525,30,"Local government"
"1101LOU0035","1101-0068",TRUE,"source_of_water_supply","health_water-source","nitrite","total","ug/l",2,1,0,0,0,0,"none",7,"Loughberry Lake","NY4500168","SARATOGA SPRINGS CITY","Community water system","Surface water","Saratoga","SARATOGA SPRNGS (C)",26525,30,"Local government"
"1101LOU0035","1101-0068",TRUE,"source_of_water_supply","health_water-source","magnesium","total","ug/l",2,1,0,0,0,0,"none",7,"Loughberry Lake","NY4500168","SARATOGA SPRINGS CITY","Community water system","Surface water","Saratoga","SARATOGA SPRNGS (C)",26525,30,"Local government"
"1101LOU0035","1101-0068",TRUE,"source_of_water_supply","health_water-source","nickel","total","ug/l",2,1,0,0,0,0,"none",7,"Loughberry Lake","NY4500168","SARATOGA SPRINGS CITY","Community water system","Surface water","Saratoga","SARATOGA SPRNGS (C)",26525,30,"Local government"
"1101LOU0035","1101-0068",TRUE,"source_of_water_supply","health_water-source","chloride","total","ug/l",2,1,0,0,0,0,"none",7,"Loughberry Lake","NY4500168","SARATOGA SPRINGS CITY","Community water system","Surface water","Saratoga","SARATOGA SPRNGS (C)",26525,30,"Local government"
"1101LOU0035","1101-0068",TRUE,"source_of_water_supply","health_water-source","ammonia","total","ug/l",1,1,0,0,0,0,"none",7,"Loughberry Lake","NY4500168","SARATOGA SPRINGS CITY","Community water system","Surface water","Saratoga","SARATOGA SPRNGS (C)",26525,30,"Local government"
"1101LOU0035","1101-0068",TRUE,"secondary_contact_recreation","none","total_dissolved_solids","dissolved","mg/l",2,1,0,0,0,0,"none",7,"Loughberry Lake","NY4500168","SARATOGA SPRINGS CITY","Community water system","Surface water","Saratoga","SARATOGA SPRNGS (C)",26525,30,"Local government"
"1101LOU0035","1101-0068",TRUE,"source_of_water_supply","none","total_dissolved_solids","dissolved","mg/l",2,1,0,0,0,0,"none",7,"Loughberry Lake","NY4500168","SARATOGA SPRINGS CITY","Community water system","Surface water","Saratoga","SARATOGA SPRNGS (C)",26525,30,"Local government"
"1101LOU0035","1101-0068",TRUE,"fishing","aquatic_chronic","nickel","dissolved","ug/l",2,1,0,0,0,0,"none",7,"Loughberry Lake","NY4500168","SARATOGA SPRINGS CITY","Community water system","Surface water","Saratoga","SARATOGA SPRNGS (C)",26525,30,"Local government"
"1101MEC1083","1101-0059",TRUE,"fishing","aquatic_chronic","nitrite","total","ug/l",2,1,0,0,0,0,"none",17,"Mechanicville Reservoir","NY4500166","MECHANICVILLE CITY","Community water system","Surface water","Saratoga","MECHANICVILLE (C)",5200,24,"Local government"
"1101MEC1083","1101-0059",TRUE,"source_of_water_supply","health_water-source","nickel","total","ug/l",2,1,0,0,0,0,"none",17,"Mechanicville Reservoir","NY4500166","MECHANICVILLE CITY","Community water system","Surface water","Saratoga","MECHANICVILLE (C)",5200,24,"Local government"
"1101MEC1083","1101-0059",TRUE,"source_of_water_supply","aesthetic_water-supply","manganese","total","ug/l",1,1,0,0,0,0,"none",17,"Mechanicville Reservoir","NY4500166","MECHANICVILLE CITY","Community water system","Surface water","Saratoga","MECHANICVILLE (C)",5200,24,"Local government"
"1101MEC1083","1101-0059",TRUE,"fishing","aquatic_chronic","nickel","dissolved","ug/l",2,1,0,0,0,0,"none",17,"Mechanicville Reservoir","NY4500166","MECHANICVILLE CITY","Community water system","Surface water","Saratoga","MECHANICVILLE (C)",5200,24,"Local government"
"1101MEC1083","1101-0059",TRUE,"fishing","aquatic_chronic","copper","dissolved","ug/l",2,1,0,0,0,0,"none",17,"Mechanicville Reservoir","NY4500166","MECHANICVILLE CITY","Community water system","Surface water","Saratoga","MECHANICVILLE (C)",5200,24,"Local government"
"1101MEC1083","1101-0059",TRUE,"source_of_water_supply","none","total_dissolved_solids","dissolved","mg/l",2,1,0,0,0,0,"none",17,"Mechanicville Reservoir","NY4500166","MECHANICVILLE CITY","Community water system","Surface water","Saratoga","MECHANICVILLE (C)",5200,24,"Local government"
"1101MEC1083","1101-0059",TRUE,"fishing","aquatic_chronic","ammonia","total","ug/l",1,1,0,0,0,1,"none",17,"Mechanicville Reservoir","NY4500166","MECHANICVILLE CITY","Community water system","Surface water","Saratoga","MECHANICVILLE (C)",5200,24,"Local government"
"1101MEC1083","1101-0059",TRUE,"fishing","aquatic_acute","copper","dissolved","ug/l",2,1,0,0,0,0,"none",17,"Mechanicville Reservoir","NY4500166","MECHANICVILLE CITY","Community water system","Surface water","Saratoga","MECHANICVILLE (C)",5200,24,"Local government"
"1101MEC1083","1101-0059",TRUE,"source_of_water_supply","health_water-source","nitrite","total","ug/l",2,1,0,0,0,0,"none",17,"Mechanicville Reservoir","NY4500166","MECHANICVILLE CITY","Community water system","Surface water","Saratoga","MECHANICVILLE (C)",5200,24,"Local government"
"1101MEC1083","1101-0059",TRUE,"primary_contact_recreation","none","total_dissolved_solids","dissolved","mg/l",2,1,0,0,0,0,"none",17,"Mechanicville Reservoir","NY4500166","MECHANICVILLE CITY","Community water system","Surface water","Saratoga","MECHANICVILLE (C)",5200,24,"Local government"
"1101MEC1083","1101-0059",TRUE,"fishing","aquatic_chronic","zinc","dissolved","ug/l",1,1,0,0,0,0,"none",17,"Mechanicville Reservoir","NY4500166","MECHANICVILLE CITY","Community water system","Surface water","Saratoga","MECHANICVILLE (C)",5200,24,"Local government"
"1101MEC1083","1101-0059",TRUE,"source_of_water_supply","health_water-source","sulfate","total","ug/l",1,1,0,0,0,0,"none",17,"Mechanicville Reservoir","NY4500166","MECHANICVILLE CITY","Community water system","Surface water","Saratoga","MECHANICVILLE (C)",5200,24,"Local government"
"1101MEC1083","1101-0059",TRUE,"fishing","aquatic_chronic","arsenic","dissolved","ug/l",1,1,0,0,0,0,"none",17,"Mechanicville Reservoir","NY4500166","MECHANICVILLE CITY","Community water system","Surface water","Saratoga","MECHANICVILLE (C)",5200,24,"Local government"
"1101MEC1083","1101-0059",TRUE,"source_of_water_supply","health_water-source","chloride","total","ug/l",2,1,0,0,0,0,"none",17,"Mechanicville Reservoir","NY4500166","MECHANICVILLE CITY","Community water system","Surface water","Saratoga","MECHANICVILLE (C)",5200,24,"Local government"
"1101MEC1083","1101-0059",TRUE,"fishing","aquatic_acute","nickel","dissolved","ug/l",2,1,0,0,0,0,"none",17,"Mechanicville Reservoir","NY4500166","MECHANICVILLE CITY","Community water system","Surface water","Saratoga","MECHANICVILLE (C)",5200,24,"Local government"
"1101MEC1083","1101-0059",TRUE,"source_of_water_supply","aesthetic_water-supply","iron","total","ug/l",1,1,0,0,0,0,"none",17,"Mechanicville Reservoir","NY4500166","MECHANICVILLE CITY","Community water system","Surface water","Saratoga","MECHANICVILLE (C)",5200,24,"Local government"
"1101MEC1083","1101-0059",TRUE,"fishing","aquatic_acute","zinc","dissolved","ug/l",1,1,0,0,0,0,"none",17,"Mechanicville Reservoir","NY4500166","MECHANICVILLE CITY","Community water system","Surface water","Saratoga","MECHANICVILLE (C)",5200,24,"Local government"
"1101MEC1083","1101-0059",TRUE,"source_of_water_supply","health_water-source","arsenic","total","ug/l",1,1,0,0,0,0,"none",17,"Mechanicville Reservoir","NY4500166","MECHANICVILLE CITY","Community water system","Surface water","Saratoga","MECHANICVILLE (C)",5200,24,"Local government"
"1101MEC1083","1101-0059",TRUE,"source_of_water_supply","health_water-source","nitrate","total","ug/l",4,1,0,0,0,0,"none",17,"Mechanicville Reservoir","NY4500166","MECHANICVILLE CITY","Community water system","Surface water","Saratoga","MECHANICVILLE (C)",5200,24,"Local government"
"1101MEC1083","1101-0059",TRUE,"fishing","none","ph","total","ph_units",1,1,0,0,0,0,"none",17,"Mechanicville Reservoir","NY4500166","MECHANICVILLE CITY","Community water system","Surface water","Saratoga","MECHANICVILLE (C)",5200,24,"Local government"
"1101MEC1083","1101-0059",TRUE,"secondary_contact_recreation","recreation","phosphorus","total","ug/l",1,1,0,0,0,0,"none",17,"Mechanicville Reservoir","NY4500166","MECHANICVILLE CITY","Community water system","Surface water","Saratoga","MECHANICVILLE (C)",5200,24,"Local government"
"1101MEC1083","1101-0059",TRUE,"fishing","aquatic_acute","arsenic","dissolved","ug/l",1,1,0,0,0,0,"none",17,"Mechanicville Reservoir","NY4500166","MECHANICVILLE CITY","Community water system","Surface water","Saratoga","MECHANICVILLE (C)",5200,24,"Local government"
"1101MEC1083","1101-0059",TRUE,"secondary_contact_recreation","none","total_dissolved_solids","dissolved","mg/l",2,1,0,0,0,0,"none",17,"Mechanicville Reservoir","NY4500166","MECHANICVILLE CITY","Community water system","Surface water","Saratoga","MECHANICVILLE (C)",5200,24,"Local government"
"1101MEC1083","1101-0059",TRUE,"fishing","none","dissolved_oxygen","dissolved","mg/l",1,1,2,1,0,0,"n_exceedances may not be intiutive for this parameter because there are multiple components to the WQS. n_exceedances may be greater than n_samples_collected if a single sample was marked as an exceedance for multiple components of the WQS.",17,"Mechanicville Reservoir","NY4500166","MECHANICVILLE CITY","Community water system","Surface water","Saratoga","MECHANICVILLE (C)",5200,24,"Local government"
"1101MEC1083","1101-0059",TRUE,"primary_contact_recreation","recreation","phosphorus","total","ug/l",1,1,0,0,0,0,"none",17,"Mechanicville Reservoir","NY4500166","MECHANICVILLE CITY","Community water system","Surface water","Saratoga","MECHANICVILLE (C)",5200,24,"Local government"
"1101MEC1083","1101-0059",TRUE,"fishing","none","total_dissolved_solids","dissolved","mg/l",2,1,0,0,0,0,"none",17,"Mechanicville Reservoir","NY4500166","MECHANICVILLE CITY","Community water system","Surface water","Saratoga","MECHANICVILLE (C)",5200,24,"Local government"
"1101MEC1083","1101-0059",TRUE,"source_of_water_supply","health_water-source","ammonia","total","ug/l",1,1,0,0,0,0,"none",17,"Mechanicville Reservoir","NY4500166","MECHANICVILLE CITY","Community water system","Surface water","Saratoga","MECHANICVILLE (C)",5200,24,"Local government"
"1101MEC1083","1101-0059",TRUE,"source_of_water_supply","health_water-source","copper","total","ug/l",2,1,0,0,0,0,"none",17,"Mechanicville Reservoir","NY4500166","MECHANICVILLE CITY","Community water system","Surface water","Saratoga","MECHANICVILLE (C)",5200,24,"Local government"
"1101MEC1083","1101-0059",TRUE,"source_of_water_supply","health_water-source","magnesium","total","ug/l",2,1,0,0,0,0,"none",17,"Mechanicville Reservoir","NY4500166","MECHANICVILLE CITY","Community water system","Surface water","Saratoga","MECHANICVILLE (C)",5200,24,"Local government"
"1101NEW0099C",NA,NA,NA,NA,NA,NA,NA,NA,NA,NA,NA,NA,NA,NA,NA,NA,NA,NA,NA,NA,NA,NA,NA,NA,NA
"1101SAR0027","1101-0012",FALSE,"source_of_water_supply","health_water-source","arsenic","total","ug/l",4,3,0,0,0,0,"none",NA,NA,NA,NA,NA,NA,NA,NA,NA,NA,NA
"1101SAR0027","1101-0012",FALSE,"primary_contact_recreation","recreation","phosphorus","total","ug/l",87,12,4,4,0,0,"none",NA,NA,NA,NA,NA,NA,NA,NA,NA,NA,NA
"1101SAR0027","1101-0012",FALSE,"secondary_contact_recreation","recreation","phosphorus","total","ug/l",87,12,4,4,0,0,"none",NA,NA,NA,NA,NA,NA,NA,NA,NA,NA,NA
"1101SAR0027","1101-0012",FALSE,"fishing","aquatic_chronic","ammonia","total","ug/l",65,7,0,0,0,65,"none",NA,NA,NA,NA,NA,NA,NA,NA,NA,NA,NA
"1101SAR0027","1101-0012",FALSE,"source_of_water_supply","aesthetic_water-supply","manganese","total","ug/l",2,2,0,0,0,0,"none",NA,NA,NA,NA,NA,NA,NA,NA,NA,NA,NA
"1101SAR0027","1101-0012",TRUE,"secondary_contact_recreation","recreation","phosphorus","total","ug/l",64,8,2,2,0,0,"none",NA,NA,NA,NA,NA,NA,NA,NA,NA,NA,NA
"1101SAR0027","1101-0012",TRUE,"fishing","aquatic_chronic","ammonia","total","ug/l",121,9,0,0,0,121,"none",NA,NA,NA,NA,NA,NA,NA,NA,NA,NA,NA
"1101SAR0027","1101-0012",FALSE,"fishing","aquatic_chronic","nitrite","total","ug/l",17,2,0,0,0,0,"none",NA,NA,NA,NA,NA,NA,NA,NA,NA,NA,NA
"1101SAR0027","1101-0012",FALSE,"source_of_water_supply","health_water-source","ammonia","total","ug/l",65,7,0,0,0,0,"none",NA,NA,NA,NA,NA,NA,NA,NA,NA,NA,NA
"1101SAR0027","1101-0012",TRUE,"primary_contact_recreation","recreation","phosphorus","total","ug/l",64,8,2,2,0,0,"none",NA,NA,NA,NA,NA,NA,NA,NA,NA,NA,NA
"1101SAR0027","1101-0012",FALSE,"source_of_water_supply","health_water-source","nitrate_nitrite","total","ug/l",92,12,0,0,0,0,"none",NA,NA,NA,NA,NA,NA,NA,NA,NA,NA,NA
"1101SAR0027","1101-0012",FALSE,"source_of_water_supply","aesthetic_water-supply","iron","total","ug/l",2,2,1,1,0,0,"none",NA,NA,NA,NA,NA,NA,NA,NA,NA,NA,NA
"1101SAR0027","1101-0012",TRUE,"source_of_water_supply","health_water-source","chloride","total","ug/l",28,8,0,0,0,0,"none",NA,NA,NA,NA,NA,NA,NA,NA,NA,NA,NA
"1101SAR0027","1101-0012",TRUE,"source_of_water_supply","health_water-source","nitrate_nitrite","total","ug/l",51,8,0,0,0,0,"none",NA,NA,NA,NA,NA,NA,NA,NA,NA,NA,NA
"1101SAR0027","1101-0012",TRUE,"fishing","none","dissolved_oxygen","dissolved","mg/l",1,1,2,1,0,0,"n_exceedances may not be intiutive for this parameter because there are multiple components to the WQS. n_exceedances may be greater than n_samples_collected if a single sample was marked as an exceedance for multiple components of the WQS.",NA,NA,NA,NA,NA,NA,NA,NA,NA,NA,NA
"1101SAR0027","1101-0012",TRUE,"fishing","none","ph","total","ph_units",1,1,0,0,0,0,"none",NA,NA,NA,NA,NA,NA,NA,NA,NA,NA,NA
"1101SAR0027","1101-0012",TRUE,"source_of_water_supply","health_water-source","ammonia","total","ug/l",121,9,0,0,0,0,"none",NA,NA,NA,NA,NA,NA,NA,NA,NA,NA,NA
"1101SAR0027","1101-0012",FALSE,"source_of_water_supply","health_water-source","nitrite","total","ug/l",17,2,0,0,0,0,"none",NA,NA,NA,NA,NA,NA,NA,NA,NA,NA,NA
"1101UWB1081",NA,NA,NA,NA,NA,NA,NA,NA,NA,NA,NA,NA,NA,NA,NA,NA,NA,NA,NA,NA,NA,NA,NA,NA,NA
"1102TOM1095","1102-0006",FALSE,"fishing","aquatic_chronic","ammonia","total","ug/l",7,2,0,0,0,6,"none",NA,NA,NA,NA,NA,NA,NA,NA,NA,NA,NA
"1102TOM1095","1102-0006",FALSE,"source_of_water_supply","health_water-source","sulfate","total","ug/l",9,2,0,0,0,0,"none",NA,NA,NA,NA,NA,NA,NA,NA,NA,NA,NA
"1102TOM1095","1102-0006",FALSE,"source_of_water_supply","health_water-source","nitrate_nitrite","total","ug/l",9,2,0,0,0,0,"none",NA,NA,NA,NA,NA,NA,NA,NA,NA,NA,NA
"1102TOM1095","1102-0006",FALSE,"fishing","none","ph","total","ph_units",4,1,0,0,0,0,"none",NA,NA,NA,NA,NA,NA,NA,NA,NA,NA,NA
"1102TOM1095","1102-0006",FALSE,"source_of_water_supply","aesthetic_water-supply","iron","total","ug/l",9,2,3,2,0,0,"none",NA,NA,NA,NA,NA,NA,NA,NA,NA,NA,NA
"1102TOM1095","1102-0006",FALSE,"source_of_water_supply","health_water-source","ammonia","total","ug/l",7,2,0,0,0,0,"none",NA,NA,NA,NA,NA,NA,NA,NA,NA,NA,NA
"1102TOM1095","1102-0006",FALSE,"fishing","none","dissolved_oxygen","dissolved","mg/l",4,1,8,1,0,0,"n_exceedances may not be intiutive for this parameter because there are multiple components to the WQS. n_exceedances may be greater than n_samples_collected if a single sample was marked as an exceedance for multiple components of the WQS.",NA,NA,NA,NA,NA,NA,NA,NA,NA,NA,NA
"1102TOM1095","1102-0006",FALSE,"source_of_water_supply","aesthetic_water-supply","manganese","total","ug/l",9,2,5,2,0,0,"none",NA,NA,NA,NA,NA,NA,NA,NA,NA,NA,NA
"1102TOM1095","1102-0006",FALSE,"source_of_water_supply","health_water-source","chloride","total","ug/l",9,2,0,0,0,0,"none",NA,NA,NA,NA,NA,NA,NA,NA,NA,NA,NA
"1102TOM1095","1102-0006",FALSE,"source_of_water_supply","health_water-source","magnesium","total","ug/l",9,2,0,0,0,0,"none",NA,NA,NA,NA,NA,NA,NA,NA,NA,NA,NA
"1102TOM1095","1102-0006",FALSE,"primary_contact_recreation","recreation","phosphorus","total","ug/l",1,1,0,0,0,0,"none",NA,NA,NA,NA,NA,NA,NA,NA,NA,NA,NA
"1102TOM1095","1102-0006",FALSE,"secondary_contact_recreation","recreation","phosphorus","total","ug/l",1,1,0,0,0,0,"none",NA,NA,NA,NA,NA,NA,NA,NA,NA,NA,NA
"1104CAM0152","1104-0125",FALSE,"source_of_water_supply","health_water-source","magnesium","total","ug/l",1,1,0,0,0,0,"none",NA,NA,NA,NA,NA,NA,NA,NA,NA,NA,NA
"1104CAM0152","1104-0125",FALSE,"source_of_water_supply","health_water-source","ammonia","total","ug/l",1,1,0,0,0,0,"none",NA,NA,NA,NA,NA,NA,NA,NA,NA,NA,NA
"1104CAM0152","1104-0125",FALSE,"source_of_water_supply","health_water-source","chloride","total","ug/l",1,1,0,0,0,0,"none",NA,NA,NA,NA,NA,NA,NA,NA,NA,NA,NA
"1104CAM0152","1104-0125",FALSE,"source_of_water_supply","health_water-source","sulfate","total","ug/l",1,1,0,0,0,0,"none",NA,NA,NA,NA,NA,NA,NA,NA,NA,NA,NA
"1104CAM0152","1104-0125",FALSE,"secondary_contact_recreation","recreation","phosphorus","total","ug/l",1,1,0,0,0,0,"none",NA,NA,NA,NA,NA,NA,NA,NA,NA,NA,NA
"1104CAM0152","1104-0125",FALSE,"source_of_water_supply","health_water-source","nitrate_nitrite","total","ug/l",1,1,0,0,0,0,"none",NA,NA,NA,NA,NA,NA,NA,NA,NA,NA,NA
"1104CAM0152","1104-0125",FALSE,"primary_contact_recreation","recreation","phosphorus","total","ug/l",1,1,0,0,0,0,"none",NA,NA,NA,NA,NA,NA,NA,NA,NA,NA,NA
"1104CAM0152","1104-0125",FALSE,"source_of_water_supply","aesthetic_water-supply","manganese","total","ug/l",1,1,0,0,0,0,"none",NA,NA,NA,NA,NA,NA,NA,NA,NA,NA,NA
"1104CAM0152","1104-0125",FALSE,"fishing","aquatic_chronic","ammonia","total","ug/l",1,1,0,0,0,1,"none",NA,NA,NA,NA,NA,NA,NA,NA,NA,NA,NA
"1104CAM0152","1104-0125",FALSE,"source_of_water_supply","aesthetic_water-supply","iron","total","ug/l",1,1,1,1,0,0,"none",NA,NA,NA,NA,NA,NA,NA,NA,NA,NA,NA
"1104FOR0340","1104-0193",FALSE,"source_of_water_supply","health_water-source","nitrate_nitrite","total","ug/l",64,11,0,0,0,0,"none",NA,NA,NA,NA,NA,NA,NA,NA,NA,NA,NA
"1104FOR0340","1104-0193",FALSE,"primary_contact_recreation","recreation","phosphorus","total","ug/l",59,11,1,1,0,0,"none",NA,NA,NA,NA,NA,NA,NA,NA,NA,NA,NA
"1104FOR0340","1104-0193",FALSE,"fishing","aquatic_chronic","ammonia","total","ug/l",56,10,0,0,0,56,"none",NA,NA,NA,NA,NA,NA,NA,NA,NA,NA,NA
"1104FOR0340","1104-0193",FALSE,"source_of_water_supply","health_water-source","ammonia","total","ug/l",56,10,0,0,0,0,"none",NA,NA,NA,NA,NA,NA,NA,NA,NA,NA,NA
"1104FOR0340","1104-0193",TRUE,"source_of_water_supply","health_water-source","ammonia","total","ug/l",56,10,0,0,0,0,"none",NA,NA,NA,NA,NA,NA,NA,NA,NA,NA,NA
"1104FOR0340","1104-0193",FALSE,"fishing","aquatic_chronic","nitrite","total","ug/l",13,2,0,0,0,0,"none",NA,NA,NA,NA,NA,NA,NA,NA,NA,NA,NA
"1104FOR0340","1104-0193",FALSE,"source_of_water_supply","health_water-source","nitrite","total","ug/l",13,2,0,0,0,0,"none",NA,NA,NA,NA,NA,NA,NA,NA,NA,NA,NA
"1104FOR0340","1104-0193",TRUE,"source_of_water_supply","health_water-source","chloride","total","ug/l",16,8,0,0,0,0,"none",NA,NA,NA,NA,NA,NA,NA,NA,NA,NA,NA
"1104FOR0340","1104-0193",FALSE,"secondary_contact_recreation","recreation","phosphorus","total","ug/l",59,11,1,1,0,0,"none",NA,NA,NA,NA,NA,NA,NA,NA,NA,NA,NA
"1104FOR0340","1104-0193",TRUE,"source_of_water_supply","health_water-source","nitrate_nitrite","total","ug/l",45,9,0,0,0,0,"none",NA,NA,NA,NA,NA,NA,NA,NA,NA,NA,NA
"1104FOR0340","1104-0193",TRUE,"primary_contact_recreation","recreation","phosphorus","total","ug/l",49,9,0,0,0,0,"none",NA,NA,NA,NA,NA,NA,NA,NA,NA,NA,NA
"1104FOR0340","1104-0193",TRUE,"secondary_contact_recreation","recreation","phosphorus","total","ug/l",49,9,0,0,0,0,"none",NA,NA,NA,NA,NA,NA,NA,NA,NA,NA,NA
"1104FOR0340","1104-0193",TRUE,"fishing","aquatic_chronic","ammonia","total","ug/l",56,10,0,0,0,56,"none",NA,NA,NA,NA,NA,NA,NA,NA,NA,NA,NA
"1104GLO0150A",NA,NA,NA,NA,NA,NA,NA,NA,NA,NA,NA,NA,NA,NA,NA,NA,NA,NA,NA,NA,NA,NA,NA,NA,NA
"1104GOO0442","1104-0236",TRUE,"fishing","aquatic_acute","nickel","dissolved","ug/l",2,1,0,0,0,0,"none",91,"Gooseneck Pond","","","","","","",NA,NA,""
"1104GOO0442","1104-0236",TRUE,"source_of_water_supply","health_water-source","nickel","total","ug/l",2,1,0,0,0,0,"none",91,"Gooseneck Pond","","","","","","",NA,NA,""
"1104GOO0442","1104-0236",TRUE,"source_of_water_supply","health_water-source","chloride","total","ug/l",2,1,0,0,0,0,"none",91,"Gooseneck Pond","","","","","","",NA,NA,""
"1104GOO0442","1104-0236",TRUE,"fishing","aquatic_chronic","ammonia","total","ug/l",2,1,0,0,0,2,"none",91,"Gooseneck Pond","","","","","","",NA,NA,""
"1104GOO0442","1104-0236",TRUE,"primary_contact_recreation","none","total_dissolved_solids","dissolved","mg/l",2,1,0,0,0,0,"none",91,"Gooseneck Pond","","","","","","",NA,NA,""
"1104GOO0442","1104-0236",TRUE,"source_of_water_supply","none","total_dissolved_solids","dissolved","mg/l",2,1,0,0,0,0,"none",91,"Gooseneck Pond","","","","","","",NA,NA,""
"1104GOO0442","1104-0236",TRUE,"fishing","aquatic_chronic","aluminum","dissolved","ug/l",2,1,0,0,0,0,"none",91,"Gooseneck Pond","","","","","","",NA,NA,""
"1104GOO0442","1104-0236",TRUE,"source_of_water_supply","health_water-source","magnesium","total","ug/l",2,1,0,0,0,0,"none",91,"Gooseneck Pond","","","","","","",NA,NA,""
"1104GOO0442","1104-0236",TRUE,"source_of_water_supply","aesthetic_water-supply","manganese","total","ug/l",2,1,0,0,0,0,"none",91,"Gooseneck Pond","","","","","","",NA,NA,""
"1104GOO0442","1104-0236",TRUE,"fishing","aquatic_chronic","nitrite","total","ug/l",2,1,0,0,0,0,"none",91,"Gooseneck Pond","","","","","","",NA,NA,""
"1104GOO0442","1104-0236",TRUE,"fishing","aquatic_chronic","nickel","dissolved","ug/l",2,1,0,0,0,0,"none",91,"Gooseneck Pond","","","","","","",NA,NA,""
"1104GOO0442","1104-0236",TRUE,"fishing","aquatic_acute","zinc","dissolved","ug/l",2,1,0,0,0,0,"none",91,"Gooseneck Pond","","","","","","",NA,NA,""
"1104GOO0442","1104-0236",TRUE,"secondary_contact_recreation","recreation","phosphorus","total","ug/l",1,1,0,0,0,0,"none",91,"Gooseneck Pond","","","","","","",NA,NA,""
"1104GOO0442","1104-0236",TRUE,"source_of_water_supply","health_water-source","ammonia","total","ug/l",2,1,0,0,0,0,"none",91,"Gooseneck Pond","","","","","","",NA,NA,""
"1104GOO0442","1104-0236",TRUE,"fishing","aquatic_acute","arsenic","dissolved","ug/l",1,1,0,0,0,0,"none",91,"Gooseneck Pond","","","","","","",NA,NA,""
"1104GOO0442","1104-0236",TRUE,"secondary_contact_recreation","none","total_dissolved_solids","dissolved","mg/l",2,1,0,0,0,0,"none",91,"Gooseneck Pond","","","","","","",NA,NA,""
"1104GOO0442","1104-0236",TRUE,"source_of_water_supply","health_water-source","nitrite","total","ug/l",2,1,0,0,0,0,"none",91,"Gooseneck Pond","","","","","","",NA,NA,""
"1104GOO0442","1104-0236",TRUE,"source_of_water_supply","health_water-source","nitrate","total","ug/l",4,1,0,0,0,0,"none",91,"Gooseneck Pond","","","","","","",NA,NA,""
"1104GOO0442","1104-0236",TRUE,"source_of_water_supply","health_water-source","sulfate","total","ug/l",2,1,0,0,0,0,"none",91,"Gooseneck Pond","","","","","","",NA,NA,""
"1104GOO0442","1104-0236",TRUE,"fishing","aquatic_chronic","zinc","dissolved","ug/l",2,1,0,0,0,0,"none",91,"Gooseneck Pond","","","","","","",NA,NA,""
"1104GOO0442","1104-0236",TRUE,"source_of_water_supply","health_water-source","copper","total","ug/l",2,1,0,0,0,0,"none",91,"Gooseneck Pond","","","","","","",NA,NA,""
"1104GOO0442","1104-0236",TRUE,"fishing","aquatic_chronic","copper","dissolved","ug/l",2,1,0,0,0,0,"none",91,"Gooseneck Pond","","","","","","",NA,NA,""
"1104GOO0442","1104-0236",TRUE,"fishing","aquatic_acute","copper","dissolved","ug/l",2,1,0,0,0,0,"none",91,"Gooseneck Pond","","","","","","",NA,NA,""
"1104GOO0442","1104-0236",TRUE,"primary_contact_recreation","recreation","phosphorus","total","ug/l",1,1,0,0,0,0,"none",91,"Gooseneck Pond","","","","","","",NA,NA,""
"1104GOO0442","1104-0236",TRUE,"source_of_water_supply","health_water-source","arsenic","total","ug/l",1,1,0,0,0,0,"none",91,"Gooseneck Pond","","","","","","",NA,NA,""
"1104GOO0442","1104-0236",TRUE,"source_of_water_supply","aesthetic_water-supply","iron","total","ug/l",2,1,0,0,0,0,"none",91,"Gooseneck Pond","","","","","","",NA,NA,""
"1104GOO0442","1104-0236",TRUE,"fishing","none","dissolved_oxygen","dissolved","mg/l",1,1,0,0,0,0,"n_exceedances may not be intiutive for this parameter because there are multiple components to the WQS. n_exceedances may be greater than n_samples_collected if a single sample was marked as an exceedance for multiple components of the WQS.",91,"Gooseneck Pond","","","","","","",NA,NA,""
"1104GOO0442","1104-0236",TRUE,"fishing","none","ph","total","ph_units",1,1,0,0,0,0,"none",91,"Gooseneck Pond","","","","","","",NA,NA,""
"1104GOO0442","1104-0236",TRUE,"fishing","none","total_dissolved_solids","dissolved","mg/l",2,1,0,0,0,0,"none",91,"Gooseneck Pond","","","","","","",NA,NA,""
"1104GOO0442","1104-0236",TRUE,"fishing","aquatic_chronic","arsenic","dissolved","ug/l",1,1,0,0,0,0,"none",91,"Gooseneck Pond","","","","","","",NA,NA,""
"1104IRE0136A","1104-0114",FALSE,"fishing","aquatic_chronic","ammonia","total","ug/l",1,1,0,0,0,1,"none",NA,NA,NA,NA,NA,NA,NA,NA,NA,NA,NA
"1104IRE0136A","1104-0114",FALSE,"source_of_water_supply","health_water-source","chloride","total","ug/l",1,1,0,0,0,0,"none",NA,NA,NA,NA,NA,NA,NA,NA,NA,NA,NA
"1104IRE0136A","1104-0114",FALSE,"source_of_water_supply","health_water-source","nitrate_nitrite","total","ug/l",1,1,0,0,0,0,"none",NA,NA,NA,NA,NA,NA,NA,NA,NA,NA,NA
"1104IRE0136A","1104-0114",FALSE,"source_of_water_supply","health_water-source","sulfate","total","ug/l",1,1,0,0,0,0,"none",NA,NA,NA,NA,NA,NA,NA,NA,NA,NA,NA
"1104IRE0136A","1104-0114",FALSE,"secondary_contact_recreation","recreation","phosphorus","total","ug/l",1,1,0,0,0,0,"none",NA,NA,NA,NA,NA,NA,NA,NA,NA,NA,NA
"1104IRE0136A","1104-0114",FALSE,"source_of_water_supply","health_water-source","magnesium","total","ug/l",1,1,0,0,0,0,"none",NA,NA,NA,NA,NA,NA,NA,NA,NA,NA,NA
"1104IRE0136A","1104-0114",FALSE,"source_of_water_supply","health_water-source","ammonia","total","ug/l",1,1,0,0,0,0,"none",NA,NA,NA,NA,NA,NA,NA,NA,NA,NA,NA
"1104IRE0136A","1104-0114",FALSE,"source_of_water_supply","aesthetic_water-supply","iron","total","ug/l",1,1,1,1,0,0,"none",NA,NA,NA,NA,NA,NA,NA,NA,NA,NA,NA
"1104IRE0136A","1104-0114",FALSE,"source_of_water_supply","aesthetic_water-supply","manganese","total","ug/l",1,1,0,0,0,0,"none",NA,NA,NA,NA,NA,NA,NA,NA,NA,NA,NA
"1104IRE0136A","1104-0114",FALSE,"primary_contact_recreation","recreation","phosphorus","total","ug/l",1,1,0,0,0,0,"none",NA,NA,NA,NA,NA,NA,NA,NA,NA,NA,NA
"1104JAC0151","1104-0125",FALSE,"source_of_water_supply","health_water-source","magnesium","total","ug/l",1,1,0,0,0,0,"none",NA,NA,NA,NA,NA,NA,NA,NA,NA,NA,NA
"1104JAC0151","1104-0125",FALSE,"source_of_water_supply","health_water-source","ammonia","total","ug/l",1,1,0,0,0,0,"none",NA,NA,NA,NA,NA,NA,NA,NA,NA,NA,NA
"1104JAC0151","1104-0125",FALSE,"source_of_water_supply","health_water-source","chloride","total","ug/l",1,1,0,0,0,0,"none",NA,NA,NA,NA,NA,NA,NA,NA,NA,NA,NA
"1104JAC0151","1104-0125",FALSE,"source_of_water_supply","health_water-source","sulfate","total","ug/l",1,1,0,0,0,0,"none",NA,NA,NA,NA,NA,NA,NA,NA,NA,NA,NA
"1104JAC0151","1104-0125",FALSE,"secondary_contact_recreation","recreation","phosphorus","total","ug/l",1,1,0,0,0,0,"none",NA,NA,NA,NA,NA,NA,NA,NA,NA,NA,NA
"1104JAC0151","1104-0125",FALSE,"source_of_water_supply","health_water-source","nitrate_nitrite","total","ug/l",1,1,0,0,0,0,"none",NA,NA,NA,NA,NA,NA,NA,NA,NA,NA,NA
"1104JAC0151","1104-0125",FALSE,"primary_contact_recreation","recreation","phosphorus","total","ug/l",1,1,0,0,0,0,"none",NA,NA,NA,NA,NA,NA,NA,NA,NA,NA,NA
"1104JAC0151","1104-0125",FALSE,"source_of_water_supply","aesthetic_water-supply","manganese","total","ug/l",1,1,0,0,0,0,"none",NA,NA,NA,NA,NA,NA,NA,NA,NA,NA,NA
"1104JAC0151","1104-0125",FALSE,"fishing","aquatic_chronic","ammonia","total","ug/l",1,1,0,0,0,1,"none",NA,NA,NA,NA,NA,NA,NA,NA,NA,NA,NA
"1104JAC0151","1104-0125",FALSE,"source_of_water_supply","aesthetic_water-supply","iron","total","ug/l",1,1,1,1,0,0,"none",NA,NA,NA,NA,NA,NA,NA,NA,NA,NA,NA
"1104POR0152E","1104-0127",TRUE,"fishing","aquatic_chronic","nitrite","total","ug/l",2,1,0,0,0,0,"none",NA,NA,NA,NA,NA,NA,NA,NA,NA,NA,NA
"1104POR0152E","1104-0127",TRUE,"fishing","none","ph","total","ph_units",1,1,0,0,0,0,"none",NA,NA,NA,NA,NA,NA,NA,NA,NA,NA,NA
"1104POR0152E","1104-0127",TRUE,"fishing","none","dissolved_oxygen","dissolved","mg/l",1,1,0,0,0,0,"n_exceedances may not be intiutive for this parameter because there are multiple components to the WQS. n_exceedances may be greater than n_samples_collected if a single sample was marked as an exceedance for multiple components of the WQS.",NA,NA,NA,NA,NA,NA,NA,NA,NA,NA,NA
"1104POR0152E","1104-0127",TRUE,"source_of_water_supply","health_water-source","nitrite","total","ug/l",2,1,0,0,0,0,"none",NA,NA,NA,NA,NA,NA,NA,NA,NA,NA,NA
"1104POR0152E","1104-0127",TRUE,"secondary_contact_recreation","recreation","phosphorus","total","ug/l",1,1,0,0,0,0,"none",NA,NA,NA,NA,NA,NA,NA,NA,NA,NA,NA
"1104POR0152E","1104-0127",TRUE,"source_of_water_supply","health_water-source","sulfate","total","ug/l",2,1,0,0,0,0,"none",NA,NA,NA,NA,NA,NA,NA,NA,NA,NA,NA
"1104POR0152E","1104-0127",TRUE,"source_of_water_supply","health_water-source","nitrate","total","ug/l",1,1,0,0,0,0,"none",NA,NA,NA,NA,NA,NA,NA,NA,NA,NA,NA
"1104POR0152E","1104-0127",TRUE,"fishing","aquatic_chronic","ammonia","total","ug/l",2,1,0,0,0,2,"none",NA,NA,NA,NA,NA,NA,NA,NA,NA,NA,NA
"1104POR0152E","1104-0127",TRUE,"primary_contact_recreation","recreation","phosphorus","total","ug/l",1,1,0,0,0,0,"none",NA,NA,NA,NA,NA,NA,NA,NA,NA,NA,NA
"1104POR0152E","1104-0127",TRUE,"source_of_water_supply","health_water-source","magnesium","total","ug/l",2,1,0,0,0,0,"none",NA,NA,NA,NA,NA,NA,NA,NA,NA,NA,NA
"1104POR0152E","1104-0127",TRUE,"source_of_water_supply","aesthetic_water-supply","iron","total","ug/l",2,1,2,1,0,0,"none",NA,NA,NA,NA,NA,NA,NA,NA,NA,NA,NA
"1104POR0152E","1104-0127",TRUE,"source_of_water_supply","health_water-source","nitrate_nitrite","total","ug/l",1,1,0,0,0,0,"none",NA,NA,NA,NA,NA,NA,NA,NA,NA,NA,NA
"1104POR0152E","1104-0127",TRUE,"source_of_water_supply","health_water-source","arsenic","total","ug/l",2,1,0,0,0,0,"none",NA,NA,NA,NA,NA,NA,NA,NA,NA,NA,NA
"1104POR0152E","1104-0127",TRUE,"source_of_water_supply","health_water-source","ammonia","total","ug/l",2,1,0,0,0,0,"none",NA,NA,NA,NA,NA,NA,NA,NA,NA,NA,NA
"1104POR0152E","1104-0127",TRUE,"source_of_water_supply","health_water-source","chloride","total","ug/l",2,1,0,0,0,0,"none",NA,NA,NA,NA,NA,NA,NA,NA,NA,NA,NA
"1104POR0152E","1104-0127",TRUE,"source_of_water_supply","aesthetic_water-supply","manganese","total","ug/l",2,1,1,1,0,0,"none",NA,NA,NA,NA,NA,NA,NA,NA,NA,NA,NA
"1104RIC0152D","1104-0127",TRUE,"secondary_contact_recreation","recreation","phosphorus","total","ug/l",1,1,0,0,0,0,"none",NA,NA,NA,NA,NA,NA,NA,NA,NA,NA,NA
"1104RIC0152D","1104-0127",TRUE,"source_of_water_supply","health_water-source","sulfate","total","ug/l",2,1,0,0,0,0,"none",NA,NA,NA,NA,NA,NA,NA,NA,NA,NA,NA
"1104RIC0152D","1104-0127",TRUE,"fishing","aquatic_chronic","nitrite","total","ug/l",2,1,0,0,0,0,"none",NA,NA,NA,NA,NA,NA,NA,NA,NA,NA,NA
"1104RIC0152D","1104-0127",TRUE,"fishing","none","ph","total","ph_units",1,1,0,0,0,0,"none",NA,NA,NA,NA,NA,NA,NA,NA,NA,NA,NA
"1104RIC0152D","1104-0127",TRUE,"fishing","none","dissolved_oxygen","dissolved","mg/l",1,1,0,0,0,0,"n_exceedances may not be intiutive for this parameter because there are multiple components to the WQS. n_exceedances may be greater than n_samples_collected if a single sample was marked as an exceedance for multiple components of the WQS.",NA,NA,NA,NA,NA,NA,NA,NA,NA,NA,NA
"1104RIC0152D","1104-0127",TRUE,"source_of_water_supply","health_water-source","nitrite","total","ug/l",2,1,0,0,0,0,"none",NA,NA,NA,NA,NA,NA,NA,NA,NA,NA,NA
"1104RIC0152D","1104-0127",TRUE,"source_of_water_supply","health_water-source","nitrate","total","ug/l",1,1,0,0,0,0,"none",NA,NA,NA,NA,NA,NA,NA,NA,NA,NA,NA
"1104RIC0152D","1104-0127",TRUE,"fishing","aquatic_chronic","ammonia","total","ug/l",2,1,0,0,0,2,"none",NA,NA,NA,NA,NA,NA,NA,NA,NA,NA,NA
"1104RIC0152D","1104-0127",TRUE,"primary_contact_recreation","recreation","phosphorus","total","ug/l",1,1,0,0,0,0,"none",NA,NA,NA,NA,NA,NA,NA,NA,NA,NA,NA
"1104RIC0152D","1104-0127",TRUE,"source_of_water_supply","health_water-source","magnesium","total","ug/l",2,1,0,0,0,0,"none",NA,NA,NA,NA,NA,NA,NA,NA,NA,NA,NA
"1104RIC0152D","1104-0127",TRUE,"source_of_water_supply","aesthetic_water-supply","iron","total","ug/l",2,1,2,1,0,0,"none",NA,NA,NA,NA,NA,NA,NA,NA,NA,NA,NA
"1104RIC0152D","1104-0127",TRUE,"source_of_water_supply","health_water-source","nitrate_nitrite","total","ug/l",1,1,0,0,0,0,"none",NA,NA,NA,NA,NA,NA,NA,NA,NA,NA,NA
"1104RIC0152D","1104-0127",TRUE,"source_of_water_supply","health_water-source","arsenic","total","ug/l",2,1,0,0,0,0,"none",NA,NA,NA,NA,NA,NA,NA,NA,NA,NA,NA
"1104RIC0152D","1104-0127",TRUE,"source_of_water_supply","health_water-source","ammonia","total","ug/l",2,1,0,0,0,0,"none",NA,NA,NA,NA,NA,NA,NA,NA,NA,NA,NA
"1104RIC0152D","1104-0127",TRUE,"source_of_water_supply","health_water-source","chloride","total","ug/l",2,1,0,0,0,0,"none",NA,NA,NA,NA,NA,NA,NA,NA,NA,NA,NA
"1104RIC0152D","1104-0127",TRUE,"source_of_water_supply","aesthetic_water-supply","manganese","total","ug/l",2,1,1,1,0,0,"none",NA,NA,NA,NA,NA,NA,NA,NA,NA,NA,NA
"1104ROU0137","1104-0115",TRUE,"fishing","aquatic_chronic","copper","dissolved","ug/l",2,1,0,0,0,0,"none",80,"Round Lake","","","","","","",NA,NA,""
"1104ROU0137","1104-0115",TRUE,"source_of_water_supply","health_water-source","ammonia","total","ug/l",1,1,0,0,0,0,"none",80,"Round Lake","","","","","","",NA,NA,""
"1104ROU0137","1104-0115",TRUE,"fishing","aquatic_acute","arsenic","dissolved","ug/l",1,1,0,0,0,0,"none",80,"Round Lake","","","","","","",NA,NA,""
"1104ROU0137","1104-0115",TRUE,"fishing","aquatic_chronic","ammonia","total","ug/l",1,1,0,0,0,1,"none",80,"Round Lake","","","","","","",NA,NA,""
"1104ROU0137","1104-0115",TRUE,"fishing","none","total_dissolved_solids","dissolved","mg/l",2,1,0,0,0,0,"none",80,"Round Lake","","","","","","",NA,NA,""
"1104ROU0137","1104-0115",TRUE,"source_of_water_supply","health_water-source","magnesium","total","ug/l",2,1,0,0,0,0,"none",80,"Round Lake","","","","","","",NA,NA,""
"1104ROU0137","1104-0115",TRUE,"fishing","aquatic_chronic","nitrite","total","ug/l",2,1,0,0,0,0,"none",80,"Round Lake","","","","","","",NA,NA,""
"1104ROU0137","1104-0115",TRUE,"secondary_contact_recreation","none","total_dissolved_solids","dissolved","mg/l",2,1,0,0,0,0,"none",80,"Round Lake","","","","","","",NA,NA,""
"1104ROU0137","1104-0115",TRUE,"source_of_water_supply","health_water-source","chloride","total","ug/l",2,1,0,0,0,0,"none",80,"Round Lake","","","","","","",NA,NA,""
"1104ROU0137","1104-0115",TRUE,"fishing","aquatic_acute","copper","dissolved","ug/l",2,1,0,0,0,0,"none",80,"Round Lake","","","","","","",NA,NA,""
"1104ROU0137","1104-0115",TRUE,"fishing","aquatic_chronic","nickel","dissolved","ug/l",2,1,0,0,0,0,"none",80,"Round Lake","","","","","","",NA,NA,""
"1104ROU0137","1104-0115",TRUE,"primary_contact_recreation","none","total_dissolved_solids","dissolved","mg/l",2,1,0,0,0,0,"none",80,"Round Lake","","","","","","",NA,NA,""
"1104ROU0137","1104-0115",TRUE,"fishing","aquatic_acute","nickel","dissolved","ug/l",2,1,0,0,0,0,"none",80,"Round Lake","","","","","","",NA,NA,""
"1104ROU0137","1104-0115",TRUE,"source_of_water_supply","health_water-source","copper","total","ug/l",2,1,0,0,0,0,"none",80,"Round Lake","","","","","","",NA,NA,""
"1104ROU0137","1104-0115",TRUE,"fishing","none","dissolved_oxygen","dissolved","mg/l",1,1,2,1,0,0,"n_exceedances may not be intiutive for this parameter because there are multiple components to the WQS. n_exceedances may be greater than n_samples_collected if a single sample was marked as an exceedance for multiple components of the WQS.",80,"Round Lake","","","","","","",NA,NA,""
"1104ROU0137","1104-0115",TRUE,"source_of_water_supply","health_water-source","arsenic","total","ug/l",1,1,0,0,0,0,"none",80,"Round Lake","","","","","","",NA,NA,""
"1104ROU0137","1104-0115",TRUE,"source_of_water_supply","health_water-source","nitrate","total","ug/l",4,1,0,0,0,0,"none",80,"Round Lake","","","","","","",NA,NA,""
"1104ROU0137","1104-0115",TRUE,"source_of_water_supply","aesthetic_water-supply","iron","total","ug/l",1,1,0,0,0,0,"none",80,"Round Lake","","","","","","",NA,NA,""
"1104ROU0137","1104-0115",TRUE,"source_of_water_supply","aesthetic_water-supply","manganese","total","ug/l",1,1,0,0,0,0,"none",80,"Round Lake","","","","","","",NA,NA,""
"1104ROU0137","1104-0115",TRUE,"primary_contact_recreation","recreation","phosphorus","total","ug/l",1,1,1,1,0,0,"none",80,"Round Lake","","","","","","",NA,NA,""
"1104ROU0137","1104-0115",TRUE,"source_of_water_supply","health_water-source","nitrite","total","ug/l",2,1,0,0,0,0,"none",80,"Round Lake","","","","","","",NA,NA,""
"1104ROU0137","1104-0115",TRUE,"source_of_water_supply","none","total_dissolved_solids","dissolved","mg/l",2,1,0,0,0,0,"none",80,"Round Lake","","","","","","",NA,NA,""
"1104ROU0137","1104-0115",TRUE,"fishing","none","ph","total","ph_units",1,1,0,0,0,0,"none",80,"Round Lake","","","","","","",NA,NA,""
"1104ROU0137","1104-0115",TRUE,"fishing","aquatic_chronic","arsenic","dissolved","ug/l",1,1,0,0,0,0,"none",80,"Round Lake","","","","","","",NA,NA,""
"1104ROU0137","1104-0115",TRUE,"source_of_water_supply","health_water-source","nickel","total","ug/l",2,1,0,0,0,0,"none",80,"Round Lake","","","","","","",NA,NA,""
"1104ROU0137","1104-0115",TRUE,"source_of_water_supply","health_water-source","sulfate","total","ug/l",1,1,0,0,0,0,"none",80,"Round Lake","","","","","","",NA,NA,""
"1104ROU0137","1104-0115",TRUE,"secondary_contact_recreation","recreation","phosphorus","total","ug/l",1,1,1,1,0,0,"none",80,"Round Lake","","","","","","",NA,NA,""
"1104STE0135","1104-0111",FALSE,"source_of_water_supply","aesthetic_water-supply","iron","total","ug/l",2,1,1,1,0,0,"none",NA,NA,NA,NA,NA,NA,NA,NA,NA,NA,NA
"1104STE0135","1104-0111",TRUE,"fishing","none","ph","total","ph_units",1,1,1,1,0,0,"none",NA,NA,NA,NA,NA,NA,NA,NA,NA,NA,NA
"1104STE0135","1104-0111",FALSE,"secondary_contact_recreation","recreation","phosphorus","total","ug/l",1,1,0,0,0,0,"none",NA,NA,NA,NA,NA,NA,NA,NA,NA,NA,NA
"1104STE0135","1104-0111",TRUE,"source_of_water_supply","aesthetic_water-supply","iron","total","ug/l",2,1,1,1,0,0,"none",NA,NA,NA,NA,NA,NA,NA,NA,NA,NA,NA
"1104STE0135","1104-0111",FALSE,"source_of_water_supply","health_water-source","chloride","total","ug/l",2,1,0,0,0,0,"none",NA,NA,NA,NA,NA,NA,NA,NA,NA,NA,NA
"1104STE0135","1104-0111",FALSE,"primary_contact_recreation","recreation","phosphorus","total","ug/l",1,1,0,0,0,0,"none",NA,NA,NA,NA,NA,NA,NA,NA,NA,NA,NA
"1104STE0135","1104-0111",TRUE,"source_of_water_supply","health_water-source","ammonia","total","ug/l",2,1,0,0,0,0,"none",NA,NA,NA,NA,NA,NA,NA,NA,NA,NA,NA
"1104STE0135","1104-0111",TRUE,"source_of_water_supply","aesthetic_water-supply","manganese","total","ug/l",2,1,0,0,0,0,"none",NA,NA,NA,NA,NA,NA,NA,NA,NA,NA,NA
"1104STE0135","1104-0111",TRUE,"source_of_water_supply","health_water-source","sulfate","total","ug/l",1,1,0,0,0,0,"none",NA,NA,NA,NA,NA,NA,NA,NA,NA,NA,NA
"1104STE0135","1104-0111",TRUE,"fishing","aquatic_chronic","ammonia","total","ug/l",2,1,0,0,0,2,"none",NA,NA,NA,NA,NA,NA,NA,NA,NA,NA,NA
"1104STE0135","1104-0111",TRUE,"source_of_water_supply","health_water-source","copper","total","ug/l",1,1,0,0,0,0,"none",NA,NA,NA,NA,NA,NA,NA,NA,NA,NA,NA
"1104STE0135","1104-0111",FALSE,"source_of_water_supply","health_water-source","sulfate","total","ug/l",2,1,0,0,0,0,"none",NA,NA,NA,NA,NA,NA,NA,NA,NA,NA,NA
"1104STE0135","1104-0111",TRUE,"source_of_water_supply","health_water-source","nitrate_nitrite","total","ug/l",2,1,0,0,0,0,"none",NA,NA,NA,NA,NA,NA,NA,NA,NA,NA,NA
"1104STE0135","1104-0111",FALSE,"source_of_water_supply","health_water-source","arsenic","total","ug/l",1,1,0,0,0,0,"none",NA,NA,NA,NA,NA,NA,NA,NA,NA,NA,NA
"1104STE0135","1104-0111",FALSE,"fishing","aquatic_chronic","ammonia","total","ug/l",2,1,0,0,0,2,"none",NA,NA,NA,NA,NA,NA,NA,NA,NA,NA,NA
"1104STE0135","1104-0111",TRUE,"fishing","none","dissolved_oxygen","dissolved","mg/l",1,1,2,1,0,0,"n_exceedances may not be intiutive for this parameter because there are multiple components to the WQS. n_exceedances may be greater than n_samples_collected if a single sample was marked as an exceedance for multiple components of the WQS.",NA,NA,NA,NA,NA,NA,NA,NA,NA,NA,NA
"1104STE0135","1104-0111",FALSE,"source_of_water_supply","health_water-source","nitrate_nitrite","total","ug/l",2,1,0,0,0,0,"none",NA,NA,NA,NA,NA,NA,NA,NA,NA,NA,NA
"1104STE0135","1104-0111",FALSE,"source_of_water_supply","health_water-source","ammonia","total","ug/l",2,1,0,0,0,0,"none",NA,NA,NA,NA,NA,NA,NA,NA,NA,NA,NA
"1104STE0135","1104-0111",FALSE,"source_of_water_supply","health_water-source","magnesium","total","ug/l",2,1,0,0,0,0,"none",NA,NA,NA,NA,NA,NA,NA,NA,NA,NA,NA
"1104STE0135","1104-0111",FALSE,"source_of_water_supply","aesthetic_water-supply","manganese","total","ug/l",2,1,0,0,0,0,"none",NA,NA,NA,NA,NA,NA,NA,NA,NA,NA,NA
"1104UWB0134D",NA,NA,NA,NA,NA,NA,NA,NA,NA,NA,NA,NA,NA,NA,NA,NA,NA,NA,NA,NA,NA,NA,NA,NA,NA
"1201COL0670",NA,NA,NA,NA,NA,NA,NA,NA,NA,NA,NA,NA,NA,NA,NA,NA,NA,NA,NA,NA,NA,NA,NA,NA,NA
"1201COR0664","1201-0120",TRUE,"source_of_water_supply","health_water-source","nitrite","total","ug/l",4,1,0,0,0,0,"none",NA,NA,NA,NA,NA,NA,NA,NA,NA,NA,NA
"1201COR0664","1201-0120",TRUE,"source_of_water_supply","health_water-source","sulfate","total","ug/l",6,1,0,0,0,0,"none",NA,NA,NA,NA,NA,NA,NA,NA,NA,NA,NA
"1201COR0664","1201-0120",FALSE,"source_of_water_supply","aesthetic_water-supply","manganese","total","ug/l",2,1,0,0,0,0,"none",NA,NA,NA,NA,NA,NA,NA,NA,NA,NA,NA
"1201COR0664","1201-0120",TRUE,"fishing","none","ph","total","ph_units",3,1,0,0,0,0,"none",NA,NA,NA,NA,NA,NA,NA,NA,NA,NA,NA
"1201COR0664","1201-0120",TRUE,"source_of_water_supply","health_water-source","nitrate","total","ug/l",2,1,0,0,0,0,"none",NA,NA,NA,NA,NA,NA,NA,NA,NA,NA,NA
"1201COR0664","1201-0120",TRUE,"primary_contact_recreation","recreation","phosphorus","total","ug/l",3,1,0,0,0,0,"none",NA,NA,NA,NA,NA,NA,NA,NA,NA,NA,NA
"1201COR0664","1201-0120",TRUE,"fishing","aquatic_chronic","nitrite","total","ug/l",4,1,0,0,0,0,"none",NA,NA,NA,NA,NA,NA,NA,NA,NA,NA,NA
"1201COR0664","1201-0120",FALSE,"source_of_water_supply","health_water-source","ammonia","total","ug/l",2,1,0,0,0,0,"none",NA,NA,NA,NA,NA,NA,NA,NA,NA,NA,NA
"1201COR0664","1201-0120",TRUE,"secondary_contact_recreation","recreation","phosphorus","total","ug/l",3,1,0,0,0,0,"none",NA,NA,NA,NA,NA,NA,NA,NA,NA,NA,NA
"1201COR0664","1201-0120",FALSE,"source_of_water_supply","health_water-source","sulfate","total","ug/l",2,1,0,0,0,0,"none",NA,NA,NA,NA,NA,NA,NA,NA,NA,NA,NA
"1201COR0664","1201-0120",TRUE,"source_of_water_supply","health_water-source","nitrate_nitrite","total","ug/l",4,1,0,0,0,0,"none",NA,NA,NA,NA,NA,NA,NA,NA,NA,NA,NA
"1201COR0664","1201-0120",TRUE,"source_of_water_supply","health_water-source","magnesium","total","ug/l",6,1,0,0,0,0,"none",NA,NA,NA,NA,NA,NA,NA,NA,NA,NA,NA
"1201COR0664","1201-0120",FALSE,"source_of_water_supply","aesthetic_water-supply","iron","total","ug/l",2,1,0,0,0,0,"none",NA,NA,NA,NA,NA,NA,NA,NA,NA,NA,NA
"1201COR0664","1201-0120",TRUE,"fishing","none","dissolved_oxygen","dissolved","mg/l",3,1,3,1,0,0,"n_exceedances may not be intiutive for this parameter because there are multiple components to the WQS. n_exceedances may be greater than n_samples_collected if a single sample was marked as an exceedance for multiple components of the WQS.",NA,NA,NA,NA,NA,NA,NA,NA,NA,NA,NA
"1201COR0664","1201-0120",TRUE,"source_of_water_supply","health_water-source","chloride","total","ug/l",6,1,0,0,0,0,"none",NA,NA,NA,NA,NA,NA,NA,NA,NA,NA,NA
"1201COR0664","1201-0120",TRUE,"source_of_water_supply","health_water-source","ammonia","total","ug/l",4,1,0,0,0,0,"none",NA,NA,NA,NA,NA,NA,NA,NA,NA,NA,NA
"1201COR0664","1201-0120",TRUE,"fishing","aquatic_chronic","ammonia","total","ug/l",4,1,0,0,0,4,"none",NA,NA,NA,NA,NA,NA,NA,NA,NA,NA,NA
"1201COR0664","1201-0120",FALSE,"primary_contact_recreation","recreation","phosphorus","total","ug/l",1,1,0,0,0,0,"none",NA,NA,NA,NA,NA,NA,NA,NA,NA,NA,NA
"1201COR0664","1201-0120",FALSE,"fishing","aquatic_chronic","ammonia","total","ug/l",2,1,0,0,0,2,"none",NA,NA,NA,NA,NA,NA,NA,NA,NA,NA,NA
"1201COR0664","1201-0120",TRUE,"source_of_water_supply","aesthetic_water-supply","manganese","total","ug/l",5,1,0,0,0,0,"none",NA,NA,NA,NA,NA,NA,NA,NA,NA,NA,NA
"1201COR0664","1201-0120",FALSE,"secondary_contact_recreation","recreation","phosphorus","total","ug/l",1,1,0,0,0,0,"none",NA,NA,NA,NA,NA,NA,NA,NA,NA,NA,NA
"1201COR0664","1201-0120",TRUE,"source_of_water_supply","aesthetic_water-supply","iron","total","ug/l",6,1,0,0,0,0,"none",NA,NA,NA,NA,NA,NA,NA,NA,NA,NA,NA
"1201COR0664","1201-0120",FALSE,"source_of_water_supply","health_water-source","chloride","total","ug/l",2,1,0,0,0,0,"none",NA,NA,NA,NA,NA,NA,NA,NA,NA,NA,NA
"1201COR0664","1201-0120",FALSE,"source_of_water_supply","health_water-source","nitrate_nitrite","total","ug/l",2,1,0,0,0,0,"none",NA,NA,NA,NA,NA,NA,NA,NA,NA,NA,NA
"1201COR0664","1201-0120",TRUE,"source_of_water_supply","health_water-source","arsenic","total","ug/l",6,1,0,0,0,0,"none",NA,NA,NA,NA,NA,NA,NA,NA,NA,NA,NA
"1201COR0664","1201-0120",FALSE,"source_of_water_supply","health_water-source","magnesium","total","ug/l",2,1,0,0,0,0,"none",NA,NA,NA,NA,NA,NA,NA,NA,NA,NA,NA
"1201DOL0709",NA,NA,NA,NA,NA,NA,NA,NA,NA,NA,NA,NA,NA,NA,NA,NA,NA,NA,NA,NA,NA,NA,NA,NA,NA
"1201FON0678A","1201-0123",NA,NA,NA,NA,NA,NA,NA,NA,NA,NA,NA,NA,NA,40,"Fonda Reservoir","NY2800138","FONDA (V) WATER WORKS","Community water system","Surface water","Montgomery","FONDA  (V)",1080,9,"Local government"
"1201FOR0681",NA,NA,NA,NA,NA,NA,NA,NA,NA,NA,NA,NA,NA,NA,NA,NA,NA,NA,NA,NA,NA,NA,NA,NA,NA
"1201FOR0681A",NA,NA,NA,NA,NA,NA,NA,NA,NA,NA,NA,NA,NA,NA,NA,NA,NA,NA,NA,NA,NA,NA,NA,NA,NA
"1201KLO0708","1201-0160",TRUE,"fishing","none","dissolved_oxygen","dissolved","mg/l",1,1,2,1,0,0,"n_exceedances may not be intiutive for this parameter because there are multiple components to the WQS. n_exceedances may be greater than n_samples_collected if a single sample was marked as an exceedance for multiple components of the WQS.",NA,NA,NA,NA,NA,NA,NA,NA,NA,NA,NA
"1201KLO0708","1201-0160",TRUE,"fishing","none","ph","total","ph_units",1,1,1,1,0,0,"none",NA,NA,NA,NA,NA,NA,NA,NA,NA,NA,NA
"1201KLO0708","1201-0160",TRUE,"fishing","aquatic_chronic","ammonia","total","ug/l",3,2,0,0,0,3,"none",NA,NA,NA,NA,NA,NA,NA,NA,NA,NA,NA
"1201MAR0570","1201-0113",FALSE,"secondary_contact_recreation","recreation","phosphorus","total","ug/l",109,14,14,14,0,0,"none",NA,NA,NA,NA,NA,NA,NA,NA,NA,NA,NA
"1201MAR0570","1201-0113",FALSE,"fishing","aquatic_chronic","ammonia","total","ug/l",90,11,0,0,0,90,"none",NA,NA,NA,NA,NA,NA,NA,NA,NA,NA,NA
"1201MAR0570","1201-0113",TRUE,"fishing","aquatic_chronic","ammonia","total","ug/l",44,6,0,0,0,44,"none",NA,NA,NA,NA,NA,NA,NA,NA,NA,NA,NA
"1201MAR0570","1201-0113",FALSE,"fishing","aquatic_chronic","nitrite","total","ug/l",29,2,0,0,0,0,"none",NA,NA,NA,NA,NA,NA,NA,NA,NA,NA,NA
"1201MAR0570","1201-0113",TRUE,"secondary_contact_recreation","recreation","phosphorus","total","ug/l",47,6,6,6,0,0,"none",NA,NA,NA,NA,NA,NA,NA,NA,NA,NA,NA
"1201MAR0570","1201-0113",TRUE,"primary_contact_recreation","recreation","phosphorus","total","ug/l",47,6,6,6,0,0,"none",NA,NA,NA,NA,NA,NA,NA,NA,NA,NA,NA
"1201MAR0570","1201-0113",FALSE,"primary_contact_recreation","recreation","phosphorus","total","ug/l",109,14,14,14,0,0,"none",NA,NA,NA,NA,NA,NA,NA,NA,NA,NA,NA
"1201SPRXXX1",NA,NA,NA,NA,NA,NA,NA,NA,NA,NA,NA,NA,NA,NA,NA,NA,NA,NA,NA,NA,NA,NA,NA,NA,NA
"1201STO0503A","1201-0098",TRUE,"source_of_water_supply","health_water-source","nitrate_nitrite","total","ug/l",2,1,0,0,0,0,"none",NA,NA,NA,NA,NA,NA,NA,NA,NA,NA,NA
"1201STO0503A","1201-0098",TRUE,"source_of_water_supply","health_water-source","sulfate","total","ug/l",6,1,0,0,0,0,"none",NA,NA,NA,NA,NA,NA,NA,NA,NA,NA,NA
"1201STO0503A","1201-0098",TRUE,"source_of_water_supply","aesthetic_water-supply","manganese","total","ug/l",6,1,3,1,0,0,"none",NA,NA,NA,NA,NA,NA,NA,NA,NA,NA,NA
"1201STO0503A","1201-0098",TRUE,"fishing","aquatic_chronic","ammonia","total","ug/l",5,1,0,0,0,3,"none",NA,NA,NA,NA,NA,NA,NA,NA,NA,NA,NA
"1201STO0503A","1201-0098",TRUE,"fishing","none","dissolved_oxygen","dissolved","mg/l",3,1,6,1,0,0,"n_exceedances may not be intiutive for this parameter because there are multiple components to the WQS. n_exceedances may be greater than n_samples_collected if a single sample was marked as an exceedance for multiple components of the WQS.",NA,NA,NA,NA,NA,NA,NA,NA,NA,NA,NA
"1201STO0503A","1201-0098",TRUE,"fishing","none","ph","total","ph_units",3,1,0,0,0,0,"none",NA,NA,NA,NA,NA,NA,NA,NA,NA,NA,NA
"1201STO0503A","1201-0098",TRUE,"source_of_water_supply","health_water-source","arsenic","total","ug/l",1,1,0,0,0,0,"none",NA,NA,NA,NA,NA,NA,NA,NA,NA,NA,NA
"1201STO0503A","1201-0098",TRUE,"source_of_water_supply","health_water-source","ammonia","total","ug/l",5,1,1,1,0,0,"none",NA,NA,NA,NA,NA,NA,NA,NA,NA,NA,NA
"1201STO0503A","1201-0098",TRUE,"source_of_water_supply","aesthetic_water-supply","iron","total","ug/l",6,1,1,1,0,0,"none",NA,NA,NA,NA,NA,NA,NA,NA,NA,NA,NA
"1201UWB0662",NA,NA,NA,NA,NA,NA,NA,NA,NA,NA,NA,NA,NA,NA,NA,NA,NA,NA,NA,NA,NA,NA,NA,NA,NA
"1201UWB0706","1201-0161",TRUE,"fishing","none","dissolved_oxygen","dissolved","mg/l",3,1,0,0,0,0,"n_exceedances may not be intiutive for this parameter because there are multiple components to the WQS. n_exceedances may be greater than n_samples_collected if a single sample was marked as an exceedance for multiple components of the WQS.",NA,NA,NA,NA,NA,NA,NA,NA,NA,NA,NA
"1201UWB0706","1201-0161",TRUE,"source_of_water_supply","health_water-source","nitrite","total","ug/l",2,1,0,0,0,0,"none",NA,NA,NA,NA,NA,NA,NA,NA,NA,NA,NA
"1201UWB0706","1201-0161",TRUE,"fishing","none","ph","total","ph_units",3,1,0,0,0,0,"none",NA,NA,NA,NA,NA,NA,NA,NA,NA,NA,NA
"1201UWB0706","1201-0161",TRUE,"fishing","aquatic_chronic","nitrite","total","ug/l",2,1,0,0,0,0,"none",NA,NA,NA,NA,NA,NA,NA,NA,NA,NA,NA
"1201UWB0706","1201-0161",TRUE,"primary_contact_recreation","recreation","phosphorus","total","ug/l",2,1,0,0,0,0,"none",NA,NA,NA,NA,NA,NA,NA,NA,NA,NA,NA
"1201UWB0706","1201-0161",TRUE,"source_of_water_supply","health_water-source","nitrate_nitrite","total","ug/l",2,1,0,0,0,0,"none",NA,NA,NA,NA,NA,NA,NA,NA,NA,NA,NA
"1201UWB0706","1201-0161",TRUE,"source_of_water_supply","health_water-source","nitrate","total","ug/l",1,1,0,0,0,0,"none",NA,NA,NA,NA,NA,NA,NA,NA,NA,NA,NA
"1201UWB0706","1201-0161",TRUE,"source_of_water_supply","health_water-source","sulfate","total","ug/l",3,1,0,0,0,0,"none",NA,NA,NA,NA,NA,NA,NA,NA,NA,NA,NA
"1201UWB0706","1201-0161",TRUE,"fishing","aquatic_chronic","ammonia","total","ug/l",2,1,0,0,0,2,"none",NA,NA,NA,NA,NA,NA,NA,NA,NA,NA,NA
"1201UWB0706","1201-0161",TRUE,"secondary_contact_recreation","recreation","phosphorus","total","ug/l",2,1,0,0,0,0,"none",NA,NA,NA,NA,NA,NA,NA,NA,NA,NA,NA
"1201UWB0706","1201-0161",TRUE,"source_of_water_supply","health_water-source","magnesium","total","ug/l",3,1,0,0,0,0,"none",NA,NA,NA,NA,NA,NA,NA,NA,NA,NA,NA
"1201UWB0706","1201-0161",TRUE,"source_of_water_supply","health_water-source","chloride","total","ug/l",3,1,0,0,0,0,"none",NA,NA,NA,NA,NA,NA,NA,NA,NA,NA,NA
"1201UWB0706","1201-0161",TRUE,"source_of_water_supply","aesthetic_water-supply","iron","total","ug/l",3,1,0,0,0,0,"none",NA,NA,NA,NA,NA,NA,NA,NA,NA,NA,NA
"1201UWB0706","1201-0161",TRUE,"source_of_water_supply","health_water-source","arsenic","total","ug/l",3,1,0,0,0,0,"none",NA,NA,NA,NA,NA,NA,NA,NA,NA,NA,NA
"1201UWB0706","1201-0161",TRUE,"source_of_water_supply","health_water-source","ammonia","total","ug/l",2,1,0,0,0,0,"none",NA,NA,NA,NA,NA,NA,NA,NA,NA,NA,NA
"1201UWB0706","1201-0161",TRUE,"source_of_water_supply","aesthetic_water-supply","manganese","total","ug/l",3,1,0,0,0,0,"none",NA,NA,NA,NA,NA,NA,NA,NA,NA,NA,NA
"1201UWB0706B",NA,NA,NA,NA,NA,NA,NA,NA,NA,NA,NA,NA,NA,NA,NA,NA,NA,NA,NA,NA,NA,NA,NA,NA,NA
"1201UWB0940A","1201-0198",FALSE,"source_of_water_supply","health_water-source","sulfate","total","ug/l",6,1,0,0,0,0,"none",NA,NA,NA,NA,NA,NA,NA,NA,NA,NA,NA
"1201UWB0940A","1201-0198",TRUE,"source_of_water_supply","health_water-source","arsenic","total","ug/l",10,1,0,0,0,0,"none",NA,NA,NA,NA,NA,NA,NA,NA,NA,NA,NA
"1201UWB0940A","1201-0198",TRUE,"fishing","aquatic_chronic","ammonia","total","ug/l",8,1,0,0,0,8,"none",NA,NA,NA,NA,NA,NA,NA,NA,NA,NA,NA
"1201UWB0940A","1201-0198",TRUE,"source_of_water_supply","health_water-source","ammonia","total","ug/l",8,1,0,0,0,0,"none",NA,NA,NA,NA,NA,NA,NA,NA,NA,NA,NA
"1201UWB0940A","1201-0198",TRUE,"source_of_water_supply","aesthetic_water-supply","manganese","total","ug/l",8,1,3,1,0,0,"none",NA,NA,NA,NA,NA,NA,NA,NA,NA,NA,NA
"1201UWB0940A","1201-0198",TRUE,"source_of_water_supply","health_water-source","nitrite","total","ug/l",6,1,0,0,0,0,"none",NA,NA,NA,NA,NA,NA,NA,NA,NA,NA,NA
"1201UWB0940A","1201-0198",TRUE,"source_of_water_supply","health_water-source","nitrate","total","ug/l",2,1,0,0,0,0,"none",NA,NA,NA,NA,NA,NA,NA,NA,NA,NA,NA
"1201UWB0940A","1201-0198",FALSE,"source_of_water_supply","health_water-source","magnesium","total","ug/l",8,1,0,0,0,0,"none",NA,NA,NA,NA,NA,NA,NA,NA,NA,NA,NA
"1201UWB0940A","1201-0198",TRUE,"primary_contact_recreation","recreation","phosphorus","total","ug/l",3,1,0,0,0,0,"none",NA,NA,NA,NA,NA,NA,NA,NA,NA,NA,NA
"1201UWB0940A","1201-0198",TRUE,"source_of_water_supply","health_water-source","nitrate_nitrite","total","ug/l",6,1,0,0,0,0,"none",NA,NA,NA,NA,NA,NA,NA,NA,NA,NA,NA
"1201UWB0940A","1201-0198",FALSE,"fishing","aquatic_chronic","ammonia","total","ug/l",8,1,0,0,0,8,"none",NA,NA,NA,NA,NA,NA,NA,NA,NA,NA,NA
"1201UWB0940A","1201-0198",TRUE,"fishing","none","ph","total","ph_units",3,1,0,0,0,0,"none",NA,NA,NA,NA,NA,NA,NA,NA,NA,NA,NA
"1201UWB0940A","1201-0198",FALSE,"source_of_water_supply","health_water-source","chloride","total","ug/l",8,1,0,0,0,0,"none",NA,NA,NA,NA,NA,NA,NA,NA,NA,NA,NA
"1201UWB0940A","1201-0198",TRUE,"source_of_water_supply","health_water-source","sulfate","total","ug/l",10,1,0,0,0,0,"none",NA,NA,NA,NA,NA,NA,NA,NA,NA,NA,NA
"1201UWB0940A","1201-0198",TRUE,"fishing","aquatic_chronic","nitrite","total","ug/l",6,1,0,0,0,0,"none",NA,NA,NA,NA,NA,NA,NA,NA,NA,NA,NA
"1201UWB0940A","1201-0198",FALSE,"source_of_water_supply","health_water-source","arsenic","total","ug/l",3,1,0,0,0,0,"none",NA,NA,NA,NA,NA,NA,NA,NA,NA,NA,NA
"1201UWB0940A","1201-0198",TRUE,"fishing","none","dissolved_oxygen","dissolved","mg/l",3,1,6,1,0,0,"n_exceedances may not be intiutive for this parameter because there are multiple components to the WQS. n_exceedances may be greater than n_samples_collected if a single sample was marked as an exceedance for multiple components of the WQS.",NA,NA,NA,NA,NA,NA,NA,NA,NA,NA,NA
"1201UWB0940A","1201-0198",TRUE,"secondary_contact_recreation","recreation","phosphorus","total","ug/l",3,1,0,0,0,0,"none",NA,NA,NA,NA,NA,NA,NA,NA,NA,NA,NA
"1201UWB0940A","1201-0198",FALSE,"secondary_contact_recreation","recreation","phosphorus","total","ug/l",4,1,0,0,0,0,"none",NA,NA,NA,NA,NA,NA,NA,NA,NA,NA,NA
"1201UWB0940A","1201-0198",TRUE,"source_of_water_supply","health_water-source","chloride","total","ug/l",10,1,0,0,0,0,"none",NA,NA,NA,NA,NA,NA,NA,NA,NA,NA,NA
"1201UWB0940A","1201-0198",TRUE,"source_of_water_supply","aesthetic_water-supply","iron","total","ug/l",10,1,4,1,0,0,"none",NA,NA,NA,NA,NA,NA,NA,NA,NA,NA,NA
"1201UWB0940A","1201-0198",FALSE,"primary_contact_recreation","recreation","phosphorus","total","ug/l",4,1,0,0,0,0,"none",NA,NA,NA,NA,NA,NA,NA,NA,NA,NA,NA
"1201UWB0940A","1201-0198",FALSE,"source_of_water_supply","health_water-source","nitrate_nitrite","total","ug/l",8,1,0,0,0,0,"none",NA,NA,NA,NA,NA,NA,NA,NA,NA,NA,NA
"1201UWB0940A","1201-0198",FALSE,"source_of_water_supply","aesthetic_water-supply","iron","total","ug/l",8,1,2,1,0,0,"none",NA,NA,NA,NA,NA,NA,NA,NA,NA,NA,NA
"1201UWB0940A","1201-0198",FALSE,"source_of_water_supply","health_water-source","ammonia","total","ug/l",8,1,0,0,0,0,"none",NA,NA,NA,NA,NA,NA,NA,NA,NA,NA,NA
"1201UWB0940A","1201-0198",TRUE,"source_of_water_supply","health_water-source","magnesium","total","ug/l",10,1,0,0,0,0,"none",NA,NA,NA,NA,NA,NA,NA,NA,NA,NA,NA
"1201UWB0940A","1201-0198",FALSE,"source_of_water_supply","aesthetic_water-supply","manganese","total","ug/l",8,1,1,1,0,0,"none",NA,NA,NA,NA,NA,NA,NA,NA,NA,NA,NA
"1201UWB5293",NA,NA,NA,NA,NA,NA,NA,NA,NA,NA,NA,NA,NA,NA,NA,NA,NA,NA,NA,NA,NA,NA,NA,NA,NA
"1201VAN0689","1201-0139",TRUE,"fishing","aquatic_chronic","ammonia","total","ug/l",1,1,0,0,0,1,"none",NA,NA,NA,NA,NA,NA,NA,NA,NA,NA,NA
"1201VAN0689","1201-0139",TRUE,"fishing","aquatic_chronic","nitrite","total","ug/l",1,1,0,0,0,0,"none",NA,NA,NA,NA,NA,NA,NA,NA,NA,NA,NA
"1201VAN0689","1201-0139",TRUE,"fishing","none","ph","total","ph_units",1,1,0,0,0,0,"none",NA,NA,NA,NA,NA,NA,NA,NA,NA,NA,NA
"1201VAN0689","1201-0139",TRUE,"fishing","none","dissolved_oxygen","dissolved","mg/l",1,1,0,0,0,0,"n_exceedances may not be intiutive for this parameter because there are multiple components to the WQS. n_exceedances may be greater than n_samples_collected if a single sample was marked as an exceedance for multiple components of the WQS.",NA,NA,NA,NA,NA,NA,NA,NA,NA,NA,NA
"1202COB0583","1202-0015",TRUE,"primary_contact_recreation","recreation","phosphorus","total","ug/l",2,2,2,2,0,0,"none",NA,NA,NA,NA,NA,NA,NA,NA,NA,NA,NA
"1202COB0583","1202-0015",TRUE,"fishing","none","dissolved_oxygen","dissolved","mg/l",2,2,4,2,0,0,"n_exceedances may not be intiutive for this parameter because there are multiple components to the WQS. n_exceedances may be greater than n_samples_collected if a single sample was marked as an exceedance for multiple components of the WQS.",NA,NA,NA,NA,NA,NA,NA,NA,NA,NA,NA
"1202COB0583","1202-0015",TRUE,"source_of_water_supply","health_water-source","nitrite","total","ug/l",2,1,0,0,0,0,"none",NA,NA,NA,NA,NA,NA,NA,NA,NA,NA,NA
"1202COB0583","1202-0015",TRUE,"source_of_water_supply","aesthetic_water-supply","iron","total","ug/l",4,2,2,1,0,0,"none",NA,NA,NA,NA,NA,NA,NA,NA,NA,NA,NA
"1202COB0583","1202-0015",TRUE,"source_of_water_supply","health_water-source","sulfate","total","ug/l",4,2,0,0,0,0,"none",NA,NA,NA,NA,NA,NA,NA,NA,NA,NA,NA
"1202COB0583","1202-0015",TRUE,"fishing","none","ph","total","ph_units",2,2,0,0,0,0,"none",NA,NA,NA,NA,NA,NA,NA,NA,NA,NA,NA
"1202COB0583","1202-0015",TRUE,"source_of_water_supply","health_water-source","ammonia","total","ug/l",4,2,0,0,0,0,"none",NA,NA,NA,NA,NA,NA,NA,NA,NA,NA,NA
"1202COB0583","1202-0015",TRUE,"secondary_contact_recreation","recreation","phosphorus","total","ug/l",2,2,2,2,0,0,"none",NA,NA,NA,NA,NA,NA,NA,NA,NA,NA,NA
"1202COB0583","1202-0015",TRUE,"fishing","aquatic_chronic","ammonia","total","ug/l",4,2,0,0,0,4,"none",NA,NA,NA,NA,NA,NA,NA,NA,NA,NA,NA
"1202COB0583","1202-0015",TRUE,"source_of_water_supply","health_water-source","nitrate_nitrite","total","ug/l",2,1,0,0,0,0,"none",NA,NA,NA,NA,NA,NA,NA,NA,NA,NA,NA
"1202COB0583","1202-0015",TRUE,"source_of_water_supply","health_water-source","magnesium","total","ug/l",2,1,0,0,0,0,"none",NA,NA,NA,NA,NA,NA,NA,NA,NA,NA,NA
"1202COB0583","1202-0015",TRUE,"fishing","aquatic_chronic","nitrite","total","ug/l",2,1,0,0,0,0,"none",NA,NA,NA,NA,NA,NA,NA,NA,NA,NA,NA
"1202COB0583","1202-0015",TRUE,"source_of_water_supply","aesthetic_water-supply","manganese","total","ug/l",3,2,1,1,0,0,"none",NA,NA,NA,NA,NA,NA,NA,NA,NA,NA,NA
"1202COB0583","1202-0015",TRUE,"source_of_water_supply","health_water-source","chloride","total","ug/l",4,2,0,0,0,0,"none",NA,NA,NA,NA,NA,NA,NA,NA,NA,NA,NA
"1202COB0583","1202-0015",TRUE,"source_of_water_supply","health_water-source","arsenic","total","ug/l",4,2,0,0,0,0,"none",NA,NA,NA,NA,NA,NA,NA,NA,NA,NA,NA
"1202ENG0589","1202-0009",TRUE,"source_of_water_supply","health_water-source","sulfate","total","ug/l",6,2,0,0,0,0,"none",NA,NA,NA,NA,NA,NA,NA,NA,NA,NA,NA
"1202ENG0589","1202-0009",TRUE,"fishing","none","dissolved_oxygen","dissolved","mg/l",6,2,6,1,0,0,"n_exceedances may not be intiutive for this parameter because there are multiple components to the WQS. n_exceedances may be greater than n_samples_collected if a single sample was marked as an exceedance for multiple components of the WQS.",NA,NA,NA,NA,NA,NA,NA,NA,NA,NA,NA
"1202ENG0589","1202-0009",TRUE,"source_of_water_supply","aesthetic_water-supply","iron","total","ug/l",6,2,3,2,0,0,"none",NA,NA,NA,NA,NA,NA,NA,NA,NA,NA,NA
"1202ENG0589","1202-0009",TRUE,"secondary_contact_recreation","recreation","phosphorus","total","ug/l",2,2,2,2,0,0,"none",NA,NA,NA,NA,NA,NA,NA,NA,NA,NA,NA
"1202ENG0589","1202-0009",TRUE,"fishing","aquatic_chronic","ammonia","total","ug/l",3,1,0,0,0,1,"none",NA,NA,NA,NA,NA,NA,NA,NA,NA,NA,NA
"1202ENG0589","1202-0009",TRUE,"source_of_water_supply","health_water-source","copper","total","ug/l",1,1,0,0,0,0,"none",NA,NA,NA,NA,NA,NA,NA,NA,NA,NA,NA
"1202ENG0589","1202-0009",TRUE,"source_of_water_supply","health_water-source","nitrate_nitrite","total","ug/l",6,2,0,0,0,0,"none",NA,NA,NA,NA,NA,NA,NA,NA,NA,NA,NA
"1202ENG0589","1202-0009",TRUE,"source_of_water_supply","health_water-source","ammonia","total","ug/l",3,1,0,0,0,0,"none",NA,NA,NA,NA,NA,NA,NA,NA,NA,NA,NA
"1202ENG0589","1202-0009",TRUE,"fishing","none","ph","total","ph_units",6,2,0,0,0,0,"none",NA,NA,NA,NA,NA,NA,NA,NA,NA,NA,NA
"1202ENG0589","1202-0009",TRUE,"source_of_water_supply","health_water-source","chloride","total","ug/l",1,1,0,0,0,0,"none",NA,NA,NA,NA,NA,NA,NA,NA,NA,NA,NA
"1202ENG0589","1202-0009",TRUE,"primary_contact_recreation","recreation","phosphorus","total","ug/l",2,2,2,2,0,0,"none",NA,NA,NA,NA,NA,NA,NA,NA,NA,NA,NA
"1202ENG0589","1202-0009",TRUE,"source_of_water_supply","aesthetic_water-supply","manganese","total","ug/l",6,2,0,0,0,0,"none",NA,NA,NA,NA,NA,NA,NA,NA,NA,NA,NA
"1202ENG0589","1202-0009",TRUE,"source_of_water_supply","health_water-source","arsenic","total","ug/l",1,1,0,0,0,0,"none",NA,NA,NA,NA,NA,NA,NA,NA,NA,NA,NA
"1202HOL5453","1202-0015",TRUE,"source_of_water_supply","health_water-source","chloride","total","ug/l",4,2,0,0,0,0,"none",NA,NA,NA,NA,NA,NA,NA,NA,NA,NA,NA
"1202HOL5453","1202-0015",TRUE,"source_of_water_supply","health_water-source","arsenic","total","ug/l",4,2,0,0,0,0,"none",NA,NA,NA,NA,NA,NA,NA,NA,NA,NA,NA
"1202HOL5453","1202-0015",TRUE,"source_of_water_supply","health_water-source","ammonia","total","ug/l",4,2,0,0,0,0,"none",NA,NA,NA,NA,NA,NA,NA,NA,NA,NA,NA
"1202HOL5453","1202-0015",TRUE,"secondary_contact_recreation","recreation","phosphorus","total","ug/l",2,2,2,2,0,0,"none",NA,NA,NA,NA,NA,NA,NA,NA,NA,NA,NA
"1202HOL5453","1202-0015",TRUE,"fishing","aquatic_chronic","ammonia","total","ug/l",4,2,0,0,0,4,"none",NA,NA,NA,NA,NA,NA,NA,NA,NA,NA,NA
"1202HOL5453","1202-0015",TRUE,"primary_contact_recreation","recreation","phosphorus","total","ug/l",2,2,2,2,0,0,"none",NA,NA,NA,NA,NA,NA,NA,NA,NA,NA,NA
"1202HOL5453","1202-0015",TRUE,"fishing","none","dissolved_oxygen","dissolved","mg/l",2,2,4,2,0,0,"n_exceedances may not be intiutive for this parameter because there are multiple components to the WQS. n_exceedances may be greater than n_samples_collected if a single sample was marked as an exceedance for multiple components of the WQS.",NA,NA,NA,NA,NA,NA,NA,NA,NA,NA,NA
"1202HOL5453","1202-0015",TRUE,"source_of_water_supply","health_water-source","nitrite","total","ug/l",2,1,0,0,0,0,"none",NA,NA,NA,NA,NA,NA,NA,NA,NA,NA,NA
"1202HOL5453","1202-0015",TRUE,"source_of_water_supply","aesthetic_water-supply","iron","total","ug/l",4,2,2,1,0,0,"none",NA,NA,NA,NA,NA,NA,NA,NA,NA,NA,NA
"1202HOL5453","1202-0015",TRUE,"source_of_water_supply","health_water-source","sulfate","total","ug/l",4,2,0,0,0,0,"none",NA,NA,NA,NA,NA,NA,NA,NA,NA,NA,NA
"1202HOL5453","1202-0015",TRUE,"fishing","none","ph","total","ph_units",2,2,0,0,0,0,"none",NA,NA,NA,NA,NA,NA,NA,NA,NA,NA,NA
"1202HOL5453","1202-0015",TRUE,"source_of_water_supply","health_water-source","nitrate_nitrite","total","ug/l",2,1,0,0,0,0,"none",NA,NA,NA,NA,NA,NA,NA,NA,NA,NA,NA
"1202HOL5453","1202-0015",TRUE,"source_of_water_supply","health_water-source","magnesium","total","ug/l",2,1,0,0,0,0,"none",NA,NA,NA,NA,NA,NA,NA,NA,NA,NA,NA
"1202HOL5453","1202-0015",TRUE,"fishing","aquatic_chronic","nitrite","total","ug/l",2,1,0,0,0,0,"none",NA,NA,NA,NA,NA,NA,NA,NA,NA,NA,NA
"1202HOL5453","1202-0015",TRUE,"source_of_water_supply","aesthetic_water-supply","manganese","total","ug/l",3,2,1,1,0,0,"none",NA,NA,NA,NA,NA,NA,NA,NA,NA,NA,NA
"1202SCH0638A","1202-0012",NA,NA,NA,NA,NA,NA,NA,NA,NA,NA,NA,NA,NA,NA,NA,NA,NA,NA,NA,NA,NA,NA,NA,NA
"1202TAN0655A","1202-0069",NA,NA,NA,NA,NA,NA,NA,NA,NA,NA,NA,NA,NA,48,"Onteora Pond/Tannersville Reservoirs","NY1900033","TANNERSVILLE VILLAGE","Community water system","Surface water","Greene","HUNTER (T), TANNERSVILLE (V)",629,12,"Local government"
"1202TAN0655B","1202-0069",NA,NA,NA,NA,NA,NA,NA,NA,NA,NA,NA,NA,NA,84,"Onteora Pond/Tannersville Reservoirs","","","","","","",NA,NA,""
"1202TAN0655D",NA,NA,NA,NA,NA,NA,NA,NA,NA,NA,NA,NA,NA,NA,NA,NA,NA,NA,NA,NA,NA,NA,NA,NA,NA
"1202UWB0579","1202-0016",TRUE,"fishing","none","ph","total","ph_units",6,1,0,0,0,0,"none",NA,NA,NA,NA,NA,NA,NA,NA,NA,NA,NA
"1202UWB0579","1202-0016",TRUE,"source_of_water_supply","health_water-source","nitrate_nitrite","total","ug/l",10,1,0,0,0,0,"none",NA,NA,NA,NA,NA,NA,NA,NA,NA,NA,NA
"1202UWB0579","1202-0016",TRUE,"source_of_water_supply","health_water-source","sulfate","total","ug/l",3,1,0,0,0,0,"none",NA,NA,NA,NA,NA,NA,NA,NA,NA,NA,NA
"1202UWB0579","1202-0016",TRUE,"fishing","none","dissolved_oxygen","dissolved","mg/l",6,1,8,1,0,0,"n_exceedances may not be intiutive for this parameter because there are multiple components to the WQS. n_exceedances may be greater than n_samples_collected if a single sample was marked as an exceedance for multiple components of the WQS.",NA,NA,NA,NA,NA,NA,NA,NA,NA,NA,NA
"1202UWB0579","1202-0016",TRUE,"fishing","aquatic_chronic","ammonia","total","ug/l",11,1,0,0,0,6,"none",NA,NA,NA,NA,NA,NA,NA,NA,NA,NA,NA
"1202UWB0579","1202-0016",TRUE,"source_of_water_supply","health_water-source","ammonia","total","ug/l",11,1,0,0,0,0,"none",NA,NA,NA,NA,NA,NA,NA,NA,NA,NA,NA
"1202UWB0579","1202-0016",TRUE,"source_of_water_supply","aesthetic_water-supply","manganese","total","ug/l",12,1,5,1,0,0,"none",NA,NA,NA,NA,NA,NA,NA,NA,NA,NA,NA
"1202UWB0579","1202-0016",TRUE,"source_of_water_supply","aesthetic_water-supply","iron","total","ug/l",12,1,8,1,0,0,"none",NA,NA,NA,NA,NA,NA,NA,NA,NA,NA,NA
"1202UWB0579","1202-0016",TRUE,"source_of_water_supply","health_water-source","copper","total","ug/l",12,1,0,0,0,0,"none",NA,NA,NA,NA,NA,NA,NA,NA,NA,NA,NA
"1202UWB0579","1202-0016",TRUE,"source_of_water_supply","health_water-source","arsenic","total","ug/l",12,1,0,0,0,0,"none",NA,NA,NA,NA,NA,NA,NA,NA,NA,NA,NA
"1202UWB0579A","1202-0016",TRUE,"fishing","none","ph","total","ph_units",6,1,0,0,0,0,"none",NA,NA,NA,NA,NA,NA,NA,NA,NA,NA,NA
"1202UWB0579A","1202-0016",TRUE,"source_of_water_supply","health_water-source","nitrate_nitrite","total","ug/l",10,1,0,0,0,0,"none",NA,NA,NA,NA,NA,NA,NA,NA,NA,NA,NA
"1202UWB0579A","1202-0016",TRUE,"source_of_water_supply","health_water-source","sulfate","total","ug/l",3,1,0,0,0,0,"none",NA,NA,NA,NA,NA,NA,NA,NA,NA,NA,NA
"1202UWB0579A","1202-0016",TRUE,"fishing","none","dissolved_oxygen","dissolved","mg/l",6,1,8,1,0,0,"n_exceedances may not be intiutive for this parameter because there are multiple components to the WQS. n_exceedances may be greater than n_samples_collected if a single sample was marked as an exceedance for multiple components of the WQS.",NA,NA,NA,NA,NA,NA,NA,NA,NA,NA,NA
"1202UWB0579A","1202-0016",TRUE,"fishing","aquatic_chronic","ammonia","total","ug/l",11,1,0,0,0,6,"none",NA,NA,NA,NA,NA,NA,NA,NA,NA,NA,NA
"1202UWB0579A","1202-0016",TRUE,"source_of_water_supply","health_water-source","ammonia","total","ug/l",11,1,0,0,0,0,"none",NA,NA,NA,NA,NA,NA,NA,NA,NA,NA,NA
"1202UWB0579A","1202-0016",TRUE,"source_of_water_supply","aesthetic_water-supply","manganese","total","ug/l",12,1,5,1,0,0,"none",NA,NA,NA,NA,NA,NA,NA,NA,NA,NA,NA
"1202UWB0579A","1202-0016",TRUE,"source_of_water_supply","aesthetic_water-supply","iron","total","ug/l",12,1,8,1,0,0,"none",NA,NA,NA,NA,NA,NA,NA,NA,NA,NA,NA
"1202UWB0579A","1202-0016",TRUE,"source_of_water_supply","health_water-source","copper","total","ug/l",12,1,0,0,0,0,"none",NA,NA,NA,NA,NA,NA,NA,NA,NA,NA,NA
"1202UWB0579A","1202-0016",TRUE,"source_of_water_supply","health_water-source","arsenic","total","ug/l",12,1,0,0,0,0,"none",NA,NA,NA,NA,NA,NA,NA,NA,NA,NA,NA
"1202UWB0589A",NA,NA,NA,NA,NA,NA,NA,NA,NA,NA,NA,NA,NA,NA,NA,NA,NA,NA,NA,NA,NA,NA,NA,NA,NA
"1202UWB0599","1202-0038",NA,NA,NA,NA,NA,NA,NA,NA,NA,NA,NA,NA,NA,44,"Richmondville Reservoir","NY4700097","RICHMONDVILLE VILLAGE","Community water system","Surface water","Schoharie","RICHMONDVILLE (V)",918,7,"Local government"
"1203HER0798F",NA,NA,NA,NA,NA,NA,NA,NA,NA,NA,NA,NA,NA,NA,NA,NA,NA,NA,NA,NA,NA,NA,NA,NA,NA
"1203HIN0799","1203-0022",TRUE,"source_of_water_supply","health_water-source","ammonia","total","ug/l",5,2,0,0,0,0,"none",NA,NA,NA,NA,NA,NA,NA,NA,NA,NA,NA
"1203HIN0799","1203-0022",TRUE,"source_of_water_supply","health_water-source","arsenic","total","ug/l",8,2,0,0,0,0,"none",NA,NA,NA,NA,NA,NA,NA,NA,NA,NA,NA
"1203HIN0799","1203-0022",TRUE,"fishing","none","dissolved_oxygen","dissolved","mg/l",4,2,1,1,0,0,"n_exceedances may not be intiutive for this parameter because there are multiple components to the WQS. n_exceedances may be greater than n_samples_collected if a single sample was marked as an exceedance for multiple components of the WQS.",NA,NA,NA,NA,NA,NA,NA,NA,NA,NA,NA
"1203HIN0799","1203-0022",TRUE,"source_of_water_supply","health_water-source","magnesium","total","ug/l",6,1,0,0,0,0,"none",NA,NA,NA,NA,NA,NA,NA,NA,NA,NA,NA
"1203HIN0799","1203-0022",FALSE,"source_of_water_supply","health_water-source","sulfate","total","ug/l",5,1,0,0,0,0,"none",NA,NA,NA,NA,NA,NA,NA,NA,NA,NA,NA
"1203HIN0799","1203-0022",TRUE,"fishing","none","ph","total","ph_units",4,2,1,1,0,0,"none",NA,NA,NA,NA,NA,NA,NA,NA,NA,NA,NA
"1203HIN0799","1203-0022",TRUE,"fishing","aquatic_chronic","nitrite","total","ug/l",6,2,0,0,0,0,"none",NA,NA,NA,NA,NA,NA,NA,NA,NA,NA,NA
"1203HIN0799","1203-0022",FALSE,"source_of_water_supply","health_water-source","chloride","total","ug/l",7,1,0,0,0,0,"none",NA,NA,NA,NA,NA,NA,NA,NA,NA,NA,NA
"1203HIN0799","1203-0022",TRUE,"source_of_water_supply","aesthetic_water-supply","iron","total","ug/l",8,2,4,2,0,0,"none",NA,NA,NA,NA,NA,NA,NA,NA,NA,NA,NA
"1203HIN0799","1203-0022",TRUE,"source_of_water_supply","aesthetic_water-supply","manganese","total","ug/l",7,2,0,0,0,0,"none",NA,NA,NA,NA,NA,NA,NA,NA,NA,NA,NA
"1203HIN0799","1203-0022",FALSE,"source_of_water_supply","health_water-source","nitrate_nitrite","total","ug/l",7,1,0,0,0,0,"none",NA,NA,NA,NA,NA,NA,NA,NA,NA,NA,NA
"1203HIN0799","1203-0022",FALSE,"source_of_water_supply","aesthetic_water-supply","iron","total","ug/l",7,1,2,1,0,0,"none",NA,NA,NA,NA,NA,NA,NA,NA,NA,NA,NA
"1203HIN0799","1203-0022",FALSE,"secondary_contact_recreation","recreation","phosphorus","total","ug/l",4,1,0,0,0,0,"none",NA,NA,NA,NA,NA,NA,NA,NA,NA,NA,NA
"1203HIN0799","1203-0022",TRUE,"source_of_water_supply","health_water-source","chloride","total","ug/l",8,2,0,0,0,0,"none",NA,NA,NA,NA,NA,NA,NA,NA,NA,NA,NA
"1203HIN0799","1203-0022",TRUE,"source_of_water_supply","health_water-source","nitrate","total","ug/l",4,2,0,0,0,0,"none",NA,NA,NA,NA,NA,NA,NA,NA,NA,NA,NA
"1203HIN0799","1203-0022",FALSE,"source_of_water_supply","health_water-source","magnesium","total","ug/l",7,1,0,0,0,0,"none",NA,NA,NA,NA,NA,NA,NA,NA,NA,NA,NA
"1203HIN0799","1203-0022",FALSE,"source_of_water_supply","aesthetic_water-supply","manganese","total","ug/l",7,1,0,0,0,0,"none",NA,NA,NA,NA,NA,NA,NA,NA,NA,NA,NA
"1203HIN0799","1203-0022",FALSE,"fishing","aquatic_chronic","ammonia","total","ug/l",7,1,0,0,0,7,"none",NA,NA,NA,NA,NA,NA,NA,NA,NA,NA,NA
"1203HIN0799","1203-0022",TRUE,"fishing","aquatic_chronic","ammonia","total","ug/l",5,2,0,0,0,5,"none",NA,NA,NA,NA,NA,NA,NA,NA,NA,NA,NA
"1203HIN0799","1203-0022",FALSE,"primary_contact_recreation","recreation","phosphorus","total","ug/l",4,1,0,0,0,0,"none",NA,NA,NA,NA,NA,NA,NA,NA,NA,NA,NA
"1203HIN0799","1203-0022",TRUE,"primary_contact_recreation","recreation","phosphorus","total","ug/l",3,2,0,0,0,0,"none",NA,NA,NA,NA,NA,NA,NA,NA,NA,NA,NA
"1203HIN0799","1203-0022",TRUE,"source_of_water_supply","health_water-source","nitrate_nitrite","total","ug/l",6,2,0,0,0,0,"none",NA,NA,NA,NA,NA,NA,NA,NA,NA,NA,NA
"1203HIN0799","1203-0022",FALSE,"source_of_water_supply","health_water-source","arsenic","total","ug/l",2,1,0,0,0,0,"none",NA,NA,NA,NA,NA,NA,NA,NA,NA,NA,NA
"1203HIN0799","1203-0022",TRUE,"secondary_contact_recreation","recreation","phosphorus","total","ug/l",3,2,0,0,0,0,"none",NA,NA,NA,NA,NA,NA,NA,NA,NA,NA,NA
"1203HIN0799","1203-0022",TRUE,"source_of_water_supply","health_water-source","sulfate","total","ug/l",8,2,0,0,0,0,"none",NA,NA,NA,NA,NA,NA,NA,NA,NA,NA,NA
"1203HIN0799","1203-0022",FALSE,"source_of_water_supply","health_water-source","ammonia","total","ug/l",7,1,0,0,0,0,"none",NA,NA,NA,NA,NA,NA,NA,NA,NA,NA,NA
"1203HIN0799","1203-0022",TRUE,"source_of_water_supply","health_water-source","nitrite","total","ug/l",6,2,0,0,0,0,"none",NA,NA,NA,NA,NA,NA,NA,NA,NA,NA,NA
"1301ALC0185","1301-0232",FALSE,"source_of_water_supply","health_water-source","ammonia","total","ug/l",9,1,0,0,0,0,"none",4,"Alcove Reservoir","NY0100189","ALBANY CITY","Community water system","Surface water","Albany","ALBANY (C)",101082,12,"Local government"
"1301ALC0185","1301-0232",FALSE,"fishing","aquatic_chronic","ammonia","total","ug/l",9,1,0,0,0,9,"none",4,"Alcove Reservoir","NY0100189","ALBANY CITY","Community water system","Surface water","Albany","ALBANY (C)",101082,12,"Local government"
"1301ALC0185","1301-0232",FALSE,"source_of_water_supply","health_water-source","nitrate_nitrite","total","ug/l",9,1,0,0,0,0,"none",4,"Alcove Reservoir","NY0100189","ALBANY CITY","Community water system","Surface water","Albany","ALBANY (C)",101082,12,"Local government"
"1301ALC0185","1301-0232",FALSE,"primary_contact_recreation","recreation","phosphorus","total","ug/l",4,1,0,0,0,0,"none",4,"Alcove Reservoir","NY0100189","ALBANY CITY","Community water system","Surface water","Albany","ALBANY (C)",101082,12,"Local government"
"1301ALC0185","1301-0232",FALSE,"secondary_contact_recreation","recreation","phosphorus","total","ug/l",4,1,0,0,0,0,"none",4,"Alcove Reservoir","NY0100189","ALBANY CITY","Community water system","Surface water","Albany","ALBANY (C)",101082,12,"Local government"
"1301BOG0200","1301-0173",TRUE,"source_of_water_supply","health_water-source","copper","total","ug/l",2,1,0,0,0,0,"none",NA,NA,NA,NA,NA,NA,NA,NA,NA,NA,NA
"1301BOG0200","1301-0173",TRUE,"fishing","aquatic_chronic","ammonia","total","ug/l",2,1,0,0,0,1,"none",NA,NA,NA,NA,NA,NA,NA,NA,NA,NA,NA
"1301BOG0200","1301-0173",TRUE,"fishing","none","dissolved_oxygen","dissolved","mg/l",1,1,2,1,0,0,"n_exceedances may not be intiutive for this parameter because there are multiple components to the WQS. n_exceedances may be greater than n_samples_collected if a single sample was marked as an exceedance for multiple components of the WQS.",NA,NA,NA,NA,NA,NA,NA,NA,NA,NA,NA
"1301BOG0200","1301-0173",TRUE,"source_of_water_supply","aesthetic_water-supply","manganese","total","ug/l",2,1,1,1,0,0,"none",NA,NA,NA,NA,NA,NA,NA,NA,NA,NA,NA
"1301BOG0200","1301-0173",TRUE,"source_of_water_supply","health_water-source","arsenic","total","ug/l",1,1,0,0,0,0,"none",NA,NA,NA,NA,NA,NA,NA,NA,NA,NA,NA
"1301BOG0200","1301-0173",TRUE,"source_of_water_supply","aesthetic_water-supply","iron","total","ug/l",2,1,1,1,0,0,"none",NA,NA,NA,NA,NA,NA,NA,NA,NA,NA,NA
"1301BOG0200","1301-0173",TRUE,"source_of_water_supply","health_water-source","ammonia","total","ug/l",2,1,0,0,0,0,"none",NA,NA,NA,NA,NA,NA,NA,NA,NA,NA,NA
"1301BOG0200","1301-0173",TRUE,"fishing","none","ph","total","ph_units",1,1,1,1,0,0,"none",NA,NA,NA,NA,NA,NA,NA,NA,NA,NA,NA
"1301BOG0200","1301-0173",TRUE,"source_of_water_supply","health_water-source","sulfate","total","ug/l",2,1,0,0,0,0,"none",NA,NA,NA,NA,NA,NA,NA,NA,NA,NA,NA
"1301BOG0200","1301-0173",TRUE,"source_of_water_supply","health_water-source","nitrate_nitrite","total","ug/l",2,1,0,0,0,0,"none",NA,NA,NA,NA,NA,NA,NA,NA,NA,NA,NA
"1301BRO0155","1301-0229",NA,NA,NA,NA,NA,NA,NA,NA,NA,NA,NA,NA,NA,NA,NA,NA,NA,NA,NA,NA,NA,NA,NA,NA
"1301CAM0163A",NA,NA,NA,NA,NA,NA,NA,NA,NA,NA,NA,NA,NA,NA,NA,NA,NA,NA,NA,NA,NA,NA,NA,NA,NA
"1301CHA0341A","1301-0190",TRUE,"source_of_water_supply","health_water-source","nitrate_nitrite","total","ug/l",11,2,0,0,0,0,"none",NA,NA,NA,NA,NA,NA,NA,NA,NA,NA,NA
"1301CHA0341A","1301-0190",FALSE,"source_of_water_supply","health_water-source","ammonia","total","ug/l",9,1,0,0,0,0,"none",NA,NA,NA,NA,NA,NA,NA,NA,NA,NA,NA
"1301CHA0341A","1301-0190",TRUE,"fishing","none","dissolved_oxygen","dissolved","mg/l",8,2,16,2,0,0,"n_exceedances may not be intiutive for this parameter because there are multiple components to the WQS. n_exceedances may be greater than n_samples_collected if a single sample was marked as an exceedance for multiple components of the WQS.",NA,NA,NA,NA,NA,NA,NA,NA,NA,NA,NA
"1301CHA0341A","1301-0190",TRUE,"source_of_water_supply","health_water-source","ammonia","total","ug/l",11,2,0,0,0,0,"none",NA,NA,NA,NA,NA,NA,NA,NA,NA,NA,NA
"1301CHA0341A","1301-0190",TRUE,"secondary_contact_recreation","recreation","phosphorus","total","ug/l",6,2,1,1,0,0,"none",NA,NA,NA,NA,NA,NA,NA,NA,NA,NA,NA
"1301CHA0341A","1301-0190",TRUE,"source_of_water_supply","health_water-source","chloride","total","ug/l",6,1,0,0,0,0,"none",NA,NA,NA,NA,NA,NA,NA,NA,NA,NA,NA
"1301CHA0341A","1301-0190",TRUE,"fishing","aquatic_chronic","nitrite","total","ug/l",4,1,0,0,0,0,"none",NA,NA,NA,NA,NA,NA,NA,NA,NA,NA,NA
"1301CHA0341A","1301-0190",TRUE,"source_of_water_supply","aesthetic_water-supply","manganese","total","ug/l",6,2,3,2,0,0,"none",NA,NA,NA,NA,NA,NA,NA,NA,NA,NA,NA
"1301CHA0341A","1301-0190",TRUE,"source_of_water_supply","health_water-source","arsenic","total","ug/l",7,2,0,0,0,0,"none",NA,NA,NA,NA,NA,NA,NA,NA,NA,NA,NA
"1301CHA0341A","1301-0190",TRUE,"fishing","aquatic_chronic","ammonia","total","ug/l",11,2,0,0,0,8,"none",NA,NA,NA,NA,NA,NA,NA,NA,NA,NA,NA
"1301CHA0341A","1301-0190",TRUE,"source_of_water_supply","health_water-source","nitrate","total","ug/l",4,1,0,0,0,0,"none",NA,NA,NA,NA,NA,NA,NA,NA,NA,NA,NA
"1301CHA0341A","1301-0190",TRUE,"source_of_water_supply","aesthetic_water-supply","iron","total","ug/l",6,2,2,2,0,0,"none",NA,NA,NA,NA,NA,NA,NA,NA,NA,NA,NA
"1301CHA0341A","1301-0190",TRUE,"source_of_water_supply","health_water-source","sulfate","total","ug/l",13,2,0,0,0,0,"none",NA,NA,NA,NA,NA,NA,NA,NA,NA,NA,NA
"1301CHA0341A","1301-0190",TRUE,"primary_contact_recreation","recreation","phosphorus","total","ug/l",6,2,1,1,0,0,"none",NA,NA,NA,NA,NA,NA,NA,NA,NA,NA,NA
"1301CHA0341A","1301-0190",TRUE,"source_of_water_supply","health_water-source","magnesium","total","ug/l",6,1,0,0,0,0,"none",NA,NA,NA,NA,NA,NA,NA,NA,NA,NA,NA
"1301CHA0341A","1301-0190",TRUE,"source_of_water_supply","health_water-source","nitrite","total","ug/l",4,1,0,0,0,0,"none",NA,NA,NA,NA,NA,NA,NA,NA,NA,NA,NA
"1301CHA0341A","1301-0190",FALSE,"secondary_contact_recreation","recreation","phosphorus","total","ug/l",5,2,2,2,0,0,"none",NA,NA,NA,NA,NA,NA,NA,NA,NA,NA,NA
"1301CHA0341A","1301-0190",FALSE,"source_of_water_supply","health_water-source","arsenic","total","ug/l",3,1,0,0,0,0,"none",NA,NA,NA,NA,NA,NA,NA,NA,NA,NA,NA
"1301CHA0341A","1301-0190",FALSE,"source_of_water_supply","health_water-source","nitrate_nitrite","total","ug/l",10,2,0,0,0,0,"none",NA,NA,NA,NA,NA,NA,NA,NA,NA,NA,NA
"1301CHA0341A","1301-0190",FALSE,"primary_contact_recreation","recreation","phosphorus","total","ug/l",5,2,2,2,0,0,"none",NA,NA,NA,NA,NA,NA,NA,NA,NA,NA,NA
"1301CHA0341A","1301-0190",TRUE,"fishing","none","ph","total","ph_units",8,2,0,0,0,0,"none",NA,NA,NA,NA,NA,NA,NA,NA,NA,NA,NA
"1301CHA0341A","1301-0190",FALSE,"fishing","aquatic_chronic","ammonia","total","ug/l",9,1,0,0,0,9,"none",NA,NA,NA,NA,NA,NA,NA,NA,NA,NA,NA
"1301CHA0341A","1301-0190",FALSE,"source_of_water_supply","health_water-source","magnesium","total","ug/l",2,1,0,0,0,0,"none",NA,NA,NA,NA,NA,NA,NA,NA,NA,NA,NA
"1301CHO0437","1301-0208",TRUE,"source_of_water_supply","health_water-source","sulfate","total","ug/l",8,2,0,0,0,0,"none",NA,NA,NA,NA,NA,NA,NA,NA,NA,NA,NA
"1301CHO0437","1301-0208",TRUE,"source_of_water_supply","health_water-source","arsenic","total","ug/l",3,2,0,0,0,0,"none",NA,NA,NA,NA,NA,NA,NA,NA,NA,NA,NA
"1301CHO0437","1301-0208",TRUE,"fishing","none","dissolved_oxygen","dissolved","mg/l",4,2,8,2,0,0,"n_exceedances may not be intiutive for this parameter because there are multiple components to the WQS. n_exceedances may be greater than n_samples_collected if a single sample was marked as an exceedance for multiple components of the WQS.",NA,NA,NA,NA,NA,NA,NA,NA,NA,NA,NA
"1301CHO0437","1301-0208",TRUE,"fishing","aquatic_chronic","ammonia","total","ug/l",9,2,0,0,0,5,"none",NA,NA,NA,NA,NA,NA,NA,NA,NA,NA,NA
"1301CHO0437","1301-0208",TRUE,"fishing","none","ph","total","ph_units",4,2,0,0,0,0,"none",NA,NA,NA,NA,NA,NA,NA,NA,NA,NA,NA
"1301CHO0437","1301-0208",TRUE,"secondary_contact_recreation","recreation","phosphorus","total","ug/l",3,1,1,1,0,0,"none",NA,NA,NA,NA,NA,NA,NA,NA,NA,NA,NA
"1301CHO0437","1301-0208",TRUE,"primary_contact_recreation","recreation","phosphorus","total","ug/l",3,1,1,1,0,0,"none",NA,NA,NA,NA,NA,NA,NA,NA,NA,NA,NA
"1301CHO0437","1301-0208",TRUE,"source_of_water_supply","health_water-source","nitrate_nitrite","total","ug/l",5,2,0,0,0,0,"none",NA,NA,NA,NA,NA,NA,NA,NA,NA,NA,NA
"1301CHO0437","1301-0208",TRUE,"source_of_water_supply","health_water-source","copper","total","ug/l",1,1,0,0,0,0,"none",NA,NA,NA,NA,NA,NA,NA,NA,NA,NA,NA
"1301CHO0437","1301-0208",TRUE,"source_of_water_supply","health_water-source","ammonia","total","ug/l",9,2,0,0,0,0,"none",NA,NA,NA,NA,NA,NA,NA,NA,NA,NA,NA
"1301CHO0437","1301-0208",TRUE,"source_of_water_supply","aesthetic_water-supply","manganese","total","ug/l",3,2,3,2,0,0,"none",NA,NA,NA,NA,NA,NA,NA,NA,NA,NA,NA
"1301CHO0437","1301-0208",TRUE,"source_of_water_supply","aesthetic_water-supply","iron","total","ug/l",3,2,3,2,0,0,"none",NA,NA,NA,NA,NA,NA,NA,NA,NA,NA,NA
"1301COX0152B","1301-0227",NA,NA,NA,NA,NA,NA,NA,NA,NA,NA,NA,NA,NA,18,"Coxsackie Reservoir","NY1900027","COXSACKIE VILLAGE","Community water system","Surface water","Greene","COXSACKIE (T), COXSACKIE (V), NEW BALTIMORE (T)",4010,9,"Local government"
"1301FER0028C",NA,NA,NA,NA,NA,NA,NA,NA,NA,NA,NA,NA,NA,NA,NA,NA,NA,NA,NA,NA,NA,NA,NA,NA,NA
"1301FIR0150A","1301-0128",FALSE,"fishing","aquatic_chronic","ammonia","total","ug/l",3,1,0,0,0,3,"none",3,"First, Second and Third Reservoirs","NY4303673","SUEZ WATER NEW YORK","Community water system","Surface water","Rockland","CLARKSTOWN (T)",270000,211,"Private"
"1301FIR0150A","1301-0128",FALSE,"source_of_water_supply","health_water-source","ammonia","total","ug/l",3,1,0,0,0,0,"none",3,"First, Second and Third Reservoirs","NY4303673","SUEZ WATER NEW YORK","Community water system","Surface water","Rockland","CLARKSTOWN (T)",270000,211,"Private"
"1301FIR0150A","1301-0128",FALSE,"secondary_contact_recreation","recreation","phosphorus","total","ug/l",2,1,0,0,0,0,"none",3,"First, Second and Third Reservoirs","NY4303673","SUEZ WATER NEW YORK","Community water system","Surface water","Rockland","CLARKSTOWN (T)",270000,211,"Private"
"1301FIR0150A","1301-0128",FALSE,"primary_contact_recreation","recreation","phosphorus","total","ug/l",2,1,0,0,0,0,"none",3,"First, Second and Third Reservoirs","NY4303673","SUEZ WATER NEW YORK","Community water system","Surface water","Rockland","CLARKSTOWN (T)",270000,211,"Private"
"1301FIR0150A","1301-0128",FALSE,"source_of_water_supply","health_water-source","nitrate_nitrite","total","ug/l",3,1,0,0,0,0,"none",3,"First, Second and Third Reservoirs","NY4303673","SUEZ WATER NEW YORK","Community water system","Surface water","Rockland","CLARKSTOWN (T)",270000,211,"Private"
"1301JER1042","1702-0102",NA,NA,NA,NA,NA,NA,NA,NA,NA,NA,NA,NA,NA,NA,NA,NA,NA,NA,NA,NA,NA,NA,NA,NA
"1301LUS0204","1301-0174",NA,NA,NA,NA,NA,NA,NA,NA,NA,NA,NA,NA,NA,14,"Lusk Reservoir","NY3511887","U.S.M.A. - LUSK SYSTEM","Community water system","Surface water","Orange","HIGHLANDS (T)",8000,5,"Federal government"
"1301MEL0331","1301-0183",TRUE,"source_of_water_supply","health_water-source","arsenic","total","ug/l",8,2,0,0,0,0,"none",NA,NA,NA,NA,NA,NA,NA,NA,NA,NA,NA
"1301MEL0331","1301-0183",TRUE,"source_of_water_supply","health_water-source","nitrite","total","ug/l",6,1,0,0,0,0,"none",NA,NA,NA,NA,NA,NA,NA,NA,NA,NA,NA
"1301MEL0331","1301-0183",TRUE,"source_of_water_supply","health_water-source","nitrate_nitrite","total","ug/l",10,2,0,0,0,0,"none",NA,NA,NA,NA,NA,NA,NA,NA,NA,NA,NA
"1301MEL0331","1301-0183",TRUE,"source_of_water_supply","health_water-source","nitrate","total","ug/l",6,1,0,0,0,0,"none",NA,NA,NA,NA,NA,NA,NA,NA,NA,NA,NA
"1301MEL0331","1301-0183",TRUE,"source_of_water_supply","health_water-source","magnesium","total","ug/l",8,1,0,0,0,0,"none",NA,NA,NA,NA,NA,NA,NA,NA,NA,NA,NA
"1301MEL0331","1301-0183",TRUE,"source_of_water_supply","health_water-source","chloride","total","ug/l",8,2,0,0,0,0,"none",NA,NA,NA,NA,NA,NA,NA,NA,NA,NA,NA
"1301MEL0331","1301-0183",TRUE,"source_of_water_supply","health_water-source","ammonia","total","ug/l",8,2,0,0,0,0,"none",NA,NA,NA,NA,NA,NA,NA,NA,NA,NA,NA
"1301MEL0331","1301-0183",TRUE,"secondary_contact_recreation","recreation","phosphorus","total","ug/l",5,2,1,1,0,0,"none",NA,NA,NA,NA,NA,NA,NA,NA,NA,NA,NA
"1301MEL0331","1301-0183",TRUE,"fishing","aquatic_chronic","nitrite","total","ug/l",6,1,0,0,0,0,"none",NA,NA,NA,NA,NA,NA,NA,NA,NA,NA,NA
"1301MEL0331","1301-0183",TRUE,"fishing","aquatic_chronic","ammonia","total","ug/l",8,2,0,0,0,8,"none",NA,NA,NA,NA,NA,NA,NA,NA,NA,NA,NA
"1301MEL0331","1301-0183",TRUE,"fishing","none","ph","total","ph_units",2,1,0,0,0,0,"none",NA,NA,NA,NA,NA,NA,NA,NA,NA,NA,NA
"1301MEL0331","1301-0183",TRUE,"source_of_water_supply","aesthetic_water-supply","iron","total","ug/l",10,2,7,2,0,0,"none",NA,NA,NA,NA,NA,NA,NA,NA,NA,NA,NA
"1301MEL0331","1301-0183",TRUE,"source_of_water_supply","health_water-source","sulfate","total","ug/l",10,2,0,0,0,0,"none",NA,NA,NA,NA,NA,NA,NA,NA,NA,NA,NA
"1301MEL0331","1301-0183",TRUE,"source_of_water_supply","aesthetic_water-supply","manganese","total","ug/l",9,2,1,1,0,0,"none",NA,NA,NA,NA,NA,NA,NA,NA,NA,NA,NA
"1301MEL0331","1301-0183",TRUE,"fishing","none","dissolved_oxygen","dissolved","mg/l",2,1,2,1,0,0,"n_exceedances may not be intiutive for this parameter because there are multiple components to the WQS. n_exceedances may be greater than n_samples_collected if a single sample was marked as an exceedance for multiple components of the WQS.",NA,NA,NA,NA,NA,NA,NA,NA,NA,NA,NA
"1301MEL0331","1301-0183",TRUE,"primary_contact_recreation","recreation","phosphorus","total","ug/l",5,2,1,1,0,0,"none",NA,NA,NA,NA,NA,NA,NA,NA,NA,NA,NA
"1301POP0191","1301-0164",FALSE,"fishing","none","dissolved_oxygen","dissolved","mg/l",1,1,2,1,0,0,"n_exceedances may not be intiutive for this parameter because there are multiple components to the WQS. n_exceedances may be greater than n_samples_collected if a single sample was marked as an exceedance for multiple components of the WQS.",NA,NA,NA,NA,NA,NA,NA,NA,NA,NA,NA
"1301POP0191","1301-0164",FALSE,"source_of_water_supply","health_water-source","ammonia","total","ug/l",1,1,0,0,0,0,"none",NA,NA,NA,NA,NA,NA,NA,NA,NA,NA,NA
"1301POP0191","1301-0164",FALSE,"source_of_water_supply","health_water-source","chloride","total","ug/l",2,1,0,0,0,0,"none",NA,NA,NA,NA,NA,NA,NA,NA,NA,NA,NA
"1301POP0191","1301-0164",FALSE,"source_of_water_supply","aesthetic_water-supply","iron","total","ug/l",2,1,0,0,0,0,"none",NA,NA,NA,NA,NA,NA,NA,NA,NA,NA,NA
"1301POP0191","1301-0164",FALSE,"source_of_water_supply","health_water-source","sulfate","total","ug/l",2,1,0,0,0,0,"none",NA,NA,NA,NA,NA,NA,NA,NA,NA,NA,NA
"1301POP0191","1301-0164",FALSE,"source_of_water_supply","aesthetic_water-supply","manganese","total","ug/l",2,1,1,1,0,0,"none",NA,NA,NA,NA,NA,NA,NA,NA,NA,NA,NA
"1301POP0191","1301-0164",FALSE,"source_of_water_supply","health_water-source","magnesium","total","ug/l",2,1,0,0,0,0,"none",NA,NA,NA,NA,NA,NA,NA,NA,NA,NA,NA
"1301POP0191","1301-0164",FALSE,"fishing","none","ph","total","ph_units",1,1,0,0,0,0,"none",NA,NA,NA,NA,NA,NA,NA,NA,NA,NA,NA
"1301POP0191","1301-0164",FALSE,"fishing","aquatic_chronic","ammonia","total","ug/l",1,1,0,0,0,1,"none",NA,NA,NA,NA,NA,NA,NA,NA,NA,NA,NA
"1301POP0191","1301-0164",FALSE,"source_of_water_supply","health_water-source","nitrate_nitrite","total","ug/l",2,1,0,0,0,0,"none",NA,NA,NA,NA,NA,NA,NA,NA,NA,NA,NA
"1301QUE0184A","1301-0056",TRUE,"fishing","aquatic_acute","arsenic","dissolved","ug/l",2,1,0,0,0,0,"none",21,"Queensboro Lk, Turkey Hill Pd, others","NY4317681","BEAR MOUNTAIN WATER SUPPLY","Community water system","Surface water","Orange, Rockland","HIGHLANDS (T), STONY POINT (T), WOODBURY (T)",3564,14,"State government"
"1301QUE0184A","1301-0056",TRUE,"primary_contact_recreation","recreation","phosphorus","total","ug/l",1,1,0,0,0,0,"none",21,"Queensboro Lk, Turkey Hill Pd, others","NY4317681","BEAR MOUNTAIN WATER SUPPLY","Community water system","Surface water","Orange, Rockland","HIGHLANDS (T), STONY POINT (T), WOODBURY (T)",3564,14,"State government"
"1301QUE0184A","1301-0056",TRUE,"source_of_water_supply","health_water-source","magnesium","total","ug/l",2,1,0,0,0,0,"none",21,"Queensboro Lk, Turkey Hill Pd, others","NY4317681","BEAR MOUNTAIN WATER SUPPLY","Community water system","Surface water","Orange, Rockland","HIGHLANDS (T), STONY POINT (T), WOODBURY (T)",3564,14,"State government"
"1301QUE0184A","1301-0056",TRUE,"fishing","aquatic_acute","copper","dissolved","ug/l",2,1,0,0,0,0,"none",21,"Queensboro Lk, Turkey Hill Pd, others","NY4317681","BEAR MOUNTAIN WATER SUPPLY","Community water system","Surface water","Orange, Rockland","HIGHLANDS (T), STONY POINT (T), WOODBURY (T)",3564,14,"State government"
"1301QUE0184A","1301-0056",TRUE,"source_of_water_supply","aesthetic_water-supply","manganese","total","ug/l",2,1,1,1,0,0,"none",21,"Queensboro Lk, Turkey Hill Pd, others","NY4317681","BEAR MOUNTAIN WATER SUPPLY","Community water system","Surface water","Orange, Rockland","HIGHLANDS (T), STONY POINT (T), WOODBURY (T)",3564,14,"State government"
"1301QUE0184A","1301-0056",FALSE,"fishing","aquatic_chronic","ammonia","total","ug/l",7,1,0,0,0,7,"none",21,"Queensboro Lk, Turkey Hill Pd, others","NY4317681","BEAR MOUNTAIN WATER SUPPLY","Community water system","Surface water","Orange, Rockland","HIGHLANDS (T), STONY POINT (T), WOODBURY (T)",3564,14,"State government"
"1301QUE0184A","1301-0056",TRUE,"fishing","none","total_dissolved_solids","dissolved","mg/l",2,1,0,0,0,0,"none",21,"Queensboro Lk, Turkey Hill Pd, others","NY4317681","BEAR MOUNTAIN WATER SUPPLY","Community water system","Surface water","Orange, Rockland","HIGHLANDS (T), STONY POINT (T), WOODBURY (T)",3564,14,"State government"
"1301QUE0184A","1301-0056",TRUE,"fishing","aquatic_chronic","aluminum","dissolved","ug/l",2,1,0,0,0,0,"none",21,"Queensboro Lk, Turkey Hill Pd, others","NY4317681","BEAR MOUNTAIN WATER SUPPLY","Community water system","Surface water","Orange, Rockland","HIGHLANDS (T), STONY POINT (T), WOODBURY (T)",3564,14,"State government"
"1301QUE0184A","1301-0056",FALSE,"source_of_water_supply","aesthetic_water-supply","manganese","total","ug/l",7,1,3,1,0,0,"none",21,"Queensboro Lk, Turkey Hill Pd, others","NY4317681","BEAR MOUNTAIN WATER SUPPLY","Community water system","Surface water","Orange, Rockland","HIGHLANDS (T), STONY POINT (T), WOODBURY (T)",3564,14,"State government"
"1301QUE0184A","1301-0056",TRUE,"source_of_water_supply","health_water-source","chloride","total","ug/l",2,1,0,0,0,0,"none",21,"Queensboro Lk, Turkey Hill Pd, others","NY4317681","BEAR MOUNTAIN WATER SUPPLY","Community water system","Surface water","Orange, Rockland","HIGHLANDS (T), STONY POINT (T), WOODBURY (T)",3564,14,"State government"
"1301QUE0184A","1301-0056",TRUE,"fishing","aquatic_chronic","zinc","dissolved","ug/l",2,1,0,0,0,0,"none",21,"Queensboro Lk, Turkey Hill Pd, others","NY4317681","BEAR MOUNTAIN WATER SUPPLY","Community water system","Surface water","Orange, Rockland","HIGHLANDS (T), STONY POINT (T), WOODBURY (T)",3564,14,"State government"
"1301QUE0184A","1301-0056",TRUE,"fishing","aquatic_acute","nickel","dissolved","ug/l",2,1,0,0,0,0,"none",21,"Queensboro Lk, Turkey Hill Pd, others","NY4317681","BEAR MOUNTAIN WATER SUPPLY","Community water system","Surface water","Orange, Rockland","HIGHLANDS (T), STONY POINT (T), WOODBURY (T)",3564,14,"State government"
"1301QUE0184A","1301-0056",FALSE,"primary_contact_recreation","recreation","phosphorus","total","ug/l",6,2,1,1,0,0,"none",21,"Queensboro Lk, Turkey Hill Pd, others","NY4317681","BEAR MOUNTAIN WATER SUPPLY","Community water system","Surface water","Orange, Rockland","HIGHLANDS (T), STONY POINT (T), WOODBURY (T)",3564,14,"State government"
"1301QUE0184A","1301-0056",FALSE,"source_of_water_supply","health_water-source","ammonia","total","ug/l",7,1,0,0,0,0,"none",21,"Queensboro Lk, Turkey Hill Pd, others","NY4317681","BEAR MOUNTAIN WATER SUPPLY","Community water system","Surface water","Orange, Rockland","HIGHLANDS (T), STONY POINT (T), WOODBURY (T)",3564,14,"State government"
"1301QUE0184A","1301-0056",TRUE,"source_of_water_supply","health_water-source","nickel","total","ug/l",2,1,0,0,0,0,"none",21,"Queensboro Lk, Turkey Hill Pd, others","NY4317681","BEAR MOUNTAIN WATER SUPPLY","Community water system","Surface water","Orange, Rockland","HIGHLANDS (T), STONY POINT (T), WOODBURY (T)",3564,14,"State government"
"1301QUE0184A","1301-0056",FALSE,"source_of_water_supply","health_water-source","nitrate_nitrite","total","ug/l",7,1,0,0,0,0,"none",21,"Queensboro Lk, Turkey Hill Pd, others","NY4317681","BEAR MOUNTAIN WATER SUPPLY","Community water system","Surface water","Orange, Rockland","HIGHLANDS (T), STONY POINT (T), WOODBURY (T)",3564,14,"State government"
"1301QUE0184A","1301-0056",TRUE,"fishing","aquatic_chronic","nickel","dissolved","ug/l",2,1,0,0,0,0,"none",21,"Queensboro Lk, Turkey Hill Pd, others","NY4317681","BEAR MOUNTAIN WATER SUPPLY","Community water system","Surface water","Orange, Rockland","HIGHLANDS (T), STONY POINT (T), WOODBURY (T)",3564,14,"State government"
"1301QUE0184A","1301-0056",FALSE,"secondary_contact_recreation","recreation","phosphorus","total","ug/l",6,2,1,1,0,0,"none",21,"Queensboro Lk, Turkey Hill Pd, others","NY4317681","BEAR MOUNTAIN WATER SUPPLY","Community water system","Surface water","Orange, Rockland","HIGHLANDS (T), STONY POINT (T), WOODBURY (T)",3564,14,"State government"
"1301QUE0184A","1301-0056",FALSE,"source_of_water_supply","aesthetic_water-supply","iron","total","ug/l",7,1,3,1,0,0,"none",21,"Queensboro Lk, Turkey Hill Pd, others","NY4317681","BEAR MOUNTAIN WATER SUPPLY","Community water system","Surface water","Orange, Rockland","HIGHLANDS (T), STONY POINT (T), WOODBURY (T)",3564,14,"State government"
"1301QUE0184A","1301-0056",TRUE,"fishing","aquatic_acute","zinc","dissolved","ug/l",2,1,0,0,0,0,"none",21,"Queensboro Lk, Turkey Hill Pd, others","NY4317681","BEAR MOUNTAIN WATER SUPPLY","Community water system","Surface water","Orange, Rockland","HIGHLANDS (T), STONY POINT (T), WOODBURY (T)",3564,14,"State government"
"1301QUE0184A","1301-0056",TRUE,"source_of_water_supply","health_water-source","copper","total","ug/l",2,1,0,0,0,0,"none",21,"Queensboro Lk, Turkey Hill Pd, others","NY4317681","BEAR MOUNTAIN WATER SUPPLY","Community water system","Surface water","Orange, Rockland","HIGHLANDS (T), STONY POINT (T), WOODBURY (T)",3564,14,"State government"
"1301QUE0184A","1301-0056",TRUE,"fishing","none","dissolved_oxygen","dissolved","mg/l",1,1,2,1,0,0,"n_exceedances may not be intiutive for this parameter because there are multiple components to the WQS. n_exceedances may be greater than n_samples_collected if a single sample was marked as an exceedance for multiple components of the WQS.",21,"Queensboro Lk, Turkey Hill Pd, others","NY4317681","BEAR MOUNTAIN WATER SUPPLY","Community water system","Surface water","Orange, Rockland","HIGHLANDS (T), STONY POINT (T), WOODBURY (T)",3564,14,"State government"
"1301QUE0184A","1301-0056",TRUE,"source_of_water_supply","health_water-source","ammonia","total","ug/l",2,1,0,0,0,0,"none",21,"Queensboro Lk, Turkey Hill Pd, others","NY4317681","BEAR MOUNTAIN WATER SUPPLY","Community water system","Surface water","Orange, Rockland","HIGHLANDS (T), STONY POINT (T), WOODBURY (T)",3564,14,"State government"
"1301QUE0184A","1301-0056",TRUE,"secondary_contact_recreation","recreation","phosphorus","total","ug/l",1,1,0,0,0,0,"none",21,"Queensboro Lk, Turkey Hill Pd, others","NY4317681","BEAR MOUNTAIN WATER SUPPLY","Community water system","Surface water","Orange, Rockland","HIGHLANDS (T), STONY POINT (T), WOODBURY (T)",3564,14,"State government"
"1301QUE0184A","1301-0056",TRUE,"source_of_water_supply","health_water-source","nitrate","total","ug/l",2,1,0,0,0,0,"none",21,"Queensboro Lk, Turkey Hill Pd, others","NY4317681","BEAR MOUNTAIN WATER SUPPLY","Community water system","Surface water","Orange, Rockland","HIGHLANDS (T), STONY POINT (T), WOODBURY (T)",3564,14,"State government"
"1301QUE0184A","1301-0056",TRUE,"source_of_water_supply","health_water-source","sulfate","total","ug/l",2,1,0,0,0,0,"none",21,"Queensboro Lk, Turkey Hill Pd, others","NY4317681","BEAR MOUNTAIN WATER SUPPLY","Community water system","Surface water","Orange, Rockland","HIGHLANDS (T), STONY POINT (T), WOODBURY (T)",3564,14,"State government"
"1301QUE0184A","1301-0056",TRUE,"fishing","aquatic_chronic","copper","dissolved","ug/l",2,1,0,0,0,0,"none",21,"Queensboro Lk, Turkey Hill Pd, others","NY4317681","BEAR MOUNTAIN WATER SUPPLY","Community water system","Surface water","Orange, Rockland","HIGHLANDS (T), STONY POINT (T), WOODBURY (T)",3564,14,"State government"
"1301QUE0184A","1301-0056",TRUE,"fishing","aquatic_chronic","ammonia","total","ug/l",2,1,0,0,0,2,"none",21,"Queensboro Lk, Turkey Hill Pd, others","NY4317681","BEAR MOUNTAIN WATER SUPPLY","Community water system","Surface water","Orange, Rockland","HIGHLANDS (T), STONY POINT (T), WOODBURY (T)",3564,14,"State government"
"1301QUE0184A","1301-0056",TRUE,"fishing","aquatic_chronic","arsenic","dissolved","ug/l",2,1,0,0,0,0,"none",21,"Queensboro Lk, Turkey Hill Pd, others","NY4317681","BEAR MOUNTAIN WATER SUPPLY","Community water system","Surface water","Orange, Rockland","HIGHLANDS (T), STONY POINT (T), WOODBURY (T)",3564,14,"State government"
"1301QUE0184A","1301-0056",TRUE,"primary_contact_recreation","none","total_dissolved_solids","dissolved","mg/l",2,1,0,0,0,0,"none",21,"Queensboro Lk, Turkey Hill Pd, others","NY4317681","BEAR MOUNTAIN WATER SUPPLY","Community water system","Surface water","Orange, Rockland","HIGHLANDS (T), STONY POINT (T), WOODBURY (T)",3564,14,"State government"
"1301QUE0184A","1301-0056",TRUE,"source_of_water_supply","none","total_dissolved_solids","dissolved","mg/l",2,1,0,0,0,0,"none",21,"Queensboro Lk, Turkey Hill Pd, others","NY4317681","BEAR MOUNTAIN WATER SUPPLY","Community water system","Surface water","Orange, Rockland","HIGHLANDS (T), STONY POINT (T), WOODBURY (T)",3564,14,"State government"
"1301QUE0184A","1301-0056",FALSE,"source_of_water_supply","health_water-source","chloride","total","ug/l",7,1,0,0,0,0,"none",21,"Queensboro Lk, Turkey Hill Pd, others","NY4317681","BEAR MOUNTAIN WATER SUPPLY","Community water system","Surface water","Orange, Rockland","HIGHLANDS (T), STONY POINT (T), WOODBURY (T)",3564,14,"State government"
"1301QUE0184A","1301-0056",TRUE,"source_of_water_supply","health_water-source","arsenic","total","ug/l",2,1,0,0,0,0,"none",21,"Queensboro Lk, Turkey Hill Pd, others","NY4317681","BEAR MOUNTAIN WATER SUPPLY","Community water system","Surface water","Orange, Rockland","HIGHLANDS (T), STONY POINT (T), WOODBURY (T)",3564,14,"State government"
"1301QUE0184A","1301-0056",TRUE,"fishing","none","ph","total","ph_units",1,1,0,0,0,0,"none",21,"Queensboro Lk, Turkey Hill Pd, others","NY4317681","BEAR MOUNTAIN WATER SUPPLY","Community water system","Surface water","Orange, Rockland","HIGHLANDS (T), STONY POINT (T), WOODBURY (T)",3564,14,"State government"
"1301QUE0184A","1301-0056",FALSE,"source_of_water_supply","health_water-source","magnesium","total","ug/l",7,1,0,0,0,0,"none",21,"Queensboro Lk, Turkey Hill Pd, others","NY4317681","BEAR MOUNTAIN WATER SUPPLY","Community water system","Surface water","Orange, Rockland","HIGHLANDS (T), STONY POINT (T), WOODBURY (T)",3564,14,"State government"
"1301QUE0184A","1301-0056",TRUE,"source_of_water_supply","aesthetic_water-supply","iron","total","ug/l",2,1,1,1,0,0,"none",21,"Queensboro Lk, Turkey Hill Pd, others","NY4317681","BEAR MOUNTAIN WATER SUPPLY","Community water system","Surface water","Orange, Rockland","HIGHLANDS (T), STONY POINT (T), WOODBURY (T)",3564,14,"State government"
"1301QUE0184A","1301-0056",FALSE,"source_of_water_supply","health_water-source","sulfate","total","ug/l",7,1,0,0,0,0,"none",21,"Queensboro Lk, Turkey Hill Pd, others","NY4317681","BEAR MOUNTAIN WATER SUPPLY","Community water system","Surface water","Orange, Rockland","HIGHLANDS (T), STONY POINT (T), WOODBURY (T)",3564,14,"State government"
"1301QUE0184A","1301-0056",TRUE,"secondary_contact_recreation","none","total_dissolved_solids","dissolved","mg/l",2,1,0,0,0,0,"none",21,"Queensboro Lk, Turkey Hill Pd, others","NY4317681","BEAR MOUNTAIN WATER SUPPLY","Community water system","Surface water","Orange, Rockland","HIGHLANDS (T), STONY POINT (T), WOODBURY (T)",3564,14,"State government"
"1301SLE6666","1301-0059",FALSE,"source_of_water_supply","health_water-source","ammonia","total","ug/l",58,5,0,0,0,0,"none",NA,NA,NA,NA,NA,NA,NA,NA,NA,NA,NA
"1301SLE6666","1301-0059",TRUE,"fishing","aquatic_chronic","nitrite","total","ug/l",4,1,0,0,0,0,"none",NA,NA,NA,NA,NA,NA,NA,NA,NA,NA,NA
"1301SLE6666","1301-0059",FALSE,"source_of_water_supply","health_water-source","nitrite","total","ug/l",1,1,0,0,0,0,"none",NA,NA,NA,NA,NA,NA,NA,NA,NA,NA,NA
"1301SLE6666","1301-0059",FALSE,"source_of_water_supply","health_water-source","sulfate","total","ug/l",2,1,2,1,0,0,"none",NA,NA,NA,NA,NA,NA,NA,NA,NA,NA,NA
"1301SLE6666","1301-0059",TRUE,"fishing","aquatic_chronic","ammonia","total","ug/l",118,9,0,0,0,118,"none",NA,NA,NA,NA,NA,NA,NA,NA,NA,NA,NA
"1301SLE6666","1301-0059",FALSE,"fishing","aquatic_chronic","fluoride","total","ug/l",2,1,0,0,0,2,"none",NA,NA,NA,NA,NA,NA,NA,NA,NA,NA,NA
"1301SLE6666","1301-0059",FALSE,"primary_contact_recreation","recreation","phosphorus","total","ug/l",31,5,3,3,0,0,"none",NA,NA,NA,NA,NA,NA,NA,NA,NA,NA,NA
"1301SLE6666","1301-0059",FALSE,"fishing","aquatic_chronic","nitrite","total","ug/l",1,1,0,0,0,0,"none",NA,NA,NA,NA,NA,NA,NA,NA,NA,NA,NA
"1301SLE6666","1301-0059",FALSE,"source_of_water_supply","aesthetic_water-supply","iron","total","ug/l",2,1,2,1,0,0,"none",NA,NA,NA,NA,NA,NA,NA,NA,NA,NA,NA
"1301SLE6666","1301-0059",FALSE,"secondary_contact_recreation","recreation","phosphorus","total","ug/l",31,5,3,3,0,0,"none",NA,NA,NA,NA,NA,NA,NA,NA,NA,NA,NA
"1301SLE6666","1301-0059",TRUE,"source_of_water_supply","health_water-source","nitrate_nitrite","total","ug/l",53,8,0,0,0,0,"none",NA,NA,NA,NA,NA,NA,NA,NA,NA,NA,NA
"1301SLE6666","1301-0059",FALSE,"source_of_water_supply","health_water-source","fluoride","total","ug/l",2,1,2,1,0,0,"none",NA,NA,NA,NA,NA,NA,NA,NA,NA,NA,NA
"1301SLE6666","1301-0059",FALSE,"source_of_water_supply","health_water-source","chloride","total","ug/l",2,1,2,1,0,0,"none",NA,NA,NA,NA,NA,NA,NA,NA,NA,NA,NA
"1301SLE6666","1301-0059",TRUE,"source_of_water_supply","health_water-source","nitrite","total","ug/l",4,1,0,0,0,0,"none",NA,NA,NA,NA,NA,NA,NA,NA,NA,NA,NA
"1301SLE6666","1301-0059",TRUE,"source_of_water_supply","health_water-source","chloride","total","ug/l",28,8,0,0,0,0,"none",NA,NA,NA,NA,NA,NA,NA,NA,NA,NA,NA
"1301SLE6666","1301-0059",TRUE,"source_of_water_supply","health_water-source","ammonia","total","ug/l",118,9,0,0,0,0,"none",NA,NA,NA,NA,NA,NA,NA,NA,NA,NA,NA
"1301SLE6666","1301-0059",FALSE,"source_of_water_supply","health_water-source","nitrate_nitrite","total","ug/l",42,6,0,0,0,0,"none",NA,NA,NA,NA,NA,NA,NA,NA,NA,NA,NA
"1301SLE6666","1301-0059",FALSE,"source_of_water_supply","health_water-source","arsenic","total","ug/l",8,4,0,0,0,0,"none",NA,NA,NA,NA,NA,NA,NA,NA,NA,NA,NA
"1301SLE6666","1301-0059",TRUE,"secondary_contact_recreation","recreation","phosphorus","total","ug/l",63,8,4,4,0,0,"none",NA,NA,NA,NA,NA,NA,NA,NA,NA,NA,NA
"1301SLE6666","1301-0059",TRUE,"primary_contact_recreation","recreation","phosphorus","total","ug/l",63,8,4,4,0,0,"none",NA,NA,NA,NA,NA,NA,NA,NA,NA,NA,NA
"1301SLE6666","1301-0059",FALSE,"source_of_water_supply","aesthetic_water-supply","manganese","total","ug/l",2,1,2,1,0,0,"none",NA,NA,NA,NA,NA,NA,NA,NA,NA,NA,NA
"1301SLE6666","1301-0059",FALSE,"fishing","aquatic_chronic","ammonia","total","ug/l",58,5,0,0,0,58,"none",NA,NA,NA,NA,NA,NA,NA,NA,NA,NA,NA
"1301STI0187A","1301-0166",FALSE,"fishing","none","dissolved_oxygen","dissolved","mg/l",1,1,2,1,0,0,"n_exceedances may not be intiutive for this parameter because there are multiple components to the WQS. n_exceedances may be greater than n_samples_collected if a single sample was marked as an exceedance for multiple components of the WQS.",NA,NA,NA,NA,NA,NA,NA,NA,NA,NA,NA
"1301STI0187A","1301-0166",FALSE,"fishing","aquatic_chronic","ammonia","total","ug/l",1,1,0,0,0,1,"none",NA,NA,NA,NA,NA,NA,NA,NA,NA,NA,NA
"1301STI0187A","1301-0166",FALSE,"source_of_water_supply","aesthetic_water-supply","iron","total","ug/l",2,1,1,1,0,0,"none",NA,NA,NA,NA,NA,NA,NA,NA,NA,NA,NA
"1301STI0187A","1301-0166",FALSE,"source_of_water_supply","aesthetic_water-supply","manganese","total","ug/l",2,1,1,1,0,0,"none",NA,NA,NA,NA,NA,NA,NA,NA,NA,NA,NA
"1301STI0187A","1301-0166",FALSE,"source_of_water_supply","health_water-source","nitrate_nitrite","total","ug/l",2,1,0,0,0,0,"none",NA,NA,NA,NA,NA,NA,NA,NA,NA,NA,NA
"1301STI0187A","1301-0166",FALSE,"source_of_water_supply","health_water-source","sulfate","total","ug/l",2,1,0,0,0,0,"none",NA,NA,NA,NA,NA,NA,NA,NA,NA,NA,NA
"1301STI0187A","1301-0166",FALSE,"source_of_water_supply","health_water-source","magnesium","total","ug/l",2,1,0,0,0,0,"none",NA,NA,NA,NA,NA,NA,NA,NA,NA,NA,NA
"1301STI0187A","1301-0166",FALSE,"fishing","none","ph","total","ph_units",1,1,0,0,0,0,"none",NA,NA,NA,NA,NA,NA,NA,NA,NA,NA,NA
"1301STI0187A","1301-0166",FALSE,"source_of_water_supply","health_water-source","ammonia","total","ug/l",1,1,0,0,0,0,"none",NA,NA,NA,NA,NA,NA,NA,NA,NA,NA,NA
"1301STI0187A","1301-0166",FALSE,"source_of_water_supply","health_water-source","chloride","total","ug/l",2,1,0,0,0,0,"none",NA,NA,NA,NA,NA,NA,NA,NA,NA,NA,NA
"1301SUM0193","1301-0165",FALSE,"primary_contact_recreation","recreation","phosphorus","total","ug/l",5,1,1,1,0,0,"none",46,"Bull Pond, Barnes Lake, Summit Lake","NY3517676","SUMMIT LAKE WS","Transient non-community system","Surface water","Orange","WOODBURY (T)",900,8,"State government"
"1301SUM0193","1301-0165",FALSE,"source_of_water_supply","health_water-source","nitrate_nitrite","total","ug/l",6,1,0,0,0,0,"none",46,"Bull Pond, Barnes Lake, Summit Lake","NY3517676","SUMMIT LAKE WS","Transient non-community system","Surface water","Orange","WOODBURY (T)",900,8,"State government"
"1301SUM0193","1301-0165",FALSE,"fishing","aquatic_chronic","ammonia","total","ug/l",6,1,0,0,0,6,"none",46,"Bull Pond, Barnes Lake, Summit Lake","NY3517676","SUMMIT LAKE WS","Transient non-community system","Surface water","Orange","WOODBURY (T)",900,8,"State government"
"1301SUM0193","1301-0165",FALSE,"secondary_contact_recreation","recreation","phosphorus","total","ug/l",5,1,1,1,0,0,"none",46,"Bull Pond, Barnes Lake, Summit Lake","NY3517676","SUMMIT LAKE WS","Transient non-community system","Surface water","Orange","WOODBURY (T)",900,8,"State government"
"1301SUM0193","1301-0165",FALSE,"source_of_water_supply","health_water-source","ammonia","total","ug/l",6,1,0,0,0,0,"none",46,"Bull Pond, Barnes Lake, Summit Lake","NY3517676","SUMMIT LAKE WS","Transient non-community system","Surface water","Orange","WOODBURY (T)",900,8,"State government"
"1301TIO0152","1301-0129",NA,NA,NA,NA,NA,NA,NA,NA,NA,NA,NA,NA,NA,43,"Lake Tiorati","NY3517682","LAKE TIORATI WS","Transient non-community system","Surface water","Orange","WOODBURY (T)",999,4,"State government"
"1301UWB0215B",NA,NA,NA,NA,NA,NA,NA,NA,NA,NA,NA,NA,NA,NA,NA,NA,NA,NA,NA,NA,NA,NA,NA,NA,NA
"1301UWB0413",NA,NA,NA,NA,NA,NA,NA,NA,NA,NA,NA,NA,NA,NA,NA,NA,NA,NA,NA,NA,NA,NA,NA,NA,NA
"1301UWB0438P",NA,NA,NA,NA,NA,NA,NA,NA,NA,NA,NA,NA,NA,NA,NA,NA,NA,NA,NA,NA,NA,NA,NA,NA,NA
"1301UWB5426",NA,NA,NA,NA,NA,NA,NA,NA,NA,NA,NA,NA,NA,NA,NA,NA,NA,NA,NA,NA,NA,NA,NA,NA,NA
"1301VLY0262A","1301-0234",TRUE,"source_of_water_supply","health_water-source","sulfate","total","ug/l",13,2,0,0,0,0,"none",NA,NA,NA,NA,NA,NA,NA,NA,NA,NA,NA
"1301VLY0262A","1301-0234",TRUE,"primary_contact_recreation","recreation","phosphorus","total","ug/l",2,1,0,0,0,0,"none",NA,NA,NA,NA,NA,NA,NA,NA,NA,NA,NA
"1301VLY0262A","1301-0234",TRUE,"fishing","aquatic_chronic","nitrite","total","ug/l",7,1,0,0,0,0,"none",NA,NA,NA,NA,NA,NA,NA,NA,NA,NA,NA
"1301VLY0262A","1301-0234",TRUE,"fishing","none","dissolved_oxygen","dissolved","mg/l",7,2,13,2,0,0,"n_exceedances may not be intiutive for this parameter because there are multiple components to the WQS. n_exceedances may be greater than n_samples_collected if a single sample was marked as an exceedance for multiple components of the WQS.",NA,NA,NA,NA,NA,NA,NA,NA,NA,NA,NA
"1301VLY0262A","1301-0234",TRUE,"fishing","none","ph","total","ph_units",7,2,0,0,0,0,"none",NA,NA,NA,NA,NA,NA,NA,NA,NA,NA,NA
"1301VLY0262A","1301-0234",TRUE,"source_of_water_supply","health_water-source","nitrate_nitrite","total","ug/l",14,2,0,0,0,0,"none",NA,NA,NA,NA,NA,NA,NA,NA,NA,NA,NA
"1301VLY0262A","1301-0234",TRUE,"source_of_water_supply","health_water-source","nitrate","total","ug/l",5,1,0,0,0,0,"none",NA,NA,NA,NA,NA,NA,NA,NA,NA,NA,NA
"1301VLY0262A","1301-0234",TRUE,"source_of_water_supply","health_water-source","copper","total","ug/l",8,1,0,0,0,0,"none",NA,NA,NA,NA,NA,NA,NA,NA,NA,NA,NA
"1301VLY0262A","1301-0234",TRUE,"source_of_water_supply","health_water-source","nitrite","total","ug/l",7,1,0,0,0,0,"none",NA,NA,NA,NA,NA,NA,NA,NA,NA,NA,NA
"1301VLY0262A","1301-0234",TRUE,"secondary_contact_recreation","recreation","phosphorus","total","ug/l",2,1,0,0,0,0,"none",NA,NA,NA,NA,NA,NA,NA,NA,NA,NA,NA
"1301VLY0262A","1301-0234",TRUE,"source_of_water_supply","health_water-source","magnesium","total","ug/l",8,1,0,0,0,0,"none",NA,NA,NA,NA,NA,NA,NA,NA,NA,NA,NA
"1301VLY0262A","1301-0234",TRUE,"fishing","aquatic_chronic","ammonia","total","ug/l",11,2,0,0,0,8,"none",NA,NA,NA,NA,NA,NA,NA,NA,NA,NA,NA
"1301VLY0262A","1301-0234",TRUE,"source_of_water_supply","health_water-source","ammonia","total","ug/l",11,2,0,0,0,0,"none",NA,NA,NA,NA,NA,NA,NA,NA,NA,NA,NA
"1301VLY0262A","1301-0234",TRUE,"source_of_water_supply","health_water-source","chloride","total","ug/l",8,1,0,0,0,0,"none",NA,NA,NA,NA,NA,NA,NA,NA,NA,NA,NA
"1301VLY0262A","1301-0234",TRUE,"source_of_water_supply","health_water-source","arsenic","total","ug/l",14,2,0,0,0,0,"none",NA,NA,NA,NA,NA,NA,NA,NA,NA,NA,NA
"1301VLY0262A","1301-0234",TRUE,"source_of_water_supply","aesthetic_water-supply","iron","total","ug/l",16,2,4,1,0,0,"none",NA,NA,NA,NA,NA,NA,NA,NA,NA,NA,NA
"1301VLY0262A","1301-0234",TRUE,"source_of_water_supply","aesthetic_water-supply","manganese","total","ug/l",15,2,5,2,0,0,"none",NA,NA,NA,NA,NA,NA,NA,NA,NA,NA,NA
"1301WIC0183A","1301-0153",TRUE,"source_of_water_supply","health_water-source","nitrite","total","ug/l",6,2,0,0,0,0,"none",NA,NA,NA,NA,NA,NA,NA,NA,NA,NA,NA
"1301WIC0183A","1301-0153",TRUE,"fishing","none","ph","total","ph_units",4,2,1,1,0,0,"none",NA,NA,NA,NA,NA,NA,NA,NA,NA,NA,NA
"1301WIC0183A","1301-0153",TRUE,"source_of_water_supply","aesthetic_water-supply","iron","total","ug/l",7,2,2,2,0,0,"none",NA,NA,NA,NA,NA,NA,NA,NA,NA,NA,NA
"1301WIC0183A","1301-0153",TRUE,"fishing","aquatic_chronic","ammonia","total","ug/l",5,1,0,0,0,5,"none",NA,NA,NA,NA,NA,NA,NA,NA,NA,NA,NA
"1301WIC0183A","1301-0153",TRUE,"fishing","aquatic_chronic","nitrite","total","ug/l",6,2,0,0,0,0,"none",NA,NA,NA,NA,NA,NA,NA,NA,NA,NA,NA
"1301WIC0183A","1301-0153",TRUE,"source_of_water_supply","health_water-source","chloride","total","ug/l",6,2,0,0,0,0,"none",NA,NA,NA,NA,NA,NA,NA,NA,NA,NA,NA
"1301WIC0183A","1301-0153",TRUE,"source_of_water_supply","health_water-source","ammonia","total","ug/l",5,1,0,0,0,0,"none",NA,NA,NA,NA,NA,NA,NA,NA,NA,NA,NA
"1301WIC0183A","1301-0153",TRUE,"source_of_water_supply","aesthetic_water-supply","manganese","total","ug/l",7,2,1,1,0,0,"none",NA,NA,NA,NA,NA,NA,NA,NA,NA,NA,NA
"1301WIC0183A","1301-0153",TRUE,"source_of_water_supply","health_water-source","sulfate","total","ug/l",8,2,0,0,0,0,"none",NA,NA,NA,NA,NA,NA,NA,NA,NA,NA,NA
"1301WIC0183A","1301-0153",TRUE,"secondary_contact_recreation","recreation","phosphorus","total","ug/l",4,2,0,0,0,0,"none",NA,NA,NA,NA,NA,NA,NA,NA,NA,NA,NA
"1301WIC0183A","1301-0153",TRUE,"source_of_water_supply","health_water-source","nitrate_nitrite","total","ug/l",8,2,0,0,0,0,"none",NA,NA,NA,NA,NA,NA,NA,NA,NA,NA,NA
"1301WIC0183A","1301-0153",TRUE,"source_of_water_supply","health_water-source","nitrate","total","ug/l",4,1,0,0,0,0,"none",NA,NA,NA,NA,NA,NA,NA,NA,NA,NA,NA
"1301WIC0183A","1301-0153",TRUE,"fishing","none","dissolved_oxygen","dissolved","mg/l",4,2,3,1,0,0,"n_exceedances may not be intiutive for this parameter because there are multiple components to the WQS. n_exceedances may be greater than n_samples_collected if a single sample was marked as an exceedance for multiple components of the WQS.",NA,NA,NA,NA,NA,NA,NA,NA,NA,NA,NA
"1301WIC0183A","1301-0153",TRUE,"source_of_water_supply","health_water-source","magnesium","total","ug/l",5,1,0,0,0,0,"none",NA,NA,NA,NA,NA,NA,NA,NA,NA,NA,NA
"1301WIC0183A","1301-0153",TRUE,"source_of_water_supply","health_water-source","arsenic","total","ug/l",6,2,0,0,0,0,"none",NA,NA,NA,NA,NA,NA,NA,NA,NA,NA,NA
"1301WIC0183A","1301-0153",TRUE,"primary_contact_recreation","recreation","phosphorus","total","ug/l",4,2,0,0,0,0,"none",NA,NA,NA,NA,NA,NA,NA,NA,NA,NA,NA
"1302AMA0050","1302-0044",NA,NA,NA,NA,NA,NA,NA,NA,NA,NA,NA,NA,NA,NA,NA,NA,NA,NA,NA,NA,NA,NA,NA,NA
"1302BOG0086","1302-0041",NA,NA,NA,NA,NA,NA,NA,NA,NA,NA,NA,NA,NA,NA,NA,NA,NA,NA,NA,NA,NA,NA,NA,NA
"1302CRO0059",NA,NA,NA,NA,NA,NA,NA,NA,NA,NA,NA,NA,NA,NA,NA,NA,NA,NA,NA,NA,NA,NA,NA,NA,NA
"1302CRO0109","1302-0005",NA,NA,NA,NA,NA,NA,NA,NA,NA,NA,NA,NA,NA,NA,NA,NA,NA,NA,NA,NA,NA,NA,NA,NA
"1302DIV0083","1302-0046",NA,NA,NA,NA,NA,NA,NA,NA,NA,NA,NA,NA,NA,NA,NA,NA,NA,NA,NA,NA,NA,NA,NA,NA
"1302EAS0089",NA,NA,NA,NA,NA,NA,NA,NA,NA,NA,NA,NA,NA,NA,NA,NA,NA,NA,NA,NA,NA,NA,NA,NA,NA
"1302GIL0061","1302-0024",NA,NA,NA,NA,NA,NA,NA,NA,NA,NA,NA,NA,NA,NA,NA,NA,NA,NA,NA,NA,NA,NA,NA,NA
"1302GLE0074","1302-0025",NA,NA,NA,NA,NA,NA,NA,NA,NA,NA,NA,NA,NA,NA,NA,NA,NA,NA,NA,NA,NA,NA,NA,NA
"1302IND0042B","1302-0067",NA,NA,NA,NA,NA,NA,NA,NA,NA,NA,NA,NA,NA,5,"Indian Brook Reservoir","NY5903451","OSSINING WATER DEPARTMENT","Community water system","Surface water","Westchester","OSSINING (T)",30000,14,"Local government"
"1302KIR0052","1302-0080",TRUE,"fishing","aquatic_chronic","arsenic","dissolved","ug/l",2,1,0,0,0,0,"none",NA,NA,NA,NA,NA,NA,NA,NA,NA,NA,NA
"1302KIR0052","1302-0080",TRUE,"fishing","aquatic_chronic","aluminum","dissolved","ug/l",2,1,0,0,0,0,"none",NA,NA,NA,NA,NA,NA,NA,NA,NA,NA,NA
"1302KIR0052","1302-0080",TRUE,"fishing","aquatic_chronic","ammonia","total","ug/l",65,9,0,0,0,65,"none",NA,NA,NA,NA,NA,NA,NA,NA,NA,NA,NA
"1302KIR0052","1302-0080",TRUE,"fishing","aquatic_chronic","nickel","dissolved","ug/l",2,1,0,0,0,0,"none",NA,NA,NA,NA,NA,NA,NA,NA,NA,NA,NA
"1302KIR0052","1302-0080",TRUE,"secondary_contact_recreation","none","total_dissolved_solids","dissolved","mg/l",2,1,0,0,0,0,"none",NA,NA,NA,NA,NA,NA,NA,NA,NA,NA,NA
"1302KIR0052","1302-0080",TRUE,"fishing","none","ph","total","ph_units",1,1,0,0,0,0,"none",NA,NA,NA,NA,NA,NA,NA,NA,NA,NA,NA
"1302KIR0052","1302-0080",TRUE,"fishing","none","dissolved_oxygen","dissolved","mg/l",1,1,2,1,0,0,"n_exceedances may not be intiutive for this parameter because there are multiple components to the WQS. n_exceedances may be greater than n_samples_collected if a single sample was marked as an exceedance for multiple components of the WQS.",NA,NA,NA,NA,NA,NA,NA,NA,NA,NA,NA
"1302KIR0052","1302-0080",TRUE,"primary_contact_recreation","none","total_dissolved_solids","dissolved","mg/l",2,1,0,0,0,0,"none",NA,NA,NA,NA,NA,NA,NA,NA,NA,NA,NA
"1302KIR0052","1302-0080",FALSE,"fishing","aquatic_chronic","ammonia","total","ug/l",16,2,0,0,0,16,"none",NA,NA,NA,NA,NA,NA,NA,NA,NA,NA,NA
"1302KIR0052","1302-0080",FALSE,"secondary_contact_recreation","recreation","phosphorus","total","ug/l",16,2,2,2,0,0,"none",NA,NA,NA,NA,NA,NA,NA,NA,NA,NA,NA
"1302KIR0052","1302-0080",TRUE,"fishing","aquatic_chronic","zinc","dissolved","ug/l",2,1,0,0,0,0,"none",NA,NA,NA,NA,NA,NA,NA,NA,NA,NA,NA
"1302KIR0052","1302-0080",TRUE,"primary_contact_recreation","recreation","phosphorus","total","ug/l",61,8,8,8,0,0,"none",NA,NA,NA,NA,NA,NA,NA,NA,NA,NA,NA
"1302KIR0052","1302-0080",TRUE,"fishing","aquatic_acute","arsenic","dissolved","ug/l",2,1,0,0,0,0,"none",NA,NA,NA,NA,NA,NA,NA,NA,NA,NA,NA
"1302KIR0052","1302-0080",TRUE,"fishing","none","total_dissolved_solids","dissolved","mg/l",2,1,0,0,0,0,"none",NA,NA,NA,NA,NA,NA,NA,NA,NA,NA,NA
"1302KIR0052","1302-0080",TRUE,"fishing","aquatic_acute","nickel","dissolved","ug/l",2,1,0,0,0,0,"none",NA,NA,NA,NA,NA,NA,NA,NA,NA,NA,NA
"1302KIR0052","1302-0080",FALSE,"primary_contact_recreation","recreation","phosphorus","total","ug/l",16,2,2,2,0,0,"none",NA,NA,NA,NA,NA,NA,NA,NA,NA,NA,NA
"1302KIR0052","1302-0080",TRUE,"fishing","aquatic_chronic","copper","dissolved","ug/l",2,1,0,0,0,0,"none",NA,NA,NA,NA,NA,NA,NA,NA,NA,NA,NA
"1302KIR0052","1302-0080",TRUE,"secondary_contact_recreation","recreation","phosphorus","total","ug/l",61,8,8,8,0,0,"none",NA,NA,NA,NA,NA,NA,NA,NA,NA,NA,NA
"1302KIR0052","1302-0080",TRUE,"fishing","aquatic_acute","zinc","dissolved","ug/l",2,1,0,0,0,0,"none",NA,NA,NA,NA,NA,NA,NA,NA,NA,NA,NA
"1302KIR0052","1302-0080",TRUE,"fishing","aquatic_acute","copper","dissolved","ug/l",2,1,0,0,0,0,"none",NA,NA,NA,NA,NA,NA,NA,NA,NA,NA,NA
"1302MAH0053","1302-0007",FALSE,"secondary_contact_recreation","recreation","phosphorus","total","ug/l",70,13,7,7,0,0,"none",35,"Lake Mahopac","NY3903644","CARMEL WD 8","Community water system","Surface water","Putnam","CARMEL (T)",1600,5,"Local government"
"1302MAH0053","1302-0007",FALSE,"primary_contact_recreation","recreation","phosphorus","total","ug/l",70,13,7,7,0,0,"none",35,"Lake Mahopac","NY3903644","CARMEL WD 8","Community water system","Surface water","Putnam","CARMEL (T)",1600,5,"Local government"
"1302MAH0053","1302-0007",FALSE,"source_of_water_supply","health_water-source","nitrate_nitrite","total","ug/l",59,13,0,0,0,0,"none",35,"Lake Mahopac","NY3903644","CARMEL WD 8","Community water system","Surface water","Putnam","CARMEL (T)",1600,5,"Local government"
"1302MAH0053","1302-0007",FALSE,"source_of_water_supply","health_water-source","ammonia","total","ug/l",4,1,0,0,0,0,"none",35,"Lake Mahopac","NY3903644","CARMEL WD 8","Community water system","Surface water","Putnam","CARMEL (T)",1600,5,"Local government"
"1302MAH0053","1302-0007",FALSE,"fishing","aquatic_chronic","ammonia","total","ug/l",4,1,0,0,0,4,"none",35,"Lake Mahopac","NY3903644","CARMEL WD 8","Community water system","Surface water","Putnam","CARMEL (T)",1600,5,"Local government"
"1302MID0062","1302-0009",NA,NA,NA,NA,NA,NA,NA,NA,NA,NA,NA,NA,NA,NA,NA,NA,NA,NA,NA,NA,NA,NA,NA,NA
"1302MUS0044A","1302-0042",NA,NA,NA,NA,NA,NA,NA,NA,NA,NA,NA,NA,NA,NA,NA,NA,NA,NA,NA,NA,NA,NA,NA,NA
"1302NEW0044","1302-0010",NA,NA,NA,NA,NA,NA,NA,NA,NA,NA,NA,NA,NA,NA,NA,NA,NA,NA,NA,NA,NA,NA,NA,NA
"1302TIT0103","1302-0035",NA,NA,NA,NA,NA,NA,NA,NA,NA,NA,NA,NA,NA,NA,NA,NA,NA,NA,NA,NA,NA,NA,NA,NA
"1302WES0067","1302-0022",NA,NA,NA,NA,NA,NA,NA,NA,NA,NA,NA,NA,NA,NA,NA,NA,NA,NA,NA,NA,NA,NA,NA,NA
"1303ALE0222D","1301-0181",NA,NA,NA,NA,NA,NA,NA,NA,NA,NA,NA,NA,NA,12,"Arthurs, Sphagnum, Tamarack Ponds and...","NY3503526","CORNWALL-ON-HUDSON","Community water system","Surface water","Orange","CORNWALL-ON-HUDSON (V)",9700,11,"Local government"
"1303BRO0226A","1303-0013",FALSE,"source_of_water_supply","health_water-source","sulfate","total","ug/l",1,1,0,0,0,0,"none",NA,NA,NA,NA,NA,NA,NA,NA,NA,NA,NA
"1303BRO0226A","1303-0013",TRUE,"source_of_water_supply","health_water-source","nitrate_nitrite","total","ug/l",4,1,0,0,0,0,"none",NA,NA,NA,NA,NA,NA,NA,NA,NA,NA,NA
"1303BRO0226A","1303-0013",FALSE,"fishing","none","ph","total","ph_units",1,1,1,1,0,0,"none",NA,NA,NA,NA,NA,NA,NA,NA,NA,NA,NA
"1303BRO0226A","1303-0013",FALSE,"source_of_water_supply","aesthetic_water-supply","iron","total","ug/l",1,1,0,0,0,0,"none",NA,NA,NA,NA,NA,NA,NA,NA,NA,NA,NA
"1303BRO0226A","1303-0013",TRUE,"source_of_water_supply","health_water-source","ammonia","total","ug/l",3,1,0,0,0,0,"none",NA,NA,NA,NA,NA,NA,NA,NA,NA,NA,NA
"1303BRO0226A","1303-0013",FALSE,"fishing","none","dissolved_oxygen","dissolved","mg/l",1,1,2,1,0,0,"n_exceedances may not be intiutive for this parameter because there are multiple components to the WQS. n_exceedances may be greater than n_samples_collected if a single sample was marked as an exceedance for multiple components of the WQS.",NA,NA,NA,NA,NA,NA,NA,NA,NA,NA,NA
"1303BRO0226A","1303-0013",FALSE,"fishing","aquatic_chronic","ammonia","total","ug/l",1,1,0,0,0,1,"none",NA,NA,NA,NA,NA,NA,NA,NA,NA,NA,NA
"1303BRO0226A","1303-0013",TRUE,"fishing","aquatic_chronic","ammonia","total","ug/l",3,1,0,0,0,0,"none",NA,NA,NA,NA,NA,NA,NA,NA,NA,NA,NA
"1303BRO0226A","1303-0013",FALSE,"source_of_water_supply","health_water-source","nitrate_nitrite","total","ug/l",1,1,0,0,0,0,"none",NA,NA,NA,NA,NA,NA,NA,NA,NA,NA,NA
"1303BRO0226A","1303-0013",FALSE,"source_of_water_supply","health_water-source","ammonia","total","ug/l",1,1,0,0,0,0,"none",NA,NA,NA,NA,NA,NA,NA,NA,NA,NA,NA
"1303BRO0226A","1303-0013",TRUE,"fishing","none","dissolved_oxygen","dissolved","mg/l",4,1,8,1,0,0,"n_exceedances may not be intiutive for this parameter because there are multiple components to the WQS. n_exceedances may be greater than n_samples_collected if a single sample was marked as an exceedance for multiple components of the WQS.",NA,NA,NA,NA,NA,NA,NA,NA,NA,NA,NA
"1303BRO0226A","1303-0013",TRUE,"source_of_water_supply","aesthetic_water-supply","iron","total","ug/l",4,1,0,0,0,0,"none",NA,NA,NA,NA,NA,NA,NA,NA,NA,NA,NA
"1303BRO0226A","1303-0013",TRUE,"source_of_water_supply","health_water-source","chloride","total","ug/l",4,1,0,0,0,0,"none",NA,NA,NA,NA,NA,NA,NA,NA,NA,NA,NA
"1303BRO0226A","1303-0013",TRUE,"source_of_water_supply","aesthetic_water-supply","manganese","total","ug/l",4,1,0,0,0,0,"none",NA,NA,NA,NA,NA,NA,NA,NA,NA,NA,NA
"1303BRO0226A","1303-0013",FALSE,"source_of_water_supply","health_water-source","magnesium","total","ug/l",1,1,0,0,0,0,"none",NA,NA,NA,NA,NA,NA,NA,NA,NA,NA,NA
"1303BRO0226A","1303-0013",FALSE,"source_of_water_supply","aesthetic_water-supply","manganese","total","ug/l",1,1,0,0,0,0,"none",NA,NA,NA,NA,NA,NA,NA,NA,NA,NA,NA
"1303BRO0226A","1303-0013",FALSE,"source_of_water_supply","health_water-source","chloride","total","ug/l",1,1,0,0,0,0,"none",NA,NA,NA,NA,NA,NA,NA,NA,NA,NA,NA
"1303BRO0226A","1303-0013",TRUE,"fishing","none","ph","total","ph_units",4,1,0,0,0,0,"none",NA,NA,NA,NA,NA,NA,NA,NA,NA,NA,NA
"1303BRO0226A","1303-0013",TRUE,"source_of_water_supply","health_water-source","sulfate","total","ug/l",4,1,0,0,0,0,"none",NA,NA,NA,NA,NA,NA,NA,NA,NA,NA,NA
"1303BRO0226A","1303-0013",TRUE,"source_of_water_supply","health_water-source","arsenic","total","ug/l",3,1,0,0,0,0,"none",NA,NA,NA,NA,NA,NA,NA,NA,NA,NA,NA
"1303UPP0223","1301-0182",NA,NA,NA,NA,NA,NA,NA,NA,NA,NA,NA,NA,NA,90,"Upper Reservoir","","","","","","",NA,NA,""
"1303WAL0257","1303-0004",FALSE,"primary_contact_recreation","recreation","phosphorus","total","ug/l",2,1,0,0,0,0,"none",22,"Walton Lake","NY3503524","CHESTER VILLAGE","Community water system","Surface water","Orange","CHESTER (V)",3448,8,"Local government"
"1303WAL0257","1303-0004",FALSE,"fishing","aquatic_chronic","fluoride","total","ug/l",7,1,0,0,0,7,"none",22,"Walton Lake","NY3503524","CHESTER VILLAGE","Community water system","Surface water","Orange","CHESTER (V)",3448,8,"Local government"
"1303WAL0257","1303-0004",FALSE,"source_of_water_supply","health_water-source","chloride","total","ug/l",7,1,7,1,0,0,"none",22,"Walton Lake","NY3503524","CHESTER VILLAGE","Community water system","Surface water","Orange","CHESTER (V)",3448,8,"Local government"
"1303WAL0257","1303-0004",FALSE,"fishing","aquatic_chronic","ammonia","total","ug/l",4,1,0,0,0,4,"none",22,"Walton Lake","NY3503524","CHESTER VILLAGE","Community water system","Surface water","Orange","CHESTER (V)",3448,8,"Local government"
"1303WAL0257","1303-0004",FALSE,"source_of_water_supply","health_water-source","nitrate_nitrite","total","ug/l",6,1,0,0,0,0,"none",22,"Walton Lake","NY3503524","CHESTER VILLAGE","Community water system","Surface water","Orange","CHESTER (V)",3448,8,"Local government"
"1303WAL0257","1303-0004",FALSE,"source_of_water_supply","health_water-source","sulfate","total","ug/l",7,1,0,0,0,0,"none",22,"Walton Lake","NY3503524","CHESTER VILLAGE","Community water system","Surface water","Orange","CHESTER (V)",3448,8,"Local government"
"1303WAL0257","1303-0004",FALSE,"source_of_water_supply","health_water-source","fluoride","total","ug/l",7,1,7,1,0,0,"none",22,"Walton Lake","NY3503524","CHESTER VILLAGE","Community water system","Surface water","Orange","CHESTER (V)",3448,8,"Local government"
"1303WAL0257","1303-0004",FALSE,"source_of_water_supply","health_water-source","ammonia","total","ug/l",4,1,0,0,0,0,"none",22,"Walton Lake","NY3503524","CHESTER VILLAGE","Community water system","Surface water","Orange","CHESTER (V)",3448,8,"Local government"
"1303WAL0257","1303-0004",FALSE,"secondary_contact_recreation","recreation","phosphorus","total","ug/l",2,1,0,0,0,0,"none",22,"Walton Lake","NY3503524","CHESTER VILLAGE","Community water system","Surface water","Orange","CHESTER (V)",3448,8,"Local government"
"1303WAS0225","1303-0012",TRUE,"fishing","aquatic_chronic","ammonia","total","ug/l",6,1,0,0,0,4,"none",NA,NA,NA,NA,NA,NA,NA,NA,NA,NA,NA
"1303WAS0225","1303-0012",FALSE,"source_of_water_supply","health_water-source","sulfate","total","ug/l",2,1,0,0,0,0,"none",NA,NA,NA,NA,NA,NA,NA,NA,NA,NA,NA
"1303WAS0225","1303-0012",TRUE,"fishing","none","ph","total","ph_units",4,1,0,0,0,0,"none",NA,NA,NA,NA,NA,NA,NA,NA,NA,NA,NA
"1303WAS0225","1303-0012",FALSE,"source_of_water_supply","health_water-source","chloride","total","ug/l",2,1,0,0,0,0,"none",NA,NA,NA,NA,NA,NA,NA,NA,NA,NA,NA
"1303WAS0225","1303-0012",FALSE,"fishing","none","ph","total","ph_units",1,1,1,1,0,0,"none",NA,NA,NA,NA,NA,NA,NA,NA,NA,NA,NA
"1303WAS0225","1303-0012",FALSE,"source_of_water_supply","health_water-source","ammonia","total","ug/l",1,1,0,0,0,0,"none",NA,NA,NA,NA,NA,NA,NA,NA,NA,NA,NA
"1303WAS0225","1303-0012",TRUE,"source_of_water_supply","aesthetic_water-supply","manganese","total","ug/l",8,1,4,1,0,0,"none",NA,NA,NA,NA,NA,NA,NA,NA,NA,NA,NA
"1303WAS0225","1303-0012",FALSE,"fishing","none","dissolved_oxygen","dissolved","mg/l",1,1,2,1,0,0,"n_exceedances may not be intiutive for this parameter because there are multiple components to the WQS. n_exceedances may be greater than n_samples_collected if a single sample was marked as an exceedance for multiple components of the WQS.",NA,NA,NA,NA,NA,NA,NA,NA,NA,NA,NA
"1303WAS0225","1303-0012",TRUE,"source_of_water_supply","health_water-source","chloride","total","ug/l",8,1,0,0,0,0,"none",NA,NA,NA,NA,NA,NA,NA,NA,NA,NA,NA
"1303WAS0225","1303-0012",TRUE,"source_of_water_supply","health_water-source","arsenic","total","ug/l",4,1,0,0,0,0,"none",NA,NA,NA,NA,NA,NA,NA,NA,NA,NA,NA
"1303WAS0225","1303-0012",FALSE,"fishing","aquatic_chronic","ammonia","total","ug/l",1,1,0,0,0,1,"none",NA,NA,NA,NA,NA,NA,NA,NA,NA,NA,NA
"1303WAS0225","1303-0012",FALSE,"source_of_water_supply","health_water-source","nitrate_nitrite","total","ug/l",2,1,0,0,0,0,"none",NA,NA,NA,NA,NA,NA,NA,NA,NA,NA,NA
"1303WAS0225","1303-0012",TRUE,"source_of_water_supply","health_water-source","ammonia","total","ug/l",6,1,0,0,0,0,"none",NA,NA,NA,NA,NA,NA,NA,NA,NA,NA,NA
"1303WAS0225","1303-0012",TRUE,"source_of_water_supply","health_water-source","nitrate_nitrite","total","ug/l",8,1,0,0,0,0,"none",NA,NA,NA,NA,NA,NA,NA,NA,NA,NA,NA
"1303WAS0225","1303-0012",TRUE,"fishing","none","dissolved_oxygen","dissolved","mg/l",4,1,8,1,0,0,"n_exceedances may not be intiutive for this parameter because there are multiple components to the WQS. n_exceedances may be greater than n_samples_collected if a single sample was marked as an exceedance for multiple components of the WQS.",NA,NA,NA,NA,NA,NA,NA,NA,NA,NA,NA
"1303WAS0225","1303-0012",TRUE,"source_of_water_supply","aesthetic_water-supply","iron","total","ug/l",8,1,0,0,0,0,"none",NA,NA,NA,NA,NA,NA,NA,NA,NA,NA,NA
"1303WAS0225","1303-0012",FALSE,"source_of_water_supply","aesthetic_water-supply","manganese","total","ug/l",2,1,1,1,0,0,"none",NA,NA,NA,NA,NA,NA,NA,NA,NA,NA,NA
"1303WAS0225","1303-0012",TRUE,"source_of_water_supply","health_water-source","sulfate","total","ug/l",8,1,0,0,0,0,"none",NA,NA,NA,NA,NA,NA,NA,NA,NA,NA,NA
"1303WAS0225","1303-0012",FALSE,"source_of_water_supply","health_water-source","magnesium","total","ug/l",2,1,0,0,0,0,"none",NA,NA,NA,NA,NA,NA,NA,NA,NA,NA,NA
"1303WAS0225","1303-0012",FALSE,"source_of_water_supply","aesthetic_water-supply","iron","total","ug/l",2,1,0,0,0,0,"none",NA,NA,NA,NA,NA,NA,NA,NA,NA,NA,NA
"1304BEA0345A","1304-0017",TRUE,"fishing","none","dissolved_oxygen","dissolved","mg/l",8,3,8,3,0,0,"n_exceedances may not be intiutive for this parameter because there are multiple components to the WQS. n_exceedances may be greater than n_samples_collected if a single sample was marked as an exceedance for multiple components of the WQS.",NA,NA,NA,NA,NA,NA,NA,NA,NA,NA,NA
"1304BEA0345A","1304-0017",TRUE,"source_of_water_supply","health_water-source","ammonia","total","ug/l",12,3,0,0,0,0,"none",NA,NA,NA,NA,NA,NA,NA,NA,NA,NA,NA
"1304BEA0345A","1304-0017",TRUE,"secondary_contact_recreation","recreation","phosphorus","total","ug/l",5,2,0,0,0,0,"none",NA,NA,NA,NA,NA,NA,NA,NA,NA,NA,NA
"1304BEA0345A","1304-0017",TRUE,"primary_contact_recreation","recreation","phosphorus","total","ug/l",5,2,0,0,0,0,"none",NA,NA,NA,NA,NA,NA,NA,NA,NA,NA,NA
"1304BEA0345A","1304-0017",TRUE,"source_of_water_supply","health_water-source","copper","total","ug/l",1,1,0,0,0,0,"none",NA,NA,NA,NA,NA,NA,NA,NA,NA,NA,NA
"1304BEA0345A","1304-0017",TRUE,"source_of_water_supply","aesthetic_water-supply","iron","total","ug/l",7,2,4,2,0,0,"none",NA,NA,NA,NA,NA,NA,NA,NA,NA,NA,NA
"1304BEA0345A","1304-0017",TRUE,"source_of_water_supply","health_water-source","nitrite","total","ug/l",6,1,0,0,0,0,"none",NA,NA,NA,NA,NA,NA,NA,NA,NA,NA,NA
"1304BEA0345A","1304-0017",TRUE,"fishing","none","ph","total","ph_units",8,3,5,3,0,0,"none",NA,NA,NA,NA,NA,NA,NA,NA,NA,NA,NA
"1304BEA0345A","1304-0017",TRUE,"source_of_water_supply","health_water-source","sulfate","total","ug/l",14,3,0,0,0,0,"none",NA,NA,NA,NA,NA,NA,NA,NA,NA,NA,NA
"1304BEA0345A","1304-0017",TRUE,"fishing","aquatic_chronic","nitrite","total","ug/l",6,1,0,0,0,0,"none",NA,NA,NA,NA,NA,NA,NA,NA,NA,NA,NA
"1304BEA0345A","1304-0017",TRUE,"fishing","aquatic_chronic","ammonia","total","ug/l",12,3,0,0,0,11,"none",NA,NA,NA,NA,NA,NA,NA,NA,NA,NA,NA
"1304BEA0345A","1304-0017",TRUE,"source_of_water_supply","health_water-source","arsenic","total","ug/l",7,2,0,0,0,0,"none",NA,NA,NA,NA,NA,NA,NA,NA,NA,NA,NA
"1304BEA0345A","1304-0017",TRUE,"source_of_water_supply","aesthetic_water-supply","manganese","total","ug/l",7,2,1,1,0,0,"none",NA,NA,NA,NA,NA,NA,NA,NA,NA,NA,NA
"1304BEA0345A","1304-0017",TRUE,"source_of_water_supply","health_water-source","chloride","total","ug/l",6,1,0,0,0,0,"none",NA,NA,NA,NA,NA,NA,NA,NA,NA,NA,NA
"1304BEA0345A","1304-0017",TRUE,"source_of_water_supply","health_water-source","nitrate_nitrite","total","ug/l",11,3,0,0,0,0,"none",NA,NA,NA,NA,NA,NA,NA,NA,NA,NA,NA
"1304BEA0345A","1304-0017",TRUE,"source_of_water_supply","health_water-source","nitrate","total","ug/l",6,1,0,0,0,0,"none",NA,NA,NA,NA,NA,NA,NA,NA,NA,NA,NA
"1304BEA0345A","1304-0017",TRUE,"source_of_water_supply","health_water-source","magnesium","total","ug/l",6,1,0,0,0,0,"none",NA,NA,NA,NA,NA,NA,NA,NA,NA,NA,NA
"1306GLE0668",NA,NA,NA,NA,NA,NA,NA,NA,NA,NA,NA,NA,NA,NA,NA,NA,NA,NA,NA,NA,NA,NA,NA,NA,NA
"1306HIG0492","1306-0060",FALSE,"source_of_water_supply","health_water-source","nitrate_nitrite","total","ug/l",72,5,0,0,0,0,"none",NA,NA,NA,NA,NA,NA,NA,NA,NA,NA,NA
"1306HIG0492","1306-0060",FALSE,"fishing","aquatic_chronic","nitrite","total","ug/l",18,2,0,0,0,0,"none",NA,NA,NA,NA,NA,NA,NA,NA,NA,NA,NA
"1306HIG0492","1306-0060",FALSE,"source_of_water_supply","health_water-source","ammonia","total","ug/l",80,5,0,0,0,0,"none",NA,NA,NA,NA,NA,NA,NA,NA,NA,NA,NA
"1306HIG0492","1306-0060",FALSE,"source_of_water_supply","health_water-source","arsenic","total","ug/l",1,1,0,0,0,0,"none",NA,NA,NA,NA,NA,NA,NA,NA,NA,NA,NA
"1306HIG0492","1306-0060",TRUE,"fishing","none","dissolved_oxygen","dissolved","mg/l",7,1,9,1,0,0,"n_exceedances may not be intiutive for this parameter because there are multiple components to the WQS. n_exceedances may be greater than n_samples_collected if a single sample was marked as an exceedance for multiple components of the WQS.",NA,NA,NA,NA,NA,NA,NA,NA,NA,NA,NA
"1306HIG0492","1306-0060",FALSE,"source_of_water_supply","health_water-source","nitrite","total","ug/l",18,2,0,0,0,0,"none",NA,NA,NA,NA,NA,NA,NA,NA,NA,NA,NA
"1306HIG0492","1306-0060",TRUE,"source_of_water_supply","health_water-source","ammonia","total","ug/l",8,1,0,0,0,0,"none",NA,NA,NA,NA,NA,NA,NA,NA,NA,NA,NA
"1306HIG0492","1306-0060",TRUE,"source_of_water_supply","aesthetic_water-supply","iron","total","ug/l",2,1,2,1,0,0,"none",NA,NA,NA,NA,NA,NA,NA,NA,NA,NA,NA
"1306HIG0492","1306-0060",TRUE,"primary_contact_recreation","recreation","phosphorus","total","ug/l",6,1,0,0,0,0,"none",NA,NA,NA,NA,NA,NA,NA,NA,NA,NA,NA
"1306HIG0492","1306-0060",FALSE,"primary_contact_recreation","recreation","phosphorus","total","ug/l",60,5,5,5,0,0,"none",NA,NA,NA,NA,NA,NA,NA,NA,NA,NA,NA
"1306HIG0492","1306-0060",TRUE,"source_of_water_supply","health_water-source","nitrate_nitrite","total","ug/l",8,1,0,0,0,0,"none",NA,NA,NA,NA,NA,NA,NA,NA,NA,NA,NA
"1306HIG0492","1306-0060",TRUE,"fishing","aquatic_chronic","ammonia","total","ug/l",8,1,0,0,0,6,"none",NA,NA,NA,NA,NA,NA,NA,NA,NA,NA,NA
"1306HIG0492","1306-0060",FALSE,"secondary_contact_recreation","recreation","phosphorus","total","ug/l",60,5,5,5,0,0,"none",NA,NA,NA,NA,NA,NA,NA,NA,NA,NA,NA
"1306HIG0492","1306-0060",FALSE,"fishing","aquatic_chronic","ammonia","total","ug/l",80,5,0,0,0,80,"none",NA,NA,NA,NA,NA,NA,NA,NA,NA,NA,NA
"1306HIG0492","1306-0060",FALSE,"source_of_water_supply","aesthetic_water-supply","iron","total","ug/l",2,1,1,1,0,0,"none",NA,NA,NA,NA,NA,NA,NA,NA,NA,NA,NA
"1306HIG0492","1306-0060",TRUE,"fishing","none","ph","total","ph_units",7,1,0,0,0,0,"none",NA,NA,NA,NA,NA,NA,NA,NA,NA,NA,NA
"1306HIG0492","1306-0060",TRUE,"source_of_water_supply","aesthetic_water-supply","manganese","total","ug/l",2,1,1,1,0,0,"none",NA,NA,NA,NA,NA,NA,NA,NA,NA,NA,NA
"1306HIG0492","1306-0060",FALSE,"source_of_water_supply","aesthetic_water-supply","manganese","total","ug/l",2,1,0,0,0,0,"none",NA,NA,NA,NA,NA,NA,NA,NA,NA,NA,NA
"1306HIG0492","1306-0060",TRUE,"source_of_water_supply","health_water-source","sulfate","total","ug/l",14,1,0,0,0,0,"none",NA,NA,NA,NA,NA,NA,NA,NA,NA,NA,NA
"1306HIG0492","1306-0060",TRUE,"secondary_contact_recreation","recreation","phosphorus","total","ug/l",6,1,0,0,0,0,"none",NA,NA,NA,NA,NA,NA,NA,NA,NA,NA,NA
"1306HIG0492","1306-0060",TRUE,"source_of_water_supply","health_water-source","arsenic","total","ug/l",2,1,0,0,0,0,"none",NA,NA,NA,NA,NA,NA,NA,NA,NA,NA,NA
"1306MIL0515",NA,NA,NA,NA,NA,NA,NA,NA,NA,NA,NA,NA,NA,NA,NA,NA,NA,NA,NA,NA,NA,NA,NA,NA,NA
"1306MON0598","1306-0075",TRUE,"source_of_water_supply","health_water-source","nitrate_nitrite","total","ug/l",5,1,0,0,0,0,"none",NA,NA,NA,NA,NA,NA,NA,NA,NA,NA,NA
"1306MON0598","1306-0075",FALSE,"secondary_contact_recreation","recreation","phosphorus","total","ug/l",30,5,3,3,0,0,"none",NA,NA,NA,NA,NA,NA,NA,NA,NA,NA,NA
"1306MON0598","1306-0075",TRUE,"source_of_water_supply","aesthetic_water-supply","iron","total","ug/l",1,1,1,1,0,0,"none",NA,NA,NA,NA,NA,NA,NA,NA,NA,NA,NA
"1306MON0598","1306-0075",TRUE,"fishing","aquatic_chronic","ammonia","total","ug/l",3,1,0,0,0,3,"none",NA,NA,NA,NA,NA,NA,NA,NA,NA,NA,NA
"1306MON0598","1306-0075",TRUE,"fishing","none","ph","total","ph_units",4,1,0,0,0,0,"none",NA,NA,NA,NA,NA,NA,NA,NA,NA,NA,NA
"1306MON0598","1306-0075",TRUE,"primary_contact_recreation","recreation","phosphorus","total","ug/l",3,1,1,1,0,0,"none",NA,NA,NA,NA,NA,NA,NA,NA,NA,NA,NA
"1306MON0598","1306-0075",FALSE,"source_of_water_supply","health_water-source","ammonia","total","ug/l",37,5,0,0,0,0,"none",NA,NA,NA,NA,NA,NA,NA,NA,NA,NA,NA
"1306MON0598","1306-0075",FALSE,"fishing","aquatic_chronic","nitrite","total","ug/l",9,2,0,0,0,0,"none",NA,NA,NA,NA,NA,NA,NA,NA,NA,NA,NA
"1306MON0598","1306-0075",FALSE,"source_of_water_supply","health_water-source","nitrate_nitrite","total","ug/l",33,5,0,0,0,0,"none",NA,NA,NA,NA,NA,NA,NA,NA,NA,NA,NA
"1306MON0598","1306-0075",FALSE,"source_of_water_supply","health_water-source","arsenic","total","ug/l",1,1,0,0,0,0,"none",NA,NA,NA,NA,NA,NA,NA,NA,NA,NA,NA
"1306MON0598","1306-0075",FALSE,"source_of_water_supply","health_water-source","nitrite","total","ug/l",9,2,0,0,0,0,"none",NA,NA,NA,NA,NA,NA,NA,NA,NA,NA,NA
"1306MON0598","1306-0075",FALSE,"primary_contact_recreation","recreation","phosphorus","total","ug/l",30,5,3,3,0,0,"none",NA,NA,NA,NA,NA,NA,NA,NA,NA,NA,NA
"1306MON0598","1306-0075",FALSE,"source_of_water_supply","aesthetic_water-supply","iron","total","ug/l",1,1,0,0,0,0,"none",NA,NA,NA,NA,NA,NA,NA,NA,NA,NA,NA
"1306MON0598","1306-0075",TRUE,"source_of_water_supply","aesthetic_water-supply","manganese","total","ug/l",1,1,1,1,0,0,"none",NA,NA,NA,NA,NA,NA,NA,NA,NA,NA,NA
"1306MON0598","1306-0075",TRUE,"secondary_contact_recreation","recreation","phosphorus","total","ug/l",3,1,1,1,0,0,"none",NA,NA,NA,NA,NA,NA,NA,NA,NA,NA,NA
"1306MON0598","1306-0075",TRUE,"source_of_water_supply","health_water-source","sulfate","total","ug/l",7,1,0,0,0,0,"none",NA,NA,NA,NA,NA,NA,NA,NA,NA,NA,NA
"1306MON0598","1306-0075",FALSE,"fishing","aquatic_chronic","ammonia","total","ug/l",37,5,0,0,0,37,"none",NA,NA,NA,NA,NA,NA,NA,NA,NA,NA,NA
"1306MON0598","1306-0075",TRUE,"fishing","none","dissolved_oxygen","dissolved","mg/l",4,1,8,1,0,0,"n_exceedances may not be intiutive for this parameter because there are multiple components to the WQS. n_exceedances may be greater than n_samples_collected if a single sample was marked as an exceedance for multiple components of the WQS.",NA,NA,NA,NA,NA,NA,NA,NA,NA,NA,NA
"1306MON0598","1306-0075",FALSE,"source_of_water_supply","aesthetic_water-supply","manganese","total","ug/l",1,1,0,0,0,0,"none",NA,NA,NA,NA,NA,NA,NA,NA,NA,NA,NA
"1306MON0598","1306-0075",TRUE,"source_of_water_supply","health_water-source","arsenic","total","ug/l",1,1,0,0,0,0,"none",NA,NA,NA,NA,NA,NA,NA,NA,NA,NA,NA
"1306MON0598","1306-0075",TRUE,"source_of_water_supply","health_water-source","ammonia","total","ug/l",3,1,0,0,0,0,"none",NA,NA,NA,NA,NA,NA,NA,NA,NA,NA,NA
"1306RON0815A","1306-0003",NA,NA,NA,NA,NA,NA,NA,NA,NA,NA,NA,NA,NA,NA,NA,NA,NA,NA,NA,NA,NA,NA,NA,NA
"1306SHA0491","1306-0060",FALSE,"source_of_water_supply","health_water-source","ammonia","total","ug/l",80,5,0,0,0,0,"none",NA,NA,NA,NA,NA,NA,NA,NA,NA,NA,NA
"1306SHA0491","1306-0060",FALSE,"source_of_water_supply","health_water-source","arsenic","total","ug/l",1,1,0,0,0,0,"none",NA,NA,NA,NA,NA,NA,NA,NA,NA,NA,NA
"1306SHA0491","1306-0060",TRUE,"fishing","none","dissolved_oxygen","dissolved","mg/l",7,1,9,1,0,0,"n_exceedances may not be intiutive for this parameter because there are multiple components to the WQS. n_exceedances may be greater than n_samples_collected if a single sample was marked as an exceedance for multiple components of the WQS.",NA,NA,NA,NA,NA,NA,NA,NA,NA,NA,NA
"1306SHA0491","1306-0060",TRUE,"source_of_water_supply","health_water-source","sulfate","total","ug/l",14,1,0,0,0,0,"none",NA,NA,NA,NA,NA,NA,NA,NA,NA,NA,NA
"1306SHA0491","1306-0060",TRUE,"secondary_contact_recreation","recreation","phosphorus","total","ug/l",6,1,0,0,0,0,"none",NA,NA,NA,NA,NA,NA,NA,NA,NA,NA,NA
"1306SHA0491","1306-0060",TRUE,"source_of_water_supply","health_water-source","arsenic","total","ug/l",2,1,0,0,0,0,"none",NA,NA,NA,NA,NA,NA,NA,NA,NA,NA,NA
"1306SHA0491","1306-0060",TRUE,"fishing","none","ph","total","ph_units",7,1,0,0,0,0,"none",NA,NA,NA,NA,NA,NA,NA,NA,NA,NA,NA
"1306SHA0491","1306-0060",FALSE,"source_of_water_supply","aesthetic_water-supply","iron","total","ug/l",2,1,1,1,0,0,"none",NA,NA,NA,NA,NA,NA,NA,NA,NA,NA,NA
"1306SHA0491","1306-0060",TRUE,"primary_contact_recreation","recreation","phosphorus","total","ug/l",6,1,0,0,0,0,"none",NA,NA,NA,NA,NA,NA,NA,NA,NA,NA,NA
"1306SHA0491","1306-0060",FALSE,"primary_contact_recreation","recreation","phosphorus","total","ug/l",60,5,5,5,0,0,"none",NA,NA,NA,NA,NA,NA,NA,NA,NA,NA,NA
"1306SHA0491","1306-0060",TRUE,"source_of_water_supply","health_water-source","nitrate_nitrite","total","ug/l",8,1,0,0,0,0,"none",NA,NA,NA,NA,NA,NA,NA,NA,NA,NA,NA
"1306SHA0491","1306-0060",TRUE,"fishing","aquatic_chronic","ammonia","total","ug/l",8,1,0,0,0,6,"none",NA,NA,NA,NA,NA,NA,NA,NA,NA,NA,NA
"1306SHA0491","1306-0060",FALSE,"secondary_contact_recreation","recreation","phosphorus","total","ug/l",60,5,5,5,0,0,"none",NA,NA,NA,NA,NA,NA,NA,NA,NA,NA,NA
"1306SHA0491","1306-0060",FALSE,"fishing","aquatic_chronic","ammonia","total","ug/l",80,5,0,0,0,80,"none",NA,NA,NA,NA,NA,NA,NA,NA,NA,NA,NA
"1306SHA0491","1306-0060",TRUE,"source_of_water_supply","aesthetic_water-supply","manganese","total","ug/l",2,1,1,1,0,0,"none",NA,NA,NA,NA,NA,NA,NA,NA,NA,NA,NA
"1306SHA0491","1306-0060",FALSE,"source_of_water_supply","aesthetic_water-supply","manganese","total","ug/l",2,1,0,0,0,0,"none",NA,NA,NA,NA,NA,NA,NA,NA,NA,NA,NA
"1306SHA0491","1306-0060",FALSE,"fishing","aquatic_chronic","nitrite","total","ug/l",18,2,0,0,0,0,"none",NA,NA,NA,NA,NA,NA,NA,NA,NA,NA,NA
"1306SHA0491","1306-0060",FALSE,"source_of_water_supply","health_water-source","nitrite","total","ug/l",18,2,0,0,0,0,"none",NA,NA,NA,NA,NA,NA,NA,NA,NA,NA,NA
"1306SHA0491","1306-0060",TRUE,"source_of_water_supply","health_water-source","ammonia","total","ug/l",8,1,0,0,0,0,"none",NA,NA,NA,NA,NA,NA,NA,NA,NA,NA,NA
"1306SHA0491","1306-0060",TRUE,"source_of_water_supply","aesthetic_water-supply","iron","total","ug/l",2,1,2,1,0,0,"none",NA,NA,NA,NA,NA,NA,NA,NA,NA,NA,NA
"1306SHA0491","1306-0060",FALSE,"source_of_water_supply","health_water-source","nitrate_nitrite","total","ug/l",72,5,0,0,0,0,"none",NA,NA,NA,NA,NA,NA,NA,NA,NA,NA,NA
"1306UWB0683",NA,NA,NA,NA,NA,NA,NA,NA,NA,NA,NA,NA,NA,NA,NA,NA,NA,NA,NA,NA,NA,NA,NA,NA,NA
"1306UWB6000",NA,NA,NA,NA,NA,NA,NA,NA,NA,NA,NA,NA,NA,NA,NA,NA,NA,NA,NA,NA,NA,NA,NA,NA,NA
"1306UWB6070",NA,NA,NA,NA,NA,NA,NA,NA,NA,NA,NA,NA,NA,NA,NA,NA,NA,NA,NA,NA,NA,NA,NA,NA,NA
"1307ASH0848","1307-0004",NA,NA,NA,NA,NA,NA,NA,NA,NA,NA,NA,NA,NA,NA,NA,NA,NA,NA,NA,NA,NA,NA,NA,NA
"1307COO0839","1307-0022",NA,NA,NA,NA,NA,NA,NA,NA,NA,NA,NA,NA,NA,8,"Cooper Lake","NY5503374","KINGSTON (CITY) WATER DISTRICT","Community water system","Surface water","Ulster","KINGSTON (C)",24000,13,"Local government"
"1307KIN0837","1307-0020",NA,NA,NA,NA,NA,NA,NA,NA,NA,NA,NA,NA,NA,NA,NA,NA,NA,NA,NA,NA,NA,NA,NA,NA
"1307KIN0837A","1307-0021",NA,NA,NA,NA,NA,NA,NA,NA,NA,NA,NA,NA,NA,86,"Kingston Reservoir 4","","","","","","",NA,NA,""
"1307KIN0838A","1307-0020",NA,NA,NA,NA,NA,NA,NA,NA,NA,NA,NA,NA,NA,NA,NA,NA,NA,NA,NA,NA,NA,NA,NA,NA
"1307SAU0834",NA,NA,NA,NA,NA,NA,NA,NA,NA,NA,NA,NA,NA,NA,NA,NA,NA,NA,NA,NA,NA,NA,NA,NA,NA
"1308TAG0869","1308-0014",FALSE,"secondary_contact_recreation","recreation","phosphorus","total","ug/l",2,2,1,1,0,0,"none",NA,NA,NA,NA,NA,NA,NA,NA,NA,NA,NA
"1308TAG0869","1308-0014",FALSE,"primary_contact_recreation","recreation","phosphorus","total","ug/l",2,2,1,1,0,0,"none",NA,NA,NA,NA,NA,NA,NA,NA,NA,NA,NA
"1309BAS0950A","1309-0001",FALSE,"secondary_contact_recreation","recreation","phosphorus","total","ug/l",4,1,1,1,0,0,"none",NA,NA,NA,NA,NA,NA,NA,NA,NA,NA,NA
"1309BAS0950A","1309-0001",FALSE,"source_of_water_supply","health_water-source","nitrate_nitrite","total","ug/l",5,1,0,0,0,0,"none",NA,NA,NA,NA,NA,NA,NA,NA,NA,NA,NA
"1309BAS0950A","1309-0001",TRUE,"source_of_water_supply","health_water-source","arsenic","total","ug/l",6,2,0,0,0,0,"none",NA,NA,NA,NA,NA,NA,NA,NA,NA,NA,NA
"1309BAS0950A","1309-0001",TRUE,"fishing","aquatic_chronic","ammonia","total","ug/l",12,2,0,0,0,8,"none",NA,NA,NA,NA,NA,NA,NA,NA,NA,NA,NA
"1309BAS0950A","1309-0001",TRUE,"source_of_water_supply","health_water-source","nitrate","total","ug/l",1,1,0,0,0,0,"none",NA,NA,NA,NA,NA,NA,NA,NA,NA,NA,NA
"1309BAS0950A","1309-0001",TRUE,"source_of_water_supply","health_water-source","nitrite","total","ug/l",1,1,0,0,0,0,"none",NA,NA,NA,NA,NA,NA,NA,NA,NA,NA,NA
"1309BAS0950A","1309-0001",TRUE,"source_of_water_supply","aesthetic_water-supply","iron","total","ug/l",10,2,1,1,0,0,"none",NA,NA,NA,NA,NA,NA,NA,NA,NA,NA,NA
"1309BAS0950A","1309-0001",TRUE,"source_of_water_supply","health_water-source","chloride","total","ug/l",4,1,0,0,0,0,"none",NA,NA,NA,NA,NA,NA,NA,NA,NA,NA,NA
"1309BAS0950A","1309-0001",FALSE,"primary_contact_recreation","recreation","phosphorus","total","ug/l",4,1,1,1,0,0,"none",NA,NA,NA,NA,NA,NA,NA,NA,NA,NA,NA
"1309BAS0950A","1309-0001",FALSE,"source_of_water_supply","health_water-source","ammonia","total","ug/l",5,1,0,0,0,0,"none",NA,NA,NA,NA,NA,NA,NA,NA,NA,NA,NA
"1309BAS0950A","1309-0001",TRUE,"fishing","aquatic_chronic","nitrite","total","ug/l",1,1,0,0,0,0,"none",NA,NA,NA,NA,NA,NA,NA,NA,NA,NA,NA
"1309BAS0950A","1309-0001",TRUE,"source_of_water_supply","aesthetic_water-supply","manganese","total","ug/l",9,2,0,0,0,0,"none",NA,NA,NA,NA,NA,NA,NA,NA,NA,NA,NA
"1309BAS0950A","1309-0001",TRUE,"fishing","none","dissolved_oxygen","dissolved","mg/l",7,2,4,2,0,0,"n_exceedances may not be intiutive for this parameter because there are multiple components to the WQS. n_exceedances may be greater than n_samples_collected if a single sample was marked as an exceedance for multiple components of the WQS.",NA,NA,NA,NA,NA,NA,NA,NA,NA,NA,NA
"1309BAS0950A","1309-0001",TRUE,"source_of_water_supply","health_water-source","ammonia","total","ug/l",12,2,0,0,0,0,"none",NA,NA,NA,NA,NA,NA,NA,NA,NA,NA,NA
"1309BAS0950A","1309-0001",TRUE,"primary_contact_recreation","recreation","phosphorus","total","ug/l",8,2,2,2,0,0,"none",NA,NA,NA,NA,NA,NA,NA,NA,NA,NA,NA
"1309BAS0950A","1309-0001",TRUE,"source_of_water_supply","health_water-source","sulfate","total","ug/l",12,2,0,0,0,0,"none",NA,NA,NA,NA,NA,NA,NA,NA,NA,NA,NA
"1309BAS0950A","1309-0001",FALSE,"fishing","aquatic_chronic","ammonia","total","ug/l",5,1,0,0,0,5,"none",NA,NA,NA,NA,NA,NA,NA,NA,NA,NA,NA
"1309BAS0950A","1309-0001",TRUE,"secondary_contact_recreation","recreation","phosphorus","total","ug/l",8,2,2,2,0,0,"none",NA,NA,NA,NA,NA,NA,NA,NA,NA,NA,NA
"1309BAS0950A","1309-0001",TRUE,"source_of_water_supply","health_water-source","nitrate_nitrite","total","ug/l",13,2,0,0,0,0,"none",NA,NA,NA,NA,NA,NA,NA,NA,NA,NA,NA
"1309BAS0950A","1309-0001",TRUE,"fishing","none","ph","total","ph_units",6,2,0,0,0,0,"none",NA,NA,NA,NA,NA,NA,NA,NA,NA,NA,NA
"1309HOL0913","1309-0007",TRUE,"fishing","none","ph","total","ph_units",5,2,1,1,0,0,"none",NA,NA,NA,NA,NA,NA,NA,NA,NA,NA,NA
"1309HOL0913","1309-0007",TRUE,"source_of_water_supply","health_water-source","arsenic","total","ug/l",1,1,0,0,0,0,"none",NA,NA,NA,NA,NA,NA,NA,NA,NA,NA,NA
"1309HOL0913","1309-0007",TRUE,"fishing","aquatic_chronic","ammonia","total","ug/l",6,2,0,0,0,4,"none",NA,NA,NA,NA,NA,NA,NA,NA,NA,NA,NA
"1309HOL0913","1309-0007",TRUE,"fishing","none","dissolved_oxygen","dissolved","mg/l",5,2,8,2,0,0,"n_exceedances may not be intiutive for this parameter because there are multiple components to the WQS. n_exceedances may be greater than n_samples_collected if a single sample was marked as an exceedance for multiple components of the WQS.",NA,NA,NA,NA,NA,NA,NA,NA,NA,NA,NA
"1309HOL0913","1309-0007",TRUE,"primary_contact_recreation","recreation","phosphorus","total","ug/l",3,1,1,1,0,0,"none",NA,NA,NA,NA,NA,NA,NA,NA,NA,NA,NA
"1309HOL0913","1309-0007",TRUE,"secondary_contact_recreation","recreation","phosphorus","total","ug/l",3,1,1,1,0,0,"none",NA,NA,NA,NA,NA,NA,NA,NA,NA,NA,NA
"1309HOL0913","1309-0007",TRUE,"source_of_water_supply","aesthetic_water-supply","manganese","total","ug/l",1,1,1,1,0,0,"none",NA,NA,NA,NA,NA,NA,NA,NA,NA,NA,NA
"1309HOL0913","1309-0007",TRUE,"source_of_water_supply","health_water-source","sulfate","total","ug/l",10,2,0,0,0,0,"none",NA,NA,NA,NA,NA,NA,NA,NA,NA,NA,NA
"1309HOL0913","1309-0007",TRUE,"source_of_water_supply","health_water-source","ammonia","total","ug/l",6,2,0,0,0,0,"none",NA,NA,NA,NA,NA,NA,NA,NA,NA,NA,NA
"1309HOL0913","1309-0007",TRUE,"source_of_water_supply","health_water-source","nitrate_nitrite","total","ug/l",5,2,0,0,0,0,"none",NA,NA,NA,NA,NA,NA,NA,NA,NA,NA,NA
"1309HOL0913","1309-0007",TRUE,"source_of_water_supply","aesthetic_water-supply","iron","total","ug/l",1,1,1,1,0,0,"none",NA,NA,NA,NA,NA,NA,NA,NA,NA,NA,NA
"1309POT0925A","1309-0024",NA,NA,NA,NA,NA,NA,NA,NA,NA,NA,NA,NA,NA,13,"Potuck (Potic) Reservoir","NY1900026","CATSKILL VILLAGE","Community water system","Surface water","Greene","CATSKILL (T), CATSKILL (V)",8000,7,"Local government"
"1309UWB6509",NA,NA,NA,NA,NA,NA,NA,NA,NA,NA,NA,NA,NA,NA,NA,NA,NA,NA,NA,NA,NA,NA,NA,NA,NA
"1311DEL0292","1311-0023",NA,NA,NA,NA,NA,NA,NA,NA,NA,NA,NA,NA,NA,52,"Delanson Reservoir","NY4600064","DELANSON VILLAGE WATER WORKS","Community water system","Surface water","Schenectady","DELANSON (V)",428,10,"Local government"
"1311DUA0290","1311-0022",NA,NA,NA,NA,NA,NA,NA,NA,NA,NA,NA,NA,NA,92,"Duanesburg Reservoir","","","","","","",NA,NA,""
"1311THO0274","1311-0007",FALSE,"source_of_water_supply","health_water-source","nitrate_nitrite","total","ug/l",36,7,0,0,0,0,"none",64,"Thompsons Lake","NY0118342","JOHN BOYD THATCHER STATE PARK","Transient non-community system","Surface water","Albany","BERNE (T), NEW SCOTLAND (T)",100,6,"State government"
"1311THO0274","1311-0007",FALSE,"secondary_contact_recreation","recreation","phosphorus","total","ug/l",34,9,0,0,0,0,"none",64,"Thompsons Lake","NY0118342","JOHN BOYD THATCHER STATE PARK","Transient non-community system","Surface water","Albany","BERNE (T), NEW SCOTLAND (T)",100,6,"State government"
"1311THO0274","1311-0007",FALSE,"primary_contact_recreation","recreation","phosphorus","total","ug/l",34,9,0,0,0,0,"none",64,"Thompsons Lake","NY0118342","JOHN BOYD THATCHER STATE PARK","Transient non-community system","Surface water","Albany","BERNE (T), NEW SCOTLAND (T)",100,6,"State government"
"1311WAT0270","1311-0001",TRUE,"source_of_water_supply","aesthetic_water-supply","manganese","total","ug/l",7,2,3,2,0,0,"none",NA,NA,NA,NA,NA,NA,NA,NA,NA,NA,NA
"1311WAT0270","1311-0001",TRUE,"source_of_water_supply","health_water-source","magnesium","total","ug/l",6,1,0,0,0,0,"none",NA,NA,NA,NA,NA,NA,NA,NA,NA,NA,NA
"1311WAT0270","1311-0001",TRUE,"primary_contact_recreation","recreation","phosphorus","total","ug/l",3,2,2,2,0,0,"none",NA,NA,NA,NA,NA,NA,NA,NA,NA,NA,NA
"1311WAT0270","1311-0001",FALSE,"fishing","aquatic_chronic","ammonia","total","ug/l",4,1,0,0,0,4,"none",NA,NA,NA,NA,NA,NA,NA,NA,NA,NA,NA
"1311WAT0270","1311-0001",FALSE,"source_of_water_supply","health_water-source","sulfate","total","ug/l",4,1,0,0,0,0,"none",NA,NA,NA,NA,NA,NA,NA,NA,NA,NA,NA
"1311WAT0270","1311-0001",FALSE,"secondary_contact_recreation","recreation","phosphorus","total","ug/l",2,1,0,0,0,0,"none",NA,NA,NA,NA,NA,NA,NA,NA,NA,NA,NA
"1311WAT0270","1311-0001",FALSE,"source_of_water_supply","health_water-source","nitrate_nitrite","total","ug/l",4,1,0,0,0,0,"none",NA,NA,NA,NA,NA,NA,NA,NA,NA,NA,NA
"1311WAT0270","1311-0001",TRUE,"source_of_water_supply","health_water-source","ammonia","total","ug/l",5,1,0,0,0,0,"none",NA,NA,NA,NA,NA,NA,NA,NA,NA,NA,NA
"1311WAT0270","1311-0001",TRUE,"secondary_contact_recreation","recreation","phosphorus","total","ug/l",3,2,2,2,0,0,"none",NA,NA,NA,NA,NA,NA,NA,NA,NA,NA,NA
"1311WAT0270","1311-0001",TRUE,"source_of_water_supply","health_water-source","chloride","total","ug/l",8,2,0,0,0,0,"none",NA,NA,NA,NA,NA,NA,NA,NA,NA,NA,NA
"1311WAT0270","1311-0001",TRUE,"fishing","none","dissolved_oxygen","dissolved","mg/l",4,2,8,2,0,0,"n_exceedances may not be intiutive for this parameter because there are multiple components to the WQS. n_exceedances may be greater than n_samples_collected if a single sample was marked as an exceedance for multiple components of the WQS.",NA,NA,NA,NA,NA,NA,NA,NA,NA,NA,NA
"1311WAT0270","1311-0001",TRUE,"source_of_water_supply","health_water-source","sulfate","total","ug/l",8,2,0,0,0,0,"none",NA,NA,NA,NA,NA,NA,NA,NA,NA,NA,NA
"1311WAT0270","1311-0001",FALSE,"source_of_water_supply","aesthetic_water-supply","iron","total","ug/l",4,1,2,1,0,0,"none",NA,NA,NA,NA,NA,NA,NA,NA,NA,NA,NA
"1311WAT0270","1311-0001",FALSE,"source_of_water_supply","health_water-source","ammonia","total","ug/l",4,1,0,0,0,0,"none",NA,NA,NA,NA,NA,NA,NA,NA,NA,NA,NA
"1311WAT0270","1311-0001",TRUE,"fishing","aquatic_chronic","nitrite","total","ug/l",8,2,0,0,0,0,"none",NA,NA,NA,NA,NA,NA,NA,NA,NA,NA,NA
"1311WAT0270","1311-0001",TRUE,"source_of_water_supply","health_water-source","nitrite","total","ug/l",8,2,0,0,0,0,"none",NA,NA,NA,NA,NA,NA,NA,NA,NA,NA,NA
"1311WAT0270","1311-0001",FALSE,"source_of_water_supply","health_water-source","magnesium","total","ug/l",4,1,0,0,0,0,"none",NA,NA,NA,NA,NA,NA,NA,NA,NA,NA,NA
"1311WAT0270","1311-0001",FALSE,"source_of_water_supply","aesthetic_water-supply","manganese","total","ug/l",4,1,2,1,0,0,"none",NA,NA,NA,NA,NA,NA,NA,NA,NA,NA,NA
"1311WAT0270","1311-0001",FALSE,"source_of_water_supply","health_water-source","chloride","total","ug/l",4,1,0,0,0,0,"none",NA,NA,NA,NA,NA,NA,NA,NA,NA,NA,NA
"1311WAT0270","1311-0001",TRUE,"fishing","aquatic_chronic","ammonia","total","ug/l",5,1,0,0,0,5,"none",NA,NA,NA,NA,NA,NA,NA,NA,NA,NA,NA
"1311WAT0270","1311-0001",TRUE,"source_of_water_supply","health_water-source","arsenic","total","ug/l",8,2,0,0,0,0,"none",NA,NA,NA,NA,NA,NA,NA,NA,NA,NA,NA
"1311WAT0270","1311-0001",TRUE,"source_of_water_supply","health_water-source","nitrate_nitrite","total","ug/l",6,2,0,0,0,0,"none",NA,NA,NA,NA,NA,NA,NA,NA,NA,NA,NA
"1311WAT0270","1311-0001",TRUE,"fishing","none","ph","total","ph_units",4,2,0,0,0,0,"none",NA,NA,NA,NA,NA,NA,NA,NA,NA,NA,NA
"1311WAT0270","1311-0001",TRUE,"source_of_water_supply","health_water-source","nitrate","total","ug/l",6,2,0,0,0,0,"none",NA,NA,NA,NA,NA,NA,NA,NA,NA,NA,NA
"1311WAT0270","1311-0001",TRUE,"source_of_water_supply","aesthetic_water-supply","iron","total","ug/l",8,2,3,2,0,0,"none",NA,NA,NA,NA,NA,NA,NA,NA,NA,NA,NA
"1311WAT0270","1311-0001",FALSE,"primary_contact_recreation","recreation","phosphorus","total","ug/l",2,1,0,0,0,0,"none",NA,NA,NA,NA,NA,NA,NA,NA,NA,NA,NA
"1402EAS0055","1402-0060",TRUE,"source_of_water_supply","health_water-source","arsenic","total","ug/l",5,1,0,0,0,0,"none",NA,NA,NA,NA,NA,NA,NA,NA,NA,NA,NA
"1402EAS0055","1402-0060",TRUE,"source_of_water_supply","health_water-source","nitrate","total","ug/l",2,1,0,0,0,0,"none",NA,NA,NA,NA,NA,NA,NA,NA,NA,NA,NA
"1402EAS0055","1402-0060",TRUE,"source_of_water_supply","aesthetic_water-supply","iron","total","ug/l",6,2,3,1,0,0,"none",NA,NA,NA,NA,NA,NA,NA,NA,NA,NA,NA
"1402EAS0055","1402-0060",TRUE,"source_of_water_supply","health_water-source","nitrate_nitrite","total","ug/l",5,2,0,0,0,0,"none",NA,NA,NA,NA,NA,NA,NA,NA,NA,NA,NA
"1402EAS0055","1402-0060",TRUE,"source_of_water_supply","health_water-source","ammonia","total","ug/l",4,2,0,0,0,0,"none",NA,NA,NA,NA,NA,NA,NA,NA,NA,NA,NA
"1402EAS0055","1402-0060",TRUE,"fishing","aquatic_chronic","ammonia","total","ug/l",4,2,0,0,0,4,"none",NA,NA,NA,NA,NA,NA,NA,NA,NA,NA,NA
"1402EAS0055","1402-0060",TRUE,"primary_contact_recreation","recreation","phosphorus","total","ug/l",5,2,0,0,0,0,"none",NA,NA,NA,NA,NA,NA,NA,NA,NA,NA,NA
"1402EAS0055","1402-0060",TRUE,"source_of_water_supply","health_water-source","nitrite","total","ug/l",2,1,0,0,0,0,"none",NA,NA,NA,NA,NA,NA,NA,NA,NA,NA,NA
"1402EAS0055","1402-0060",TRUE,"source_of_water_supply","health_water-source","sulfate","total","ug/l",5,2,0,0,0,0,"none",NA,NA,NA,NA,NA,NA,NA,NA,NA,NA,NA
"1402EAS0055","1402-0060",TRUE,"source_of_water_supply","health_water-source","chloride","total","ug/l",6,2,0,0,0,0,"none",NA,NA,NA,NA,NA,NA,NA,NA,NA,NA,NA
"1402EAS0055","1402-0060",TRUE,"fishing","aquatic_chronic","nitrite","total","ug/l",2,1,0,0,0,0,"none",NA,NA,NA,NA,NA,NA,NA,NA,NA,NA,NA
"1402EAS0055","1402-0060",TRUE,"secondary_contact_recreation","recreation","phosphorus","total","ug/l",5,2,0,0,0,0,"none",NA,NA,NA,NA,NA,NA,NA,NA,NA,NA,NA
"1402EAS0055","1402-0060",TRUE,"fishing","none","ph","total","ph_units",6,2,2,2,0,0,"none",NA,NA,NA,NA,NA,NA,NA,NA,NA,NA,NA
"1402EAS0055","1402-0060",TRUE,"source_of_water_supply","aesthetic_water-supply","manganese","total","ug/l",6,2,0,0,0,0,"none",NA,NA,NA,NA,NA,NA,NA,NA,NA,NA,NA
"1402EAS0055","1402-0060",TRUE,"fishing","none","dissolved_oxygen","dissolved","mg/l",6,2,0,0,0,0,"n_exceedances may not be intiutive for this parameter because there are multiple components to the WQS. n_exceedances may be greater than n_samples_collected if a single sample was marked as an exceedance for multiple components of the WQS.",NA,NA,NA,NA,NA,NA,NA,NA,NA,NA,NA
"1402KIA0044","1402-0003",FALSE,"primary_contact_recreation","recreation","phosphorus","total","ug/l",6,1,0,0,0,0,"none",NA,NA,NA,NA,NA,NA,NA,NA,NA,NA,NA
"1402KIA0044","1402-0003",TRUE,"source_of_water_supply","health_water-source","nitrite","total","ug/l",2,1,0,0,0,0,"none",NA,NA,NA,NA,NA,NA,NA,NA,NA,NA,NA
"1402KIA0044","1402-0003",TRUE,"secondary_contact_recreation","none","total_dissolved_solids","dissolved","mg/l",1,1,0,0,0,0,"none",NA,NA,NA,NA,NA,NA,NA,NA,NA,NA,NA
"1402KIA0044","1402-0003",TRUE,"fishing","none","total_dissolved_solids","dissolved","mg/l",1,1,0,0,0,0,"none",NA,NA,NA,NA,NA,NA,NA,NA,NA,NA,NA
"1402KIA0044","1402-0003",FALSE,"source_of_water_supply","health_water-source","magnesium","total","ug/l",6,1,0,0,0,0,"none",NA,NA,NA,NA,NA,NA,NA,NA,NA,NA,NA
"1402KIA0044","1402-0003",TRUE,"fishing","none","dissolved_oxygen","dissolved","mg/l",6,2,9,2,0,0,"n_exceedances may not be intiutive for this parameter because there are multiple components to the WQS. n_exceedances may be greater than n_samples_collected if a single sample was marked as an exceedance for multiple components of the WQS.",NA,NA,NA,NA,NA,NA,NA,NA,NA,NA,NA
"1402KIA0044","1402-0003",TRUE,"fishing","none","ph","total","ph_units",6,2,1,1,0,0,"none",NA,NA,NA,NA,NA,NA,NA,NA,NA,NA,NA
"1402KIA0044","1402-0003",TRUE,"primary_contact_recreation","none","total_dissolved_solids","dissolved","mg/l",1,1,0,0,0,0,"none",NA,NA,NA,NA,NA,NA,NA,NA,NA,NA,NA
"1402KIA0044","1402-0003",TRUE,"source_of_water_supply","health_water-source","arsenic","total","ug/l",5,2,0,0,0,0,"none",NA,NA,NA,NA,NA,NA,NA,NA,NA,NA,NA
"1402KIA0044","1402-0003",TRUE,"source_of_water_supply","aesthetic_water-supply","iron","total","ug/l",11,2,1,1,0,0,"none",NA,NA,NA,NA,NA,NA,NA,NA,NA,NA,NA
"1402KIA0044","1402-0003",FALSE,"secondary_contact_recreation","recreation","phosphorus","total","ug/l",6,1,0,0,0,0,"none",NA,NA,NA,NA,NA,NA,NA,NA,NA,NA,NA
"1402KIA0044","1402-0003",FALSE,"fishing","aquatic_chronic","ammonia","total","ug/l",14,1,0,0,0,14,"none",NA,NA,NA,NA,NA,NA,NA,NA,NA,NA,NA
"1402KIA0044","1402-0003",FALSE,"source_of_water_supply","health_water-source","ammonia","total","ug/l",14,1,0,0,0,0,"none",NA,NA,NA,NA,NA,NA,NA,NA,NA,NA,NA
"1402KIA0044","1402-0003",TRUE,"source_of_water_supply","health_water-source","sulfate","total","ug/l",11,2,0,0,0,0,"none",NA,NA,NA,NA,NA,NA,NA,NA,NA,NA,NA
"1402KIA0044","1402-0003",TRUE,"fishing","aquatic_chronic","nitrite","total","ug/l",2,1,0,0,0,0,"none",NA,NA,NA,NA,NA,NA,NA,NA,NA,NA,NA
"1402KIA0044","1402-0003",FALSE,"source_of_water_supply","health_water-source","nitrate_nitrite","total","ug/l",10,1,0,0,0,0,"none",NA,NA,NA,NA,NA,NA,NA,NA,NA,NA,NA
"1402KIA0044","1402-0003",TRUE,"source_of_water_supply","aesthetic_water-supply","manganese","total","ug/l",11,2,5,2,0,0,"none",NA,NA,NA,NA,NA,NA,NA,NA,NA,NA,NA
"1402KIA0044","1402-0003",TRUE,"source_of_water_supply","health_water-source","nitrate","total","ug/l",2,1,0,0,0,0,"none",NA,NA,NA,NA,NA,NA,NA,NA,NA,NA,NA
"1402KIA0044","1402-0003",TRUE,"source_of_water_supply","health_water-source","chloride","total","ug/l",4,1,0,0,0,0,"none",NA,NA,NA,NA,NA,NA,NA,NA,NA,NA,NA
"1402KIA0044","1402-0003",TRUE,"source_of_water_supply","none","total_dissolved_solids","dissolved","mg/l",1,1,0,0,0,0,"none",NA,NA,NA,NA,NA,NA,NA,NA,NA,NA,NA
"1402KIA0044","1402-0003",TRUE,"source_of_water_supply","health_water-source","copper","total","ug/l",7,1,0,0,0,0,"none",NA,NA,NA,NA,NA,NA,NA,NA,NA,NA,NA
"1402KIA0044","1402-0003",TRUE,"source_of_water_supply","health_water-source","nitrate_nitrite","total","ug/l",8,2,0,0,0,0,"none",NA,NA,NA,NA,NA,NA,NA,NA,NA,NA,NA
"1402KIA0044","1402-0003",TRUE,"fishing","aquatic_chronic","ammonia","total","ug/l",9,2,0,0,0,7,"none",NA,NA,NA,NA,NA,NA,NA,NA,NA,NA,NA
"1402KIA0044","1402-0003",TRUE,"primary_contact_recreation","recreation","phosphorus","total","ug/l",2,1,0,0,0,0,"none",NA,NA,NA,NA,NA,NA,NA,NA,NA,NA,NA
"1402KIA0044","1402-0003",TRUE,"source_of_water_supply","health_water-source","ammonia","total","ug/l",9,2,0,0,0,0,"none",NA,NA,NA,NA,NA,NA,NA,NA,NA,NA,NA
"1402KIA0044","1402-0003",TRUE,"secondary_contact_recreation","recreation","phosphorus","total","ug/l",2,1,0,0,0,0,"none",NA,NA,NA,NA,NA,NA,NA,NA,NA,NA,NA
"1402LOU0040","1402-0049",TRUE,"source_of_water_supply","health_water-source","chloride","total","ug/l",10,2,0,0,0,0,"none",NA,NA,NA,NA,NA,NA,NA,NA,NA,NA,NA
"1402LOU0040","1402-0049",TRUE,"source_of_water_supply","health_water-source","arsenic","total","ug/l",9,1,0,0,0,0,"none",NA,NA,NA,NA,NA,NA,NA,NA,NA,NA,NA
"1402LOU0040","1402-0049",TRUE,"fishing","none","ph","total","ph_units",6,2,0,0,0,0,"none",NA,NA,NA,NA,NA,NA,NA,NA,NA,NA,NA
"1402LOU0040","1402-0049",TRUE,"source_of_water_supply","health_water-source","nitrite","total","ug/l",4,1,0,0,0,0,"none",NA,NA,NA,NA,NA,NA,NA,NA,NA,NA,NA
"1402LOU0040","1402-0049",FALSE,"source_of_water_supply","health_water-source","ammonia","total","ug/l",9,1,0,0,0,0,"none",NA,NA,NA,NA,NA,NA,NA,NA,NA,NA,NA
"1402LOU0040","1402-0049",TRUE,"secondary_contact_recreation","recreation","phosphorus","total","ug/l",5,2,0,0,0,0,"none",NA,NA,NA,NA,NA,NA,NA,NA,NA,NA,NA
"1402LOU0040","1402-0049",FALSE,"fishing","aquatic_chronic","ammonia","total","ug/l",9,1,0,0,0,9,"none",NA,NA,NA,NA,NA,NA,NA,NA,NA,NA,NA
"1402LOU0040","1402-0049",TRUE,"source_of_water_supply","aesthetic_water-supply","manganese","total","ug/l",10,2,0,0,0,0,"none",NA,NA,NA,NA,NA,NA,NA,NA,NA,NA,NA
"1402LOU0040","1402-0049",TRUE,"source_of_water_supply","health_water-source","ammonia","total","ug/l",7,2,0,0,0,0,"none",NA,NA,NA,NA,NA,NA,NA,NA,NA,NA,NA
"1402LOU0040","1402-0049",TRUE,"source_of_water_supply","aesthetic_water-supply","iron","total","ug/l",10,2,0,0,0,0,"none",NA,NA,NA,NA,NA,NA,NA,NA,NA,NA,NA
"1402LOU0040","1402-0049",FALSE,"secondary_contact_recreation","recreation","phosphorus","total","ug/l",6,1,0,0,0,0,"none",NA,NA,NA,NA,NA,NA,NA,NA,NA,NA,NA
"1402LOU0040","1402-0049",TRUE,"primary_contact_recreation","recreation","phosphorus","total","ug/l",5,2,0,0,0,0,"none",NA,NA,NA,NA,NA,NA,NA,NA,NA,NA,NA
"1402LOU0040","1402-0049",TRUE,"source_of_water_supply","health_water-source","nitrate_nitrite","total","ug/l",8,2,0,0,0,0,"none",NA,NA,NA,NA,NA,NA,NA,NA,NA,NA,NA
"1402LOU0040","1402-0049",TRUE,"fishing","none","dissolved_oxygen","dissolved","mg/l",6,2,2,1,0,0,"n_exceedances may not be intiutive for this parameter because there are multiple components to the WQS. n_exceedances may be greater than n_samples_collected if a single sample was marked as an exceedance for multiple components of the WQS.",NA,NA,NA,NA,NA,NA,NA,NA,NA,NA,NA
"1402LOU0040","1402-0049",TRUE,"source_of_water_supply","health_water-source","nitrate","total","ug/l",4,1,0,0,0,0,"none",NA,NA,NA,NA,NA,NA,NA,NA,NA,NA,NA
"1402LOU0040","1402-0049",TRUE,"fishing","aquatic_chronic","nitrite","total","ug/l",4,1,0,0,0,0,"none",NA,NA,NA,NA,NA,NA,NA,NA,NA,NA,NA
"1402LOU0040","1402-0049",FALSE,"primary_contact_recreation","recreation","phosphorus","total","ug/l",6,1,0,0,0,0,"none",NA,NA,NA,NA,NA,NA,NA,NA,NA,NA,NA
"1402LOU0040","1402-0049",FALSE,"source_of_water_supply","health_water-source","magnesium","total","ug/l",5,1,0,0,0,0,"none",NA,NA,NA,NA,NA,NA,NA,NA,NA,NA,NA
"1402LOU0040","1402-0049",FALSE,"source_of_water_supply","health_water-source","nitrate_nitrite","total","ug/l",6,1,0,0,0,0,"none",NA,NA,NA,NA,NA,NA,NA,NA,NA,NA,NA
"1402LOU0040","1402-0049",TRUE,"source_of_water_supply","health_water-source","sulfate","total","ug/l",9,2,0,0,0,0,"none",NA,NA,NA,NA,NA,NA,NA,NA,NA,NA,NA
"1402LOU0040","1402-0049",TRUE,"fishing","aquatic_chronic","ammonia","total","ug/l",7,2,0,0,0,7,"none",NA,NA,NA,NA,NA,NA,NA,NA,NA,NA,NA
"1402NEV0058B","1402-0009",NA,NA,NA,NA,NA,NA,NA,NA,NA,NA,NA,NA,NA,NA,NA,NA,NA,NA,NA,NA,NA,NA,NA,NA
"1402RE10003","1402-0027",TRUE,"primary_contact_recreation","recreation","phosphorus","total","ug/l",5,2,0,0,0,0,"none",NA,NA,NA,NA,NA,NA,NA,NA,NA,NA,NA
"1402RE10003","1402-0027",TRUE,"fishing","none","dissolved_oxygen","dissolved","mg/l",6,2,4,2,0,0,"n_exceedances may not be intiutive for this parameter because there are multiple components to the WQS. n_exceedances may be greater than n_samples_collected if a single sample was marked as an exceedance for multiple components of the WQS.",NA,NA,NA,NA,NA,NA,NA,NA,NA,NA,NA
"1402RE10003","1402-0027",TRUE,"fishing","aquatic_chronic","nitrite","total","ug/l",12,1,0,0,0,0,"none",NA,NA,NA,NA,NA,NA,NA,NA,NA,NA,NA
"1402RE10003","1402-0027",TRUE,"source_of_water_supply","aesthetic_water-supply","iron","total","ug/l",14,2,2,2,0,0,"none",NA,NA,NA,NA,NA,NA,NA,NA,NA,NA,NA
"1402RE10003","1402-0027",TRUE,"source_of_water_supply","health_water-source","nitrate_nitrite","total","ug/l",13,2,0,0,0,0,"none",NA,NA,NA,NA,NA,NA,NA,NA,NA,NA,NA
"1402RE10003","1402-0027",TRUE,"source_of_water_supply","health_water-source","nitrite","total","ug/l",12,1,0,0,0,0,"none",NA,NA,NA,NA,NA,NA,NA,NA,NA,NA,NA
"1402RE10003","1402-0027",TRUE,"secondary_contact_recreation","recreation","phosphorus","total","ug/l",5,2,0,0,0,0,"none",NA,NA,NA,NA,NA,NA,NA,NA,NA,NA,NA
"1402RE10003","1402-0027",TRUE,"source_of_water_supply","health_water-source","ammonia","total","ug/l",12,2,0,0,0,0,"none",NA,NA,NA,NA,NA,NA,NA,NA,NA,NA,NA
"1402RE10003","1402-0027",TRUE,"source_of_water_supply","health_water-source","nitrate","total","ug/l",12,1,0,0,0,0,"none",NA,NA,NA,NA,NA,NA,NA,NA,NA,NA,NA
"1402RE10003","1402-0027",TRUE,"source_of_water_supply","health_water-source","chloride","total","ug/l",14,2,0,0,0,0,"none",NA,NA,NA,NA,NA,NA,NA,NA,NA,NA,NA
"1402RE10003","1402-0027",TRUE,"source_of_water_supply","health_water-source","arsenic","total","ug/l",13,2,0,0,0,0,"none",NA,NA,NA,NA,NA,NA,NA,NA,NA,NA,NA
"1402RE10003","1402-0027",TRUE,"source_of_water_supply","aesthetic_water-supply","manganese","total","ug/l",14,2,2,2,0,0,"none",NA,NA,NA,NA,NA,NA,NA,NA,NA,NA,NA
"1402RE10003","1402-0027",TRUE,"fishing","none","ph","total","ph_units",6,2,0,0,0,0,"none",NA,NA,NA,NA,NA,NA,NA,NA,NA,NA,NA
"1402RE10003","1402-0027",TRUE,"fishing","aquatic_chronic","ammonia","total","ug/l",12,2,0,0,0,12,"none",NA,NA,NA,NA,NA,NA,NA,NA,NA,NA,NA
"1402RE10003","1402-0027",TRUE,"source_of_water_supply","health_water-source","sulfate","total","ug/l",13,2,0,0,0,0,"none",NA,NA,NA,NA,NA,NA,NA,NA,NA,NA,NA
"1403LIL0311","1403-0067",FALSE,"source_of_water_supply","aesthetic_water-supply","manganese","total","ug/l",2,1,0,0,0,0,"none",19,"Lily Pond","NY5203329","LIBERTY VILLAGE","Community water system","Surface water","Sullivan","LIBERTY (V)",3900,17,"Local government"
"1403LIL0311","1403-0067",FALSE,"fishing","aquatic_chronic","ammonia","total","ug/l",2,1,0,0,0,2,"none",19,"Lily Pond","NY5203329","LIBERTY VILLAGE","Community water system","Surface water","Sullivan","LIBERTY (V)",3900,17,"Local government"
"1403LIL0311","1403-0067",FALSE,"secondary_contact_recreation","recreation","phosphorus","total","ug/l",1,1,0,0,0,0,"none",19,"Lily Pond","NY5203329","LIBERTY VILLAGE","Community water system","Surface water","Sullivan","LIBERTY (V)",3900,17,"Local government"
"1403LIL0311","1403-0067",FALSE,"source_of_water_supply","health_water-source","ammonia","total","ug/l",2,1,0,0,0,0,"none",19,"Lily Pond","NY5203329","LIBERTY VILLAGE","Community water system","Surface water","Sullivan","LIBERTY (V)",3900,17,"Local government"
"1403LIL0311","1403-0067",FALSE,"source_of_water_supply","health_water-source","nitrate_nitrite","total","ug/l",2,1,0,0,0,0,"none",19,"Lily Pond","NY5203329","LIBERTY VILLAGE","Community water system","Surface water","Sullivan","LIBERTY (V)",3900,17,"Local government"
"1403LIL0311","1403-0067",FALSE,"source_of_water_supply","health_water-source","sulfate","total","ug/l",2,1,0,0,0,0,"none",19,"Lily Pond","NY5203329","LIBERTY VILLAGE","Community water system","Surface water","Sullivan","LIBERTY (V)",3900,17,"Local government"
"1403LIL0311","1403-0067",FALSE,"source_of_water_supply","health_water-source","arsenic","total","ug/l",1,1,0,0,0,0,"none",19,"Lily Pond","NY5203329","LIBERTY VILLAGE","Community water system","Surface water","Sullivan","LIBERTY (V)",3900,17,"Local government"
"1403LIL0311","1403-0067",FALSE,"primary_contact_recreation","recreation","phosphorus","total","ug/l",1,1,0,0,0,0,"none",19,"Lily Pond","NY5203329","LIBERTY VILLAGE","Community water system","Surface water","Sullivan","LIBERTY (V)",3900,17,"Local government"
"1403LIL0311","1403-0067",FALSE,"source_of_water_supply","aesthetic_water-supply","iron","total","ug/l",2,1,1,1,0,0,"none",19,"Lily Pond","NY5203329","LIBERTY VILLAGE","Community water system","Surface water","Sullivan","LIBERTY (V)",3900,17,"Local government"
"1403LIL0311","1403-0067",FALSE,"source_of_water_supply","health_water-source","chloride","total","ug/l",2,1,0,0,0,0,"none",19,"Lily Pond","NY5203329","LIBERTY VILLAGE","Community water system","Surface water","Sullivan","LIBERTY (V)",3900,17,"Local government"
"1403LIL0311","1403-0067",FALSE,"source_of_water_supply","health_water-source","magnesium","total","ug/l",2,1,0,0,0,0,"none",19,"Lily Pond","NY5203329","LIBERTY VILLAGE","Community water system","Surface water","Sullivan","LIBERTY (V)",3900,17,"Local government"
"1403PEP0358A","1403-0002",NA,NA,NA,NA,NA,NA,NA,NA,NA,NA,NA,NA,NA,NA,NA,NA,NA,NA,NA,NA,NA,NA,NA,NA
"1404BLA0462A",NA,NA,NA,NA,NA,NA,NA,NA,NA,NA,NA,NA,NA,NA,NA,NA,NA,NA,NA,NA,NA,NA,NA,NA,NA
"1404CAN0402A","1404-0001",NA,NA,NA,NA,NA,NA,NA,NA,NA,NA,NA,NA,NA,NA,NA,NA,NA,NA,NA,NA,NA,NA,NA,NA
"1404STA0462","1404-0090",NA,NA,NA,NA,NA,NA,NA,NA,NA,NA,NA,NA,NA,89,"Stamford Reservoir","","","","","","",NA,NA,""
"1404TRA5563",NA,NA,NA,NA,NA,NA,NA,NA,NA,NA,NA,NA,NA,NA,NA,NA,NA,NA,NA,NA,NA,NA,NA,NA,NA
"1501DEF0977A","1501-0007",FALSE,"fishing","aquatic_chronic","ammonia","total","ug/l",7,2,0,0,0,7,"none",NA,NA,NA,NA,NA,NA,NA,NA,NA,NA,NA
"1501DEF0977A","1501-0007",FALSE,"fishing","aquatic_chronic","fluoride","total","ug/l",4,1,0,0,0,4,"none",NA,NA,NA,NA,NA,NA,NA,NA,NA,NA,NA
"1501DEF0977A","1501-0007",FALSE,"source_of_water_supply","health_water-source","ammonia","total","ug/l",7,2,0,0,0,0,"none",NA,NA,NA,NA,NA,NA,NA,NA,NA,NA,NA
"1501DEF0977A","1501-0007",FALSE,"source_of_water_supply","health_water-source","chloride","total","ug/l",4,1,4,1,0,0,"none",NA,NA,NA,NA,NA,NA,NA,NA,NA,NA,NA
"1501DEF0977A","1501-0007",FALSE,"secondary_contact_recreation","recreation","phosphorus","total","ug/l",6,2,2,2,0,0,"none",NA,NA,NA,NA,NA,NA,NA,NA,NA,NA,NA
"1501DEF0977A","1501-0007",TRUE,"source_of_water_supply","health_water-source","nitrate_nitrite","total","ug/l",21,2,0,0,0,0,"none",NA,NA,NA,NA,NA,NA,NA,NA,NA,NA,NA
"1501DEF0977A","1501-0007",TRUE,"source_of_water_supply","health_water-source","nitrite","total","ug/l",18,2,0,0,0,0,"none",NA,NA,NA,NA,NA,NA,NA,NA,NA,NA,NA
"1501DEF0977A","1501-0007",TRUE,"source_of_water_supply","health_water-source","sulfate","total","ug/l",21,2,0,0,0,0,"none",NA,NA,NA,NA,NA,NA,NA,NA,NA,NA,NA
"1501DEF0977A","1501-0007",TRUE,"source_of_water_supply","health_water-source","nitrate","total","ug/l",17,2,0,0,0,0,"none",NA,NA,NA,NA,NA,NA,NA,NA,NA,NA,NA
"1501DEF0977A","1501-0007",FALSE,"source_of_water_supply","health_water-source","sulfate","total","ug/l",4,1,0,0,0,0,"none",NA,NA,NA,NA,NA,NA,NA,NA,NA,NA,NA
"1501DEF0977A","1501-0007",TRUE,"fishing","aquatic_chronic","ammonia","total","ug/l",17,2,0,0,0,17,"none",NA,NA,NA,NA,NA,NA,NA,NA,NA,NA,NA
"1501DEF0977A","1501-0007",TRUE,"source_of_water_supply","health_water-source","arsenic","total","ug/l",21,2,0,0,0,0,"none",NA,NA,NA,NA,NA,NA,NA,NA,NA,NA,NA
"1501DEF0977A","1501-0007",FALSE,"source_of_water_supply","health_water-source","fluoride","total","ug/l",4,1,4,1,0,0,"none",NA,NA,NA,NA,NA,NA,NA,NA,NA,NA,NA
"1501DEF0977A","1501-0007",FALSE,"primary_contact_recreation","recreation","phosphorus","total","ug/l",6,2,2,2,0,0,"none",NA,NA,NA,NA,NA,NA,NA,NA,NA,NA,NA
"1501DEF0977A","1501-0007",TRUE,"source_of_water_supply","health_water-source","chloride","total","ug/l",21,2,0,0,0,0,"none",NA,NA,NA,NA,NA,NA,NA,NA,NA,NA,NA
"1501DEF0977A","1501-0007",TRUE,"source_of_water_supply","health_water-source","magnesium","total","ug/l",8,1,0,0,0,0,"none",NA,NA,NA,NA,NA,NA,NA,NA,NA,NA,NA
"1501DEF0977A","1501-0007",FALSE,"source_of_water_supply","health_water-source","nitrate_nitrite","total","ug/l",5,2,0,0,0,0,"none",NA,NA,NA,NA,NA,NA,NA,NA,NA,NA,NA
"1501DEF0977A","1501-0007",TRUE,"source_of_water_supply","aesthetic_water-supply","iron","total","ug/l",21,2,0,0,0,0,"none",NA,NA,NA,NA,NA,NA,NA,NA,NA,NA,NA
"1501DEF0977A","1501-0007",TRUE,"source_of_water_supply","aesthetic_water-supply","manganese","total","ug/l",21,2,3,1,0,0,"none",NA,NA,NA,NA,NA,NA,NA,NA,NA,NA,NA
"1501DEF0977A","1501-0007",TRUE,"secondary_contact_recreation","recreation","phosphorus","total","ug/l",12,2,2,2,0,0,"none",NA,NA,NA,NA,NA,NA,NA,NA,NA,NA,NA
"1501DEF0977A","1501-0007",TRUE,"fishing","aquatic_chronic","nitrite","total","ug/l",18,2,0,0,0,0,"none",NA,NA,NA,NA,NA,NA,NA,NA,NA,NA,NA
"1501DEF0977A","1501-0007",TRUE,"fishing","none","dissolved_oxygen","dissolved","mg/l",7,2,7,2,0,0,"n_exceedances may not be intiutive for this parameter because there are multiple components to the WQS. n_exceedances may be greater than n_samples_collected if a single sample was marked as an exceedance for multiple components of the WQS.",NA,NA,NA,NA,NA,NA,NA,NA,NA,NA,NA
"1501DEF0977A","1501-0007",TRUE,"source_of_water_supply","health_water-source","ammonia","total","ug/l",17,2,0,0,0,0,"none",NA,NA,NA,NA,NA,NA,NA,NA,NA,NA,NA
"1501DEF0977A","1501-0007",TRUE,"fishing","none","ph","total","ph_units",7,2,1,1,0,0,"none",NA,NA,NA,NA,NA,NA,NA,NA,NA,NA,NA
"1501DEF0977A","1501-0007",TRUE,"primary_contact_recreation","recreation","phosphorus","total","ug/l",12,2,2,2,0,0,"none",NA,NA,NA,NA,NA,NA,NA,NA,NA,NA,NA
"1501MOM1010","1501-0002",TRUE,"source_of_water_supply","health_water-source","nitrate_nitrite","total","ug/l",8,2,0,0,0,0,"none",NA,NA,NA,NA,NA,NA,NA,NA,NA,NA,NA
"1501MOM1010","1501-0002",TRUE,"source_of_water_supply","health_water-source","sulfate","total","ug/l",8,2,0,0,0,0,"none",NA,NA,NA,NA,NA,NA,NA,NA,NA,NA,NA
"1501MOM1010","1501-0002",TRUE,"source_of_water_supply","health_water-source","nitrate","total","ug/l",4,1,0,0,0,0,"none",NA,NA,NA,NA,NA,NA,NA,NA,NA,NA,NA
"1501MOM1010","1501-0002",FALSE,"source_of_water_supply","health_water-source","nitrate_nitrite","total","ug/l",5,1,0,0,0,0,"none",NA,NA,NA,NA,NA,NA,NA,NA,NA,NA,NA
"1501MOM1010","1501-0002",TRUE,"source_of_water_supply","health_water-source","nitrite","total","ug/l",4,1,0,0,0,0,"none",NA,NA,NA,NA,NA,NA,NA,NA,NA,NA,NA
"1501MOM1010","1501-0002",TRUE,"fishing","aquatic_chronic","ammonia","total","ug/l",5,1,0,0,0,5,"none",NA,NA,NA,NA,NA,NA,NA,NA,NA,NA,NA
"1501MOM1010","1501-0002",TRUE,"source_of_water_supply","health_water-source","magnesium","total","ug/l",6,1,0,0,0,0,"none",NA,NA,NA,NA,NA,NA,NA,NA,NA,NA,NA
"1501MOM1010","1501-0002",TRUE,"fishing","none","dissolved_oxygen","dissolved","mg/l",3,1,2,1,0,0,"n_exceedances may not be intiutive for this parameter because there are multiple components to the WQS. n_exceedances may be greater than n_samples_collected if a single sample was marked as an exceedance for multiple components of the WQS.",NA,NA,NA,NA,NA,NA,NA,NA,NA,NA,NA
"1501MOM1010","1501-0002",FALSE,"source_of_water_supply","health_water-source","sulfate","total","ug/l",5,1,0,0,0,0,"none",NA,NA,NA,NA,NA,NA,NA,NA,NA,NA,NA
"1501MOM1010","1501-0002",TRUE,"fishing","none","ph","total","ph_units",3,1,1,1,0,0,"none",NA,NA,NA,NA,NA,NA,NA,NA,NA,NA,NA
"1501MOM1010","1501-0002",TRUE,"fishing","aquatic_chronic","nitrite","total","ug/l",4,1,0,0,0,0,"none",NA,NA,NA,NA,NA,NA,NA,NA,NA,NA,NA
"1501MOM1010","1501-0002",FALSE,"source_of_water_supply","health_water-source","chloride","total","ug/l",5,1,5,1,0,0,"none",NA,NA,NA,NA,NA,NA,NA,NA,NA,NA,NA
"1501MOM1010","1501-0002",TRUE,"source_of_water_supply","health_water-source","ammonia","total","ug/l",5,1,0,0,0,0,"none",NA,NA,NA,NA,NA,NA,NA,NA,NA,NA,NA
"1501MOM1010","1501-0002",TRUE,"secondary_contact_recreation","recreation","phosphorus","total","ug/l",4,2,0,0,0,0,"none",NA,NA,NA,NA,NA,NA,NA,NA,NA,NA,NA
"1501MOM1010","1501-0002",TRUE,"source_of_water_supply","health_water-source","chloride","total","ug/l",6,2,0,0,0,0,"none",NA,NA,NA,NA,NA,NA,NA,NA,NA,NA,NA
"1501MOM1010","1501-0002",FALSE,"source_of_water_supply","health_water-source","ammonia","total","ug/l",2,1,0,0,0,0,"none",NA,NA,NA,NA,NA,NA,NA,NA,NA,NA,NA
"1501MOM1010","1501-0002",FALSE,"source_of_water_supply","health_water-source","fluoride","total","ug/l",5,1,5,1,0,0,"none",NA,NA,NA,NA,NA,NA,NA,NA,NA,NA,NA
"1501MOM1010","1501-0002",FALSE,"primary_contact_recreation","recreation","phosphorus","total","ug/l",1,1,0,0,0,0,"none",NA,NA,NA,NA,NA,NA,NA,NA,NA,NA,NA
"1501MOM1010","1501-0002",FALSE,"fishing","aquatic_chronic","ammonia","total","ug/l",2,1,0,0,0,2,"none",NA,NA,NA,NA,NA,NA,NA,NA,NA,NA,NA
"1501MOM1010","1501-0002",FALSE,"fishing","aquatic_chronic","fluoride","total","ug/l",5,1,0,0,0,5,"none",NA,NA,NA,NA,NA,NA,NA,NA,NA,NA,NA
"1501MOM1010","1501-0002",TRUE,"source_of_water_supply","aesthetic_water-supply","iron","total","ug/l",8,2,0,0,0,0,"none",NA,NA,NA,NA,NA,NA,NA,NA,NA,NA,NA
"1501MOM1010","1501-0002",FALSE,"secondary_contact_recreation","recreation","phosphorus","total","ug/l",1,1,0,0,0,0,"none",NA,NA,NA,NA,NA,NA,NA,NA,NA,NA,NA
"1501MOM1010","1501-0002",TRUE,"source_of_water_supply","aesthetic_water-supply","manganese","total","ug/l",7,2,3,2,0,0,"none",NA,NA,NA,NA,NA,NA,NA,NA,NA,NA,NA
"1501MOM1010","1501-0002",TRUE,"source_of_water_supply","health_water-source","arsenic","total","ug/l",6,2,0,0,0,0,"none",NA,NA,NA,NA,NA,NA,NA,NA,NA,NA,NA
"1501MOM1010","1501-0002",TRUE,"primary_contact_recreation","recreation","phosphorus","total","ug/l",4,2,0,0,0,0,"none",NA,NA,NA,NA,NA,NA,NA,NA,NA,NA,NA
"1501STA1011","1501-0053",FALSE,"secondary_contact_recreation","recreation","phosphorus","total","ug/l",4,1,0,0,0,0,"none",42,"Lake Stahahe","NY3517675","LAKE STAHAHE WS","Transient non-community system","Surface water","Orange","TUXEDO (T)",1000,4,"State government"
"1501STA1011","1501-0053",FALSE,"source_of_water_supply","health_water-source","chloride","total","ug/l",5,1,0,0,0,0,"none",42,"Lake Stahahe","NY3517675","LAKE STAHAHE WS","Transient non-community system","Surface water","Orange","TUXEDO (T)",1000,4,"State government"
"1501STA1011","1501-0053",TRUE,"secondary_contact_recreation","recreation","phosphorus","total","ug/l",1,1,0,0,0,0,"none",42,"Lake Stahahe","NY3517675","LAKE STAHAHE WS","Transient non-community system","Surface water","Orange","TUXEDO (T)",1000,4,"State government"
"1501STA1011","1501-0053",FALSE,"source_of_water_supply","health_water-source","sulfate","total","ug/l",5,1,0,0,0,0,"none",42,"Lake Stahahe","NY3517675","LAKE STAHAHE WS","Transient non-community system","Surface water","Orange","TUXEDO (T)",1000,4,"State government"
"1501STA1011","1501-0053",FALSE,"primary_contact_recreation","recreation","phosphorus","total","ug/l",4,1,0,0,0,0,"none",42,"Lake Stahahe","NY3517675","LAKE STAHAHE WS","Transient non-community system","Surface water","Orange","TUXEDO (T)",1000,4,"State government"
"1501STA1011","1501-0053",FALSE,"fishing","aquatic_chronic","ammonia","total","ug/l",5,1,0,0,0,5,"none",42,"Lake Stahahe","NY3517675","LAKE STAHAHE WS","Transient non-community system","Surface water","Orange","TUXEDO (T)",1000,4,"State government"
"1501STA1011","1501-0053",FALSE,"source_of_water_supply","health_water-source","nitrate_nitrite","total","ug/l",5,1,0,0,0,0,"none",42,"Lake Stahahe","NY3517675","LAKE STAHAHE WS","Transient non-community system","Surface water","Orange","TUXEDO (T)",1000,4,"State government"
"1501STA1011","1501-0053",FALSE,"source_of_water_supply","health_water-source","magnesium","total","ug/l",5,1,0,0,0,0,"none",42,"Lake Stahahe","NY3517675","LAKE STAHAHE WS","Transient non-community system","Surface water","Orange","TUXEDO (T)",1000,4,"State government"
"1501STA1011","1501-0053",FALSE,"source_of_water_supply","aesthetic_water-supply","manganese","total","ug/l",5,1,1,1,0,0,"none",42,"Lake Stahahe","NY3517675","LAKE STAHAHE WS","Transient non-community system","Surface water","Orange","TUXEDO (T)",1000,4,"State government"
"1501STA1011","1501-0053",TRUE,"primary_contact_recreation","recreation","phosphorus","total","ug/l",1,1,0,0,0,0,"none",42,"Lake Stahahe","NY3517675","LAKE STAHAHE WS","Transient non-community system","Surface water","Orange","TUXEDO (T)",1000,4,"State government"
"1501STA1011","1501-0053",FALSE,"source_of_water_supply","aesthetic_water-supply","iron","total","ug/l",5,1,1,1,0,0,"none",42,"Lake Stahahe","NY3517675","LAKE STAHAHE WS","Transient non-community system","Surface water","Orange","TUXEDO (T)",1000,4,"State government"
"1501STA1011","1501-0053",FALSE,"source_of_water_supply","health_water-source","ammonia","total","ug/l",5,1,0,0,0,0,"none",42,"Lake Stahahe","NY3517675","LAKE STAHAHE WS","Transient non-community system","Surface water","Orange","TUXEDO (T)",1000,4,"State government"
"1501STE1021C","1501-0066",FALSE,"fishing","none","ph","total","ph_units",1,1,0,0,0,0,"none",NA,NA,NA,NA,NA,NA,NA,NA,NA,NA,NA
"1501STE1021C","1501-0066",FALSE,"source_of_water_supply","health_water-source","ammonia","total","ug/l",1,1,0,0,0,0,"none",NA,NA,NA,NA,NA,NA,NA,NA,NA,NA,NA
"1501STE1021C","1501-0066",FALSE,"fishing","none","dissolved_oxygen","dissolved","mg/l",1,1,1,1,0,0,"n_exceedances may not be intiutive for this parameter because there are multiple components to the WQS. n_exceedances may be greater than n_samples_collected if a single sample was marked as an exceedance for multiple components of the WQS.",NA,NA,NA,NA,NA,NA,NA,NA,NA,NA,NA
"1501STE1021C","1501-0066",FALSE,"source_of_water_supply","health_water-source","sulfate","total","ug/l",2,1,0,0,0,0,"none",NA,NA,NA,NA,NA,NA,NA,NA,NA,NA,NA
"1501STE1021C","1501-0066",FALSE,"source_of_water_supply","health_water-source","magnesium","total","ug/l",2,1,0,0,0,0,"none",NA,NA,NA,NA,NA,NA,NA,NA,NA,NA,NA
"1501STE1021C","1501-0066",FALSE,"source_of_water_supply","health_water-source","nitrate_nitrite","total","ug/l",2,1,0,0,0,0,"none",NA,NA,NA,NA,NA,NA,NA,NA,NA,NA,NA
"1501STE1021C","1501-0066",FALSE,"source_of_water_supply","aesthetic_water-supply","manganese","total","ug/l",2,1,0,0,0,0,"none",NA,NA,NA,NA,NA,NA,NA,NA,NA,NA,NA
"1501STE1021C","1501-0066",FALSE,"source_of_water_supply","aesthetic_water-supply","iron","total","ug/l",2,1,1,1,0,0,"none",NA,NA,NA,NA,NA,NA,NA,NA,NA,NA,NA
"1501STE1021C","1501-0066",FALSE,"fishing","aquatic_chronic","ammonia","total","ug/l",1,1,0,0,0,1,"none",NA,NA,NA,NA,NA,NA,NA,NA,NA,NA,NA
"1501STE1021C","1501-0066",FALSE,"source_of_water_supply","health_water-source","chloride","total","ug/l",2,1,0,0,0,0,"none",NA,NA,NA,NA,NA,NA,NA,NA,NA,NA,NA
"1501STE1025","1501-0068",FALSE,"source_of_water_supply","health_water-source","ammonia","total","ug/l",2,1,0,0,0,0,"none",NA,NA,NA,NA,NA,NA,NA,NA,NA,NA,NA
"1501STE1025","1501-0068",FALSE,"source_of_water_supply","health_water-source","chloride","total","ug/l",2,1,0,0,0,0,"none",NA,NA,NA,NA,NA,NA,NA,NA,NA,NA,NA
"1501STE1025","1501-0068",FALSE,"source_of_water_supply","health_water-source","sulfate","total","ug/l",2,1,0,0,0,0,"none",NA,NA,NA,NA,NA,NA,NA,NA,NA,NA,NA
"1501STE1025","1501-0068",FALSE,"source_of_water_supply","health_water-source","nitrate_nitrite","total","ug/l",2,1,0,0,0,0,"none",NA,NA,NA,NA,NA,NA,NA,NA,NA,NA,NA
"1501STE1025","1501-0068",FALSE,"source_of_water_supply","health_water-source","magnesium","total","ug/l",2,1,0,0,0,0,"none",NA,NA,NA,NA,NA,NA,NA,NA,NA,NA,NA
"1501STE1025","1501-0068",FALSE,"source_of_water_supply","aesthetic_water-supply","manganese","total","ug/l",2,1,0,0,0,0,"none",NA,NA,NA,NA,NA,NA,NA,NA,NA,NA,NA
"1501STE1025","1501-0068",FALSE,"source_of_water_supply","aesthetic_water-supply","iron","total","ug/l",2,1,0,0,0,0,"none",NA,NA,NA,NA,NA,NA,NA,NA,NA,NA,NA
"1501STE1025","1501-0068",FALSE,"fishing","aquatic_chronic","ammonia","total","ug/l",2,1,0,0,0,1,"none",NA,NA,NA,NA,NA,NA,NA,NA,NA,NA,NA
"1501STE1025","1501-0068",FALSE,"fishing","none","ph","total","ph_units",1,1,0,0,0,0,"none",NA,NA,NA,NA,NA,NA,NA,NA,NA,NA,NA
"1501STE1025","1501-0068",FALSE,"fishing","none","dissolved_oxygen","dissolved","mg/l",1,1,0,0,0,0,"n_exceedances may not be intiutive for this parameter because there are multiple components to the WQS. n_exceedances may be greater than n_samples_collected if a single sample was marked as an exceedance for multiple components of the WQS.",NA,NA,NA,NA,NA,NA,NA,NA,NA,NA,NA
"1501TUX1007","1501-0050",TRUE,"source_of_water_supply","health_water-source","chloride","total","ug/l",17,7,0,0,0,0,"none",NA,NA,NA,NA,NA,NA,NA,NA,NA,NA,NA
"1501TUX1007","1501-0050",TRUE,"source_of_water_supply","health_water-source","nitrate_nitrite","total","ug/l",41,7,0,0,0,0,"none",NA,NA,NA,NA,NA,NA,NA,NA,NA,NA,NA
"1501TUX1007","1501-0050",TRUE,"primary_contact_recreation","recreation","phosphorus","total","ug/l",48,7,3,3,0,0,"none",NA,NA,NA,NA,NA,NA,NA,NA,NA,NA,NA
"1501TUX1007","1501-0050",FALSE,"fishing","aquatic_chronic","nitrite","total","ug/l",8,1,0,0,0,0,"none",NA,NA,NA,NA,NA,NA,NA,NA,NA,NA,NA
"1501TUX1007","1501-0050",TRUE,"source_of_water_supply","health_water-source","ammonia","total","ug/l",108,8,0,0,0,0,"none",NA,NA,NA,NA,NA,NA,NA,NA,NA,NA,NA
"1501TUX1007","1501-0050",FALSE,"secondary_contact_recreation","recreation","phosphorus","total","ug/l",40,5,0,0,0,0,"none",NA,NA,NA,NA,NA,NA,NA,NA,NA,NA,NA
"1501TUX1007","1501-0050",FALSE,"primary_contact_recreation","recreation","phosphorus","total","ug/l",40,5,0,0,0,0,"none",NA,NA,NA,NA,NA,NA,NA,NA,NA,NA,NA
"1501TUX1007","1501-0050",FALSE,"source_of_water_supply","health_water-source","ammonia","total","ug/l",62,5,0,0,0,0,"none",NA,NA,NA,NA,NA,NA,NA,NA,NA,NA,NA
"1501TUX1007","1501-0050",FALSE,"source_of_water_supply","health_water-source","nitrate_nitrite","total","ug/l",48,5,0,0,0,0,"none",NA,NA,NA,NA,NA,NA,NA,NA,NA,NA,NA
"1501TUX1007","1501-0050",FALSE,"source_of_water_supply","health_water-source","magnesium","total","ug/l",7,1,0,0,0,0,"none",NA,NA,NA,NA,NA,NA,NA,NA,NA,NA,NA
"1501TUX1007","1501-0050",FALSE,"source_of_water_supply","health_water-source","sulfate","total","ug/l",7,1,0,0,0,0,"none",NA,NA,NA,NA,NA,NA,NA,NA,NA,NA,NA
"1501TUX1007","1501-0050",TRUE,"fishing","aquatic_chronic","ammonia","total","ug/l",108,8,0,0,0,108,"none",NA,NA,NA,NA,NA,NA,NA,NA,NA,NA,NA
"1501TUX1007","1501-0050",TRUE,"secondary_contact_recreation","recreation","phosphorus","total","ug/l",48,7,3,3,0,0,"none",NA,NA,NA,NA,NA,NA,NA,NA,NA,NA,NA
"1501TUX1007","1501-0050",FALSE,"fishing","aquatic_chronic","ammonia","total","ug/l",62,5,0,0,0,62,"none",NA,NA,NA,NA,NA,NA,NA,NA,NA,NA,NA
"1501TUX1007","1501-0050",FALSE,"source_of_water_supply","health_water-source","nitrite","total","ug/l",8,1,0,0,0,0,"none",NA,NA,NA,NA,NA,NA,NA,NA,NA,NA,NA
"1501TUX1007","1501-0050",FALSE,"source_of_water_supply","aesthetic_water-supply","iron","total","ug/l",11,3,1,1,0,0,"none",NA,NA,NA,NA,NA,NA,NA,NA,NA,NA,NA
"1501TUX1007","1501-0050",FALSE,"source_of_water_supply","health_water-source","chloride","total","ug/l",7,1,0,0,0,0,"none",NA,NA,NA,NA,NA,NA,NA,NA,NA,NA,NA
"1501TUX1007","1501-0050",FALSE,"source_of_water_supply","health_water-source","arsenic","total","ug/l",3,2,0,0,0,0,"none",NA,NA,NA,NA,NA,NA,NA,NA,NA,NA,NA
"1501TUX1007","1501-0050",FALSE,"source_of_water_supply","aesthetic_water-supply","manganese","total","ug/l",11,3,1,1,0,0,"none",NA,NA,NA,NA,NA,NA,NA,NA,NA,NA,NA
"1501UWB1007A",NA,NA,NA,NA,NA,NA,NA,NA,NA,NA,NA,NA,NA,NA,NA,NA,NA,NA,NA,NA,NA,NA,NA,NA,NA
"1601UWB1117A",NA,NA,NA,NA,NA,NA,NA,NA,NA,NA,NA,NA,NA,NA,NA,NA,NA,NA,NA,NA,NA,NA,NA,NA,NA
"1702BAR1108","1701-0285",NA,NA,NA,NA,NA,NA,NA,NA,NA,NA,NA,NA,NA,25,"Barlow Pond, Fishers Island","NY5103294","FISHERS ISLAND WW CORP","Community water system","Surface water","Suffolk","SOUTHOLD (T)",2500,13,"Local government"
"1702BRY1106","1702-0134",TRUE,"source_of_water_supply","aesthetic_water-supply","manganese","total","ug/l",7,1,0,0,0,0,"none",NA,NA,NA,NA,NA,NA,NA,NA,NA,NA,NA
"1702BRY1106","1702-0134",TRUE,"source_of_water_supply","health_water-source","ammonia","total","ug/l",9,2,0,0,0,0,"none",NA,NA,NA,NA,NA,NA,NA,NA,NA,NA,NA
"1702BRY1106","1702-0134",TRUE,"primary_contact_recreation","recreation","phosphorus","total","ug/l",5,2,0,0,0,0,"none",NA,NA,NA,NA,NA,NA,NA,NA,NA,NA,NA
"1702BRY1106","1702-0134",TRUE,"source_of_water_supply","health_water-source","chloride","total","ug/l",8,1,0,0,0,0,"none",NA,NA,NA,NA,NA,NA,NA,NA,NA,NA,NA
"1702BRY1106","1702-0134",TRUE,"source_of_water_supply","health_water-source","nitrate_nitrite","total","ug/l",9,2,0,0,0,0,"none",NA,NA,NA,NA,NA,NA,NA,NA,NA,NA,NA
"1702BRY1106","1702-0134",TRUE,"source_of_water_supply","health_water-source","sulfate","total","ug/l",9,2,0,0,0,0,"none",NA,NA,NA,NA,NA,NA,NA,NA,NA,NA,NA
"1702BRY1106","1702-0134",TRUE,"source_of_water_supply","health_water-source","arsenic","total","ug/l",3,1,0,0,0,0,"none",NA,NA,NA,NA,NA,NA,NA,NA,NA,NA,NA
"1702BRY1106","1702-0134",TRUE,"fishing","aquatic_chronic","ammonia","total","ug/l",9,2,0,0,0,9,"none",NA,NA,NA,NA,NA,NA,NA,NA,NA,NA,NA
"1702BRY1106","1702-0134",TRUE,"fishing","none","dissolved_oxygen","dissolved","mg/l",5,2,2,1,0,0,"n_exceedances may not be intiutive for this parameter because there are multiple components to the WQS. n_exceedances may be greater than n_samples_collected if a single sample was marked as an exceedance for multiple components of the WQS.",NA,NA,NA,NA,NA,NA,NA,NA,NA,NA,NA
"1702BRY1106","1702-0134",TRUE,"fishing","none","ph","total","ph_units",5,2,0,0,0,0,"none",NA,NA,NA,NA,NA,NA,NA,NA,NA,NA,NA
"1702BRY1106","1702-0134",TRUE,"source_of_water_supply","aesthetic_water-supply","iron","total","ug/l",7,1,0,0,0,0,"none",NA,NA,NA,NA,NA,NA,NA,NA,NA,NA,NA
"1702BRY1106","1702-0134",TRUE,"secondary_contact_recreation","recreation","phosphorus","total","ug/l",5,2,0,0,0,0,"none",NA,NA,NA,NA,NA,NA,NA,NA,NA,NA,NA
"1702HIL1052","1702-0108",NA,NA,NA,NA,NA,NA,NA,NA,NA,NA,NA,NA,NA,NA,NA,NA,NA,NA,NA,NA,NA,NA,NA,NA
"1702KEN1063","1702-0059",NA,NA,NA,NA,NA,NA,NA,NA,NA,NA,NA,NA,NA,NA,NA,NA,NA,NA,NA,NA,NA,NA,NA,NA
